{
  "query_index": 1,
  "anchor_index": 9,
  "confidence": 0.862085223197937,
  "pred_box_xyxy_input_pixels": [
    156.00811265408993,
    124.6904456615448,
    220.23307205736637,
    414.71792817115784
  ],
  "anchor_cam_xyz": [
    -0.7552524209022522,
    0.8215804696083069,
    4.358356952667236
  ],
  "projected_uv_input": [
    99.83671569824219,
    497.28662109375
  ],
  "projected_uv_depth": [
    98.68030548095703,
    491.52655029296875
  ],
  "patch_center_xy": [
    6,
    30
  ],
  "scene_cam_xyz": [
    -0.0926639512181282,
    0.10080191493034363,
    0.5347385406494141
  ],
  "scene_normal": [
    -0.09821399301290512,
    -0.0017235858831554651,
    0.9951637983322144
  ],
  "offset_scene_minus_anchor_xyz": [
    0.6625884771347046,
    -0.7207785844802856,
    -3.8236184120178223
  ],
  "distance_m": 3.946974039077759,
  "depth_residual_m": -3.8236184120178223,
  "hsi_anchor_depth_residual": -3.8236184120178223,
  "hsi_scene_scale": 5.189789295196533,
  "hsi_scene_depth_bias": 0.7715585231781006,
  "hsi_refine_gate": 0.9820137619972229
}