{
  "query_index": 0,
  "anchor_index": 9,
  "confidence": 0.901738703250885,
  "pred_box_xyxy_input_pixels": [
    217.25578366219997,
    100.24833583831787,
    299.42059625685215,
    419.0720114707947
  ],
  "anchor_cam_xyz": [
    0.05310553312301636,
    0.807174563407898,
    4.064862251281738
  ],
  "projected_uv_input": [
    270.9996337890625,
    510.01171875
  ],
  "projected_uv_depth": [
    267.8606262207031,
    504.104248046875
  ],
  "patch_center_xy": [
    16,
    31
  ],
  "scene_cam_xyz": [
    0.0043990095146000385,
    0.06686243414878845,
    0.3367134928703308
  ],
  "scene_normal": [
    -0.0005445329588837922,
    0.0006598678883165121,
    0.9999996423721313
  ],
  "offset_scene_minus_anchor_xyz": [
    -0.048706524074077606,
    -0.7403120994567871,
    -3.7281486988067627
  ],
  "distance_m": 3.8012535572052,
  "depth_residual_m": -3.7281486988067627,
  "hsi_anchor_depth_residual": -3.7281486988067627,
  "hsi_scene_scale": 5.189789295196533,
  "hsi_scene_depth_bias": 0.7715585231781006,
  "hsi_refine_gate": 0.9820137619972229
}