{
  "query_index": 0,
  "anchor_index": 7,
  "confidence": 0.9000422358512878,
  "box_xyxy_input_pixels": [
    225.99019607843138,
    81.25490196078431,
    310.6307189542484,
    451.98039215686276
  ],
  "anchor_cam_xyz": [
    0.19062747061252594,
    0.7562770843505859,
    3.867941379547119
  ],
  "projected_uv_input": [
    304.33489990234375,
    506.56134033203125
  ],
  "projected_uv_depth": [
    300.8097839355469,
    500.6938171386719
  ],
  "patch_center_xy": [
    18,
    31
  ],
  "scene_cam_xyz": [
    0.017250822857022285,
    0.06843923777341843,
    0.3500290811061859
  ],
  "scene_normal": [
    -0.00012180197518318892,
    0.0013743328163400292,
    0.9999990463256836
  ],
  "offset_scene_minus_anchor_xyz": [
    -0.1733766496181488,
    -0.6878378391265869,
    -3.5179123878479004
  ],
  "distance_m": 3.588716745376587,
  "depth_residual_m": -3.5179123878479004,
  "hsi_anchor_depth_residual": -3.5179123878479004,
  "hsi_scene_scale": 5.1918463706970215,
  "hsi_scene_depth_bias": 0.756402313709259,
  "hsi_refine_gate": 0.9820137619972229
}