{
  "query_index": 0,
  "anchor_index": 7,
  "confidence": 0.9000422358512878,
  "box_xyxy_input_pixels": [
    225.99019607843138,
    81.25490196078431,
    310.6307189542484,
    451.98039215686276
  ],
  "anchor_cam_xyz": [
    0.19062747061252594,
    0.7562770843505859,
    3.867941379547119
  ],
  "projected_uv_input": [
    304.33489990234375,
    506.56134033203125
  ],
  "projected_uv_depth": [
    300.8097839355469,
    500.6938171386719
  ],
  "patch_center_xy": [
    18,
    31
  ],
  "scene_cam_xyz": [
    0.017250822857022285,
    0.06843923777341843,
    0.3500290811061859
  ],
  "scene_normal": [
    -0.00012180197518318892,
    0.0013743328163400292,
    0.9999990463256836
  ],
  "offset_scene_minus_anchor_xyz": [
    -0.1733766496181488,
    -0.6878378391265869,
    -3.5179123878479004
  ],
  "distance_m": 3.588716745376587,
  "depth_residual_m": -3.5179123878479004,
  "coordinate_frames": {
    "model_input_size": 518,
    "raw_depth_hw": [
      512,
      512
    ],
    "hsi_depth_hw": [
      512,
      512
    ],
    "projection_uv_units": "model_input_pixels",
    "depth_uv_units": "depth_grid_pixels",
    "environment_color_source": "original RGB resized to model input/depth grid"
  },
  "hsi_anchor_depth_residual": -3.5179123878479004,
  "hsi_scene_scale": 5.1918463706970215,
  "hsi_scene_depth_bias": 0.756402313709259,
  "hsi_refine_gate": 0.9820137619972229,
  "ply": {
    "combined_file": "05_06_real_hsi_foot_scene_person0_q0_a7.ply",
    "environment_file": "environment_hsi_depth_person0_q0_a7.ply",
    "smpl_file": "smpl_only_person0_q0_a7.ply",
    "combined": {
      "scene_vertices": 65536,
      "scene_faces": 123914,
      "total_vertices": 72920,
      "total_faces": 138506,
      "depth_source": "hsi",
      "depth_upsample": 2,
      "visual_vertex_index": 3461,
      "visual_body_point_source": "foot_sole_vertex"
    },
    "environment": {
      "file": "environment_hsi_depth_person0_q0_a7.ply",
      "depth_source": "hsi",
      "vertices": 65536,
      "faces": 123914,
      "color_source": "input_rgb_resized_to_depth_grid",
      "depth_upsample": 2
    },
    "smpl": {
      "file": "smpl_only_person0_q0_a7.ply",
      "vertices": 6890,
      "faces": 13776
    }
  }
}