{
  "num_frames": 400.0,
  "num_gt": 1145.0,
  "num_pred_conf": 417.0,
  "box_recall_iou50_top20": 0.851528384279476,
  "box_precision_iou50_conf030": 0.34772182254196643,
  "mean_best_gt_iou": 0.6307250838612886,
  "duplicate_predictions_per_gt": 0.016593886462882096,
  "conf_threshold": 0.3,
  "iou_threshold": 0.5
}