{
  "num_frames": 400.0,
  "num_gt": 1145.0,
  "mean_best_gt_iou": 0.6324600105722918,
  "conf_threshold": 0.1,
  "iou_threshold": 0.5,
  "use_gt_box_prior": true,
  "box_recall_iou50_top3": 0.16768558951965065,
  "box_recall_iou50_top5": 0.28558951965065504,
  "box_recall_iou50_top10": 0.5353711790393013,
  "box_recall_iou50_top20": 0.8558951965065502,
  "num_pred_conf005": 7532.0,
  "box_precision_iou50_conf005": 0.17485395645246946,
  "duplicate_predictions_per_gt_conf005": 0.314410480349345,
  "num_pred_conf010": 917.0,
  "box_precision_iou50_conf010": 0.16902944383860413,
  "duplicate_predictions_per_gt_conf010": 0.0034934497816593887,
  "num_pred_conf015": 227.0,
  "box_precision_iou50_conf015": 0.15859030837004406,
  "duplicate_predictions_per_gt_conf015": 0.0,
  "num_pred_conf020": 1.0,
  "box_precision_iou50_conf020": 0.0,
  "duplicate_predictions_per_gt_conf020": 0.0,
  "num_pred_conf025": 0.0,
  "box_precision_iou50_conf025": 0.0,
  "duplicate_predictions_per_gt_conf025": 0.0,
  "num_pred_conf030": 0.0,
  "box_precision_iou50_conf030": 0.0,
  "duplicate_predictions_per_gt_conf030": 0.0,
  "num_pred_conf": 917.0,
  "duplicate_predictions_per_gt": 0.0034934497816593887,
  "nms_num_pred_conf005": 6566.0,
  "nms_box_precision_iou50_conf005": 0.1745354858361255,
  "nms_duplicate_predictions_per_gt_conf005": 0.19825327510917032,
  "nms_num_pred_conf010": 911.0,
  "nms_box_precision_iou50_conf010": 0.16575192096597147,
  "nms_duplicate_predictions_per_gt_conf010": 0.0017467248908296944,
  "nms_num_pred_conf015": 227.0,
  "nms_box_precision_iou50_conf015": 0.15859030837004406,
  "nms_duplicate_predictions_per_gt_conf015": 0.0,
  "nms_num_pred_conf020": 1.0,
  "nms_box_precision_iou50_conf020": 0.0,
  "nms_duplicate_predictions_per_gt_conf020": 0.0,
  "nms_num_pred_conf025": 0.0,
  "nms_box_precision_iou50_conf025": 0.0,
  "nms_duplicate_predictions_per_gt_conf025": 0.0,
  "nms_num_pred_conf030": 0.0,
  "nms_box_precision_iou50_conf030": 0.0,
  "nms_duplicate_predictions_per_gt_conf030": 0.0
}