{
  "track_id_map": {
    "5": 2
  },
  "stitches": [
    {
      "source_id": 2,
      "target_id": 5,
      "score": 0.5968926990315893,
      "gap": 2,
      "center_norm": 0.32005492135454106,
      "size_log_delta": 0.332174414665432,
      "pred_iou": 0.0,
      "final_id": 2
    }
  ]
}