{
  "num_frames": 1000.0,
  "num_gt": 2862.0,
  "mean_best_gt_iou": 0.873114217585571,
  "conf_threshold": 0.1,
  "iou_threshold": 0.5,
  "use_gt_box_prior": true,
  "gt_box_prior_center_noise": 0.0,
  "gt_box_prior_size_noise": 0.0,
  "gt_box_prior_drop_prob": 0.0,
  "box_recall_iou50_top3": 0.9972047519217331,
  "box_recall_iou50_top5": 0.9975541579315165,
  "box_recall_iou50_top10": 0.9975541579315165,
  "box_recall_iou50_top20": 0.9979035639412998,
  "num_pred_conf005": 2862.0,
  "box_precision_iou50_conf005": 0.9972047519217331,
  "duplicate_predictions_per_gt_conf005": 0.0006988120195667365,
  "num_pred_conf010": 2862.0,
  "box_precision_iou50_conf010": 0.9972047519217331,
  "duplicate_predictions_per_gt_conf010": 0.0006988120195667365,
  "num_pred_conf025": 2862.0,
  "box_precision_iou50_conf025": 0.9972047519217331,
  "duplicate_predictions_per_gt_conf025": 0.0006988120195667365,
  "num_pred_conf030": 2862.0,
  "box_precision_iou50_conf030": 0.9972047519217331,
  "duplicate_predictions_per_gt_conf030": 0.0006988120195667365,
  "num_pred_conf050": 2862.0,
  "box_precision_iou50_conf050": 0.9972047519217331,
  "duplicate_predictions_per_gt_conf050": 0.0006988120195667365,
  "num_pred_conf": 2862.0,
  "duplicate_predictions_per_gt": 0.0006988120195667365
}