{
  "checkpoint": "/home/zhw/lab_users/xyb/home/projects/vggt-human/outputs/train/smpl_hsi_temporal_after_translation_ray_refine/stage2_human_momentum_no_worse/checkpoint_latest.pt",
  "num_sequences": 64,
  "conf_threshold": 0.1,
  "use_gt_box_prior": true,
  "metrics": {
    "num_gt_per_frame": 2.9921875,
    "num_matched_per_frame": 2.9921875,
    "track_valid_per_frame": 2.9921875,
    "track_explicit_per_frame": 0.0,
    "track_person_index_per_frame": 2.9921875,
    "track_slot_per_frame": 0.0,
    "track_quality_mean": 0.9085331885995193,
    "temporal_pair_count": 32.90625,
    "temporal_triple_count": 29.90625,
    "temporal_quad_count": 26.90625,
    "temporal_pair_explicit_count": 0.0,
    "temporal_pair_person_index_count": 32.90625,
    "temporal_pair_slot_count": 0.0,
    "query_switch_rate": 0.0,
    "base_transl_velocity_l1_m": 0.03251380390513702,
    "hsi_transl_velocity_l1_m": 0.02489220296432497,
    "base_joints_velocity_l1_m": 0.03849734818202011,
    "hsi_joints_velocity_l1_m": 0.03199510118355382,
    "base_joints_acceleration_l1_m": 0.05401812603087977,
    "hsi_joints_acceleration_l1_m": 0.046596394356460846,
    "base_joints_jerk_l1_m": 0.09531828001115587,
    "hsi_joints_jerk_l1_m": 0.0813728134860647,
    "hsi_transl_velocity_worse_margin_ratio": 0.12298195631528964,
    "hsi_joints_velocity_worse_margin_ratio": 0.09639126305792972,
    "hsi_joints_acceleration_worse_margin_ratio": 0.11442006269592477,
    "hsi_temporal_no_worse_margin_ratio": 0.11116552399608227,
    "hsi_temporal_no_worse_excess_m": 0.0006139838433414916,
    "hsi_scene_log_scale_abs_delta": 0.0,
    "hsi_scene_log_scale_seq_abs": 0.0,
    "hsi_scene_scale_range": 0.0,
    "hsi_scene_scale_saturation_rate": 0.0,
    "hsi_scene_bias_abs_delta_m": 0.0,
    "hsi_scene_bias_seq_abs_m": 0.0,
    "hsi_scene_bias_range_m": 0.0
  },
  "improvement_percent_lower_is_better": {
    "transl_velocity_l1_m": 23.44112353955569,
    "joints_velocity_l1_m": 16.890116606792958,
    "joints_acceleration_l1_m": 13.739335700346675,
    "joints_jerk_l1_m": 14.630421912207204
  },
  "sequence_robust_scale": {
    "count": 64,
    "mean": 7.931495077908039,
    "min": 6.667816162109375,
    "max": 9.84802532196045,
    "median": 7.586017847061157
  },
  "sequence_robust_bias": {
    "count": 64,
    "mean": 0.09808387100201799,
    "min": -0.10855323076248169,
    "max": 0.2893226444721222,
    "median": 0.1383305788040161
  },
  "examples": [
    {
      "batch_idx": 0,
      "num_frames": 12,
      "frame_match_counts": [
        3,
        3,
        3,
        3,
        3,
        3,
        3,
        3,
        3,
        3,
        3,
        3
      ],
      "temporal_pairs": 33,
      "temporal_triples": 30,
      "temporal_quads": 27,
      "query_switches": 0,
      "scene": {
        "sequence_scale": [
          7.10216760635376
        ],
        "mean_log_scale_delta": 0.0,
        "sequence_bias": [
          0.03271179273724556
        ],
        "mean_bias_delta_m": 0.0
      }
    },
    {
      "batch_idx": 1,
      "num_frames": 12,
      "frame_match_counts": [
        3,
        3,
        3,
        3,
        3,
        3,
        3,
        3,
        3,
        3,
        3,
        3
      ],
      "temporal_pairs": 33,
      "temporal_triples": 30,
      "temporal_quads": 27,
      "query_switches": 0,
      "scene": {
        "sequence_scale": [
          7.146507740020752
        ],
        "mean_log_scale_delta": 0.0,
        "sequence_bias": [
          0.10989192128181458
        ],
        "mean_bias_delta_m": 0.0
      }
    },
    {
      "batch_idx": 2,
      "num_frames": 12,
      "frame_match_counts": [
        3,
        3,
        3,
        3,
        3,
        3,
        3,
        3,
        3,
        3,
        3,
        3
      ],
      "temporal_pairs": 33,
      "temporal_triples": 30,
      "temporal_quads": 27,
      "query_switches": 0,
      "scene": {
        "sequence_scale": [
          7.093448638916016
        ],
        "mean_log_scale_delta": 0.0,
        "sequence_bias": [
          0.13427208364009857
        ],
        "mean_bias_delta_m": 0.0
      }
    },
    {
      "batch_idx": 3,
      "num_frames": 12,
      "frame_match_counts": [
        3,
        3,
        3,
        3,
        3,
        3,
        3,
        3,
        3,
        3,
        3,
        3
      ],
      "temporal_pairs": 33,
      "temporal_triples": 30,
      "temporal_quads": 27,
      "query_switches": 0,
      "scene": {
        "sequence_scale": [
          6.980653762817383
        ],
        "mean_log_scale_delta": 0.0,
        "sequence_bias": [
          0.14238907396793365
        ],
        "mean_bias_delta_m": 0.0
      }
    },
    {
      "batch_idx": 4,
      "num_frames": 12,
      "frame_match_counts": [
        3,
        3,
        3,
        3,
        3,
        3,
        3,
        3,
        3,
        3,
        3,
        3
      ],
      "temporal_pairs": 33,
      "temporal_triples": 30,
      "temporal_quads": 27,
      "query_switches": 0,
      "scene": {
        "sequence_scale": [
          7.044870376586914
        ],
        "mean_log_scale_delta": 0.0,
        "sequence_bias": [
          0.17669112980365753
        ],
        "mean_bias_delta_m": 0.0
      }
    },
    {
      "batch_idx": 5,
      "num_frames": 12,
      "frame_match_counts": [
        3,
        3,
        3,
        3,
        3,
        3,
        3,
        3,
        3,
        3,
        3,
        3
      ],
      "temporal_pairs": 33,
      "temporal_triples": 30,
      "temporal_quads": 27,
      "query_switches": 0,
      "scene": {
        "sequence_scale": [
          6.863601207733154
        ],
        "mean_log_scale_delta": 0.0,
        "sequence_bias": [
          0.19769838452339172
        ],
        "mean_bias_delta_m": 0.0
      }
    },
    {
      "batch_idx": 6,
      "num_frames": 12,
      "frame_match_counts": [
        3,
        3,
        3,
        3,
        3,
        3,
        3,
        3,
        3,
        3,
        3,
        3
      ],
      "temporal_pairs": 33,
      "temporal_triples": 30,
      "temporal_quads": 27,
      "query_switches": 0,
      "scene": {
        "sequence_scale": [
          6.743513107299805
        ],
        "mean_log_scale_delta": 0.0,
        "sequence_bias": [
          0.22441144287586212
        ],
        "mean_bias_delta_m": 0.0
      }
    },
    {
      "batch_idx": 7,
      "num_frames": 12,
      "frame_match_counts": [
        3,
        3,
        3,
        3,
        3,
        3,
        3,
        3,
        3,
        3,
        3,
        3
      ],
      "temporal_pairs": 33,
      "temporal_triples": 30,
      "temporal_quads": 27,
      "query_switches": 0,
      "scene": {
        "sequence_scale": [
          6.667816162109375
        ],
        "mean_log_scale_delta": 0.0,
        "sequence_bias": [
          0.22915011644363403
        ],
        "mean_bias_delta_m": 0.0
      }
    }
  ]
}