{
  "image": "/home/zhw/xyb_space/bedlam/processed_bedlam/Training/20221013_3_250_batch01hand_orbit_bigOffice_seq_000000/rgb/seq_000000_0000.png",
  "checkpoint": "outputs/train/smpl_dab_box_prior_20q/checkpoint_latest.pt",
  "use_gt_box_prior": true,
  "gt_box_prior_center_noise": 0.05,
  "gt_box_prior_size_noise": 0.1,
  "gt_box_prior_drop_prob": 0.0,
  "predictions": [
    {
      "rank": 0,
      "query_index": 1,
      "confidence": 0.9997963309288025,
      "bbox_cxcywh_norm": [
        0.10512202233076096,
        0.6103400588035583,
        0.14407579600811005,
        0.4821636378765106
      ],
      "bbox_xyxy_pixels": [
        42.347679138183594,
        265.8659327030182,
        226.76469802856445,
        613.0237519741058
      ],
      "pred_transl_cam": [
        -1.4031192064285278,
        0.32288381457328796,
        3.4029529094696045
      ],
      "projected_joints_2d": [
        [
          94.43185424804688,
          388.2460632324219
        ],
        [
          82.60926818847656,
          410.12457275390625
        ],
        [
          89.80453491210938,
          412.1463928222656
        ],
        [
          92.05152893066406,
          361.52362060546875
        ],
        [
          124.68670654296875,
          492.915771484375
        ],
        [
          165.36212158203125,
          501.67144775390625
        ],
        [
          124.17897033691406,
          333.5532531738281
        ],
        [
          24.111328125,
          574.8180541992188
        ],
        [
          57.43710708618164,
          589.3328247070312
        ],
        [
          145.1635284423828,
          327.6033020019531
        ],
        [
          57.295372009277344,
          591.4656372070312
        ],
        [
          100.63517761230469,
          609.3953247070312
        ],
        [
          173.48797607421875,
          277.6681213378906
        ],
        [
          154.8143310546875,
          299.768798828125
        ],
        [
          157.5118408203125,
          296.6729431152344
        ],
        [
          205.82301330566406,
          273.9620361328125
        ],
        [
          151.8342742919922,
          308.2884216308594
        ],
        [
          160.10963439941406,
          302.0587158203125
        ],
        [
          126.17005920410156,
          367.889404296875
        ],
        [
          113.4427719116211,
          358.0778503417969
        ],
        [
          195.56044006347656,
          405.01837158203125
        ],
        [
          152.23289489746094,
          420.2287292480469
        ],
        [
          213.36514282226562,
          417.8760986328125
        ],
        [
          160.3063507080078,
          440.26318359375
        ],
        [
          249.36631774902344,
          272.04034423828125
        ],
        [
          243.79165649414062,
          259.6231689453125
        ],
        [
          242.09963989257812,
          261.4899597167969
        ],
        [
          208.3154754638672,
          253.76101684570312
        ],
        [
          206.38372802734375,
          258.72515869140625
        ],
        [
          84.10985565185547,
          596.2654418945312
        ],
        [
          65.45702362060547,
          589.6914672851562
        ],
        [
          -2.971163034439087,
          578.4119873046875
        ],
        [
          126.84464263916016,
          610.3095703125
        ],
        [
          109.10057830810547,
          615.8928833007812
        ],
        [
          28.56068229675293,
          597.95947265625
        ],
        [
          233.5098419189453,
          421.3631286621094
        ],
        [
          244.7835235595703,
          428.681640625
        ],
        [
          242.10348510742188,
          430.0359191894531
        ],
        [
          232.6488494873047,
          428.7845153808594
        ],
        [
          217.8294677734375,
          426.7061767578125
        ],
        [
          164.45443725585938,
          445.7265930175781
        ],
        [
          176.69747924804688,
          461.925048828125
        ],
        [
          176.49703979492188,
          463.7712097167969
        ],
        [
          170.81790161132812,
          460.1348571777344
        ],
        [
          160.58401489257812,
          452.4587097167969
        ]
      ],
      "projected_joints_mask": [
        true,
        true,
        true,
        true,
        true,
        true,
        true,
        true,
        true,
        true,
        true,
        true,
        true,
        true,
        true,
        true,
        true,
        true,
        true,
        true,
        true,
        true,
        true,
        true,
        true,
        true,
        true,
        true,
        true,
        true,
        true,
        false,
        true,
        true,
        true,
        true,
        true,
        true,
        true,
        true,
        true,
        true,
        true,
        true,
        true
      ],
      "vggt_intrinsics_input": [
        [
          537.4706420898438,
          0.0,
          259.0
        ],
        [
          0.0,
          629.746826171875,
          259.0
        ],
        [
          0.0,
          0.0,
          1.0
        ]
      ],
      "vggt_input_size": 518,
      "vggt_camera_from_world": [
        [
          0.9999995231628418,
          -0.0005155667895451188,
          0.0008143045706674457,
          -8.651241660118103e-05
        ],
        [
          0.0005144426831975579,
          0.999998927116394,
          0.001380125293508172,
          -0.0002245623618364334
        ],
        [
          -0.0008150152279995382,
          -0.0013797057326883078,
          0.9999986886978149,
          -0.000670354813337326
        ]
      ]
    },
    {
      "rank": 1,
      "query_index": 2,
      "confidence": 0.9996986389160156,
      "bbox_cxcywh_norm": [
        0.3691432774066925,
        0.5448903441429138,
        0.19006198644638062,
        0.8350540399551392
      ],
      "bbox_xyxy_pixels": [
        350.8637237548828,
        91.70159339904785,
        594.14306640625,
        692.940502166748
      ],
      "pred_transl_cam": [
        -0.3934195339679718,
        0.1662587821483612,
        2.1719601154327393
      ],