{
  "checkpoint": "/home/zhw/lab_users/xyb/home/projects/vggt-human/outputs/train/smpl_hsi_temporal_after_translation_ray_refine/stage2_human_momentum_no_worse/checkpoint_latest.pt",
  "train_config": "/home/zhw/lab_users/xyb/home/projects/vggt-human/configs/train_smpl_hsi_temporal_momentum_noworse_after_scene.yaml",
  "num_sequences": 1,
  "num_frames_requested": 27,
  "num_frames_effective": 27,
  "frame_stride": 1,
  "intrinsics_source": "gt",
  "use_gt_box_prior": true,
  "selected_dataset_indices": [
    0
  ],
  "global_summary": {
    "selected_dataset_indices": [
      0
    ],
    "num_frame_person_rows": 78,
    "num_frame_depth_rows": 27,
    "num_temporal_rows": 213,
    "hsi_scene_scale": {
      "count": 27,
      "mean": 7.344815731048584,
      "min": 7.344815731048584,
      "max": 7.344815731048584,
      "median": 7.344815731048584
    },
    "hsi_scene_depth_bias": {
      "count": 27,
      "mean": 0.18447421491146088,
      "min": 0.18447421491146088,
      "max": 0.18447421491146088,
      "median": 0.18447421491146088
    },
    "base_mpjpe_m_mean": 0.3910476478437583,
    "base_mpjpe_m_median": 0.2618505656719208,
    "hsi_mpjpe_m_mean": 0.33102029676620776,
    "hsi_mpjpe_m_median": 0.19836414605379105,
    "base_pve_m_mean": 0.39460357440969884,
    "base_pve_m_median": 0.26955273747444153,
    "hsi_pve_m_mean": 0.3349985475054918,
    "hsi_pve_m_median": 0.20541401207447052,
    "base_transl_l2_m_mean": 0.3897194257722451,
    "base_transl_l2_m_median": 0.2642710357904434,
    "hsi_transl_l2_m_mean": 0.32595040281422627,
    "hsi_transl_l2_m_median": 0.1991754248738289,
    "raw_human_roi_depth_l1_median_m_mean": 3.6746532213993564,
    "raw_human_roi_depth_l1_median_m_median": 3.491230607032776,
    "hsi_human_roi_depth_l1_median_m_mean": 0.19665982478704208,
    "hsi_human_roi_depth_l1_median_m_median": 0.18265676498413086,
    "hsi_sole_float_m_mean": 0.14748682941135485,
    "hsi_sole_float_m_median": 0.06833012029528618,
    "hsi_sole_penetration_m_mean": 0.23433766043922333,
    "hsi_sole_penetration_m_median": 0.005702358903363347,
    "hsi_sole_plane_float_m_mean": 0.05595413314877078,
    "hsi_sole_plane_float_m_median": 0.019114691764116287,
    "hsi_sole_plane_penetration_m_mean": 0.12199805768941588,
    "hsi_sole_plane_penetration_m_median": 0.00017565170855959877,
    "raw_full_depth_l1_median_m_mean": 4.581810315450032,
    "raw_full_depth_l1_median_m_median": 4.5256218910217285,
    "hsi_full_depth_l1_median_m_mean": 0.2706471769898026,
    "hsi_full_depth_l1_median_m_median": 0.26531314849853516,
    "raw_near_depth_l1_median_m_mean": 4.503052729147452,
    "raw_near_depth_l1_median_m_median": 4.409468650817871,
    "hsi_near_depth_l1_median_m_mean": 0.259866820441352,
    "hsi_near_depth_l1_median_m_median": 0.2564511299133301,
    "base_transl_velocity_l1_m_mean": 0.03194241239563436,
    "hsi_transl_velocity_l1_m_mean": 0.03234358201105449,
    "base_joints_velocity_l1_m_mean": 0.03642344150088123,
    "hsi_joints_velocity_l1_m_mean": 0.03766717240717765,
    "base_joints_accel_l1_m_mean": 0.04594021832281855,
    "hsi_joints_accel_l1_m_mean": 0.04687714991225323,
    "base_joints_jerk_l1_m_mean": 0.07835935842355385,
    "hsi_joints_jerk_l1_m_mean": 0.08039394560653497,
    "likely_source_counts": {
      "mixed:smpl_error+contact_error": 26,
      "mixed:smpl_error+depth_error": 2,
      "mixed:smpl_error+depth_error+contact_error": 2,
      "ok": 11,
      "smpl_error": 37
    },
    "thresholds": {
      "smpl_bad_mpjpe_m": 0.08,
      "smpl_bad_transl_m": 0.08,
      "depth_bad_human_roi_m": 0.35,
      "contact_bad_m": 0.05
    }
  },
  "per_person_summary": [
    {
      "dataset_index": 0,
      "sequence_name": "20221013_3_250_batch01hand_orbit_bigOffice_seq_000000",
      "track_id": 1000000000,
      "track_source": "person_index",
      "track_quality_mean": 0.9491229126086602,
      "num_frames": 26,
      "first_frame": 0,
      "last_frame": 26,
      "query_switch_count": 0,
      "base_mpjpe_m_mean": 0.540454602585389,
      "base_mpjpe_m_median": 0.4381484389305115,
      "base_mpjpe_m_max": 1.308983325958252,
      "hsi_mpjpe_m_mean": 0.43710467133384484,
      "hsi_mpjpe_m_median": 0.2547077387571335,
      "hsi_mpjpe_m_max": 1.1271207332611084,
      "hsi_mpjpe_delta_m_mean": -0.10334993125154422,
      "hsi_mpjpe_delta_m_median": -0.08026096597313881,
      "hsi_mpjpe_delta_m_max": -0.016614317893981934,
      "base_pve_m_mean": 0.5456660682192216,
      "base_pve_m_median": 0.4468451887369156,
      "base_pve_m_max": 1.3200533390045166,
      "hsi_pve_m_mean": 0.4441925659775734,
      "hsi_pve_m_median": 0.2671382948756218,
      "hsi_pve_m_max": 1.1388075351715088,
      "hsi_pve_delta_m_mean": -0.10147350224164817,
      "hsi_pve_delta_m_median": -0.07460673153400421,
      "hsi_pve_delta_m_max": -0.016122102737426758,
      "base_transl_l2_m_mean": 0.5412126255150025,
      "base_transl_l2_m_median": 0.4348739683628082,
      "base_transl_l2_m_max": 1.297365427017212,
      "hsi_transl_l2_m_mean": 0.4346341262929715,
      "hsi_transl_l2_m_median": 0.2565852105617523,
      "hsi_transl_l2_m_max": 1.1130385398864746,
      "hsi_transl_delta_m_mean": -0.1065784993653114,
      "hsi_transl_delta_m_median": -0.08806529641151428,
      "hsi_transl_delta_m_max": -0.020424962043762207,
      "base_pelvis_l2_m_mean": 0.5410098290214171,
      "base_pelvis_l2_m_median": 0.43501465022563934,
      "base_pelvis_l2_m_max": 1.297586441040039,
      "hsi_pelvis_l2_m_mean": 0.4345889032746737,
      "hsi_pelvis_l2_m_median": 0.2570682317018509,
      "hsi_pelvis_l2_m_max": 1.1134198904037476,
      "raw_human_roi_depth_l1_median_m_mean": 4.136921185713548,
      "raw_human_roi_depth_l1_median_m_median": 4.1126556396484375,
      "raw_human_roi_depth_l1_median_m_max": 5.391237258911133,
      "hsi_human_roi_depth_l1_median_m_mean": 0.2490839407994197,
      "hsi_human_roi_depth_l1_median_m_median": 0.2489640712738037,
      "hsi_human_roi_depth_l1_median_m_max": 0.376096248626709,
      "base_sole_float_m_mean": 0.15894043429976923,
      "base_sole_float_m_median": 0.11819005385041237,
      "base_sole_float_m_max": 1.0491679906845093,
      "hsi_sole_float_m_mean": 0.1088369741496122,
      "hsi_sole_float_m_median": 0.024349261773750186,
      "hsi_sole_float_m_max": 0.9637338519096375,
      "base_sole_penetration_m_mean": 0.3861097844941965,
      "base_sole_penetration_m_median": 0.0032888068817555904,
      "base_sole_penetration_m_max": 1.9379276037216187,
      "hsi_sole_penetration_m_mean": 0.33932422584414534,
      "hsi_sole_penetration_m_median": 0.010948482900857925,
      "hsi_sole_penetration_m_max": 1.9679559469223022,
      "base_sole_plane_float_m_mean": 0.04044771075926044,
      "base_sole_plane_float_m_median": 0.0,
      "base_sole_plane_float_m_max": 0.41224825382232666,
      "hsi_sole_plane_float_m_mean": 0.03742962188764729,
      "hsi_sole_plane_float_m_median": 0.004480862757191062,
      "hsi_sole_plane_float_m_max": 0.3737272620201111,
      "base_sole_plane_penetration_m_mean": 0.19364362447628414,
      "base_sole_plane_penetration_m_median": 0.0005293844442348927,
      "base_sole_plane_penetration_m_max": 1.6269011497497559,
      "hsi_sole_plane_penetration_m_mean": 0.21284473436323673,
      "hsi_sole_plane_penetration_m_median": 0.0006954526761546731,
      "hsi_sole_plane_penetration_m_max": 1.7568265199661255,
      "base_transl_velocity_l1_m_mean": 0.03942721620357285,
      "hsi_transl_velocity_l1_m_mean": 0.037020840701491885,
      "base_joints_velocity_l1_m_mean": 0.04006427596323192,
      "hsi_joints_velocity_l1_m_mean": 0.03999960271175951,
      "base_joints_accel_l1_m_mean": 0.048964796668809395,
      "hsi_joints_accel_l1_m_mean": 0.04881288645708043,
      "base_joints_jerk_l1_m_mean": 0.08354643452912569,
      "hsi_joints_jerk_l1_m_mean": 0.08339453945783051,
      "worst_hsi_mpjpe_frame": 26,
      "worst_hsi_transl_frame": 26,