{
  "image": "/home/zhw/xyb_space/bedlam/processed_bedlam/Training/20221013_3_250_batch01hand_orbit_bigOffice_seq_000000/rgb/seq_000000_0000.png",
  "checkpoint": "/home/zhw/lab_users/xyb/home/projects/vggt-human/outputs/train/smpl_hsi_graft_probe_refine_from0121/checkpoint_latest.pt",
  "use_gt_box_prior": true,
  "depth": {
    "hsi_scene_scale": 7.111196994781494,
    "hsi_scene_depth_bias": -0.018449265509843826,
    "valid_pixels": 262144,
    "raw_depth_l1_mean_m": 180.74859619140625,
    "hsi_depth_l1_mean_m": 174.8011016845703,
    "raw_depth_l1_median_m": 4.33958625793457,
    "hsi_depth_l1_median_m": 0.32778358459472656,
    "raw_depth_rmse_m": 1290.4752197265625,
    "hsi_depth_rmse_m": 1285.6328125,
    "hsi_depth_improvement_median_percent": 92.44666276663122,
    "regions": {
      "full": {
        "valid_pixels": 262144,
        "raw_depth_l1_mean_m": 180.74859619140625,
        "hsi_depth_l1_mean_m": 174.8011016845703,
        "raw_depth_l1_median_m": 4.33958625793457,
        "hsi_depth_l1_median_m": 0.32778358459472656,
        "raw_depth_rmse_m": 1290.4752197265625,
        "hsi_depth_rmse_m": 1285.6328125,
        "hsi_depth_improvement_median_percent": 92.44666276663122
      },
      "near_lt_30m": {
        "valid_pixels": 255490,
        "raw_depth_l1_mean_m": 6.025036334991455,
        "hsi_depth_l1_mean_m": 0.8065667748451233,
        "raw_depth_l1_median_m": 4.25998592376709,
        "hsi_depth_l1_median_m": 0.3168368339538574,
        "raw_depth_rmse_m": 7.424618721008301,
        "hsi_depth_rmse_m": 1.7152988910675049,
        "hsi_depth_improvement_median_percent": 92.56249105927374
      },
      "far_ge_30m": {
        "valid_pixels": 6654,
        "raw_depth_l1_mean_m": 6889.5126953125,
        "hsi_depth_l1_mean_m": 6855.57470703125,
        "raw_depth_l1_median_m": 6640.798828125,
        "hsi_depth_l1_median_m": 6611.30029296875,
        "raw_depth_rmse_m": 8099.74267578125,
        "hsi_depth_rmse_m": 8069.47265625,
        "hsi_depth_improvement_median_percent": 0.44420160766379935
      },
      "human_roi": {
        "valid_pixels": 180002,
        "raw_depth_l1_mean_m": 89.79444885253906,
        "hsi_depth_l1_mean_m": 85.09687805175781,
        "raw_depth_l1_median_m": 3.6850745677948,
        "hsi_depth_l1_median_m": 0.2464311122894287,
        "raw_depth_rmse_m": 939.55615234375,
        "hsi_depth_rmse_m": 936.2652587890625,
        "hsi_depth_improvement_median_percent": 93.31272386064914
      }
    }
  },
  "smpl": {
    "base_joints_mpjpe_m": 0.08212796971201897,
    "hsi_joints_mpjpe_m": 0.0760249172647794,
    "base_vertices_pve_m": 0.09483149151007335,
    "hsi_vertices_pve_m": 0.08781815692782402,
    "base_transl_l2_m": 0.05402704266210397,
    "hsi_transl_l2_m": 0.04899123435219129,
    "base_projected_joints_l2_px": 9.48189083735148,
    "hsi_projected_joints_l2_px": 9.38037363688151,
    "base_foot_abs_delta_m": 0.031418561935424805,
    "hsi_foot_abs_delta_m": 0.03575611114501953,
    "base_foot_float_m": 0.0,
    "hsi_foot_float_m": 0.0,
    "base_foot_penetration_m": 0.0,
    "hsi_foot_penetration_m": 0.0,
    "foot_contact_valid_count": 0.3333333333333333,
    "num_gt": 3,
    "num_pred_conf": 3,
    "num_matched": 3,
    "conf_threshold": 0.1,
    "per_person": [
      {
        "pred_query": 0,
        "gt_index": 0,
        "base_joints_mpjpe_m": 0.04042947664856911,
        "hsi_joints_mpjpe_m": 0.03317160904407501,
        "base_vertices_pve_m": 0.04926717281341553,
        "hsi_vertices_pve_m": 0.03902826085686684,
        "base_transl_l2_m": 0.024665744975209236,
        "hsi_transl_l2_m": 0.0177280493080616,
        "base_projected_joints_l2_px": 4.673339366912842,
        "hsi_projected_joints_l2_px": 2.9430885314941406,
        "base_foot_abs_delta_m": null,
        "hsi_foot_abs_delta_m": null,
        "base_foot_float_m": null,
        "hsi_foot_float_m": null,
        "base_foot_penetration_m": null,
        "hsi_foot_penetration_m": null,
        "foot_contact_valid_count": 0.0
      },
      {
        "pred_query": 1,
        "gt_index": 1,
        "base_joints_mpjpe_m": 0.0760771781206131,
        "hsi_joints_mpjpe_m": 0.0899071916937828,
        "base_vertices_pve_m": 0.0862581729888916,
        "hsi_vertices_pve_m": 0.09961482882499695,
        "base_transl_l2_m": 0.026964496821165085,
        "hsi_transl_l2_m": 0.04734522104263306,
        "base_projected_joints_l2_px": 10.55868148803711,
        "hsi_projected_joints_l2_px": 13.282596588134766,
        "base_foot_abs_delta_m": 0.031418561935424805,
        "hsi_foot_abs_delta_m": 0.03575611114501953,
        "base_foot_float_m": 0.0,
        "hsi_foot_float_m": 0.0,
        "base_foot_penetration_m": 0.0,
        "hsi_foot_penetration_m": 0.0,
        "foot_contact_valid_count": 1.0
      },
      {
        "pred_query": 2,
        "gt_index": 2,
        "base_joints_mpjpe_m": 0.1298772543668747,
        "hsi_joints_mpjpe_m": 0.10499595105648041,
        "base_vertices_pve_m": 0.1489691287279129,
        "hsi_vertices_pve_m": 0.12481138110160828,
        "base_transl_l2_m": 0.11045088618993759,
        "hsi_transl_l2_m": 0.08190043270587921,
        "base_projected_joints_l2_px": 13.213651657104492,
        "hsi_projected_joints_l2_px": 11.915435791015625,
        "base_foot_abs_delta_m": null,
        "hsi_foot_abs_delta_m": null,
        "base_foot_float_m": null,
        "hsi_foot_float_m": null,
        "base_foot_penetration_m": null,
        "hsi_foot_penetration_m": null,
        "foot_contact_valid_count": 0.0
      }
    ]
  },
  "diagnosis": {
    "likely_source": "depth_or_scene_alignment_likely",
    "smpl_good_threshold_m": 0.08,
    "depth_bad_threshold_m": 0.3
  },
  "visualizations": {
    "depth_compare": "/home/zhw/lab_users/xyb/home/projects/vggt-human/outputs/vis/hsi_graft_probe_depth_smpl_diagnostics/seq_000000_0000_depth_gt_raw_hsi_compare.png",
    "gt_depth": "/home/zhw/lab_users/xyb/home/projects/vggt-human/outputs/vis/hsi_graft_probe_depth_smpl_diagnostics/seq_000000_0000_gt_depth.png",
    "raw_depth": "/home/zhw/lab_users/xyb/home/projects/vggt-human/outputs/vis/hsi_graft_probe_depth_smpl_diagnostics/seq_000000_0000_raw_depth.png",
    "hsi_depth": "/home/zhw/lab_users/xyb/home/projects/vggt-human/outputs/vis/hsi_graft_probe_depth_smpl_diagnostics/seq_000000_0000_hsi_depth.png",
    "raw_abs_error": "/home/zhw/lab_users/xyb/home/projects/vggt-human/outputs/vis/hsi_graft_probe_depth_smpl_diagnostics/seq_000000_0000_raw_abs_error.png",
    "hsi_abs_error": "/home/zhw/lab_users/xyb/home/projects/vggt-human/outputs/vis/hsi_graft_probe_depth_smpl_diagnostics/seq_000000_0000_hsi_abs_error.png"
  }
}