{
  "checkpoint": "/home/zhw/lab_users/xyb/home/projects/vggt-human/outputs/train/smpl_hsi_temporal_two_stage_from0121/stage2_human_temporal/checkpoint_latest.pt",
  "num_sequences": 64,
  "conf_threshold": 0.1,
  "use_gt_box_prior": true,
  "metrics": {
    "num_gt_per_frame": 3.0,
    "num_matched_per_frame": 3.0,
    "track_valid_per_frame": 3.0,
    "track_explicit_per_frame": 0.0,
    "track_person_index_per_frame": 3.0,
    "track_slot_per_frame": 0.0,
    "track_quality_mean": 0.9255338211078197,
    "temporal_pair_count": 9.0,
    "temporal_triple_count": 6.0,
    "temporal_quad_count": 3.0,
    "temporal_pair_explicit_count": 0.0,
    "temporal_pair_person_index_count": 9.0,
    "temporal_pair_slot_count": 0.0,
    "query_switch_rate": 0.0,
    "base_transl_velocity_l1_m": 0.024786823677762488,
    "hsi_transl_velocity_l1_m": 0.01857367326980845,
    "base_joints_velocity_l1_m": 0.029017591589460306,
    "hsi_joints_velocity_l1_m": 0.024072676544569224,
    "base_joints_acceleration_l1_m": 0.040930911634253185,
    "hsi_joints_acceleration_l1_m": 0.03505506511889204,
    "base_joints_jerk_l1_m": 0.06886541147832759,
    "hsi_joints_jerk_l1_m": 0.059431044093798846,
    "hsi_scene_log_scale_abs_delta": 0.013366024038987234,
    "hsi_scene_log_scale_seq_abs": 0.011058928910642862,
    "hsi_scene_scale_range": 0.2782496362924576,
    "hsi_scene_scale_saturation_rate": 0.0,
    "hsi_scene_bias_abs_delta_m": 0.05945805704686791,
    "hsi_scene_bias_seq_abs_m": 0.05020898225484416,
    "hsi_scene_bias_range_m": 0.15113772405311465
  },
  "improvement_percent_lower_is_better": {
    "transl_velocity_l1_m": 25.066343670036957,
    "joints_velocity_l1_m": 17.041093950357894,
    "joints_acceleration_l1_m": 14.355523199351177,
    "joints_jerk_l1_m": 13.699718308512251
  },
  "sequence_robust_scale": {
    "count": 64,
    "mean": 8.189747981727123,
    "min": 6.79727840423584,
    "max": 10.174702644348145,
    "median": 7.748798131942749
  },
  "sequence_robust_bias": {
    "count": 64,
    "mean": -0.15484043012384063,
    "min": -0.7761591076850891,
    "max": 0.38443633913993835,
    "median": -0.02027683239430189
  },
  "examples": [
    {
      "batch_idx": 0,
      "num_frames": 4,
      "frame_match_counts": [
        3,
        3,
        3,
        3
      ],
      "temporal_pairs": 9,
      "temporal_triples": 6,
      "temporal_quads": 3,
      "query_switches": 0,
      "scene": {
        "sequence_scale": [
          7.875324249267578
        ],
        "mean_log_scale_delta": 0.01609969139099121,
        "sequence_bias": [
          -0.499923437833786
        ],
        "mean_bias_delta_m": 0.06796306371688843
      }
    },
    {
      "batch_idx": 1,
      "num_frames": 4,
      "frame_match_counts": [
        3,
        3,
        3,
        3
      ],
      "temporal_pairs": 9,
      "temporal_triples": 6,
      "temporal_quads": 3,
      "query_switches": 0,
      "scene": {
        "sequence_scale": [
          8.383212089538574
        ],
        "mean_log_scale_delta": 0.03015645407140255,
        "sequence_bias": [
          -0.4679580330848694
        ],
        "mean_bias_delta_m": 0.07068385183811188
      }
    },
    {
      "batch_idx": 2,
      "num_frames": 4,
      "frame_match_counts": [
        3,
        3,
        3,
        3
      ],
      "temporal_pairs": 9,
      "temporal_triples": 6,
      "temporal_quads": 3,
      "query_switches": 0,
      "scene": {
        "sequence_scale": [
          8.431361198425293
        ],
        "mean_log_scale_delta": 0.02787637710571289,
        "sequence_bias": [
          -0.4431590735912323
        ],
        "mean_bias_delta_m": 0.06882181018590927
      }
    },
    {
      "batch_idx": 3,
      "num_frames": 4,
      "frame_match_counts": [
        3,
        3,
        3,
        3
      ],
      "temporal_pairs": 9,
      "temporal_triples": 6,
      "temporal_quads": 3,
      "query_switches": 0,
      "scene": {
        "sequence_scale": [
          8.044060707092285
        ],
        "mean_log_scale_delta": 0.025090616196393967,
        "sequence_bias": [
          -0.3680247664451599
        ],
        "mean_bias_delta_m": 0.1113853007555008
      }
    },
    {
      "batch_idx": 4,
      "num_frames": 4,
      "frame_match_counts": [
        3,
        3,
        3,
        3
      ],
      "temporal_pairs": 9,
      "temporal_triples": 6,
      "temporal_quads": 3,
      "query_switches": 0,
      "scene": {
        "sequence_scale": [
          7.727386951446533
        ],
        "mean_log_scale_delta": 0.02253413200378418,
        "sequence_bias": [
          -0.13051868975162506
        ],
        "mean_bias_delta_m": 0.13172997534275055
      }
    },
    {
      "batch_idx": 5,
      "num_frames": 4,
      "frame_match_counts": [
        3,
        3,
        3,
        3
      ],
      "temporal_pairs": 9,
      "temporal_triples": 6,
      "temporal_quads": 3,
      "query_switches": 0,
      "scene": {
        "sequence_scale": [
          7.5324249267578125
        ],
        "mean_log_scale_delta": 0.018309831619262695,
        "sequence_bias": [
          0.07332295179367065
        ],
        "mean_bias_delta_m": 0.10595174878835678
      }
    },
    {
      "batch_idx": 6,
      "num_frames": 4,
      "frame_match_counts": [
        3,
        3,
        3,
        3
      ],
      "temporal_pairs": 9,
      "temporal_triples": 6,
      "temporal_quads": 3,
      "query_switches": 0,
      "scene": {
        "sequence_scale": [
          7.387820243835449
        ],
        "mean_log_scale_delta": 0.02123546600341797,
        "sequence_bias": [
          0.06650742888450623
        ],
        "mean_bias_delta_m": 0.06458565592765808
      }
    },
    {
      "batch_idx": 7,
      "num_frames": 4,
      "frame_match_counts": [
        3,
        3,
        3,
        3
      ],
      "temporal_pairs": 9,
      "temporal_triples": 6,
      "temporal_quads": 3,
      "query_switches": 0,
      "scene": {
        "sequence_scale": [
          7.151710510253906
        ],
        "mean_log_scale_delta": 0.021626275032758713,
        "sequence_bias": [
          0.08602527529001236
        ],
        "mean_bias_delta_m": 0.046993792057037354
      }
    }
  ]
}