{
  "dataset_index": 10967,
  "image_size": 518,
  "matches": [
    {
      "frame_idx": 0,
      "query_idx": 0,
      "gt_idx": 0,
      "person_id": 0,
      "mpjpe_mm": 155.89218139648438,
      "pa_mpjpe_mm": 125.00906372070312,
      "transl_l2_mm": 15030.955078125,
      "transl_xy_l2_mm": 875.5340576171875,
      "transl_z_abs_mm": 15005.43359375,
      "cam_mpjpe_no_align_mm": 15086.09765625,
      "gt_transl_cam": [
        0.8328580260276794,
        -0.6708067059516907,
        22.08938980102539
      ],
      "pred_transl_cam": [
        0.15411476790905,
        -0.1177537739276886,
        7.083955764770508
      ],
      "gt_box_xyxy": [
        273.66571044921875,
        179.06304931640625,
        283.8614501953125,
        274.1701965332031
      ],
      "pred_box_xyxy": [
        272.7081604003906,
        176.8583221435547,
        283.6253356933594,
        273.63336181640625
      ],
      "gt_joints_2d": [
        [
          278.9696960449219,
          221.8323974609375
        ],
        [
          280.68890380859375,
          225.4383087158203
        ],
        [
          277.42523193359375,
          225.61148071289062
        ],
        [
          278.9208679199219,
          217.6903839111328
        ],
        [
          281.3619079589844,
          240.68247985839844
        ],
        [
          276.95587158203125,
          241.25799560546875
        ],
        [
          279.06268310546875,
          212.491943359375
        ],
        [
          281.5271911621094,
          256.48712158203125
        ],
        [
          277.7581481933594,
          256.6911926269531
        ],
        [
          279.1302490234375,
          210.4859619140625
        ],
        [
          282.06329345703125,
          259.2845153808594
        ],
        [
          276.8860168457031,
          259.6748352050781
        ],
        [
          279.5343322753906,
          201.8818817138672
        ],
        [
          281.2536315917969,
          205.79168701171875
        ],
        [
          277.5371398925781,
          205.38955688476562
        ],
        [
          279.6591796875,
          199.3713836669922
        ],
        [
          283.4498291015625,
          205.4491729736328
        ],
        [
          275.23590087890625,
          204.66171264648438
        ],
        [
          284.1796875,
          216.22865295410156
        ],
        [
          275.135498046875,
          215.1101531982422
        ],
        [
          284.71173095703125,
          226.3895721435547
        ],
        [
          275.2813415527344,
          225.44894409179688
        ],
        [
          284.8946838378906,
          229.76622009277344
        ],
        [
          275.3689270019531,
          228.77099609375
        ]
      ],
      "pred_joints_2d": [
        [
          270.421142578125,
          216.221923828125
        ],
        [
          270.87646484375,
          228.1609344482422
        ],
        [
          267.6976013183594,
          227.2669677734375
        ],
        [
          273.7620544433594,
          203.7516326904297
        ],
        [
          262.59442138671875,
          275.6275939941406
        ],
        [
          259.899658203125,
          274.95062255859375
        ],
        [
          272.1507263183594,
          188.33340454101562
        ],
        [
          265.81451416015625,
          323.4914245605469
        ],
        [
          268.8262023925781,
          323.73828125
        ],
        [
          269.402099609375,
          183.0906524658203
        ],
        [
          258.7757263183594,
          333.4915466308594
        ],
        [
          260.62371826171875,
          332.0608825683594
        ],
        [
          275.34527587890625,
          157.006103515625
        ],
        [
          274.2145690917969,
          170.36378479003906
        ],
        [
          273.1042175292969,
          166.97080993652344
        ],
        [
          271.4864807128906,
          149.09962463378906
        ],
        [
          269.85089111328125,
          167.21409606933594
        ],
        [
          274.6264343261719,
          167.24221801757812
        ],
        [
          265.11712646484375,
          199.07437133789062
        ],
        [
          268.2322082519531,
          198.83111572265625
        ],
        [
          266.627197265625,
          228.44329833984375
        ],
        [
          271.7002258300781,
          231.4286346435547
        ],
        [
          267.1721496582031,
          237.91448974609375
        ],
        [
          272.5251770019531,
          242.26011657714844
        ]
      ],
      "gt_joints_pelvis_aligned": [
        [
          -0.0036111476365476847,
          -0.08678707480430603,
          -3.1637027859687805e-05
        ],
        [
          0.06759434938430786,
          -0.001719355583190918,
          -0.008874913677573204
        ],
        [
          -0.06759434938430786,
          0.001719355583190918,
          0.008874913677573204
        ],
        [
          -0.004558193497359753,
          -0.18541108071804047,
          0.02892562560737133
        ],
        [
          0.09792084991931915,
          0.35535815358161926,
          0.04628090560436249
        ],
        [
          -0.08593350648880005,
          0.36894434690475464,
          0.04462173581123352
        ],
        [
          0.001599480165168643,
          -0.30807656049728394,
          0.035454995930194855
        ],
        [
          0.10868272185325623,
          0.7273605465888977,
          0.1374712437391281
        ],
        [
          -0.04839390516281128,
          0.7321310639381409,
          0.16004382073879242
        ],
        [
          0.0033162222243845463,
          -0.35380280017852783,
          0.006410596892237663
        ],
        [
          0.12648223340511322,
          0.7934860587120056,
          0.03023056499660015
        ],
        [
          -0.08826158940792084,
          0.8026946783065796,
          0.06199394166469574
        ],
        [
          0.02125806361436844,
          -0.5578407645225525,
          0.03526371717453003
        ],
        [
          0.09223869442939758,
          -0.4648485779762268,
          0.01845553331077099
        ],
        [
          -0.061730191111564636,
          -0.47572946548461914,
          0.043397948145866394
        ],
        [
          0.024546565487980843,
          -0.6138172745704651,
          -0.014028182253241539
        ],
        [
          0.1824270635843277,
          -0.47128552198410034,
          -0.010015763342380524
        ],
        [
          -0.15804195404052734,
          -0.49224841594696045,
          0.03263654559850693
        ],
        [
          0.21362629532814026,
          -0.21883849799633026,
          0.0075063277035951614
        ],
        [
          -0.1608763039112091,
          -0.24838407337665558,
          0.07713583111763
        ],
        [
          0.23695257306098938,
          0.01922440528869629,
          0.031682729721069336
        ],
        [
          -0.15350374579429626,
          -0.006025791168212891,
          0.1189085990190506
        ],
        [
          0.2454475313425064,
          0.09814862161874771,
          0.04949137568473816
        ],
        [
          -0.14915776252746582,
          0.07176408916711807,
          0.14102491736412048
        ]
      ],