{
  "records_jsonl": "/home/zhw/lab_users/xyb/home/projects/vggt-human/outputs/debug/hsi_stage2_v4_a1_overfit64_1000_20260718/v4_val_people_epoch_0001.jsonl",
  "num_records": 848,
  "num_active": 679,
  "num_failures": 47,
  "overall": {
    "count": 679,
    "improvement_rate": 0.930780559646539,
    "failure_count": 47,
    "eligibility_coverage": 1.0,
    "base_median_m": 0.3584004044532776,
    "candidate_median_m": 0.036948662251234055,
    "candidate_p90_m": 0.34158937931060984,
    "candidate_to_base_median_ratio": 0.10309324931593603,
    "expected_ray_abs_median_m": 0.3578243851661682,
    "candidate_ray_abs_median_m": 0.3632920980453491,
    "tangent_delta_mean_m": -0.007190454628794499
  },
  "groups": {
    "noise_category": {
      "combined": {
        "count": 350,
        "improvement_rate": 0.9142857142857143,
        "failure_count": 30,
        "eligibility_coverage": 1.0,
        "base_median_m": 0.3584088683128357,
        "candidate_median_m": 0.033353205770254135,
        "candidate_p90_m": 0.2967633605003357,
        "candidate_to_base_median_ratio": 0.0930590973578866,
        "expected_ray_abs_median_m": 0.35783517360687256,
        "candidate_ray_abs_median_m": 0.36387719213962555,
        "tangent_delta_mean_m": -0.004474883935514039
      },
      "ray": {
        "count": 164,
        "improvement_rate": 0.975609756097561,
        "failure_count": 4,
        "eligibility_coverage": 1.0,
        "base_median_m": 1.5705196857452393,
        "candidate_median_m": 0.04772434942424297,
        "candidate_p90_m": 1.4025457859039308,
        "candidate_to_base_median_ratio": 0.03038761618680184,
        "expected_ray_abs_median_m": 1.5705196857452393,
        "candidate_ray_abs_median_m": 1.5247248411178589,
        "tangent_delta_mean_m": 0.0036812788803647152
      },
      "tangent": {
        "count": 165,
        "improvement_rate": 0.9212121212121213,
        "failure_count": 13,
        "eligibility_coverage": 1.0,
        "base_median_m": 0.07999999076128006,
        "candidate_median_m": 0.03773098066449165,
        "candidate_p90_m": 0.06801137924194334,
        "candidate_to_base_median_ratio": 0.47163731277270876,
        "expected_ray_abs_median_m": 0.000611266354098916,
        "candidate_ray_abs_median_m": 0.02308088354766369,
        "tangent_delta_mean_m": -0.023756600314553716
      }
    },
    "base_error_bin": {
      "0.05-0.1m": {
        "count": 165,
        "improvement_rate": 0.9212121212121213,
        "failure_count": 13,
        "eligibility_coverage": 1.0,
        "base_median_m": 0.07999999076128006,
        "candidate_median_m": 0.03773098066449165,
        "candidate_p90_m": 0.06801137924194334,
        "candidate_to_base_median_ratio": 0.47163731277270876,
        "expected_ray_abs_median_m": 0.000611266354098916,
        "candidate_ray_abs_median_m": 0.02308088354766369,
        "tangent_delta_mean_m": -0.023756600314553716
      },
      "0.1-0.25m": {
        "count": 32,
        "improvement_rate": 1.0,
        "failure_count": 0,
        "eligibility_coverage": 1.0,
        "base_median_m": 0.18778181076049805,
        "candidate_median_m": 0.032964715734124184,
        "candidate_p90_m": 0.053476277738809586,
        "candidate_to_base_median_ratio": 0.1755479702779534,
        "expected_ray_abs_median_m": 0.18665048480033875,
        "candidate_ray_abs_median_m": 0.18493308871984482,
        "tangent_delta_mean_m": -0.004471984389965655
      },
      "0.25-0.5m": {
        "count": 230,
        "improvement_rate": 0.9130434782608695,
        "failure_count": 20,
        "eligibility_coverage": 1.0,
        "base_median_m": 0.3403828591108322,
        "candidate_median_m": 0.029698368161916733,
        "candidate_p90_m": 0.2798316359519958,
        "candidate_to_base_median_ratio": 0.08724989336859243,
        "expected_ray_abs_median_m": 0.3398285508155823,
        "candidate_ray_abs_median_m": 0.3284508138895035,
        "tangent_delta_mean_m": -0.004290580696112517
      },
      "0.5-1m": {
        "count": 104,
        "improvement_rate": 0.9038461538461539,
        "failure_count": 10,
        "eligibility_coverage": 1.0,
        "base_median_m": 0.581917405128479,
        "candidate_median_m": 0.042589401826262474,
        "candidate_p90_m": 0.4676713347435001,
        "candidate_to_base_median_ratio": 0.07318805289362215,
        "expected_ray_abs_median_m": 0.5799656212329865,
        "candidate_ray_abs_median_m": 0.5907236337661743,
        "tangent_delta_mean_m": -0.003296381026396161
      },
      ">=1m": {
        "count": 148,
        "improvement_rate": 0.972972972972973,
        "failure_count": 4,
        "eligibility_coverage": 1.0,
        "base_median_m": 1.6964073181152344,
        "candidate_median_m": 0.041460487991571426,
        "candidate_p90_m": 1.4089684605598451,
        "candidate_to_base_median_ratio": 0.02444017279861503,
        "expected_ray_abs_median_m": 1.6964071989059448,
        "candidate_ray_abs_median_m": 1.537109375,
        "tangent_delta_mean_m": 0.0034478449072964873
      }
    },
    "base_depth_bin": {
      "10-20m": {
        "count": 420,
        "improvement_rate": 0.8904761904761904,
        "failure_count": 46,
        "eligibility_coverage": 1.0,
        "base_median_m": 0.3725627362728119,
        "candidate_median_m": 0.04425465129315853,
        "candidate_p90_m": 0.9777598381042488,
        "candidate_to_base_median_ratio": 0.1187844273850102,
        "expected_ray_abs_median_m": 0.37199175357818604,
        "candidate_ray_abs_median_m": 0.37352511286735535,
        "tangent_delta_mean_m": -0.0073952979214875186
      },
      "5-10m": {
        "count": 259,
        "improvement_rate": 0.9961389961389961,
        "failure_count": 1,
        "eligibility_coverage": 1.0,
        "base_median_m": 0.3053187131881714,
        "candidate_median_m": 0.024669310078024864,
        "candidate_p90_m": 0.0739247053861618,
        "candidate_to_base_median_ratio": 0.08079855250412014,
        "expected_ray_abs_median_m": 0.3046216666698456,
        "candidate_ray_abs_median_m": 0.31600087881088257,
        "tangent_delta_mean_m": -0.0068582763163193275
      }
    },
    "ray_target": {
      "near_zero": {
        "count": 165,
        "improvement_rate": 0.9212121212121213,
        "failure_count": 13,
        "eligibility_coverage": 1.0,
        "base_median_m": 0.07999999076128006,
        "candidate_median_m": 0.03773098066449165,
        "candidate_p90_m": 0.06801137924194334,
        "candidate_to_base_median_ratio": 0.47163731277270876,
        "expected_ray_abs_median_m": 0.000611266354098916,
        "candidate_ray_abs_median_m": 0.02308088354766369,
        "tangent_delta_mean_m": -0.023756600314553716
      },
      "negative": {
        "count": 254,
        "improvement_rate": 0.9448818897637795,
        "failure_count": 14,
        "eligibility_coverage": 1.0,
        "base_median_m": 0.4803760051727295,
        "candidate_median_m": 0.0600403118878603,
        "candidate_p90_m": 0.2839548349380494,
        "candidate_to_base_median_ratio": 0.12498607599326597,
        "expected_ray_abs_median_m": 0.47801002860069275,
        "candidate_ray_abs_median_m": 0.49791771173477173,
        "tangent_delta_mean_m": -0.0022370493131693456
      },
      "positive": {
        "count": 260,
        "improvement_rate": 0.9230769230769231,
        "failure_count": 20,
        "eligibility_coverage": 1.0,
        "base_median_m": 0.4991429001092911,
        "candidate_median_m": 0.023929480463266373,
        "candidate_p90_m": 1.1803311467170714,
        "candidate_to_base_median_ratio": 0.04794114162102042,
        "expected_ray_abs_median_m": 0.4986985921859741,
        "candidate_ray_abs_median_m": 0.4562951475381851,
        "tangent_delta_mean_m": -0.0015164196750195643
      }
    }
  }
}