{
  "dataset_index": 24141,
  "image_size": 518,
  "matches": [
    {
      "frame_idx": 0,
      "query_idx": 0,
      "gt_idx": 0,
      "person_id": 0,
      "mpjpe_mm": 342.22491455078125,
      "pa_mpjpe_mm": 337.3301086425781,
      "transl_l2_mm": 1392.1600341796875,
      "transl_xy_l2_mm": 235.93373107910156,
      "transl_z_abs_mm": 1372.0220947265625,
      "cam_mpjpe_no_align_mm": 1453.0052490234375,
      "gt_transl_cam": [
        -0.2436431646347046,
        0.2637009024620056,
        5.465277194976807
      ],
      "pred_transl_cam": [
        -0.15964742004871368,
        0.04322541132569313,
        4.093255043029785
      ],
      "gt_box_xyxy": [
        164.8201446533203,
        144.09205627441406,
        303.44158935546875,
        383.75762939453125
      ],
      "pred_box_xyxy": [
        163.47128295898438,
        141.01382446289062,
        302.8852233886719,
        382.9356384277344
      ],
      "gt_joints_2d": [
        [
          235.29507446289062,
          268.4223937988281
        ],
        [
          239.15821838378906,
          286.7420654296875
        ],
        [
          228.69189453125,
          279.815673828125
        ],
        [
          238.58340454101562,
          250.99826049804688
        ],
        [
          262.4752197265625,
          337.5059814453125
        ],
        [
          191.1373291015625,
          277.7740173339844
        ],
        [
          240.27525329589844,
          229.77572631835938
        ],
        [
          287.9239501953125,
          374.48114013671875
        ],
        [
          177.58563232421875,
          337.7000427246094
        ],
        [
          238.06832885742188,
          224.22567749023438
        ],
        [
          292.3192443847656,
          390.8492736816406
        ],
        [
          164.96324157714844,
          341.16229248046875
        ],
        [
          230.76980590820312,
          190.6265106201172
        ],
        [
          240.52560424804688,
          202.16311645507812
        ],
        [
          228.14019775390625,
          206.83322143554688
        ],
        [
          223.99598693847656,
          185.6597137451172
        ],
        [
          249.02330017089844,
          197.30865478515625
        ],
        [
          220.771240234375,
          196.40908813476562
        ],
        [
          273.4961242675781,
          207.73699951171875
        ],
        [
          215.4444580078125,
          179.48793029785156
        ],
        [
          296.4853210449219,
          209.89035034179688
        ],
        [
          198.376708984375,
          157.43896484375
        ],
        [
          302.5586853027344,
          207.87750244140625
        ],
        [
          191.39212036132812,
          153.8836669921875
        ]
      ],
      "pred_joints_2d": [
        [
          238.181640625,
          221.29647827148438
        ],
        [
          243.77072143554688,
          240.98777770996094
        ],
        [
          236.3956298828125,
          240.9416961669922
        ],
        [
          239.40744018554688,
          197.68313598632812
        ],
        [
          245.9824981689453,
          324.99542236328125
        ],
        [
          228.19097900390625,
          323.0675048828125
        ],
        [
          234.96945190429688,
          170.68991088867188
        ],
        [
          260.3941345214844,
          393.6832580566406
        ],
        [
          244.47378540039062,
          401.5362854003906
        ],
        [
          229.90969848632812,
          162.47059631347656
        ],
        [
          253.66580200195312,
          416.3656005859375
        ],
        [
          231.63397216796875,
          417.90484619140625
        ],
        [
          229.52682495117188,
          113.81845092773438
        ],
        [
          234.0823974609375,
          133.76809692382812
        ],
        [
          227.96017456054688,
          135.4244842529297
        ],
        [
          221.71542358398438,
          103.91116333007812
        ],
        [
          245.36672973632812,
          125.6326904296875
        ],
        [
          218.53221130371094,
          139.90435791015625
        ],
        [
          259.5205383300781,
          178.70465087890625
        ],
        [
          220.8622283935547,
          193.38250732421875
        ],
        [
          262.2709655761719,
          227.1201171875
        ],
        [
          235.33755493164062,
          241.96844482421875
        ],
        [
          265.4784851074219,
          242.6804962158203
        ],
        [
          240.20445251464844,
          257.97247314453125
        ]
      ],
      "gt_joints_pelvis_aligned": [
        [
          0.015446950681507587,
          -0.08707194030284882,
          -0.01996058225631714
        ],
        [
          0.05593884736299515,
          0.01937294751405716,
          -0.03519294783473015
        ],
        [
          -0.05593884736299515,
          -0.019372954964637756,
          0.03519294783473015
        ],
        [
          0.04932268708944321,
          -0.18876411020755768,
          -0.017180202528834343
        ],
        [
          0.29642897844314575,
          0.3172156810760498,
          -0.005698513239622116
        ],
        [
          -0.4361129701137543,
          -0.03325270116329193,
          -0.057391706854104996
        ],
        [
          0.0683852806687355,
          -0.31127578020095825,
          -0.06171080470085144
        ],
        [
          0.569945216178894,
          0.5556992292404175,
          0.17499478161334991
        ],
        [
          -0.5923678874969482,
          0.3233940601348877,
          0.05460016056895256
        ],
        [
          0.047381676733493805,
          -0.3418846130371094,
          -0.10308657586574554
        ],
        [
          0.6113102436065674,
          0.6419280767440796,
          0.08457830548286438
        ],
        [
          -0.7210073471069336,
          0.3421064019203186,
          0.03439674898982048
        ],
        [
          -0.023624157533049583,
          -0.530482828617096,
          -0.16477087140083313
        ],
        [
          0.0747888907790184,
          -0.464504599571228,
          -0.17202946543693542
        ],
        [
          -0.054244257509708405,
          -0.44238412380218506,
          -0.09312434494495392
        ],
        [
          -0.09029356390237808,
          -0.5569400191307068,
          -0.18734334409236908
        ],
        [
          0.16058364510536194,
          -0.49061769247055054,
          -0.19380754232406616
        ],
        [
          -0.12967278063297272,
          -0.502665638923645,
          -0.08909530937671661
        ],
        [
          0.40726009011268616,
          -0.43523746728897095,
          -0.12879575788974762
        ],
        [
          -0.20163573324680328,
          -0.6183043718338013,
          0.12567539513111115
        ],
        [
          0.644966185092926,
          -0.4265003800392151,
          -0.06023138388991356
        ],
        [
          -0.3928351104259491,
          -0.75995934009552,
          0.21451102197170258
        ],
        [
          0.7110888957977295,
          -0.4406895637512207,
          -0.013653922826051712
        ],
        [
          -0.4699234664440155,
          -0.7831922173500061,
          0.22885216772556305
        ]
      ],