{
  "dataset_index": 24139,
  "image_size": 518,
  "matches": [
    {
      "frame_idx": 0,
      "query_idx": 0,
      "gt_idx": 0,
      "person_id": 0,
      "mpjpe_mm": 352.0141906738281,
      "pa_mpjpe_mm": 341.7586669921875,
      "transl_l2_mm": 1374.6695556640625,
      "transl_xy_l2_mm": 209.69357299804688,
      "transl_z_abs_mm": 1358.58203125,
      "cam_mpjpe_no_align_mm": 1430.6142578125,
      "gt_transl_cam": [
        -0.15974962711334229,
        0.22938348352909088,
        5.446733474731445
      ],
      "pred_transl_cam": [
        -0.11187434941530228,
        0.02522827684879303,
        4.088151454925537
      ],
      "gt_box_xyxy": [
        176.74752807617188,
        134.3451690673828,
        308.0769958496094,
        385.0457458496094
      ],
      "pred_box_xyxy": [
        175.3790283203125,
        131.70315551757812,
        307.56695556640625,
        384.3329162597656
      ],
      "gt_joints_2d": [
        [
          243.36019897460938,
          262.5530090332031
        ],
        [
          246.82598876953125,
          281.1434631347656
        ],
        [
          236.50167846679688,
          273.69537353515625
        ],
        [
          247.03921508789062,
          245.31874084472656
        ],
        [
          267.3905334472656,
          335.97247314453125
        ],
        [
          198.70919799804688,
          277.0193786621094
        ],
        [
          249.662841796875,
          224.28836059570312
        ],
        [
          291.6275634765625,
          371.9196472167969
        ],
        [
          179.46719360351562,
          332.343017578125
        ],
        [
          247.77496337890625,
          218.52371215820312
        ],
        [
          294.48675537109375,
          389.86907958984375
        ],
        [
          166.7355499267578,
          331.9769592285156
        ],
        [
          242.05674743652344,
          184.07754516601562
        ],
        [
          251.33351135253906,
          197.0303192138672
        ],
        [
          238.58035278320312,
          199.68560791015625
        ],
        [
          235.4193878173828,
          178.68978881835938
        ],
        [
          259.9033203125,
          192.39634704589844
        ],
        [
          231.6006317138672,
          188.21420288085938
        ],
        [
          284.7688293457031,
          203.33421325683594
        ],
        [
          225.14634704589844,
          173.7032928466797
        ],
        [
          308.631591796875,
          204.33425903320312
        ],
        [
          207.68048095703125,
          152.2498321533203
        ],
        [
          315.27288818359375,
          202.49905395507812
        ],
        [
          200.72177124023438,
          148.6935272216797
        ]
      ],
      "pred_joints_2d": [
        [
          244.3250274658203,
          216.84622192382812
        ],
        [
          250.10171508789062,
          236.78024291992188
        ],
        [
          242.62088012695312,
          236.3216552734375
        ],
        [
          245.41763305664062,
          192.95558166503906
        ],
        [
          253.689697265625,
          320.78955078125
        ],
        [
          237.78257751464844,
          319.27362060546875
        ],
        [
          241.31414794921875,
          165.32452392578125
        ],
        [
          267.22021484375,
          391.68255615234375
        ],
        [
          254.11300659179688,
          397.53302001953125
        ],
        [
          236.42408752441406,
          156.54617309570312
        ],
        [
          260.6145324707031,
          414.2850341796875
        ],
        [
          241.32171630859375,
          414.2747802734375
        ],
        [
          236.35818481445312,
          107.76649475097656
        ],
        [
          240.9378662109375,
          127.20231628417969
        ],
        [
          234.53042602539062,
          130.04452514648438
        ],
        [
          228.7360076904297,
          97.17628479003906
        ],
        [
          252.5648651123047,
          119.99595642089844
        ],
        [
          224.19656372070312,
          132.91064453125
        ],
        [
          265.25421142578125,
          174.48585510253906
        ],
        [
          225.18702697753906,
          186.95965576171875
        ],
        [
          265.7083435058594,
          225.1018524169922
        ],
        [
          237.81964111328125,
          237.2507781982422
        ],
        [
          268.0286560058594,
          241.66920471191406
        ],
        [
          242.1403350830078,
          253.8671417236328
        ]
      ],
      "gt_joints_pelvis_aligned": [
        [
          0.018448539078235626,
          -0.086681067943573,
          -0.019094623625278473
        ],
        [
          0.05454128980636597,
          0.021018795669078827,
          -0.036420706659555435
        ],
        [
          -0.05454128980636597,
          -0.021018803119659424,
          0.036420706659555435
        ],
        [
          0.056261442601680756,
          -0.1869531273841858,
          -0.0155877023935318
        ],
        [
          0.2660277485847473,
          0.3406854569911957,
          -0.014004722237586975
        ],
        [
          -0.4406905770301819,
          -0.002680942416191101,
          -0.025622893124818802
        ],
        [
          0.084088034927845,
          -0.3076750338077545,
          -0.060391493141651154
        ],
        [
          0.5283227562904358,
          0.5742194652557373,
          0.18847720324993134
        ],
        [
          -0.653840184211731,
          0.32657068967819214,
          0.07594193518161774
        ],
        [
          0.06567732989788055,
          -0.3391396105289459,
          -0.10235617309808731
        ],
        [
          0.5531337857246399,
          0.6705777645111084,
          0.10233134031295776
        ],
        [
          -0.7840535640716553,
          0.3229791522026062,
          0.057556528598070145
        ],
        [
          0.009806109592318535,
          -0.5310930013656616,
          -0.16905277967453003
        ],
        [
          0.10280648618936539,
          -0.457499235868454,
          -0.17413625121116638
        ],
        [
          -0.027846934273838997,
          -0.44745656847953796,
          -0.09543611109256744
        ],
        [
          -0.055627889931201935,
          -0.5595393180847168,
          -0.192791149020195
        ],
        [
          0.18852919340133667,
          -0.48199567198753357,
          -0.1979786902666092
        ],
        [
          -0.09869437664747238,
          -0.5131808519363403,
          -0.09615147113800049
        ],
        [
          0.4385278522968292,
          -0.42323800921440125,
          -0.1511709988117218
        ],
        [
          -0.17815826833248138,
          -0.6161855459213257,
          0.1223730742931366
        ],
        [
          0.682354211807251,
          -0.42004141211509705,
          -0.10850793123245239
        ],
        [
          -0.37138310074806213,
          -0.7543683052062988,
          0.21228846907615662
        ],
        [
          0.7537208199501038,
          -0.4328536093235016,
          -0.06996355950832367
        ],
        [
          -0.4479142725467682,
          -0.777878999710083,
          0.22897019982337952
        ]
      ],