{
  "dataset_index": 24002,
  "image_size": 518,
  "matches": [
    {
      "frame_idx": 0,
      "query_idx": 0,
      "gt_idx": 0,
      "person_id": 0,
      "mpjpe_mm": 331.06011962890625,
      "pa_mpjpe_mm": 341.2918701171875,
      "transl_l2_mm": 1636.1107177734375,
      "transl_xy_l2_mm": 354.24725341796875,
      "transl_z_abs_mm": 1597.2998046875,
      "cam_mpjpe_no_align_mm": 1693.06640625,
      "gt_transl_cam": [
        -0.5635813474655151,
        0.37690508365631104,
        5.247044563293457
      ],
      "pred_transl_cam": [
        -0.306220144033432,
        0.13347885012626648,
        3.649744749069214
      ],
      "gt_box_xyxy": [
        129.62063598632812,
        139.8054656982422,
        272.3414306640625,
        416.16009521484375
      ],
      "pred_box_xyxy": [
        128.50819396972656,
        136.31016540527344,
        271.9544982910156,
        413.7963562011719
      ],
      "gt_joints_2d": [
        [
          202.07363891601562,
          289.0166015625
        ],
        [
          207.04798889160156,
          306.82916259765625
        ],
        [
          196.92864990234375,
          303.05419921875
        ],
        [
          204.28408813476562,
          270.31268310546875
        ],
        [
          231.56492614746094,
          360.42901611328125
        ],
        [
          157.26791381835938,
          298.58837890625
        ],
        [
          203.50489807128906,
          247.27784729003906
        ],
        [
          259.2738037109375,
          410.99456787109375
        ],
        [
          150.29185485839844,
          362.175537109375
        ],
        [
          201.26345825195312,
          240.2854766845703
        ],
        [
          258.8811340332031,
          426.56829833984375
        ],
        [
          137.4189453125,
          367.913818359375
        ],
        [
          198.51966857910156,
          202.5584716796875
        ],
        [
          206.64041137695312,
          217.70419311523438
        ],
        [
          193.8026885986328,
          219.2764892578125
        ],
        [
          193.58226013183594,
          192.98980712890625
        ],
        [
          215.17147827148438,
          212.95205688476562
        ],
        [
          186.2032928466797,
          210.73822021484375
        ],
        [
          240.57440185546875,
          228.22998046875
        ],
        [
          170.9899444580078,
          192.23585510253906
        ],
        [
          264.9519348144531,
          233.57711791992188
        ],
        [
          154.04412841796875,
          171.15115356445312
        ],
        [
          271.5395202636719,
          233.5977783203125
        ],
        [
          147.48202514648438,
          166.26589965820312
        ]
      ],
      "pred_joints_2d": [
        [
          214.471435546875,
          239.02999877929688
        ],
        [
          220.86953735351562,
          261.7158508300781
        ],
        [
          212.49205017089844,
          260.6708679199219
        ],
        [
          215.87677001953125,
          212.06130981445312
        ],
        [
          225.35385131835938,
          355.80810546875
        ],
        [
          208.870361328125,
          353.7362060546875
        ],
        [
          212.1778106689453,
          180.14151000976562
        ],
        [
          240.19967651367188,
          435.0885925292969
        ],
        [
          227.07901000976562,
          440.382568359375
        ],
        [
          206.901611328125,
          169.44436645507812
        ],
        [
          232.10179138183594,
          461.05810546875
        ],
        [
          212.83660888671875,
          460.0616455078125
        ],
        [
          208.15184020996094,
          115.00045776367188
        ],
        [
          212.39697265625,
          136.61456298828125
        ],
        [
          205.86294555664062,
          140.14096069335938
        ],
        [
          199.7735137939453,
          101.92491149902344
        ],
        [
          225.89419555664062,
          130.39083862304688
        ],
        [
          194.09075927734375,
          142.0854949951172
        ],
        [
          238.53785705566406,
          193.91064453125
        ],
        [
          193.82119750976562,
          203.61087036132812
        ],
        [
          234.6206512451172,
          249.86192321777344
        ],
        [
          206.64112854003906,
          260.8635559082031
        ],
        [
          235.79173278808594,
          268.518798828125
        ],
        [
          210.94985961914062,
          280.0216064453125
        ]
      ],
      "gt_joints_pelvis_aligned": [
        [
          0.002576059428974986,
          -0.0897555723786354,
          -0.012484144419431686
        ],
        [
          0.05472031980752945,
          0.008602641522884369,
          -0.04092298820614815
        ],
        [
          -0.05472031980752945,
          -0.008602641522884369,
          0.04092298448085785
        ],
        [
          0.023465724661946297,
          -0.19443172216415405,
          -0.002329595386981964
        ],
        [
          0.29747316241264343,
          0.30569636821746826,
          -0.05582587793469429
        ],
        [
          -0.4394303262233734,
          -0.0367019847035408,
          -0.026200465857982635
        ],
        [
          0.018469104543328285,
          -0.32341641187667847,
          -0.02866286411881447
        ],
        [
          0.5702189803123474,
          0.5977211594581604,
          0.012488719075918198
        ],
        [
          -0.5358749032020569,
          0.3333316445350647,
          0.10769584774971008
        ],
        [
          0.00019072741270065308,
          -0.3617613911628723,
          -0.06451770663261414
        ],
        [
          0.5663289427757263,
          0.6652930974960327,
          -0.10038511455059052
        ],
        [
          -0.6625807285308838,
          0.3642175495624542,
          0.09042921662330627
        ],
        [
          -0.023763682693243027,
          -0.569476306438446,
          -0.09091413021087646
        ],
        [
          0.05749316141009331,
          -0.4850449562072754,
          -0.10987767577171326
        ],
        [
          -0.07654125243425369,
          -0.47949135303497314,
          -0.03660546615719795
        ],
        [
          -0.06781601160764694,
          -0.6198902726173401,
          -0.12515044212341309
        ],
        [
          0.1426764726638794,
          -0.5099403858184814,
          -0.13519442081451416
        ],
        [
          -0.1553167998790741,
          -0.5285001397132874,
          -0.009548047557473183
        ],
        [
          0.3876205384731293,
          -0.42753392457962036,
          -0.09839358180761337
        ],
        [
          -0.3303926885128021,
          -0.642515242099762,
          0.1354568749666214
        ],
        [
          0.6262592673301697,
          -0.3996734619140625,
          -0.038753293454647064
        ],
        [
          -0.5232263803482056,
          -0.7733969688415527,
          0.2364528477191925
        ],
        [
          0.6924523115158081,
          -0.40086978673934937,
          0.009827066212892532
        ],
        [
          -0.5959120392799377,
          -0.8041702508926392,
          0.25785040855407715
        ]
      ],