{
  "dataset_index": 24148,
  "image_size": 518,
  "matches": [
    {
      "frame_idx": 0,
      "query_idx": 0,
      "gt_idx": 0,
      "person_id": 0,
      "mpjpe_mm": 368.6771240234375,
      "pa_mpjpe_mm": 337.4101867675781,
      "transl_l2_mm": 1736.5980224609375,
      "transl_xy_l2_mm": 365.7948303222656,
      "transl_z_abs_mm": 1697.6356201171875,
      "cam_mpjpe_no_align_mm": 1800.784912109375,
      "gt_transl_cam": [
        -0.5593774318695068,
        0.34072113037109375,
        5.489043235778809
      ],
      "pred_transl_cam": [
        -0.2859444320201874,
        0.09773910045623779,
        3.791407585144043
      ],
      "gt_box_xyxy": [
        93.3563461303711,
        157.41456604003906,
        310.95751953125,
        391.6112365722656
      ],
      "pred_box_xyxy": [
        92.54512786865234,
        153.62606811523438,
        309.8528137207031,
        389.8566589355469
      ],
      "gt_joints_2d": [
        [
          204.97695922851562,
          281.5247497558594
        ],
        [
          213.31765747070312,
          294.1126708984375
        ],
        [
          202.5416717529297,
          297.1324462890625
        ],
        [
          203.0679473876953,
          263.5501403808594
        ],
        [
          244.5492401123047,
          328.9228515625
        ],
        [
          165.7869110107422,
          300.1378173828125
        ],
        [
          196.71131896972656,
          244.86611938476562
        ],
        [
          276.3593444824219,
          356.0242004394531
        ],
        [
          167.4940185546875,
          365.09698486328125
        ],
        [
          193.45364379882812,
          240.4718475341797
        ],
        [
          283.06378173828125,
          367.85296630859375
        ],
        [
          156.41165161132812,
          377.0367126464844
        ],
        [
          183.6510009765625,
          208.44451904296875
        ],
        [
          194.22976684570312,
          217.1797637939453
        ],
        [
          182.2127685546875,
          226.0960693359375
        ],
        [
          178.24440002441406,
          203.61651611328125
        ],
        [
          200.85159301757812,
          207.29367065429688
        ],
        [
          173.0840606689453,
          223.23382568359375
        ],
        [
          226.53665161132812,
          206.85140991210938
        ],
        [
          150.76141357421875,
          217.69473266601562
        ],
        [
          249.50563049316406,
          196.4475860595703
        ],
        [
          128.3296661376953,
          205.45741271972656
        ],
        [
          255.39569091796875,
          191.40872192382812
        ],
        [
          121.1617431640625,
          202.92294311523438
        ]
      ],
      "pred_joints_2d": [
        [
          218.93154907226562,
          231.38694763183594
        ],
        [
          223.18630981445312,
          250.41232299804688
        ],
        [
          220.0213623046875,
          254.27964782714844
        ],
        [
          219.88607788085938,
          206.10897827148438
        ],
        [
          221.38023376464844,
          342.45611572265625
        ],
        [
          205.8604736328125,
          341.0597229003906
        ],
        [
          211.52272033691406,
          179.09439086914062
        ],
        [
          247.6520538330078,
          411.95068359375
        ],
        [
          232.0913848876953,
          420.2998046875
        ],
        [
          204.8051300048828,
          172.19161987304688
        ],
        [
          238.2271728515625,
          437.6793212890625
        ],
        [
          218.23028564453125,
          439.55279541015625
        ],
        [
          202.25546264648438,
          119.98197937011719
        ],
        [
          204.8024444580078,
          141.40676879882812
        ],
        [
          204.65008544921875,
          142.81076049804688
        ],
        [
          192.37242126464844,
          111.04974365234375
        ],
        [
          215.77487182617188,
          129.50665283203125
        ],
        [
          196.53526306152344,
          153.24319458007812
        ],
        [
          238.18812561035156,
          180.03170776367188
        ],
        [
          204.19786071777344,
          209.06146240234375
        ],
        [
          231.86326599121094,
          224.55923461914062
        ],
        [
          222.76441955566406,
          256.4538269042969
        ],
        [
          231.61656188964844,
          237.5282745361328
        ],
        [
          228.2857666015625,
          272.7390441894531
        ]
      ],
      "gt_joints_pelvis_aligned": [
        [
          -0.028272340074181557,
          -0.08349326252937317,
          -0.021168600767850876
        ],
        [
          0.0593496635556221,
          -0.010182887315750122,
          -0.03342059254646301
        ],
        [
          -0.0593496635556221,
          0.010182872414588928,
          0.03342059254646301
        ],
        [
          -0.048270776867866516,
          -0.18881934881210327,
          -0.01941576600074768
        ],
        [
          0.38193485140800476,
          0.19567880034446716,
          -0.0021874718368053436
        ],
        [
          -0.4165351092815399,
          0.020974472165107727,
          -0.12657640874385834
        ],
        [
          -0.1093376874923706,
          -0.29771438241004944,
          -0.06146540120244026
        ],
        [
          0.7179691791534424,
          0.36999720335006714,
          0.14282867312431335
        ],
        [
          -0.4198407232761383,
          0.4079117774963379,
          -0.006479218602180481
        ],
        [
          -0.1378713846206665,
          -0.32247447967529297,
          -0.10224251449108124
        ],
        [
          0.7852914333343506,
          0.430310994386673,
          0.04716484248638153
        ],
        [
          -0.5293954610824585,
          0.474314421415329,
          -0.03639419376850128
        ],
        [
          -0.2309570014476776,
          -0.5046883225440979,
          -0.15273289382457733
        ],
        [
          -0.12339318543672562,
          -0.45457887649536133,
          -0.1558966040611267
        ],
        [
          -0.2540978193283081,
          -0.4057883024215698,
          -0.09344129264354706
        ],
        [
          -0.27757182717323303,
          -0.5291458368301392,
          -0.20642831921577454
        ],
        [
          -0.05364327132701874,
          -0.5097417831420898,
          -0.18057291209697723
        ],
        [
          -0.34891220927238464,
          -0.4226493835449219,
          -0.08534883707761765
        ],
        [
          0.2020389437675476,
          -0.5151594877243042,
          -0.12822788953781128
        ],
        [
          -0.5916288495063782,
          -0.4576888680458069,
          -0.017981842160224915
        ],
        [
          0.43481728434562683,
          -0.5786262154579163,
          -0.07283993065357208
        ],
        [
          -0.8325583338737488,
          -0.5312881469726562,
          0.014440242201089859
        ],
        [
          0.4950701892375946,
          -0.6111350655555725,
          -0.02749934419989586
        ],
        [
          -0.9113538861274719,
          -0.547136664390564,
          0.029544256627559662
        ]
      ],