{
  "dataset_index": 24146,
  "image_size": 518,
  "matches": [
    {
      "frame_idx": 0,
      "query_idx": 0,
      "gt_idx": 0,
      "person_id": 0,
      "mpjpe_mm": 364.7923583984375,
      "pa_mpjpe_mm": 335.25701904296875,
      "transl_l2_mm": 1709.6375732421875,
      "transl_xy_l2_mm": 355.338623046875,
      "transl_z_abs_mm": 1672.30224609375,
      "cam_mpjpe_no_align_mm": 1777.159423828125,
      "gt_transl_cam": [
        -0.5687830448150635,
        0.33884763717651367,
        5.4796013832092285
      ],
      "pred_transl_cam": [
        -0.3002326488494873,
        0.10615424066781998,
        3.8072991371154785
      ],
      "gt_box_xyxy": [
        92.56217193603516,
        158.7349853515625,
        310.1766357421875,
        392.9441223144531
      ],
      "pred_box_xyxy": [
        91.77190399169922,
        154.94265747070312,
        309.08074951171875,
        391.1529846191406
      ],
      "gt_joints_2d": [
        [
          203.97653198242188,
          281.2431335449219
        ],
        [
          212.2109375,
          294.1689758300781
        ],
        [
          201.21084594726562,
          296.7859802246094
        ],
        [
          202.28720092773438,
          263.16644287109375
        ],
        [
          243.72503662109375,
          328.135986328125
        ],
        [
          164.30209350585938,
          300.69036865234375
        ],
        [
          196.4717559814453,
          244.1210479736328
        ],
        [
          275.6889343261719,
          354.2060546875
        ],
        [
          166.87246704101562,
          365.4860534667969
        ],
        [
          193.23867797851562,
          239.90072631835938
        ],
        [
          282.1800231933594,
          366.41839599609375
        ],
        [
          155.89068603515625,
          377.7441101074219
        ],
        [
          182.9297637939453,
          208.3494873046875
        ],
        [
          193.67254638671875,
          216.68734741210938
        ],
        [
          181.75216674804688,
          225.923583984375
        ],
        [
          177.10540771484375,
          204.35272216796875
        ],
        [
          200.3870849609375,
          206.60552978515625
        ],
        [
          172.54730224609375,
          222.82382202148438
        ],
        [
          225.9127197265625,
          206.5889434814453
        ],
        [
          151.50302124023438,
          214.38906860351562
        ],
        [
          248.56585693359375,
          197.58349609375
        ],
        [
          130.6935272216797,
          201.51126098632812
        ],
        [
          254.2455291748047,
          192.77523803710938
        ],
        [
          123.6351318359375,
          199.6171875
        ]
      ],
      "pred_joints_2d": [
        [
          217.12335205078125,
          233.758544921875
        ],
        [
          221.78147888183594,
          252.65792846679688
        ],
        [
          217.9152069091797,
          256.498291015625
        ],
        [
          217.94821166992188,
          208.676513671875
        ],
        [
          220.22366333007812,
          343.9560241699219
        ],
        [
          203.30935668945312,
          342.5130615234375
        ],
        [
          209.72496032714844,
          181.86383056640625
        ],
        [
          246.55813598632812,
          411.2640686035156
        ],
        [
          228.78221130371094,
          421.48431396484375
        ],
        [
          203.0425262451172,
          175.1563720703125
        ],
        [
          237.7227020263672,
          437.17645263671875
        ],
        [
          215.0863494873047,
          440.718505859375
        ],
        [
          200.5877227783203,
          123.28659057617188
        ],
        [
          203.5105438232422,
          144.52151489257812
        ],
        [
          202.515869140625,
          146.00814819335938
        ],
        [
          190.78549194335938,
          114.6798095703125
        ],
        [
          214.53367614746094,
          132.5052032470703
        ],
        [
          195.15756225585938,
          156.66079711914062
        ],
        [
          237.3950653076172,
          181.98788452148438
        ],
        [
          202.98463439941406,
          211.49424743652344
        ],
        [
          232.95338439941406,
          225.95870971679688
        ],
        [
          222.5926971435547,
          257.432861328125
        ],
        [
          233.2724609375,
          238.81411743164062
        ],
        [
          228.4993438720703,
          273.20452880859375
        ]
      ],
      "gt_joints_pelvis_aligned": [
        [
          -0.025873711332678795,
          -0.08415519446134567,
          -0.021610502153635025
        ],
        [
          0.06035555526614189,
          -0.008923448622226715,
          -0.03194664791226387
        ],
        [
          -0.06035555526614189,
          0.008923448622226715,
          0.03194665163755417
        ],
        [
          -0.043544650077819824,
          -0.18989965319633484,
          -0.02004467323422432
        ],
        [
          0.3851739466190338,
          0.1922152042388916,
          0.006158903241157532
        ],
        [
          -0.41840818524360657,
          0.025004424154758453,
          -0.12564992904663086
        ],
        [
          -0.09844970703125,
          -0.3006286025047302,
          -0.06565175950527191
        ],
        [
          0.7227000594139099,
          0.36053329706192017,
          0.15475517511367798
        ],
        [
          -0.41368430852890015,
          0.4108738601207733,
          -0.002210669219493866
        ],
        [
          -0.12651227414608002,
          -0.32427313923835754,
          -0.10740623623132706
        ],
        [
          0.7879452109336853,
          0.4233664274215698,
          0.059273861348629
        ],
        [
          -0.522859513759613,
          0.47957953810691833,
          -0.028031954541802406
        ],
        [
          -0.22383172810077667,
          -0.5030323266983032,
          -0.16208872199058533
        ],
        [
          -0.11511668562889099,
          -0.4554091989994049,
          -0.16409331560134888
        ],
        [
          -0.24467210471630096,
          -0.4050087034702301,
          -0.10053180903196335
        ],
        [
          -0.2746604382991791,
          -0.5228109955787659,
          -0.213853120803833
        ],
        [
          -0.04503839090466499,
          -0.5116980075836182,
          -0.18501019477844238
        ],
        [
          -0.33948200941085815,
          -0.4230724275112152,
          -0.09559810161590576
        ],
        [
          0.20747502148151398,
          -0.5154723525047302,
          -0.11893840879201889
        ],
        [
          -0.5723202228546143,
          -0.4759065806865692,
          -0.00800621509552002
        ],
        [
          0.436572790145874,
          -0.5721035599708557,
          -0.044180676341056824
        ],
        [
          -0.8043736815452576,
          -0.5554540157318115,
          0.05786098539829254
        ],
        [
          0.4947446882724762,
          -0.6035438179969788,
          0.004507619887590408
        ],
        [
          -0.8831669092178345,
          -0.567834734916687,
          0.07592744380235672
        ]
      ],