{
  "dataset_index": 24140,
  "image_size": 518,
  "matches": [
    {
      "frame_idx": 0,
      "query_idx": 0,
      "gt_idx": 0,
      "person_id": 0,
      "mpjpe_mm": 349.7809753417969,
      "pa_mpjpe_mm": 338.9245910644531,
      "transl_l2_mm": 1349.9356689453125,
      "transl_xy_l2_mm": 232.99424743652344,
      "transl_z_abs_mm": 1329.6766357421875,
      "cam_mpjpe_no_align_mm": 1409.1905517578125,
      "gt_transl_cam": [
        -0.21203744411468506,
        0.2457599639892578,
        5.455063819885254
      ],
      "pred_transl_cam": [
        -0.1354076862335205,
        0.025727691128849983,
        4.125387191772461
      ],
      "gt_box_xyxy": [
        170.7247772216797,
        139.40541076660156,
        306.2062072753906,
        382.8675842285156
      ],
      "pred_box_xyxy": [
        169.40240478515625,
        136.57508850097656,
        305.6795654296875,
        382.29034423828125
      ],
      "gt_joints_2d": [
        [
          238.31492614746094,
          265.3594665527344
        ],
        [
          241.75364685058594,
          283.9583740234375
        ],
        [
          231.45265197753906,
          276.3697509765625
        ],
        [
          242.0099639892578,
          248.1603240966797
        ],
        [
          264.085205078125,
          336.2648620605469
        ],
        [
          193.71017456054688,
          277.9466552734375
        ],
        [
          243.99806213378906,
          226.93418884277344
        ],
        [
          289.4080505371094,
          372.1788024902344
        ],
        [
          177.3951416015625,
          335.5984191894531
        ],
        [
          241.86032104492188,
          221.2669219970703
        ],
        [
          292.8966064453125,
          389.6467590332031
        ],
        [
          164.69912719726562,
          337.9101257324219
        ],
        [
          235.00099182128906,
          187.33807373046875
        ],
        [
          244.62710571289062,
          199.28846740722656
        ],
        [
          232.13641357421875,
          203.44459533691406
        ],
        [
          228.25759887695312,
          182.18251037597656
        ],
        [
          253.16378784179688,
          194.6139678955078
        ],
        [
          224.9647216796875,
          192.47018432617188
        ],
        [
          277.8657531738281,
          204.78302001953125
        ],
        [
          219.67176818847656,
          176.12799072265625
        ],
        [
          301.2112731933594,
          206.05221557617188
        ],
        [
          202.25343322753906,
          154.90357971191406
        ],
        [
          307.5751953125,
          204.06927490234375
        ],
        [
          195.232666015625,
          151.44204711914062
        ]
      ],
      "pred_joints_2d": [
        [
          241.44554138183594,
          217.53404235839844
        ],
        [
          247.1267852783203,
          236.97361755371094
        ],
        [
          239.93077087402344,
          237.0567626953125
        ],
        [
          242.4478302001953,
          193.99647521972656
        ],
        [
          250.14431762695312,
          320.35968017578125
        ],
        [
          233.3007354736328,
          319.0087585449219
        ],
        [
          237.7686767578125,
          167.18295288085938
        ],
        [
          264.0570068359375,
          389.63531494140625
        ],
        [
          249.7899169921875,
          397.01776123046875
        ],
        [
          232.68038940429688,
          159.04995727539062
        ],
        [
          257.5421142578125,
          412.02838134765625
        ],
        [
          237.01014709472656,
          413.37835693359375
        ],
        [
          231.78187561035156,
          110.8131103515625
        ],
        [
          236.5594024658203,
          130.00904846191406
        ],
        [
          230.42686462402344,
          132.7237548828125
        ],
        [
          223.98068237304688,
          100.96815490722656
        ],
        [
          247.75503540039062,
          121.83067321777344
        ],
        [
          220.57785034179688,
          136.79290771484375
        ],
        [
          261.88812255859375,
          174.31283569335938
        ],
        [
          222.74330139160156,
          189.75836181640625
        ],
        [
          264.6269226074219,
          223.42559814453125
        ],
        [
          236.2745819091797,
          238.6653289794922
        ],
        [
          267.7852478027344,
          239.1614227294922
        ],
        [
          240.868896484375,
          254.76901245117188
        ]
      ],
      "gt_joints_pelvis_aligned": [
        [
          0.0188247449696064,
          -0.0865166187286377,
          -0.019469399005174637
        ],
        [
          0.054825201630592346,
          0.021372012794017792,
          -0.035783298313617706
        ],
        [
          -0.054825201630592346,
          -0.021372005343437195,
          0.035783298313617706
        ],
        [
          0.05683653801679611,
          -0.18672290444374084,
          -0.01624578982591629
        ],
        [
          0.2847693860530853,
          0.3274804353713989,
          -0.006817154586315155
        ],
        [
          -0.4385630190372467,
          -0.013652950525283813,
          -0.041563957929611206
        ],
        [
          0.0786033347249031,
          -0.30891281366348267,
          -0.060419268906116486
        ],
        [
          0.5574331283569336,
          0.5599358081817627,
          0.1827998161315918
        ],
        [
          -0.6231223344802856,
          0.32974258065223694,
          0.06876317411661148
        ],
        [
          0.05804721266031265,
          -0.34001943469047546,
          -0.10164827108383179
        ],
        [
          0.5891872644424438,
          0.6533281803131104,
          0.09567267447710037
        ],
        [
          -0.7516880631446838,
          0.3412950038909912,
          0.043389447033405304
        ],
        [
          -0.008831819519400597,
          -0.5299146175384521,
          -0.16396275162696838
        ],
        [
          0.088040292263031,
          -0.4616909325122833,
          -0.171192467212677
        ],
        [
          -0.041247107088565826,
          -0.4428395926952362,
          -0.0918559804558754
        ],
        [
          -0.07528085261583328,
          -0.5573493242263794,
          -0.18601202964782715
        ],
        [
          0.17391043901443481,
          -0.48659709095954895,
          -0.19405975937843323
        ],
        [
          -0.11435163766145706,
          -0.5060267448425293,
          -0.09022118151187897
        ],
        [
          0.422652930021286,
          -0.43259546160697937,
          -0.13614830374717712
        ],
        [
          -0.18429343402385712,
          -0.6190708875656128,
          0.1265888512134552
        ],
        [
          0.6630284786224365,
          -0.4286831319332123,
          -0.07710696756839752
        ],
        [
          -0.3783751130104065,
          -0.7559425830841064,
          0.21666386723518372
        ],
        [
          0.7318724393844604,
          -0.44259414076805115,
          -0.03456290811300278
        ],
        [
          -0.45563507080078125,
          -0.7786089181900024,
          0.23098823428153992
        ]
      ],