{
  "dataset_index": 24000,
  "image_size": 518,
  "matches": [
    {
      "frame_idx": 0,
      "query_idx": 0,
      "gt_idx": 0,
      "person_id": 0,
      "mpjpe_mm": 320.3618469238281,
      "pa_mpjpe_mm": 337.6739501953125,
      "transl_l2_mm": 1684.820556640625,
      "transl_xy_l2_mm": 438.14404296875,
      "transl_z_abs_mm": 1626.852783203125,
      "cam_mpjpe_no_align_mm": 1755.0279541015625,
      "gt_transl_cam": [
        -0.7583010196685791,
        0.3166951537132263,
        5.191335678100586
      ],
      "pred_transl_cam": [
        -0.37241560220718384,
        0.10917976498603821,
        3.5644829273223877
      ],
      "gt_box_xyxy": [
        80.76824188232422,
        126.91883087158203,
        284.0259704589844,
        417.8257751464844
      ],
      "pred_box_xyxy": [
        80.0352783203125,
        123.34407043457031,
        283.3782653808594,
        414.8509216308594
      ],
      "gt_joints_2d": [
        [
          181.63421630859375,
          278.4764099121094
        ],
        [
          188.64468383789062,
          294.11358642578125
        ],
        [
          178.2392120361328,
          294.50201416015625
        ],
        [
          181.6323699951172,
          259.2110595703125
        ],
        [
          218.87400817871094,
          338.50384521484375
        ],
        [
          139.72256469726562,
          315.26873779296875
        ],
        [
          178.39410400390625,
          236.36683654785156
        ],
        [
          251.7842254638672,
          375.90435791015625
        ],
        [
          137.29122924804688,
          378.83624267578125
        ],
        [
          175.39004516601562,
          229.97415161132812
        ],
        [
          253.3244171142578,
          391.50701904296875
        ],
        [
          124.94003295898438,
          388.471435546875
        ],
        [
          168.8628692626953,
          193.1240234375
        ],
        [
          178.50306701660156,
          205.77774047851562
        ],
        [
          165.83030700683594,
          211.30653381347656
        ],
        [
          162.97454833984375,
          185.69931030273438
        ],
        [
          186.23333740234375,
          197.22802734375
        ],
        [
          157.41925048828125,
          204.3484344482422
        ],
        [
          213.3751983642578,
          199.61083984375
        ],
        [
          138.77261352539062,
          194.27978515625
        ],
        [
          237.50027465820312,
          190.66815185546875
        ],
        [
          119.52932739257812,
          181.8133544921875
        ],
        [
          243.3148651123047,
          185.448486328125
        ],
        [
          112.32518005371094,
          180.4659423828125
        ]
      ],
      "pred_joints_2d": [
        [
          203.6222686767578,
          231.5709228515625
        ],
        [
          210.09544372558594,
          254.2598419189453
        ],
        [
          202.08108520507812,
          254.67767333984375
        ],
        [
          204.97918701171875,
          203.63504028320312
        ],
        [
          215.3475341796875,
          351.8868408203125
        ],
        [
          196.1454620361328,
          350.625732421875
        ],
        [
          200.54747009277344,
          170.5107421875
        ],
        [
          233.9418182373047,
          434.2191162109375
        ],
        [
          215.29141235351562,
          440.46734619140625
        ],
        [
          194.9669189453125,
          159.41116333007812
        ],
        [
          226.04348754882812,
          462.06072998046875
        ],
        [
          200.30584716796875,
          460.7863464355469
        ],
        [
          195.82290649414062,
          103.67385864257812
        ],
        [
          200.14369201660156,
          124.48919677734375
        ],
        [
          193.93923950195312,
          130.58433532714844
        ],
        [
          187.07110595703125,
          90.26712036132812
        ],
        [
          213.7764892578125,
          115.99143981933594
        ],
        [
          181.96731567382812,
          131.09043884277344
        ],
        [
          232.1999969482422,
          177.11111450195312
        ],
        [
          178.43679809570312,
          195.03451538085938
        ],
        [
          230.57681274414062,
          230.32498168945312
        ],
        [
          191.0579833984375,
          251.090087890625
        ],
        [
          233.09950256347656,
          247.43994140625
        ],
        [
          195.19873046875,
          270.1441650390625
        ]
      ],
      "gt_joints_pelvis_aligned": [
        [
          -0.015428218059241772,
          -0.08828605711460114,
          -0.013641748577356339
        ],
        [
          0.05675432085990906,
          -0.0025402382016181946,
          -0.038929473608732224
        ],
        [
          -0.05675432085990906,
          0.0025402307510375977,
          0.03892947733402252
        ],
        [
          -0.016814077273011208,
          -0.19508714973926544,
          -0.004250306636095047
        ],
        [
          0.3509531319141388,
          0.24367228150367737,
          -0.023367565125226974
        ],
        [
          -0.42880403995513916,
          0.11617795377969742,
          -0.005369372665882111
        ],
        [
          -0.04487862437963486,
          -0.321358323097229,
          -0.029219167307019234
        ],
        [
          0.6719676852226257,
          0.46452265977859497,
          0.0884825810790062
        ],
        [
          -0.48698192834854126,
          0.48819243907928467,
          0.14421415328979492
        ],
        [
          -0.06847436726093292,
          -0.3555529713630676,
          -0.06615118682384491
        ],
        [
          0.6885433197021484,
          0.5374647378921509,
          -0.01980549842119217
        ],
        [
          -0.604971706867218,
          0.539432942867279,
          0.11665930598974228
        ],
        [
          -0.1262134462594986,
          -0.5554324388504028,
          -0.09977371245622635
        ],
        [
          -0.031095830723643303,
          -0.4856846332550049,
          -0.11314623057842255
        ],
        [
          -0.16515633463859558,
          -0.45908820629119873,
          -0.04469703137874603
        ],
        [
          -0.17525412142276764,
          -0.592543363571167,
          -0.1430414468050003
        ],
        [
          0.046376392245292664,
          -0.5307316184043884,
          -0.13518571853637695
        ],
        [
          -0.25106677412986755,
          -0.4985921382904053,
          -0.024737277999520302
        ],
        [
          0.3023490309715271,
          -0.5210017561912537,
          -0.08492559939622879
        ],
        [
          -0.4623076915740967,
          -0.5629677772521973,
          0.1013994887471199
        ],
        [
          0.5330961346626282,
          -0.5750925540924072,
          -0.013430483639240265
        ],
        [
          -0.6818138957023621,
          -0.641851007938385,
          0.20194554328918457
        ],
        [
          0.5886936187744141,
          -0.6079928278923035,
          0.03725973516702652
        ],
        [
          -0.7607628703117371,
          -0.6512287259101868,
          0.22110724449157715
        ]
      ],