{
  "dataset_index": 24136,
  "image_size": 518,
  "matches": [
    {
      "frame_idx": 0,
      "query_idx": 0,
      "gt_idx": 0,
      "person_id": 0,
      "mpjpe_mm": 356.119873046875,
      "pa_mpjpe_mm": 335.6475830078125,
      "transl_l2_mm": 1250.8665771484375,
      "transl_xy_l2_mm": 189.3376007080078,
      "transl_z_abs_mm": 1236.4539794921875,
      "cam_mpjpe_no_align_mm": 1293.9171142578125,
      "gt_transl_cam": [
        0.021292924880981445,
        0.17581835389137268,
        5.389650344848633
      ],
      "pred_transl_cam": [
        -0.016248077154159546,
        -0.009760198183357716,
        4.153196334838867
      ],
      "gt_box_xyxy": [
        197.53485107421875,
        123.09408569335938,
        319.6387939453125,
        386.5137939453125
      ],
      "pred_box_xyxy": [
        196.1610565185547,
        120.79649353027344,
        319.2160339355469,
        385.97711181640625
      ],
      "gt_joints_2d": [
        [
          260.9585266113281,
          253.28216552734375
        ],
        [
          263.4188537597656,
          272.7509460449219
        ],
        [
          253.09805297851562,
          262.40081787109375
        ],
        [
          265.67388916015625,
          236.61935424804688
        ],
        [
          276.2557678222656,
          335.8304138183594
        ],
        [
          216.99026489257812,
          284.08782958984375
        ],
        [
          269.3682556152344,
          216.20315551757812
        ],
        [
          294.48193359375,
          370.06365966796875
        ],
        [
          186.90011596679688,
          322.2743835449219
        ],
        [
          267.8865661621094,
          210.18191528320312
        ],
        [
          296.9480895996094,
          389.95697021484375
        ],
        [
          176.4791717529297,
          310.689453125
        ],
        [
          264.7366638183594,
          174.1134033203125
        ],
        [
          273.12298583984375,
          189.2238006591797
        ],
        [
          260.0164489746094,
          189.17556762695312
        ],
        [
          258.6589660644531,
          167.27548217773438
        ],
        [
          281.6018371582031,
          184.95913696289062
        ],
        [
          252.79318237304688,
          177.89968872070312
        ],
        [
          307.07647705078125,
          198.47100830078125
        ],
        [
          239.53956604003906,
          167.2261962890625
        ],
        [
          332.46343994140625,
          201.2662353515625
        ],
        [
          221.19903564453125,
          148.34225463867188
        ],
        [
          340.2163391113281,
          199.1626739501953
        ],
        [
          214.20912170410156,
          144.92335510253906
        ]
      ],
      "pred_joints_2d": [
        [
          256.710693359375,
          209.25119018554688
        ],
        [
          262.4615783691406,
          229.12554931640625
        ],
        [
          254.93406677246094,
          228.41720581054688
        ],
        [
          257.84271240234375,
          185.4322967529297
        ],
        [
          267.2909851074219,
          312.0810241699219
        ],
        [
          251.2941436767578,
          310.95703125
        ],
        [
          254.56967163085938,
          157.40484619140625
        ],
        [
          279.8597717285156,
          384.43377685546875
        ],
        [
          265.167724609375,
          390.8431701660156
        ],
        [
          250.05984497070312,
          147.98757934570312
        ],
        [
          274.0635681152344,
          407.05377197265625
        ],
        [
          252.089599609375,
          406.6219177246094
        ],
        [
          250.86932373046875,
          100.04183959960938
        ],
        [
          255.2476348876953,
          118.40704345703125
        ],
        [
          248.51280212402344,
          122.81291198730469
        ],
        [
          243.68296813964844,
          88.67648315429688
        ],
        [
          266.779541015625,
          112.43031311035156
        ],
        [
          237.10421752929688,
          123.02494812011719
        ],
        [
          276.8641662597656,
          168.18893432617188
        ],
        [
          237.12298583984375,
          178.15078735351562
        ],
        [
          275.55841064453125,
          218.0577392578125
        ],
        [
          246.14059448242188,
          228.8413848876953
        ],
        [
          277.3281555175781,
          234.5543975830078
        ],
        [
          249.4343719482422,
          245.9631805419922
        ]
      ],
      "gt_joints_pelvis_aligned": [
        [
          0.02787264622747898,
          -0.08230951428413391,
          -0.025822851806879044
        ],
        [
          0.052891191095113754,
          0.029624417424201965,
          -0.03267914429306984
        ],
        [
          -0.052891191095113754,
          -0.02962440252304077,
          0.03267914056777954
        ],
        [
          0.07588329911231995,
          -0.1781051754951477,
          -0.029665984213352203
        ],
        [
          0.18224671483039856,
          0.38885927200317383,
          -0.07309278845787048
        ],
        [
          -0.42299485206604004,
          0.09588837623596191,
          0.00887133926153183
        ],
        [
          0.1124783456325531,
          -0.29310497641563416,
          -0.0824989378452301
        ],
        [
          0.3843066692352295,
          0.615808367729187,
          0.19523844122886658
        ],
        [
          -0.7445170283317566,
          0.32342439889907837,
          0.1037694588303566
        ],
        [
          0.09682217240333557,
          -0.3251810669898987,
          -0.12511369585990906
        ],
        [
          0.4054654538631439,
          0.7252119779586792,
          0.12520432472229004
        ],
        [
          -0.8464645743370056,
          0.2527562379837036,
          0.05996127426624298
        ],
        [
          0.06460602581501007,
          -0.5230756998062134,
          -0.19004392623901367
        ],
        [
          0.14729365706443787,
          -0.4382191300392151,
          -0.19732844829559326
        ],
        [
          0.018098507076501846,
          -0.44453173875808716,
          -0.11588124185800552
        ],
        [
          0.004558853805065155,
          -0.5584831833839417,
          -0.21823889017105103
        ],
        [
          0.22941778600215912,
          -0.4591066837310791,
          -0.23388323187828064
        ],
        [
          -0.05431809648871422,
          -0.5085000991821289,
          -0.11402590572834015
        ],
        [
          0.4795682430267334,
          -0.38468754291534424,
          -0.2284737229347229
        ],
        [
          -0.19440576434135437,
          -0.5881112217903137,
          0.08273527771234512
        ],
        [
          0.725517988204956,
          -0.36782413721084595,
          -0.25096696615219116
        ],
        [
          -0.3922944962978363,
          -0.7108833193778992,
          0.18413618206977844
        ],
        [
          0.8042359352111816,
          -0.3806679844856262,
          -0.23143428564071655
        ],
        [
          -0.46803635358810425,
          -0.7338201403617859,
          0.20475471019744873
        ]
      ],