{
  "dataset_index": 23999,
  "image_size": 518,
  "matches": [
    {
      "frame_idx": 0,
      "query_idx": 0,
      "gt_idx": 0,
      "person_id": 0,
      "mpjpe_mm": 317.6941223144531,
      "pa_mpjpe_mm": 340.3206787109375,
      "transl_l2_mm": 1668.1241455078125,
      "transl_xy_l2_mm": 412.733154296875,
      "transl_z_abs_mm": 1616.2579345703125,
      "cam_mpjpe_no_align_mm": 1735.58642578125,
      "gt_transl_cam": [
        -0.7132313251495361,
        0.29586219787597656,
        5.180341720581055
      ],
      "pred_transl_cam": [
        -0.3535507619380951,
        0.09343060106039047,
        3.5640838146209717
      ],
      "gt_box_xyxy": [
        86.9865493774414,
        117.25810241699219,
        284.1380615234375,
        419.0978088378906
      ],
      "pred_box_xyxy": [
        86.27182006835938,
        114.14402770996094,
        283.5777587890625,
        416.3076171875
      ],
      "gt_joints_2d": [
        [
          186.07070922851562,
          274.751708984375
        ],
        [
          192.9568328857422,
          290.366455078125
        ],
        [
          182.80921936035156,
          290.9825439453125
        ],
        [
          186.13357543945312,
          255.4813232421875
        ],
        [
          222.10369873046875,
          337.2361145019531
        ],
        [
          145.39207458496094,
          315.8902587890625
        ],
        [
          183.46353149414062,
          232.29843139648438
        ],
        [
          254.0255126953125,
          375.7242126464844
        ],
        [
          139.245849609375,
          378.7795104980469
        ],
        [
          180.63052368164062,
          225.60618591308594
        ],
        [
          255.38609313964844,
          391.65716552734375
        ],
        [
          126.49172973632812,
          385.96783447265625
        ],
        [
          174.98001098632812,
          188.28802490234375
        ],
        [
          184.3594970703125,
          201.62692260742188
        ],
        [
          171.45657348632812,
          206.259033203125
        ],
        [
          169.0878448486328,
          180.73800659179688
        ],
        [
          192.10223388671875,
          193.12313842773438
        ],
        [
          163.23504638671875,
          198.34970092773438
        ],
        [
          219.25454711914062,
          195.21234130859375
        ],
        [
          144.83563232421875,
          189.37643432617188
        ],
        [
          243.60519409179688,
          184.939453125
        ],
        [
          125.55526733398438,
          177.6468963623047
        ],
        [
          249.84300231933594,
          179.33547973632812
        ],
        [
          118.44029235839844,
          176.30540466308594
        ]
      ],
      "pred_joints_2d": [
        [
          206.41262817382812,
          227.19183349609375
        ],
        [
          213.0076446533203,
          250.28060913085938
        ],
        [
          204.62030029296875,
          250.09075927734375
        ],
        [
          207.84815979003906,
          199.01113891601562
        ],
        [
          218.99822998046875,
          347.76007080078125
        ],
        [
          200.75148010253906,
          346.37335205078125
        ],
        [
          203.87600708007812,
          165.43182373046875
        ],
        [
          236.37855529785156,
          431.8081970214844
        ],
        [
          218.8705596923828,
          436.8442687988281
        ],
        [
          198.5452117919922,
          153.85336303710938
        ],
        [
          228.80130004882812,
          459.8489990234375
        ],
        [
          203.903564453125,
          457.2874755859375
        ],
        [
          199.63250732421875,
          98.00564575195312
        ],
        [
          204.2861328125,
          118.68484497070312
        ],
        [
          197.27125549316406,
          125.211669921875
        ],
        [
          191.16184997558594,
          84.06451416015625
        ],
        [
          218.1491241455078,
          111.16064453125
        ],
        [
          184.75970458984375,
          124.24484252929688
        ],
        [
          234.77713012695312,
          173.72805786132812
        ],
        [
          180.54214477539062,
          188.7640838623047
        ],
        [
          232.14309692382812,
          229.58645629882812
        ],
        [
          192.44952392578125,
          244.69427490234375
        ],
        [
          234.21902465820312,
          247.92906188964844
        ],
        [
          196.4390106201172,
          263.80059814453125
        ]
      ],
      "gt_joints_pelvis_aligned": [
        [
          -0.01579560525715351,
          -0.08849507570266724,
          -0.011733431369066238
        ],
        [
          0.05530373752117157,
          -0.003085620701313019,
          -0.040926579385995865
        ],
        [
          -0.05530373752117157,
          0.003085613250732422,
          0.04092658311128616
        ],
        [
          -0.01669524423778057,
          -0.19514241814613342,
          -0.0006824955344200134
        ],
        [
          0.33821481466293335,
          0.2560283839702606,
          -0.025533704087138176
        ],
        [
          -0.42113882303237915,
          0.14100301265716553,
          0.0199405699968338
        ],
        [
          -0.03987879306077957,
          -0.32305964827537537,
          -0.0220169797539711
        ],
        [
          0.6489793658256531,
          0.48397716879844666,
          0.10016582161188126
        ],
        [
          -0.5136889815330505,
          0.5090810060501099,
          0.16174224019050598
        ],
        [
          -0.06222430244088173,
          -0.35871991515159607,
          -0.05833541601896286
        ],
        [
          0.6633264422416687,
          0.558894157409668,
          -0.007087230682373047
        ],
        [
          -0.6379913687705994,
          0.5475612878799438,
          0.1423870325088501
        ],
        [
          -0.11180083453655243,
          -0.5608054399490356,
          -0.09179707616567612
        ],
        [
          -0.01947532221674919,
          -0.48735013604164124,
          -0.10488361865282059
        ],
        [
          -0.15480482578277588,
          -0.46598246693611145,
          -0.037102844566106796
        ],
        [
          -0.1615350842475891,
          -0.5984365940093994,
          -0.13380542397499084
        ],
        [
          0.057944610714912415,
          -0.5319321155548096,
          -0.12802493572235107
        ],
        [
          -0.23836173117160797,
          -0.5107383728027344,
          -0.018269222229719162
        ],
        [
          0.31447696685791016,
          -0.5238615274429321,
          -0.08039330691099167
        ],
        [
          -0.44695204496383667,
          -0.5701440572738647,
          0.11454079300165176
        ],
        [
          0.548345685005188,
          -0.5842137336730957,
          -0.026128951460123062
        ],
        [
          -0.6663955450057983,
          -0.6455401182174683,
          0.21786090731620789
        ],
        [
          0.6085394620895386,
          -0.618840217590332,
          0.017697099596261978
        ],
        [
          -0.744792640209198,
          -0.6551520824432373,
          0.23906368017196655
        ]
      ],