{
  "image": "/home/zhw/xyb_space/bedlam/processed_bedlam/Training/20221013_3_250_batch01hand_orbit_bigOffice_seq_000000/rgb/seq_000000_0000.png",
  "checkpoint": "outputs/train/smpl_gt_box_prior_20q/checkpoint_latest.pt",
  "use_gt_box_prior": true,
  "predictions": [
    {
      "rank": 0,
      "query_index": 12,
      "confidence": 0.1325005441904068,
      "bbox_cxcywh_norm": [
        0.7818376421928406,
        0.6109769940376282,
        0.2292628437280655,
        0.6940452456474304
      ],
      "bbox_xyxy_pixels": [
        854.023962020874,
        190.04714727401733,
        1147.4804019927979,
        689.7597241401672
      ],
      "pred_transl_cam": [
        0.8214759826660156,
        0.12596789002418518,
        2.961970567703247
      ],
      "projected_joints_2d": [
        [
          1012.5798950195312,
          335.54986572265625
        ],
        [
          1042.3818359375,
          359.7900085449219
        ],
        [
          985.2996215820312,
          360.29632568359375
        ],
        [
          1005.8847045898438,
          308.7403869628906
        ],
        [
          1104.02880859375,
          457.9471435546875
        ],
        [
          979.453125,
          455.7149963378906
        ],
        [
          1011.3961791992188,
          272.1863098144531
        ],
        [
          1075.7950439453125,
          556.4647827148438
        ],
        [
          984.04833984375,
          571.3670043945312
        ],
        [
          1018.0975952148438,
          259.5184020996094
        ],
        [
          1117.037109375,
          578.9205932617188
        ],
        [
          981.9266967773438,
          588.8745727539062
        ],
        [
          1024.5499267578125,
          198.93661499023438
        ],
        [
          1054.2730712890625,
          226.97100830078125
        ],
        [
          986.2000732421875,
          225.13330078125
        ],
        [
          1043.602294921875,
          179.10565185546875
        ],
        [
          1093.7852783203125,
          233.61428833007812
        ],
        [
          944.7058715820312,
          221.38609313964844
        ],
        [
          1118.6776123046875,
          302.64080810546875
        ],
        [
          854.8839721679688,
          265.47332763671875
        ],
        [
          1149.736572265625,
          329.5439147949219
        ],
        [
          818.0693359375,
          289.0693664550781
        ],
        [
          1172.3984375,
          339.157470703125
        ],
        [
          798.7900390625,
          291.206298828125
        ],
        [
          1054.4923095703125,
          150.66310119628906
        ],
        [
          1032.693115234375,
          145.6504364013672
        ],
        [
          1064.86572265625,
          145.75669860839844
        ],
        [
          1004.6636352539062,
          163.88677978515625
        ],
        [
          1070.4622802734375,
          164.68675231933594
        ],
        [
          1126.8221435546875,
          580.6520385742188
        ],
        [
          1139.315673828125,
          579.8905639648438
        ],
        [
          1063.27001953125,
          562.3880004882812
        ],
        [
          1003.3558959960938,
          589.3429565429688
        ],
        [
          966.3148193359375,
          594.1489868164062
        ],
        [
          982.6771850585938,
          583.7186279296875
        ],
        [
          1139.0946044921875,
          337.1879577636719
        ],
        [
          1184.816162109375,
          342.52081298828125
        ],
        [
          1201.75,
          345.1906433105469
        ],
        [
          1206.1103515625,
          346.5724182128906
        ],
        [
          1203.4512939453125,
          348.294921875
        ],
        [
          829.0679931640625,
          308.72027587890625
        ],
        [
          794.480224609375,
          297.1319580078125
        ],
        [
          780.9388427734375,
          291.87139892578125
        ],
        [
          773.690673828125,
          288.47247314453125
        ],
        [
          768.2809448242188,
          285.8464660644531
        ]
      ],
      "projected_joints_mask": [
        true,
        true,
        true,
        true,
        true,
        true,
        true,
        true,
        true,
        true,
        true,
        true,
        true,
        true,
        true,
        true,
        true,
        true,
        true,
        true,
        true,
        true,
        true,
        true,
        true,
        true,
        true,
        true,
        true,
        true,
        true,
        true,
        true,
        true,
        true,
        true,
        true,
        true,
        true,
        true,
        true,
        true,
        true,
        true,
        true
      ],
      "vggt_intrinsics_input": [
        [
          548.9758911132812,
          0.0,
          259.0
        ],
        [
          0.0,
          586.11328125,
          259.0
        ],
        [
          0.0,
          0.0,
          1.0
        ]
      ],
      "vggt_input_size": 518,
      "vggt_camera_from_world": [
        [
          0.9999979138374329,
          -0.0003343234129715711,
          0.0020113231148570776,
          -8.720345795154572e-05
        ],
        [
          0.0003321261319797486,
          0.9999993443489075,
          0.0010926735121756792,
          -0.00010111741721630096
        ],
        [
          -0.0020116872619837523,
          -0.0010920031927525997,
          0.9999973773956299,
          -0.00045957043766975403
        ]
      ]
    }
  ]
}