{
  "track_id_map": {
    "5": 4
  },
  "stitches": [
    {
      "source_id": 4,
      "target_id": 5,
      "score": 0.7697711991117434,
      "gap": 1,
      "center_norm": 0.02388875058430684,
      "size_log_delta": 0.455253570429914,
      "pred_iou": 0.6342871110993695,
      "final_id": 4
    }
  ]
}