{
  "implementation": "g0_teacher_aligned_deadzone_v2",
  "gate": "fail",
  "num_active": 5291,
  "num_geometry_valid": 3541,
  "geometry_valid_coverage": 0.6692496538162231,
  "base_translation_p95_m": 0.12000001966953278,
  "analytic_candidate_translation_p95_m": 0.03730642423033714,
  "p95_reduction": 0.6891131823721776,
  "candidate_improvement_rate": 0.8729172348976135,
  "clean_candidate_displacement_p95_m": 0.0,
  "online_vs_teacher_signed_error_median_m": 1.825392246246338e-07,
  "online_vs_teacher_signed_error_p95_m": 0.001799176912754774,
  "online_vs_teacher_normal_cosine_median": 1.0,
  "online_vs_teacher_normal_cosine_p10": 0.9999933242797852,
  "by_noise_level": {
    "-6cm": {
      "count": 616,
      "base_p95_m": 0.06000005081295967,
      "candidate_p95_m": 0.04341968148946762,
      "p95_reduction": 0.27633925469794407,
      "improvement_rate": 0.9853895902633667
    },
    "-4cm": {
      "count": 508,
      "base_p95_m": 0.040000054985284805,
      "candidate_p95_m": 0.03817160800099373,
      "p95_reduction": 0.04571111177131448,
      "improvement_rate": 0.960629940032959
    },
    "-2cm": {
      "count": 285,
      "base_p95_m": 0.020000040531158447,
      "candidate_p95_m": 0.05088083818554878,
      "p95_reduction": -1.5440367536396011,
      "improvement_rate": 0.5087719559669495
    },
    "-1cm": {
      "count": 171,
      "base_p95_m": 0.010000050067901611,
      "candidate_p95_m": 0.03561162203550339,
      "p95_reduction": -2.561144373647726,
      "improvement_rate": 0.0
    },
    "+2cm": {
      "count": 154,
      "base_p95_m": 0.020000049844384193,
      "candidate_p95_m": 0.033730726689100266,
      "p95_reduction": -0.6865321312472381,
      "improvement_rate": 0.4025973975658417
    },
    "+5cm": {
      "count": 520,
      "base_p95_m": 0.05000004917383194,
      "candidate_p95_m": 0.03833484649658203,
      "p95_reduction": 0.23330382409613748,
      "improvement_rate": 0.9653846025466919
    },
    "+8cm": {
      "count": 627,
      "base_p95_m": 0.08000004291534424,
      "candidate_p95_m": 0.03266087546944618,
      "p95_reduction": 0.5917392756400418,
      "improvement_rate": 1.0
    },
    "+12cm": {
      "count": 660,
      "base_p95_m": 0.12000005692243576,
      "candidate_p95_m": 0.03525340557098389,
      "p95_reduction": 0.7062217595965761,
      "improvement_rate": 1.0
    }
  },
  "thresholds": {
    "min_p95_reduction": 0.7,
    "min_valid_coverage": 0.8,
    "max_clean_displacement_m": 0.001
  }
}