{
  "implementation": "g0_teacher_aligned_deadzone_v2",
  "gate": "fail",
  "num_active": 5291,
  "num_geometry_valid": 5278,
  "geometry_valid_coverage": 0.9975429773330688,
  "base_translation_p95_m": 0.12000000476837158,
  "analytic_candidate_translation_p95_m": 0.048426173627376556,
  "p95_reduction": 0.5964485691408885,
  "candidate_improvement_rate": 0.6186055541038513,
  "clean_candidate_displacement_p95_m": 0.0,
  "online_vs_teacher_signed_error_median_m": 1.825392246246338e-07,
  "online_vs_teacher_signed_error_p95_m": 0.001799176912754774,
  "online_vs_teacher_normal_cosine_median": 1.0,
  "online_vs_teacher_normal_cosine_p10": 0.9999933242797852,
  "by_noise_level": {
    "-6cm": {
      "count": 663,
      "base_p95_m": 0.06000005453824997,
      "candidate_p95_m": 0.0599999837577343,
      "p95_reduction": 1.1796741888892015e-06,
      "improvement_rate": 0.9351432919502258
    },
    "-4cm": {
      "count": 734,
      "base_p95_m": 0.040000054985284805,
      "candidate_p95_m": 0.040000032633543015,
      "p95_reduction": 5.587927766059764e-07,
      "improvement_rate": 0.7261580228805542
    },
    "-2cm": {
      "count": 599,
      "base_p95_m": 0.020000049844384193,
      "candidate_p95_m": 0.022360365837812424,
      "p95_reduction": -0.11801550555090157,
      "improvement_rate": 0.3522537648677826
    },
    "-1cm": {
      "count": 660,
      "base_p95_m": 0.010000046342611313,
      "candidate_p95_m": 0.023258300498127937,
      "p95_reduction": -1.325819271358946,
      "improvement_rate": 0.0
    },
    "+2cm": {
      "count": 669,
      "base_p95_m": 0.020000049844384193,
      "candidate_p95_m": 0.020000072196125984,
      "p95_reduction": -1.11758430421105e-06,
      "improvement_rate": 0.13751868903636932
    },
    "+5cm": {
      "count": 645,
      "base_p95_m": 0.05000005289912224,
      "candidate_p95_m": 0.05000002682209015,
      "p95_reduction": 5.215400900038247e-07,
      "improvement_rate": 0.8093023300170898
    },
    "+8cm": {
      "count": 644,
      "base_p95_m": 0.08000004291534424,
      "candidate_p95_m": 0.05009369179606438,
      "p95_reduction": 0.3738291884533944,
      "improvement_rate": 0.9736024737358093
    },
    "+12cm": {
      "count": 664,
      "base_p95_m": 0.12000005692243576,
      "candidate_p95_m": 0.054053373634815216,
      "p95_reduction": 0.5495554333798891,
      "improvement_rate": 0.9939758777618408
    }
  },
  "thresholds": {
    "min_p95_reduction": 0.7,
    "min_valid_coverage": 0.8,
    "max_clean_displacement_m": 0.001
  }
}