{
  "epoch": 1,
  "num_records": 114,
  "metrics": {
    "metric_hsi_v4_geometry_eligibility_coverage": 1.0,
    "metric_hsi_v4_base_active_l2_median": 0.30065926909446716,
    "metric_hsi_v4_candidate_active_l2_median": 0.27330075204372406,
    "metric_hsi_v4_candidate_active_l2_p90": 1.4567994236946107,
    "metric_hsi_v4_candidate_improvement_rate": 0.7391304347826086,
    "metric_hsi_v4_candidate_ray_sign_acc": 0.9456521739130435,
    "metric_hsi_v4_candidate_tangent_l1_delta": -0.00019574089927410426,
    "metric_hsi_v4_selection": 0.6375006079673767
  }
}