frame_index,gt_x,gt_y,gt_z,raw_se3_x,raw_se3_y,raw_se3_z,hsi_se3_x,hsi_se3_y,hsi_se3_z,raw_sim3_x,raw_sim3_y,raw_sim3_z,hsi_sim3_x,hsi_sim3_y,hsi_sim3_z
600,19.079168736934523,0.5476975515484729,-32.70978116989123,7.028609058624418,0.44803454594495523,-29.708637445334144,15.044827092963297,0.5155339290184356,-31.668814340881625,19.25221498042195,0.5509616424836092,-32.697631733018504,19.25221493127265,0.5509616190292859,-32.69763172035522
601,19.038156926631785,0.5477340891957188,-32.70857954025255,7.027359192180465,0.44820773024505045,-29.707439755979184,15.025218947162932,0.5182508780489761,-31.650024762075457,19.222971317072897,0.5550137101215806,-32.6696088794867,19.222971268932348,0.555013687024591,-32.6696088719065
602,18.995563924312442,0.545936532318584,-32.70726728439317,7.025340058878751,0.4480316535496059,-29.707595346419613,14.993542393143825,0.5154885528463254,-31.652465692714426,19.175728785826536,0.5508939678642316,-32.673249296014575,19.175728737217707,0.5508939448356626,-32.67324928503525
603,18.94916003942475,0.543362982571116,-32.705073833465455,7.022545219079763,0.448072286152161,-29.70714449753661,14.949696407578411,0.5161260056800864,-31.645392688121674,19.11033671566451,0.5518446663615514,-32.66270059057522,19.11033666955831,0.5518446443876838,-32.66270057940302
604,18.904362142085883,0.5406199172139079,-32.703227519988886,7.020892560250501,0.4479316141542132,-29.70702071788873,14.923769170272461,0.5139191165609038,-31.643450804676764,19.071668745444462,0.5485533030558737,-32.65980446485754,19.071668690397427,0.548553281661145,-32.659804447135066
605,18.862478673457947,0.5381670072674662,-32.70122098922715,7.019514368320574,0.448194637943249,-29.706930078689368,14.90214783124039,0.5180454833777305,-31.642028846259276,19.039422595446467,0.5547073838991284,-32.65768374048315,19.03942254410514,0.5547073606399568,-32.657683733007055
606,18.81766170263275,0.5381515696644699,-32.69816541671739,7.017636566588089,0.44785848764815683,-29.70725961826176,14.872688513064494,0.5127718937716341,-31.64719872436747,18.99548685977906,0.5468423307073067,-32.66539411974955,18.99548680626014,0.5468423092816006,-32.66539410864766
607,18.775328099727496,0.5388814285397445,-32.69560575485218,7.0158262447147255,0.44817647106798525,-29.707011680669936,14.844287842802748,0.5177604801785174,-31.643309032382497,18.953129979430585,0.5542823256963991,-32.65959301715821,18.953129939893035,0.5542823057975179,-32.65959300740257
608,18.734581410884708,0.5406888201832682,-32.69345808029161,7.014490745630035,0.4477763046046296,-29.70616841224687,14.82333626974483,0.5114825904548533,-31.630079673042236,18.92188273231501,0.544919458652024,-32.63986270277431,18.92188268509179,0.5449194374693427,-32.63986269116237
609,18.690800130367137,0.5445100143551741,-32.69079923629748,7.012917219987505,0.44827661428864907,-29.70632725235625,14.79865048798142,0.5193315447717665,-31.63257159648871,18.885066275337646,0.5566254197493306,-32.643579153205835,18.885066217392836,0.5566253974364492,-32.643579155155884
610,18.65031665563569,0.5482016280293392,-32.68815946578965,7.0110310739967385,0.44815411444539327,-29.706288260176496,14.769060275864177,0.517409745093671,-31.631959868795494,18.84093530546639,0.5537592381714359,-32.64266683638714,18.84093526383177,0.5537592181738041,-32.64266682217516
612,18.577377736568316,0.5544719174504216,-32.68142271041858,7.007731417189904,0.4483885681139514,-29.7061173938702,14.717294599551492,0.5210878934894909,-31.629279285990997,18.763731814410715,0.5592448516043261,-32.63866900384818,18.763731739627183,0.5592448225149794,-32.63866899090605
613,18.53990596532807,0.5573337748646648,-32.67639112472523,7.005055883036182,0.44837151739359626,-29.70650799974644,14.675320313009053,0.5208204014876051,-31.635407201850978,18.70113118980087,0.5588459085585814,-32.64780817771921,18.7011311309251,0.5588458839380471,-32.64780818765028
614,18.503437459468703,0.5576461628079339,-32.671115398406855,7.003566605860949,0.44837963774306544,-29.706219964609144,14.651956240921594,0.5209477917624235,-31.630888443337835,18.666285930488037,0.559035903871522,-32.641068895591516,18.66628586600426,0.5590358742726842,-32.641068894220844
615,18.46616977453218,0.5564062669873162,-32.66549253463732,7.000968466016123,0.44810491739689423,-29.705195288188587,14.611196148637516,0.5166379301625845,-31.614813105908823,18.60549613384737,0.5526081536447384,-32.6170941001808,18.605496111182415,0.5526081304848564,-32.617094075562996
616,18.42343944311128,0.5548833087086584,-32.657653331756464,6.998754335919072,0.44810341977456447,-29.70501753708106,14.576460407613979,0.5166144371796291,-31.612024552572002,18.55369117862,0.5525731131302523,-32.61293518098298,18.553691096471972,0.5525730929617825,-32.612935216636195
617,18.384434163570255,0.5510385110974225,-32.6516680717467,6.9970002923529835,0.44807084376718714,-29.704719094666526,14.548942662091264,0.5161033740922264,-31.607342491281912,18.512651066058798,0.5518109182592655,-32.60595239530861,18.512651027378972,0.5518108915524927,-32.605952372831474
618,18.334368169307552,0.5469517782330408,-32.642573833465434,6.995820225469206,0.44798722350040604,-29.704940242559523,14.53042950605778,0.5147915223881145,-31.61081189834656,18.48504053307305,0.549854418872682,-32.611126687781606,18.485040436892316,0.5498543909906252,-32.61112665956683
619,18.290340840816366,0.5430271103978085,-32.63492155075062,6.994407341555942,0.4477476926454986,-29.704650100498505,14.508263905012633,0.5110337135327473,-31.60626010511596,18.451982679803436,0.5442500123246721,-32.60433810905234,18.451982576188215,0.5442499807406918,-32.604338098035626
620,18.250650823116157,0.5400633886456392,-32.62777280807483,6.991301081055342,0.44763573869656026,-29.704480456154826,14.45953229968708,0.5092773605012723,-31.60359868583252,18.37930416539615,0.5416305775769126,-32.600368867298904,18.37930407685684,0.5416305492286175,-32.600368847313845
621,18.21123927831635,0.5387240126728907,-32.62054014205919,6.990216721418774,0.4476765493835294,-29.70421218419558,14.442520676229293,0.5099176142995279,-31.599390001989118,18.353932936082384,0.542585442791947,-32.59409199275751,18.353932877696817,0.5425854261496129,-32.594092000412225
622,18.171966969966743,0.538196809589854,-32.61326551437363,6.987973529409906,0.44778354358138633,-29.70434868000717,14.407329039960306,0.5115961506085275,-31.601531413668155,18.30144800679093,0.5450888321081161,-32.5972856440328,18.301447939103905,0.5450888015093273,-32.597285709838445
624,18.093596398830265,0.5381576195359153,-32.59866380691506,6.984191852953742,0.4474328068985736,-29.703163516655213,14.348001408326338,0.5060937339180185,-31.582938267069192,18.212966494454793,0.5368824949222797,-32.569555866786665,18.21296648631293,0.5368824765772733,-32.5695558211218
625,18.04464238882049,0.540804125368586,-32.59038972854591,6.98273008121153,0.4475715229118896,-29.702360023071183,14.325068779671325,0.5082699259384685,-31.570332884321385,18.17876479160146,0.5401280932133312,-32.55075618143773,18.17876467774874,0.5401280575353931,-32.55075610591669
626,18.001999795436703,0.5429255142807882,-32.58243989944438,6.98011720572861,0.44751434524635764,-29.70233504315236,14.284077531097708,0.5073729301456805,-31.569941016440808,18.11763021889154,0.5387902827536681,-32.55017171552132,18.117630175567925,0.5387902746388341,-32.55017167268684
627,17.962512910365916,0.5447843447327572,-32.57465219497664,6.978580474821853,0.4477435413180222,-29.70223097959619,14.25996898594312,0.5109685869993298,-31.568308420353866,18.081674664189897,0.5441528819282537,-32.5477368956906,18.081674600716806,0.5441528507839866,-32.54773681274696
628,17.92460387945162,0.5465118959546061,-32.56694555282579,6.975568498118516,0.4476729629776176,-29.702031545224667,14.212716481372231,0.5098613399276274,-31.565179724565724,18.011202148383326,0.5425015301086151,-32.54307064382876,18.01120203780987,0.5425014983398636,-32.54307066408989
629,17.879161298274852,0.5435022190213181,-32.55586767196641,6.974050599710624,0.4476769975320554,-29.7014801303404,14.188903426234582,0.5099246360636286,-31.55652900992047,17.9756872257664,0.5425959283159708,-32.530168952356725,17.975687157880557,0.5425958984349827,-32.53016895575583
630,17.82995194196684,0.5381239280104594,-32.543104171752745,6.971891205029215,0.4475356399527288,-29.700658287378275,14.155026411576888,0.5077069942469465,-31.54363575665561,17.92516293862644,0.5392885241675791,-32.510939938707686,17.925162850899493,0.5392884990949811,-32.51093990937968
631,17.773355185985395,0.5315626487135834,-32.52802085876445,6.969909582683038,0.44736372832091853,-29.699866075067277,14.123938347959516,0.5050100143945259,-31.531207408669847,17.878798067358048,0.5352662336974494,-32.49240420616134,17.878797995981735,0.5352662132069744,-32.492404224484034
632,17.722917258739304,0.5252386555075617,-32.513250350951985,6.966859903943528,0.4466193914022145,-29.699429884667154,14.076094393808798,0.493332717983497,-31.524364402603435,17.807443420777602,0.5178506623184667,-32.48219847155749,17.807443342948584,0.5178506494525785,-32.48219853951839
633,17.672891318797895,0.5208866223692843,-32.4974002838133,6.965017337539312,0.44677464710683124,-29.69853125148946,14.047187849163695,0.49576838596449535,-31.510266439291858,17.76433210125711,0.5214832468884412,-32.46117276417095,17.764332013624905,0.5214832138334532,-32.46117278405089
634,17.62307137250883,0.5175205692648813,-32.48101043701151,6.9631723886775445,0.44652455450605777,-29.698076822087973,14.018243943775625,0.49184489816152743,-31.503137257843196,17.721165038351472,0.5156317226247923,-32.45054028379887,17.721164964348752,0.515631709378394,-32.45054029604463
636,17.510823905467817,0.5186850652098526,-32.44546031951881,6.958298113025738,0.4464054630033675,-29.69623957227719,13.941775377160667,0.4899765423240441,-31.474314107856973,17.607119512190188,0.5128452874586531,-32.40755335890417,17.60711945670605,0.5128452364604968,-32.407553341828624
637,17.454774558543978,0.5236786827444895,-32.4271612167356,6.955667169126698,0.44641822374523227,-29.695467826529452,13.900500616927722,0.49017675019545226,-31.46220692262541,17.54556218496851,0.5131438560305064,-32.389496491350776,17.545562124170985,0.5131438272323597,-32.389496640271624
638,17.40266007184964,0.5290022715926054,-32.40983104705785,6.953630125001296,0.4467619713418384,-29.69455029834253,13.868543110999036,0.4955695541159922,-31.44781245205034,17.49790058646841,0.5211866665570508,-32.36802868929761,17.497900579722486,0.5211866752673223,-32.36802867275697
639,17.33722656965238,0.5334684476256242,-32.390810966491465,6.951818988757486,0.446872274303546,-29.69386722383563,13.84012959056992,0.4972999851841515,-31.437096274576437,17.455524651943946,0.5237674724457007,-32.352046500945534,17.455524548567475,0.5237674466658845,-32.3520465253976
640,17.2805401682852,0.5378723964094992,-32.374293327331316,6.9490353050000815,0.44700536689974635,-29.69324988539829,13.796458739404292,0.49938799212880247,-31.427411221670372,17.390393604490338,0.526881497225201,-32.33760236771734,17.39039367701013,0.5268815080705299,-32.33760220109399
641,17.228814780711957,0.5411894544958936,-32.35935497283913,6.945762511590898,0.44727991126425687,-29.692474179453463,13.7451144546563,0.5036950829399209,-31.4152418695563,17.31381864791618,0.5333051299332969,-32.31945284172742,17.313818617768852,0.5333051194936468,-32.31945278361477
642,17.17635315656645,0.5422466620802754,-32.34472560882545,6.943312745979432,0.4473084817929505,-29.692362538702262,13.706682062134945,0.5041433089743563,-31.413490448138425,17.256500427099528,0.5339736068948678,-32.316840735002025,17.256500403121372,0.5339736054859794,-32.31684070712976
643,17.110210120677785,0.541014991700637,-32.32754421234109,6.941479492091843,0.447588008408631,-29.691743193527138,13.677921629154891,0.5085285712485971,-31.403774022708422,17.213606996540307,0.5405138114788148,-32.30234964926581,17.21360698528408,0.54051380212299,-32.30234959372604
644,17.051950156688527,0.5369383916258694,-32.31258678436256,6.938803977249998,0.4472481266633872,-29.690878829174505,13.635947694167395,0.5031964404289129,-31.390213714502696,17.151006823778737,0.5325614519411292,-32.282125744334486,17.151006900892355,0.5325614421786725,-32.28212569910408
645,16.992200553417035,0.5312648639082781,-32.297739982604746,6.935258621963064,0.44676286175194874,-29.69070559868535,13.58032736781621,0.495583508737888,-31.38749607048188,17.06805461959282,0.5212074998657888,-32.27807259599117,17.068054537133353,0.5212074872428636,-32.27807259459766
646,16.921077430248086,0.52334304898976,-32.280276298522715,6.932413759517864,0.4465959543788694,-29.68979314094906,13.535696716334598,0.4929650270195908,-31.373181179686565,17.0014921480389,0.5173022961918892,-32.256723429454716,17.001492215777517,0.5173022737671095,-32.25672331266563
648,16.79728478193266,0.5166183933615557,-32.25041103363014,6.928352571948586,0.44657196754098266,-29.68819466594161,13.47198399483121,0.49258872720835767,-31.34810406143671,16.906470793839034,0.5167410658177464,-32.21932322144369,16.906470823474727,0.5167410588143823,-32.21932320426002
649,16.731702506542046,0.5144386515021204,-32.23371028900125,6.924826939406651,0.44641080459234417,-29.687456748304143,13.416673243808143,0.4900603586450243,-31.336527382433136,16.823980051209965,0.5129702669158899,-32.202057844751835,16.823980161523565,0.512970240436615,-32.202057701685256
650,16.67098587751371,0.5146668180823202,-32.217993736266855,6.922766912862804,0.4464788465003203,-29.68692353886219,13.384355066252269,0.4911278248615387,-31.32816234528336,16.77578072316988,0.5145622727338791,-32.18958211385236,16.77578071005476,0.5145622635638016,-32.18958205384161
651,16.609782874584027,0.5150276049971453,-32.20240306854225,6.9195827527932,0.44620006738592355,-29.686089681593973,13.334401418478427,0.4867542706242114,-31.31508065701298,16.70127955900509,0.5080395577593214,-32.170071996310725,16.701279652023185,0.5080395283370462,-32.170071974790034
652,16.54321831464749,0.5160145387053356,-32.186953544616436,6.917042575642333,0.44641960676170406,-29.685193040590452,13.294550492631977,0.49019844342984675,-31.30101398987356,16.6418459404722,0.5131762150623876,-32.14909290068111,16.641845831443362,0.5131761806036657,-32.149092894551295
653,16.483686149120157,0.5160835012793423,-32.171740531921145,6.913897829140867,0.44615856862822073,-29.685365893345153,13.245215134273732,0.4861032295279649,-31.30372581235686,16.568266952531566,0.507068593457066,-32.15313721100876,16.56826689256993,0.5070685631992852,-32.153137316794776
654,16.417392432689496,0.5144471749663226,-32.15701198577857,6.910613515740216,0.4462150139892004,-29.684497803553217,13.193690211943167,0.4869887714126063,-31.290106962115647,16.491422457756865,0.5083892698718069,-32.13282614036999,16.491422429759112,0.5083892636941869,-32.13282611236107
655,16.35278481245024,0.5125659927725668,-32.14261150360083,6.908151118670253,0.44644394922688946,-29.68368854714501,13.15505971310149,0.49058032737203805,-31.27741118155905,16.43380869326698,0.5137457662015608,-32.11389161974248,16.433808758600954,0.5137457237502909,-32.11389157752419
656,16.28787964582426,0.51069679111241,-32.12892436981177,6.905074127137328,0.446234945730754,-29.682825326762817,13.106787187579428,0.4873014643777358,-31.26386884313242,16.361814997498815,0.5088556214110254,-32.0936944807801,16.361814932613875,0.5088556151575805,-32.09369448309831
657,16.220987021922888,0.5090704187750695,-32.11591243743873,6.902873700252012,0.44627875726424354,-29.682553822051094,13.072266438603384,0.48798877419627906,-31.25960943561116,16.310330662216664,0.5098806987241838,-32.08734196813711,16.310330557851067,0.5098806716040843,-32.08734198671289
659,16.083619773387735,0.5074695572256921,-32.09010410308813,6.896531878485417,0.4460585931437951,-29.681113649582745,12.972774721517961,0.4845348152909804,-31.237015723453894,16.161948327720562,0.504729424001122,-32.053645632794414,16.161948237068408,0.5047294243116478,-32.0536456394872
660,16.017593085765668,0.5073459967970725,-32.078690528869394,6.893880413552907,0.4460979875548233,-29.68076319907595,12.931178061292014,0.48515279595466715,-31.23151789320057,16.099910861042968,0.5056511519981566,-32.04544599139212,16.099910821673976,0.5056510829960378,-32.045446154784806
661,15.951875388622105,0.5072136148810263,-32.0671052932737,6.8904078353669655,0.4461274722773658,-29.68010913689361,12.876699639529484,0.485615408972245,-31.221256819930936,16.0186614540249,0.5063410187468352,-32.030142616889734,16.01866149871013,0.5063410257890999,-32.0301427515461
662,15.884061515331094,0.5081076249480126,-32.05598735809302,6.886839544008329,0.44592339274447346,-29.6798141585065,12.820719544638141,0.4824137973326861,-31.216629018329133,15.93517260469368,0.5015660820444289,-32.023240880556486,15.935172574798212,0.5015661301571888,-32.02324083084442
663,15.81675022840483,0.510171376168716,-32.046181678771724,6.884935627399368,0.4460446648068726,-29.679130039748642,12.790850639926727,0.4843162830080027,-31.20589646722852,15.89062584801698,0.504403536704969,-32.00723425941525,15.890625978054782,0.5044035044435011,-32.00723426379663
664,15.754776656627492,0.5120758637785812,-32.03833103179908,6.88089385444054,0.44596421301145894,-29.67911996870053,12.72744246173882,0.48305415616731245,-31.205738398529522,15.796058745817268,0.5025211714072298,-32.0069986227662,15.796058782797271,0.5025211637298224,-32.00699851954488
665,15.69166439771635,0.5147643312811719,-32.027920722961184,6.8784462843603595,0.4463324931792806,-29.67828636936416,12.689044573577661,0.4888317952066431,-31.192660747756285,15.738791894791435,0.5111379810655889,-31.98749454016704,15.738792028082267,0.5111379563072819,-31.98749446203171
666,15.62936848402005,0.5159613713621961,-32.01669025421118,6.876411121129894,0.44648653947573647,-29.67770004643749,12.657116511498359,0.49124850865008435,-31.183462363939345,15.691174304400024,0.5147422685920852,-31.973776090196345,15.691174396301399,0.5147422518196065,-31.97377595783668
667,15.566878974437548,0.5141029581427458,-32.00537204742409,6.873291146408005,0.44651433200885904,-29.678092599972583,12.608169742936493,0.4916845698222975,-31.189620959182815,15.618174912452233,0.5153925424562937,-31.98296083428024,15.618175001710737,0.5153925950907017,-31.982960909928742
668,15.501849830150423,0.5119753107428403,-31.993054389953365,6.870507799865571,0.4465421450227067,-29.677068221946623,12.564503943224922,0.4921208638115097,-31.173550472078073,15.553051754962484,0.5160432955168455,-31.95899302053643,15.553051663910963,0.516043285585944,-31.95899332506274
669,15.43609017133696,0.5089249238371725,-31.98087406158425,6.867235711764405,0.44640698183324246,-29.676616516442028,12.513170652908364,0.4900003563917819,-31.16646379609226,15.476493300783687,0.5128808241752061,-31.948424272352817,15.476493001806045,0.5128807528506218,-31.94842422986352
671,15.30302494764311,0.499369822442519,-31.954171180724874,6.861618600807018,0.4463111463582047,-29.67554047519642,12.425048601507529,0.4884969046125191,-31.149582725521327,15.345067337132242,0.5106385203014915,-31.923247672014035,15.345067443156191,0.5106384992165802,-31.92324773776961
672,15.240487754344759,0.4956196174025403,-31.940926551818592,6.859112920965637,0.44610045568330187,-29.675288830454257,12.385739090059804,0.4851915636642276,-31.145634650879316,15.286440867003048,0.5057088998628809,-31.917359831629913,15.286441090045429,0.5057089013037775,-31.917359564410397
673,15.178690612315965,0.4926116093993059,-31.926415443420183,6.856014144628628,0.44598009829894664,-29.674516006054752,12.337124700398324,0.48330334768510447,-31.133510601550533,15.213937462793787,0.5028928463183704,-31.89927772639671,15.213937406595988,0.5028928088959982,-31.89927771167542
674,15.115624129772023,0.490375421941269,-31.910614967345964,6.852879926131858,0.4460405652022618,-29.673868925261058,12.287954521723208,0.48425196554001143,-31.123359079692477,15.140604803112096,0.5043076164907065,-31.884137698450502,15.140604817322776,0.5043075811300135,-31.884137693823675
675,15.054980933666055,0.4898873791098471,-31.89456653594947,6.850557085564212,0.4459367680521801,-29.67334638636605,12.251513295294286,0.48262357995124333,-31.115161527292035,15.086256302196315,0.5018790298778986,-31.871911630932384,15.086256235268985,0.5018790007429347,-31.87191183336465
676,14.996895492076698,0.4907407388090955,-31.878956794738528,6.847676795000275,0.44574678813986474,-29.672785983642356,12.206326764093763,0.47964313192145586,-31.106369595037,15.018864903693897,0.49743398806906186,-31.858799647111354,15.018864872811196,0.4974339493498397,-31.858799512556615
677,14.937774360179729,0.49184437841175777,-31.862542152404544,6.84503001518642,0.4457577191345369,-29.67170914200446,12.1648037129645,0.47981462662934954,-31.089475865832156,14.956937056754764,0.4976897452580067,-31.833604319649574,14.956937238300203,0.4976897172017239,-31.833604141328514
678,14.87852543592436,0.49235942214726225,-31.84816837310765,6.841939602221498,0.44589138673866385,-29.671440798722386,12.116320488244153,0.48191160452601445,-31.08526627849553,14.884629333963264,0.5008172237455499,-31.827325776337265,14.884629174736926,0.5008171579179187,-31.827325946953707
679,14.816875159740281,0.4930587634444113,-31.83354663848854,6.838784843424237,0.4456218710104118,-29.67085207458689,12.066828037274991,0.47768340584311725,-31.076030159239746,14.810816084026872,0.49451124820519277,-31.81355114424984,14.810815947353174,0.49451120651133273,-31.81355116398336
680,14.754011809825725,0.4933150634169448,-31.818821907043212,6.836693147174069,0.4457741761293058,-29.670517310377495,12.034013075019983,0.48007278847749024,-31.07077839326637,14.761875766231839,0.498074796650568,-31.805718521901806,14.761875589317007,0.49807474075229513,-31.805718660472866
681,14.690130889415569,0.4931903705000752,-31.8036317825315,6.833629506039875,0.44565633940812643,-29.669942521395377,11.9859504155778,0.47822422705883494,-31.06176096026483,14.690194435491131,0.4953177201477147,-31.79226993659814,14.690194758390204,0.4953177893050319,-31.79227002700399
683,14.562736213207074,0.49381538480518994,-31.76955318450904,6.827989057148234,0.44609791767697504,-29.668258898461712,11.897461741520068,0.4851517569897286,-31.035347860998062,14.558222424143223,0.5056495170360522,-31.75287748589499,14.558222417331969,0.5056495334798237,-31.75287743148872
684,14.499756515025922,0.4950094446539755,-31.755486488342054,6.825056807539966,0.4459634184681234,-29.667845050484473,11.851459874784851,0.4830416801282657,-31.0288550086741,14.489615317508369,0.5025025811346977,-31.74319450657937,14.489615060393444,0.502502556918299,-31.743193967130562
685,14.439827620982955,0.4973134621977694,-31.741431236266852,6.822147784432174,0.4463212682095192,-29.667589830559052,11.805822746150335,0.48865566934098514,-31.02485122300392,14.421551651305874,0.5108753456149021,-31.737223016093253,14.42155167522911,0.5108752815293027,-31.73722270613456
686,14.379380881786183,0.5001083239912858,-31.72774028778053,6.819981763542541,0.44650721106356867,-29.667072403592183,11.771841875847716,0.4915727709571414,-31.016734260833054,14.370872327919017,0.5152259306332407,-31.725116554558916,14.370872477548886,0.5152258578430322,-31.725117038246808
687,14.31990021467191,0.5027995333075402,-31.71419811248754,6.817487906070221,0.44646818048749354,-29.666713226948428,11.732717617942921,0.49096051421549536,-31.011098967986,14.312522470849181,0.5143127154392632,-31.71671274397286,14.31252241226829,0.514312735837486,-31.716712541315495
688,14.260813415050327,0.5079438909888143,-31.70089626312231,6.815082937460521,0.4464222178444124,-29.66641908424754,11.694988130130689,0.49023943596203107,-31.00648444114335,14.256252384771262,0.513237307688778,-31.70983056055003,14.256252512345736,0.5132373170202283,-31.709830418639505
689,14.20503586530668,0.5096363052725679,-31.686188697814707,6.812559129287712,0.44656562515351866,-29.665598658730232,11.655393974173673,0.49248923300621306,-30.99361352342371,14.197201758266086,0.5165926702473846,-31.690634711467702,14.19720163934403,0.516592672787373,-31.690634683579447
690,14.148848235606984,0.5092829093336942,-31.67023372650123,6.809981452976495,0.44655342061598313,-29.665571957999873,11.614954989669231,0.4922977568197663,-30.993194768966823,14.136890755732335,0.5163071154277112,-31.69000998298287,14.136890785871564,0.516307104483278,-31.690010151608632
691,14.091085135936567,0.5079832300543646,-31.65442180633522,6.80776064628736,0.44655982668931654,-29.664139343513458,11.580114604838379,0.4923982925345606,-30.97071962258414,14.084929585405177,0.5164570010837801,-31.65649048499783,14.084929704993604,0.5164570438261673,-31.65649063382476
692,14.03297203779203,0.5058909282088148,-31.638596534728762,6.805165073826701,0.4464564135481739,-29.663734330313524,11.539394567871765,0.4907759580094939,-30.96436564968354,14.024199858957356,0.5140373992934647,-31.647014216770845,14.024199688822769,0.5140374880182347,-31.647014294760556
693,13.974869430064988,0.5030436143278949,-31.62386035919166,6.803325849936893,0.44617288627796015,-29.663319113441283,11.510540470810593,0.48632777971129526,-30.957851559464622,13.98116674568567,0.5074035896728254,-31.637299208829432,13.98116658002288,0.5074034581866349,-31.637299156126044
695,13.863083541393117,0.49497284740208436,-31.590472221374288,6.798007401967789,0.4459642854427355,-29.662345919275573,11.427103796409257,0.48305533079658936,-30.94258381930902,13.856728728567553,0.5025228661129936,-31.614528965902288,13.856728810239215,0.5025229155763405,-31.614528791076964
696,13.810418784618214,0.49054636806248547,-31.572838783263926,6.79562657090715,0.4463570475852358,-29.6612418845639,11.389752970528908,0.48921705297749174,-30.92526360083233,13.80102339911803,0.51171249107421,-31.588697390384755,13.801023648145,0.5117125311946465,-31.588697352145946
697,13.758055388927293,0.48496385663746555,-31.552872657775644,6.793803641025015,0.44595056749200235,-29.660235320896675,11.361154564499849,0.48284015763937016,-30.909472551050996,13.758371523759635,0.5022019013130997,-31.565146386862562,13.75837187791137,0.5022020055209748,-31.56514652115429
698,13.703695952892126,0.4807074889540526,-31.531653404235605,6.791140123847247,0.44572347502768384,-29.65862247514882,11.319368664175242,0.4792774513289395,-30.88416985638079,13.696052065510354,0.4968885211453473,-31.527409940450713,13.696052229122571,0.49688857193981706,-31.527409987227582
699,13.652772605418988,0.4746974334120629,-31.50978755950904,6.7888151798415715,0.44481744184065763,-29.65751987023686,11.28289414444087,0.4650633087775917,-30.866871508814864,13.641654349549338,0.47568967255423367,-31.501611818572655,13.641653993307905,0.4756895463174764,-31.501611166655078
700,13.603618323802774,0.4726701304316388,-31.485663414001216,6.7862882644831055,0.4447267711965472,-29.656795393892587,11.24325168991418,0.46364095165347696,-30.855506411916746,13.58253102288344,0.4735682124535674,-31.48466093360505,13.582531087637868,0.473568237556902,-31.484661218427583
701,13.557603538036167,0.47200971096752786,-31.46122646331763,6.784040833658785,0.4447610077192048,-29.655612995629994,11.207993254762023,0.46417803993522067,-30.83695644209749,13.529946916201721,0.47436925911554095,-31.456995852345315,13.529946524939547,0.47436925303884286,-31.45699572372247
702,13.511073768138719,0.4719494208693365,-31.438668251037374,6.781845080322166,0.44486100064975415,-29.654986889092736,11.17354588384272,0.46574671042740523,-30.827133931675053,13.478571929950737,0.47670883676595244,-31.442346568107965,13.478571586486343,0.47670877410644863,-31.442346394762332
703,13.45933216810209,0.471543870866286,-31.41993427276587,6.780143178126066,0.44460372862544534,-29.65371891116652,11.14684651341318,0.4617106817455947,-30.807242166518225,13.438751791473877,0.47068933243857425,-31.412679142610106,13.438752045083017,0.47068942576171924,-31.41267974144787
704,13.408442199230025,0.4722804054617758,-31.40195560455299,6.777601664791465,0.44483425113022346,-29.65267843015661,11.10697471756005,0.46532714198951874,-30.79091829524607,13.37928690967485,0.4760829667398474,-31.388334560417178,13.37928709889679,0.47608302816131337,-31.388334258482285
706,13.297667205333536,0.4686996564268946,-31.372334480285392,6.772133704623728,0.44467379153822284,-29.651845295045998,11.021192106760118,0.46280975978248307,-30.77784850171043,13.25135069126928,0.4723286245760935,-31.368841339508002,13.251350590751485,0.47232859487661877,-31.3688419192828
707,13.24705094099028,0.4673362597823017,-31.36022472381568,6.770324433400016,0.4443842879394389,-29.651051743967496,10.99280812394721,0.458268067344772,-30.765398655070303,13.209018393423069,0.4655549842226454,-31.350274283241916,13.209018612108295,0.4655550977058943,-31.35027417121324
708,13.194670379161668,0.4666484221815948,-31.351660728454366,6.768074607185328,0.4443288951090911,-29.651251597409928,10.957512415136133,0.4573990089855061,-30.76853419402593,13.15637824076154,0.4642589343202903,-31.35495034028615,13.156378459334974,0.464258980802688,-31.35495052579601
709,13.15125149488433,0.46561076492070114,-31.342082023620367,6.766616696539436,0.4441581416176845,-29.650643751939285,10.934640515392374,0.45472017419312905,-30.7589980987608,13.122266877641298,0.4602637413598508,-31.34072831808709,13.122267222097275,0.46026375652542517,-31.34072835747792
710,13.1103798747061,0.46470468491314604,-31.331618309020765,6.764538376759684,0.4442905557226063,-29.650443388986794,10.902035264501944,0.45679752044817057,-30.755854452786114,13.073639534884139,0.4633618911867655,-31.3360403398166,13.0736396283784,0.46336191853752084,-31.336039912056453
711,13.06735008954985,0.4642591699957702,-31.321581840514906,6.762740271141401,0.44407028075124644,-29.6502092313059,10.873826019462086,0.4533417000339798,-30.75218111902896,13.031568483515786,0.45820802283720113,-31.330561651734584,13.031568254306658,0.4582078949837264,-31.330561488285486
712,13.027339637279344,0.4632303044199848,-31.310297966003183,6.760974613514277,0.44386318189729557,-29.649638869299725,10.846126219801196,0.4500927683012904,-30.743232985591565,12.990256631767831,0.4533624417799468,-31.317216646293026,12.990256668987765,0.45336242598707654,-31.317216208447025
713,12.989936530589892,0.46366896480320274,-31.300332069396756,6.758919273628421,0.4439229429796533,-29.64969968967211,10.81388149887386,0.4510302985467548,-30.74418744997309,12.942166959482712,0.4547606975554345,-31.318639686733427,12.942166771010836,0.4547606621186985,-31.31863970021281
714,12.948936164378951,0.46767576783894305,-31.28922367095925,6.756962616539159,0.4435362789792688,-29.649673550106453,10.783185079723237,0.4449642461276141,-30.74377741189779,12.896386211079747,0.4457137534510032,-31.318028088060757,12.896386016122708,0.4457137287426411,-31.318028167886258
715,12.916580855846233,0.47107764333485114,-31.279505729675055,6.755474304391613,0.44340038169351853,-29.649613982663595,10.759836408947852,0.4428322190676304,-30.74284320813003,12.861563530935202,0.4425341061424777,-31.316634362951973,12.861563720776584,0.4425340155725468,-31.316634892875985
716,12.8863465189932,0.4741628393530747,-31.269793510436777,6.755043671287841,0.44375470982313237,-29.649450118287415,10.753080376430201,0.4483910588664276,-30.74027192724305,12.851487822786876,0.4508244739555048,-31.312800357586752,12.851487748488442,0.4508244901403578,-31.312800074897453
718,12.82476681470854,0.47754182666539335,-31.247616767883073,6.75198300117768,0.4437413193961765,-29.64770262054504,10.705064089621242,0.44818090564512336,-30.712857395892293,12.77987600637471,0.4505111723704497,-31.271913400481484,12.77987607788111,0.4505110668362821,-31.27191393980842
719,12.794786155223681,0.47622665017841914,-31.23577785491922,6.750889389216967,0.443893843167855,-29.64641636852102,10.687907086561276,0.45057377838291024,-30.69267775242513,12.754288296449115,0.45407983672917035,-31.241818408048893,12.754288059036012,0.45407980623059296,-31.241817943699985
720,12.765365302562547,0.47343214601276834,-31.220641136169203,6.749226131080083,0.4439791593719608,-29.646776751234697,10.661813698173704,0.4519122151253785,-30.698331771866144,12.715372329664874,0.4560760166915653,-31.250250437572195,12.71537228152755,0.4560759558185803,-31.250250369543913
721,12.736898124217817,0.4687478467821941,-31.206980705261,6.74851165881989,0.4436239697345572,-29.64636089591293,10.650604702674269,0.4463399351705378,-30.69180758626057,12.698655514560002,0.4477654918098381,-31.240520491552402,12.698655143512728,0.4477654365515337,-31.240520174611802
722,12.710888564586474,0.4649924561381197,-31.19367694854712,6.7470538501172,0.44390760961470205,-29.64524906960705,10.627734760752833,0.45078980544624125,-30.67436494755456,12.664546536648768,0.45440193621352265,-31.214506612750323,12.664546826178597,0.4544019898047431,-31.21450615769069
723,12.687473952770059,0.46307121962307796,-31.180922508239487,6.745395213952867,0.4436331738710435,-29.644965133662797,10.601713757062,0.44648439654725924,-30.669910810214695,12.625738712146397,0.4479808449542695,-31.207863241207164,12.625739003478897,0.4479808867917078,-31.20786324052195
724,12.653896987438028,0.4622883126139492,-31.167614936828393,6.743761594292675,0.4437847894661338,-29.644428637017143,10.576085060854991,0.44886294680658756,-30.661494284860016,12.58751620956285,0.4515282603143185,-31.195310598187348,12.587516269634984,0.45152826558781706,-31.195310802976007
725,12.62841671705228,0.4623635634779817,-31.154707908630126,6.742331049623166,0.44389505946340563,-29.6431886834365,10.553642448293552,0.4505928652434257,-30.642041532460027,12.554045139975141,0.4541082949198726,-31.166298870369317,12.554045272914388,0.45410827244610014,-31.16629889493704
726,12.606984794139667,0.46286789327859,-31.14200115203828,6.740641363917431,0.44384915296890864,-29.64280438880871,10.527134264975329,0.44987266992819974,-30.636012830430477,12.514510835983465,0.45303420090198726,-31.157307363495725,12.514510868687424,0.45303417044624955,-31.157307666072395
727,12.58757704496361,0.4635867625474877,-31.12939453124965,6.739790945051155,0.44356595542459887,-29.642386400477506,10.513792597147601,0.445429798788203,-30.629455183514693,12.494613219601009,0.4464081060202951,-31.147527510535628,12.494613055146926,0.4464080557303381,-31.147527566816475
728,12.564878642558824,0.4662282913923242,-31.116163253783792,6.738563252806244,0.4438091392115848,-29.642043165035243,10.494532538650619,0.44924509510543154,-30.624070207356695,12.465888375534556,0.4520979817930023,-31.139496683104785,12.465888531519113,0.4520982029969476,-31.139496393135985
730,12.517998874187239,0.4735599607229169,-31.090112686156857,6.736433033435398,0.4436571754063061,-29.64086994753413,10.461112956753883,0.44686094852300595,-30.605665083756627,12.416046715697991,0.4485424192092437,-31.112046408074463,12.416046441476922,0.4485424778235383,-31.112046922626543
731,12.498237788676994,0.4773740023374481,-31.0766925811764,6.73515238768701,0.44374301610936373,-29.63985796427702,10.441021932164539,0.4482076243197096,-30.589788837644488,12.386082895710272,0.45055087109945074,-31.08836860007417,12.386082611895922,0.45055091516797735,-31.08836902950693
732,12.475195109843975,0.4818439334630916,-31.062644958495717,6.7345367691975095,0.4441833793940638,-29.639545185573976,10.431364123075172,0.4551160850218854,-30.58488143345724,12.37167900484218,0.46085424048052476,-31.08105038208471,12.371678919122928,0.460854219423391,-31.081050108458488
733,12.454452693462153,0.4862759560346548,-31.05050468444788,6.733853559882032,0.44431811679108235,-29.63908129701317,10.420645704440467,0.45722991161566384,-30.577603738699548,12.355693662315842,0.46400674937297653,-31.070196581689245,12.355693429287912,0.4640067883497836,-31.070196127144975
734,12.435020625591045,0.4906794279813702,-31.039800643920515,6.732049134536226,0.44423588918367596,-29.639353093629794,10.392337685074239,0.4559399822534862,-30.581868251992255,12.313474745561507,0.4620828346374264,-31.07655592415694,12.313474742814593,0.4620829828510678,-31.076556238297112
735,12.41585558652856,0.4951969236135381,-31.02970314025843,6.73219541565954,0.4444402638102744,-29.638795120016372,10.394632337870814,0.45914619070163076,-30.57311454864398,12.316897347988519,0.4668646757743339,-31.0635007752748,12.316896996619437,0.4668647341805799,-31.063500932224297
736,12.391329944133537,0.4996303766965781,-31.01716232299768,6.731222580542494,0.44442398857775944,-29.638614166893042,10.379370338736358,0.4588908021183199,-30.570275540781612,12.294135505877577,0.4664838771514913,-31.059266937134563,12.294135193750876,0.4664838466875987,-31.059266825228473
737,12.37237089872339,0.5027538388967497,-31.00658416748011,6.730101601599454,0.4445652537058096,-29.63800459584625,10.361784552922487,0.4611069582669838,-30.560712754604975,12.267907478882979,0.4697891181775611,-31.045004540887355,12.267907686695098,0.4697890302967344,-31.04500484998465
738,12.354231059551022,0.504910930991172,-30.996618270873647,6.729454493882767,0.44500133708743506,-29.637717889633365,10.351632318108768,0.46794842938687153,-30.55621473629553,12.252766821007947,0.47999234882358194,-31.038296352176275,12.252766605538598,0.4799924260373556,-31.038296488572964
739,12.33282583951927,0.5071144551038691,-30.986797332763302,6.7280164927190285,0.44450332890699645,-29.637209106057956,10.329072684708432,0.4601354802013816,-30.548232436389753,12.219121288614144,0.4683402369965264,-31.026392123793507,12.219121083499074,0.46834016425857233,-31.02639165649347
740,12.31478136777856,0.5074618309736236,-30.977468490600216,6.727596739084335,0.44489323930035496,-29.636668510375653,10.322487771598212,0.4662524900149214,-30.53975175421116,12.209300132088252,0.47746313835518084,-31.013743573848263,12.209300319338295,0.4774630956841506,-31.013743535219216
742,12.270510852336658,0.5032127946615161,-30.960390090942017,6.725775902427575,0.44493143873374374,-29.635818460224524,10.293922297212955,0.46685186854827676,-30.52641610854136,12.166697232825257,0.47835690694585886,-30.993854584452848,12.166697663482001,0.47835701108145157,-30.993854703147687
743,12.2504007220266,0.4999148696660923,-30.95368766784632,6.724564492163831,0.44509681179216803,-29.635987648734165,10.274917407505281,0.46944621645829276,-30.529070321609552,12.138353345282779,0.48222621159913814,-30.997813160861114,12.138353699545569,0.48222623130483255,-30.997813206492967
744,12.229972064494865,0.4948781579732891,-30.95165443420374,6.723757962053866,0.4445749674173526,-29.635266203523077,10.262264190263323,0.4612594623307441,-30.517752291857125,12.1194826130291,0.47001639406900203,-30.98093319662174,12.119482643796102,0.4700164754305852,-30.980933454383443
745,12.207534968852773,0.4899902194738339,-30.94774436950647,6.723049508894388,0.44432208879483287,-29.634914629797855,10.251150058353115,0.45729234684882425,-30.51223656962643,12.10290662941533,0.46409968405496865,-30.972707274794285,12.102906985694784,0.46409990449117045,-30.972707285518755
746,12.183957278728252,0.48452602326869326,-30.94424629211388,6.722549969323923,0.4440623108314125,-29.634889319636557,10.243313141284684,0.45321679759392564,-30.51183944739912,12.09121868699646,0.45802154719120647,-30.972115082052486,12.091218978125301,0.45802161501520666,-30.972115015936428
747,12.159294307231674,0.478154346346848,-30.94120597839319,6.7219974567877925,0.44413685296121685,-29.634594031275412,10.23464512798521,0.45438616690773315,-30.507207442385404,12.078291313291128,0.45976564149813626,-30.9652060931233,12.078291470513323,0.4597656168046803,-30.96520682625043
748,12.13183325529075,0.47085116803645494,-30.94224166870079,6.720588015568327,0.4436766604037983,-29.634603338470907,10.212533695256923,0.4471666477620825,-30.507352873852636,12.045314010210674,0.44899831808529994,-30.96542385758376,12.04531439664057,0.44899839881761183,-30.965423723287238
749,12.104403674602276,0.46304227411746507,-30.94106674194299,6.7192575774771415,0.44332366727343986,-29.633740554199168,10.191661068164215,0.44162877930330635,-30.493817508668684,12.014185177339252,0.4407391858246678,-30.94523692248545,12.014184882148546,0.4407392009851252,-30.94523702878169
750,12.06977194547631,0.4553828984498941,-30.9378643035885,6.716648878464346,0.44282643429511537,-29.633701587612546,10.150735553962061,0.4338280881480733,-30.49320592207098,11.95314832329911,0.4291052117352574,-30.944325204480258,11.95314841645638,0.4291052208787366,-30.94432490623134
751,12.039193332195065,0.44788379967212116,-30.93786621093713,6.716087185454103,0.4431859824327871,-29.63409852857374,10.141923439773528,0.4394687337969394,-30.499433108359266,11.940006150088085,0.4375177143244149,-30.953612603061817,11.940005996236877,0.4375177009987927,-30.953612155265432
753,11.976140201091546,0.4386620074510522,-30.94094276428186,6.714727707600035,0.4429965664903944,-29.632774721864457,10.120595935709416,0.43649712587809364,-30.478665244847097,11.90819786138077,0.43308586796268683,-30.92263892748806,11.908198076520126,0.4330858337803801,-30.922638885571157
754,11.930789172649169,0.43834300339221594,-30.938945770263313,6.7123043511390055,0.4431410122819221,-29.633521820261784,10.08257777651015,0.4387632619804329,-30.49038572875599,11.851497546827948,0.43646552834165203,-30.940119110371395,11.851497651006028,0.4364655576802679,-30.94011885932218
755,11.898977458476793,0.4388517290353715,-30.93891525268519,6.7123367339160405,0.44323433972994547,-29.633672651921923,10.083085733910142,0.4402273506602541,-30.492752445653558,11.852255220605432,0.4386491508274197,-30.943648183667865,11.852255220581442,0.4386491050398633,-30.943648589798087
756,11.865729510783922,0.4401120096445017,-30.93841934204065,6.70968188733387,0.44324671945692534,-29.633379383942025,10.041436125538684,0.4404216784759174,-30.488151057324906,11.790138632014692,0.4389388046299558,-30.93678646646862,11.790138838123799,0.43893892627448916,-30.93678606195126
757,11.826379001140364,0.44191391766070914,-30.93742370605432,6.708408953729051,0.443335974504268,-29.63244345472769,10.021465942589135,0.4418218441334647,-30.47346818740799,11.760355256370719,0.44102714340352667,-30.91488812765406,11.76035523221855,0.4410271385984223,-30.91488797457428
758,11.79237192869164,0.44378454983233945,-30.936893463134407,6.707193921477918,0.4435328948996393,-29.632824336570952,10.002404694441022,0.4449111648768488,-30.479443670133254,11.731926623629768,0.4456345746828161,-30.923799784138676,11.731927215092238,0.4456345631657535,-30.923799831968502
759,11.758029162883535,0.44554154574870636,-30.937004089355113,6.705431990060631,0.4437498164508831,-29.63280952057796,9.97476273533645,0.44831418631297326,-30.479211193514722,11.690701955617767,0.4507099816180285,-30.923453127971303,11.690701893396419,0.4507098421252245,-30.923453115465904
760,11.710337817668693,0.44736029207705974,-30.934122085570923,6.7045903213039555,0.44381147087466616,-29.63231759318344,9.9615587609013,0.44928151910976344,-30.471494146071027,11.671009069317224,0.45215253671806876,-30.911943290910624,11.671009436299107,0.4521525258939012,-30.911943881905263
761,11.670024096965571,0.4472074061632096,-30.93488121032678,6.702940226477346,0.443739984356465,-29.63259163757593,9.935671506588422,0.44816000708677695,-30.475792856218604,11.632401090171253,0.4504799358714857,-30.91835522555804,11.632401087924361,0.4504798986478209,-30.91835499437527
762,11.629942119121322,0.44572477042674447,-30.93664741516076,6.7005313986345945,0.44354444116611125,-29.632656681592415,9.897881150046802,0.44509223214586835,-30.476813544305383,11.576040707955942,0.4459047276509813,-30.919877088418,11.57604040815003,0.4459046075712776,-30.91987725242397
763,11.584497630595934,0.44410254061221766,-30.938226699828718,6.698247771588835,0.4439067798366512,-29.63271810336615,9.862055162235688,0.4507767461529678,-30.47777715142369,11.522609702696055,0.4543825215391867,-30.921314200104753,11.522609395283098,0.4543825131256741,-30.921314379701755
765,11.500174701213613,0.4386514574289274,-30.943450927734016,6.694919824065258,0.44344373466267917,-29.63317226142986,9.80984605879247,0.44351239820608124,-30.484901883365612,11.444744281559522,0.4435484542285867,-30.931940331869924,11.444744542189497,0.44354843729596155,-30.93194023169694
766,11.456219851970447,0.43782772123813063,-30.944484710692993,6.6925024604615055,0.44350060432612187,-29.63337560481125,9.771921823710791,0.4444044999476324,-30.488091751831604,11.388184184468798,0.4448790582307502,-30.936698044518653,11.388184195457367,0.44487892118611255,-30.93669761351566
767,11.413978755473863,0.4383347779512357,-30.948169708251587,6.6912245319050525,0.4437796450490509,-29.633228756314068,9.751873603449635,0.4487822327939358,-30.48578866903869,11.358283939790756,0.451407894172777,-30.933262167000994,11.3582842044123,0.4514078884059994,-30.93326278718259
768,11.37054365873314,0.4407757669687224,-30.95159530639611,6.688925843984223,0.4436745280370597,-29.633403982782433,9.715811103886677,0.4471330492699809,-30.488536856211372,11.304500548752047,0.44894842618257624,-30.93736201612923,11.304500457029782,0.4489482899002177,-30.937361443860485
769,11.32392996549584,0.44433100521564034,-30.95243263244593,6.688146561581013,0.4437659829368084,-29.63377375886187,9.703585415717342,0.4485677810236476,-30.494338442432774,11.286267342825465,0.451088235850092,-30.946013826275745,11.286267019746017,0.4510880542298137,-30.946013951355287
770,11.282088458537837,0.44651199877261727,-30.95708656311,6.686604614276638,0.4438015718923193,-29.63377468715909,9.679395248823438,0.4491262245066129,-30.494353024508957,11.250189737822723,0.4519209259658552,-30.946035546045533,11.250189713926122,0.451920918939116,-30.94603569911851
771,11.239702403545158,0.44865904748439334,-30.961700439452766,6.6848829417631705,0.44392810337802485,-29.633804994253502,9.652385395893177,0.4511112863410589,-30.494828061093624,11.209907024717813,0.45488143761806693,-30.946744654182936,11.209907117754327,0.45488144761950144,-30.946744170466225
772,11.195492923259504,0.4510956853628113,-30.964117050170533,6.682761694565254,0.4439633300762158,-29.634190148529793,9.619106771718773,0.4516639104320215,-30.500870906113228,11.160275290674468,0.45570565184333695,-30.955756274622733,11.160275252588987,0.4557056332656998,-30.95575649223939
773,11.154669940471424,0.45231415331363295,-30.96757125854456,6.681180689474892,0.4438915221486319,-29.63449450322894,9.594303957782316,0.4505374093862501,-30.505645922839374,11.123283833835682,0.4540255308430372,-30.9628773925658,11.123284242667303,0.4540255653722878,-30.962877970130798
774,11.111821353435284,0.4515825361013354,-30.970476150512333,6.679568826842449,0.44386683655436077,-29.634692591808463,9.569016214899573,0.45015005780386375,-30.50875324154091,11.085570389798423,0.4534479513649008,-30.967512156352722,11.085570007892617,0.45344786776652657,-30.96751223692055
775,11.069282710551985,0.45036803185939284,-30.972324371337532,6.678477364389948,0.4437522726521384,-29.63509677267548,9.551893831732848,0.448353024761331,-30.51509455971421,11.060032972841993,0.4507674504163763,-30.9769689501281,11.06003362128641,0.45076776593307244,-30.9769697026769
777,10.980797946452867,0.44518314301966977,-30.976066589355106,6.673773790398974,0.4438566748994321,-29.635449145494793,9.47810282686584,0.4499906505123116,-30.52062190019499,10.949981426938848,0.45321019474919144,-30.985213568704022,10.94998143929773,0.4532101271328024,-30.985213199043436
778,10.93067377805688,0.440524533390994,-30.977220535277947,6.671249933331481,0.44370274447132,-29.635331594505125,9.43850808320256,0.4475758694991602,-30.51877788578757,10.890929656423694,0.44960861824422566,-30.982463177584393,10.890929689788695,0.4496087136542747,-30.982463029025823
779,10.882769763469467,0.437010124325748,-30.977970123290646,6.670439959633919,0.4439622975453049,-29.634511871640857,9.42580103572885,0.45164783414879484,-30.50591800020636,10.871978353068286,0.4556814932730354,-30.963283768777877,10.871978351429288,0.4556816570364758,-30.963283747338473
780,10.836808383464597,0.4352438896894399,-30.977273941039687,6.667692444863804,0.44330640725092907,-29.6351664788208,9.382697352059523,0.441357992551059,-30.51618745466443,10.807693566983719,0.4403353456462681,-30.97859989482377,10.807693355607526,0.4403353486051209,-30.978599650313104
781,10.788096606731187,0.43492530286311587,-30.973831176757457,6.665547415183055,0.4433889312640088,-29.634855294000104,9.349046090207338,0.44265286777903623,-30.51130558423207,10.757505383949397,0.4422661955129819,-30.971318969585845,10.757505737209051,0.4422665303866784,-30.971318810402668
782,10.742710292339103,0.4366163164377158,-30.971330642699836,6.66382624164463,0.4437351357470818,-29.63511097620654,9.322043300991588,0.4480839602395469,-30.51531652372063,10.71723434557842,0.4503664908700625,-30.977301276259976,10.717233675887623,0.4503664820940538,-30.97730074063029
783,10.693939387798082,0.43850500881671417,-30.968616485595334,6.661257835261784,0.4439232018055692,-29.635205679887672,9.281750342995993,0.45103440182696886,-30.516802139671835,10.657140235550168,0.4547667534168324,-30.979517099064303,10.657140606899265,0.4547667817662311,-30.979516393843333
784,10.64545553922631,0.4403935521840999,-30.967168807983047,6.658926660891819,0.4436901271071302,-29.6350087331149,9.245177761274164,0.447377866914893,-30.513712574826656,10.60259674507321,0.44931340434156875,-30.97490905062166,10.602596121067954,0.4493134118559421,-30.974908605221664
785,10.5988351702688,0.4424891918897571,-30.96601867675747,6.657247411422574,0.44385667065291634,-29.634413977923828,9.218833581213156,0.44999068754471017,-30.504382241767452,10.56330662220026,0.4532100953916335,-30.960993307330003,10.563306311915175,0.4532101823630609,-30.960993311430816
786,10.553395450114984,0.44479756057261916,-30.96336364746057,6.655571589208495,0.4439573543487268,-29.63457864995867,9.192543534407351,0.4515702035910595,-30.506965725722655,10.5240966882921,0.45556583517428495,-30.964846209832668,10.524097237302655,0.455565878530909,-30.964846329111158
787,10.506429851054923,0.4470411986112538,-30.958259582519172,6.653680973907794,0.4439444252446386,-29.63462157316528,9.1628825491336,0.4513673892392941,-30.50763901512385,10.479861148051976,0.4552633273589988,-30.965850502579404,10.479860732389986,0.45526340044444535,-30.965850475454538
789,10.41894167661645,0.4500355869531593,-30.948068618774048,6.649477966967224,0.4440153249098253,-29.63483270549641,9.096945279520067,0.4524795641461006,-30.51095113332519,10.38152158495826,0.4569221973529183,-30.970790456638905,10.381521640675167,0.456922102280363,-30.970790180988004
790,10.372610270976788,0.448600783944125,-30.94196128845178,6.647931947997497,0.44411361322834586,-29.634173924240006,9.072691239781962,0.4540216676055676,-30.500616157846657,10.345348713448123,0.45922189146173087,-30.95537666792882,10.345349074655376,0.45922200117552653,-30.9553765597172
791,10.326507747173086,0.44722671806811876,-30.935585021972294,6.646909423164502,0.4443507496441747,-29.63402623966802,9.056649162916052,0.4577418321762179,-30.498299043173848,10.321424259658016,0.4647702742876339,-30.951921228408914,10.321423860926341,0.46477026859775394,-30.951920806185722
792,10.280187785625236,0.44557546079158317,-30.928777694701797,6.6433072868704794,0.44422130416285677,-29.633706841563775,9.000138060634761,0.4557110793563336,-30.493288405806084,10.237143525800821,0.46174158262538967,-30.944448133439426,10.237142990597357,0.46174159620996463,-30.94444792278387
793,10.233637034892814,0.44320105016231065,-30.921833038329723,6.641183976391352,0.4438358729751711,-29.634502831630833,8.966827513655169,0.44966433928988714,-30.505776108701692,10.187463516278557,0.45272348317049005,-30.9630722557709,10.187463515640381,0.4527234653492974,-30.963072129815135
794,10.190134227275621,0.44263119995593614,-30.914661407470334,6.640418538906894,0.4441814335904912,-29.63345259155701,8.954819281010804,0.4550854891888304,-30.489299908744282,10.169554245877288,0.4608087136765255,-30.938499336557687,10.169554392343827,0.4608085886829839,-30.938499463275864
795,10.147626101970452,0.44365696609019767,-30.908174514770142,6.637922937277944,0.44446017469321525,-29.63342511976164,8.915667616444807,0.4594585521495479,-30.488869172606766,10.111163580023756,0.4673305392756082,-30.937856567132744,10.111163452665712,0.467330591217957,-30.937857061781525
796,10.105020701884992,0.444474235177035,-30.903440475463473,6.636016183394635,0.4446402704824974,-29.632930610099898,8.885754242422188,0.4622840368399683,-30.4811108043513,10.066550438417487,0.47154431800199204,-30.92628631165406,10.06655053422442,0.47154452970431854,-30.926286202206914
797,10.064595401286864,0.4474055320024439,-30.89753723144496,6.634196022975923,0.44449897934791655,-29.632526669571547,8.857199163211801,0.46006723206338185,-30.474773587777555,10.023963361387269,0.46823846848992606,-30.91683514118596,10.023963381770997,0.4682383787290613,-30.916834853591563
798,10.022921741008542,0.4508747905492746,-30.893186569213512,6.63253436275362,0.4444137554885486,-29.63232452958471,8.83113021734722,0.45873014593586026,-30.47160234315366,9.98508478169849,0.466244449157124,-30.912105584877743,9.985084057933184,0.4662442434532814,-30.912105247440937
800,9.948438823222892,0.4599703401327101,-30.88237380981409,6.628885277090391,0.4449595723272596,-29.63186270579681,8.773883172049544,0.467293166102437,-30.46435712214306,9.899705553234813,0.47901516074693995,-30.901300094862904,9.89970559942366,0.4790151639122624,-30.90129969759589
801,9.913374125957269,0.46432168781756916,-30.876548767089467,6.627607775549442,0.4450904276517744,-29.631618087299845,8.75384129367668,0.4693460198286995,-30.46051963581519,9.869815299622386,0.4820768391175043,-30.895576650563086,9.86981506669463,0.4820767976748864,-30.895576456064013
802,9.875103175639877,0.46764211356639235,-30.871316909789662,6.6258781897271515,0.44513933941286293,-29.631402656813492,8.726707713342233,0.47011336795788916,-30.457140470326085,9.829347435423697,0.48322124865182087,-30.89053613071515,9.829347943007223,0.4832212235586978,-30.890536755953583
803,9.839425265788806,0.46901877224444904,-30.86603736877405,6.624562240218367,0.4452104567921946,-29.631345206972743,8.706063065643665,0.47122919364642013,-30.456238877569938,9.798557598153137,0.48488521259733347,-30.88919195205476,9.798558437840441,0.4848853701842001,-30.889192117128594
804,9.804084956645744,0.4683461040258352,-30.86081695556604,6.622945596210812,0.4452757025498149,-29.630951773313267,8.68070025942227,0.4722526919460457,-30.450066233883575,9.76073228222363,0.4864117956814959,-30.8799866153217,9.760732253320375,0.4864118193948932,-30.879986213136
805,9.763331592082753,0.4666969627141901,-30.856477737426403,6.621306058195206,0.44519640912068936,-29.63104662919471,8.654978812631352,0.47100872523367576,-30.451554399309593,9.72237130533017,0.48455653317856284,-30.882205999222354,9.722371190907035,0.4845565627648428,-30.882205668645362
806,9.726742923259513,0.4629325121641112,-30.85051345825159,6.619860765496136,0.44499850868999463,-29.630366739491212,8.632304720403194,0.46790406340771906,-30.440888228803544,9.688555169744703,0.479926171590834,-30.866298327086753,9.688554964541524,0.47992625844930614,-30.866298101865784
807,9.690107524394763,0.4596498161554287,-30.844230651855103,6.61892351334707,0.4449735090314781,-29.630311816872187,8.617601089782976,0.46751178888834544,-30.44002620017875,9.666625877656674,0.4793412438163216,-30.865013278921207,9.666625914573617,0.4793412187568201,-30.865012469134985
808,9.65303152799584,0.4581346064805943,-30.837697982787727,6.6164233455573935,0.4448216823646629,-29.63026644641157,8.578377962484717,0.46512980848851815,-30.439315153895997,9.608128375374566,0.4757888899202446,-30.863951726718835,9.608128395108029,0.4757887242362791,-30.863952012036552
809,9.618470370769273,0.45623289048671223,-30.829896926879513,6.615894739187807,0.44488811879033463,-29.630172827623355,8.570085364684012,0.4661723695173845,-30.437846624595366,9.59576034454122,0.4773433315774771,-30.86176128762113,9.595760783581843,0.47734360367300577,-30.861761841918394
810,9.584594905376216,0.4551542848348559,-30.821752548217415,6.614543235284324,0.44485621714333806,-29.629395493584422,8.548882334055897,0.46567166810093175,-30.425651100143476,9.5641386257891,0.4765969150066822,-30.84357366841244,9.564138504015348,0.47659685569871324,-30.84357339091619
812,9.509613215923094,0.45779030025004946,-30.808668136596324,6.612333710923196,0.44488391947490935,-29.628302714362686,8.514218957806328,0.46610629905323553,-30.408507262531273,9.512441432948226,0.4772450783863573,-30.818005442439286,9.51244141440077,0.4772450659344602,-30.818005007069367
813,9.474484622478258,0.45977486670016743,-30.80093383789025,6.610817528153945,0.4447335493788092,-29.62749957724454,8.490432877482661,0.4637473223696401,-30.39590834229996,9.476966651867322,0.4737268045024595,-30.79921409747611,9.476966764810413,0.4737268792427627,-30.799214930085647
814,9.435919940471424,0.46142916381358706,-30.79542922973597,6.608322700249356,0.44461500415765065,-29.627514603186086,8.451293996902272,0.4618876174319325,-30.396143392719036,9.4185940891758,0.4709531509205319,-30.799565665900218,9.418594891216483,0.47095330830930393,-30.799565485164045
815,9.402184665202878,0.4633380025625186,-30.78762245178187,6.606226476145575,0.44489247260255865,-29.627106869593423,8.418407508358268,0.4662405568573391,-30.389746937579595,9.369547831240208,0.47744519959672105,-30.790025747473287,9.369547858604088,0.4774452985280837,-30.790025787929178
816,9.368215739726791,0.4643421322107254,-30.778718948363878,6.605138880277917,0.4447076284486936,-29.626867490250586,8.401345017454226,0.4633406752730004,-30.385991608668228,9.344100882434201,0.47312032133966864,-30.78442488591844,9.344100795543541,0.4731204042345253,-30.784425076277042
817,9.335103213786855,0.46466825902461606,-30.770654678344357,6.604140217991981,0.4450635079353137,-29.62623699435744,8.385678052806757,0.4689236129020433,-30.376100353925636,9.32073475093222,0.4814469869205442,-30.769672902031424,9.320735025586876,0.48144681839693204,-30.76967322177947
818,9.30308359861351,0.46439690887927515,-30.7633857727047,6.602724920656156,0.4450746446082507,-29.625973494466187,8.36347473626028,0.4690984162289584,-30.37196704378836,9.287620429775805,0.4817075564524123,-30.763507681619526,9.287620915842348,0.48170752073565964,-30.763508787506442
819,9.270505130290754,0.4630712717771475,-30.756118774413697,6.600193339638564,0.4447517618887149,-29.626352427094258,8.323758279968693,0.4640329679688102,-30.377910954888804,9.22838793867444,0.4741529304385552,-30.772373731477018,9.228387643662025,0.4741528921629118,-30.772373558860753
820,9.236525714397201,0.4605561941862058,-30.748840332030888,6.599627684030182,0.44442623318788466,-29.62619193306116,8.31488429636785,0.4589261010149779,-30.375393578933377,9.215153050848565,0.46653639526106183,-30.768618583480123,9.21515295116848,0.46653649159473887,-30.76861913489973
821,9.203487575053948,0.4579469114541955,-30.74288368225062,6.598659909153426,0.4444728363510886,-29.62508382454119,8.299701920430678,0.45965718622162544,-30.358009714152598,9.19250960535849,0.46762678953665016,-30.74269169131572,9.192509898635594,0.46762683481958334,-30.742692773631592
822,9.16956347227075,0.45514978468417616,-30.737993240356094,6.596702418074281,0.44462087331485234,-29.624934204153277,8.268991918393198,0.46197971736832955,-30.35566155370668,9.146709343735118,0.47109047411868615,-30.73919095867712,9.146708886178955,0.4710906665005873,-30.739190718317413
824,9.103829562663813,0.4503385871648754,-30.729335784911758,6.594039439428738,0.4444605256946454,-29.62542005940347,8.227215149998699,0.4594641281213532,-30.363283664812815,9.084402485756216,0.46733875180720086,-30.75055872316244,9.08440285678504,0.46733890724326366,-30.75055836346742
825,9.07358378171899,0.44935049116611014,-30.724920272826793,6.592554749124106,0.4444836979029119,-29.62479044744833,8.203922925101455,0.45982752354529643,-30.353406446150675,9.049664547429794,0.46788092194136205,-30.735827421153562,9.049664745033716,0.467880876544288,-30.735827442432985
826,9.041547954082262,0.44907759130000613,-30.722454071044567,6.591752298561845,0.44438204035424306,-29.62483761622272,8.191333759538423,0.45823270802189,-30.354146373776004,9.03088926611031,0.4655023965040668,-30.736931049277633,9.03088921619893,0.46550236267885653,-30.736930973274283
827,9.014887034892805,0.44967089593409953,-30.718141555785753,6.590168006130089,0.4444974631242018,-29.62475903109878,8.166478987405295,0.4600435296526073,-30.352913348651086,8.993820893929483,0.46820299275082655,-30.735092359296036,8.993820715627455,0.468203028864551,-30.735092034968876
828,8.989716708659905,0.45070408284663616,-30.71421623229945,6.589590707844995,0.444672923912132,-29.624765920433695,8.157421997261213,0.4627962180585725,-30.35302160361034,8.98031359738357,0.4723083243548679,-30.735253552031452,8.98031308648753,0.47230839869868446,-30.735253486821964
829,8.963419139385,0.45161224901675756,-30.710395812987908,6.5880578828450345,0.44452940259982343,-29.624316038775977,8.13337528578031,0.4605446948637435,-30.34596412899084,8.944449430865026,0.4689502944142508,-30.724727477178543,8.944449730609733,0.4689504685439775,-30.724727942650212
830,8.93916720151879,0.45259399712085296,-30.70705413818324,6.587581234036302,0.44421426332627617,-29.62447213882181,8.125897427039668,0.4556005794335365,-30.34841295421684,8.93329707345455,0.46157684514031355,-30.728379817163496,8.933297223979771,0.46157679620981124,-30.728380129795735
831,8.913874804973387,0.4550221115350674,-30.70385360717738,6.586528244137762,0.4443455284837111,-29.62383594714834,8.109377508638477,0.4576597752827418,-30.338432088304824,8.908659815408443,0.46464811254817234,-30.713494566651725,8.908659355589137,0.4646478886384279,-30.71349462886329
832,8.892864406108632,0.45686702430247705,-30.699859619140263,6.5858209688097675,0.44423477960949803,-29.623746535437313,8.098282198165212,0.45592257721440643,-30.337028933349668,8.892111390025049,0.4620568734526319,-30.711402562350514,8.89211176784961,0.4620570249103706,-30.711401958289663
833,8.874424159526598,0.45933462679385617,-30.695322036742787,6.58447787657429,0.4443629313174067,-29.623984583661855,8.077211056422943,0.45793280920998103,-30.34076373615338,8.86068648269109,0.4650552941413536,-30.71697227915751,8.860686187863152,0.4650550924636606,-30.7169720572277
834,8.85775583982445,0.46240366995334103,-30.69050788879358,6.584576163476401,0.44439337413175906,-29.623735552414544,8.078753397201583,0.4584105329771009,-30.336856886297213,8.862986143659542,0.46576757777663724,-30.711145587837812,8.86298644069702,0.4657675714853807,-30.71114536666903
836,8.825015246867912,0.4682723730802496,-30.681509017943988,6.582669744776232,0.44475182778066585,-29.622971208394937,8.048844928171139,0.4640340287150442,-30.324865351314617,8.818380844477515,0.474154472140903,-30.693261901704428,8.818380837579493,0.4741544741638317,-30.693261146327988
837,8.81104582548119,0.4705937355756716,-30.677520751952756,6.581767111832477,0.444725317879612,-29.62282516405453,8.034684452575918,0.4636182252508627,-30.322574976634645,8.797261552842274,0.4735342085714737,-30.68984483938902,8.797261851057218,0.47353434331463007,-30.68984527292232
838,8.798355281352764,0.4727520793676315,-30.67404556274376,6.581389355940543,0.4448312022247101,-29.622393270414346,8.028757785078325,0.4652791660927844,-30.31579852018121,8.788423035586883,0.4760116301847722,-30.679739637927515,8.78842279687701,0.4760114767286151,-30.679738840299596
839,8.785631358623288,0.4752185791730832,-30.669895172118785,6.580810814291091,0.4447366437911013,-29.62231013776157,8.01968163871003,0.4637957646950648,-30.31449450601931,8.774886647509698,0.4737992057992308,-30.67779454745578,8.774886598072296,0.47379912630896265,-30.67779402867764
840,8.774029910564204,0.4784669131040507,-30.66587448120082,6.580087307949116,0.44502304756807004,-29.62234840853184,8.008330923719761,0.4682888603401938,-30.31509555611019,8.757958458103534,0.4805003182869661,-30.678689985146164,8.757958099076216,0.480500146040588,-30.678690437042114
841,8.770140826701889,0.4832611531019152,-30.663927078246715,6.5799663718464805,0.44510569777364034,-29.621349821010227,8.006433842701712,0.46958551902791035,-30.29942966111904,8.75512886403825,0.4824341207337174,-30.655325602937285,8.755128785316067,0.4824339876807035,-30.655326262374903
842,8.762655436992418,0.4879621714353517,-30.660861968993757,6.579037022707734,0.4454114735959921,-29.621828389393087,7.991854294162023,0.4743827459673433,-30.30693708265109,8.733384482085492,0.48958848930837573,-30.666522873450077,8.733384791829401,0.48958858996767574,-30.66652285906308
843,8.754491984843991,0.4919879883527714,-30.65773773193324,6.579171121741047,0.44540083689654286,-29.621472897504223,7.993957471381825,0.47421580023935905,-30.30136017770176,8.736522054907464,0.4893396178714758,-30.65820527666082,8.736521478239423,0.48933960648152497,-30.658205442061867
844,8.745194613933338,0.49447111785411385,-30.65737915039026,6.578329427955977,0.44583477437352464,-29.62109007400196,7.980753052774043,0.481023336743547,-30.295353941100075,8.716828583006809,0.49949263986257936,-30.649248190344494,8.71682835870138,0.4994923920087544,-30.649247718220767
845,8.735260188579336,0.4962053149938533,-30.656574249267216,6.577393860239359,0.44619638143781504,-29.620792310225948,7.966075941792797,0.4866965329623627,-30.29068275309124,8.694938702310006,0.5079533160443535,-30.64228128306791,8.694938860222704,0.5079534181711687,-30.642281090868586
846,8.717489421367421,0.49492530524730205,-30.65776062011681,6.577473234228433,0.4462106592296822,-29.62058232297554,7.967321215791951,0.4869205348936516,-30.28738892525179,8.696795849708776,0.5082873796883149,-30.637368120955074,8.69679606654518,0.5082874954933634,-30.63736866364958
848,8.691974818706287,0.491587087512011,-30.657588958739858,6.576404008776916,0.44622628864004615,-29.62081302462698,7.950546611742315,0.4871656718481674,-30.29100803175594,8.671778721439015,0.5086530677322162,-30.64276594682787,8.671778359021264,0.5086530936686307,-30.642766212691622
849,8.67339628934837,0.4883107393979986,-30.654716491698846,6.575520901676185,0.44602924629532,-29.62109478444974,7.9366925515524,0.48407451400396306,-30.29542780643056,8.651116284360336,0.5040427831513625,-30.649358402719425,8.651116361586068,0.5040429292422317,-30.649357881252268
850,8.659130275249257,0.48506830632686077,-30.652324676513313,6.574620216709682,0.446105956510321,-29.6210301901786,7.922562301690671,0.4852779295264089,-30.294415069062655,8.630042570387591,0.5058376050811592,-30.647847062745026,8.63004245383632,0.5058377076752251,-30.647847480935585
851,8.64752596616723,0.4822314828634232,-30.651002883910767,6.574634332892084,0.44572991804341155,-29.621079459601727,7.9227837142422874,0.4793785358238605,-30.29518745528303,8.630372852785326,0.4970392711585223,-30.648999840652046,8.63037266934794,0.49703932973544984,-30.648999420647524
852,8.630470454692617,0.4799944609403556,-30.648660659789666,6.573733033612719,0.4454026390675789,-29.6210103978469,7.908643970033162,0.4742440990828518,-30.294104263228945,8.609284765470054,0.48938178404317356,-30.647383973038067,8.609284601692801,0.4893818114830661,-30.647383943947084
853,8.615966975688714,0.47735165059566087,-30.647481918334602,6.573188835393647,0.4454241723585818,-29.620549671957733,7.900106483673645,0.4745818638170254,-30.28687685076475,8.596551925420851,0.48988560772444306,-30.636604171032698,8.596551762449634,0.4898855550770397,-30.636604953835068
854,8.60229510068871,0.4742989987134887,-30.64715576171838,6.572504804438131,0.4452571395010562,-29.620812794427753,7.889375588324886,0.47196146516246795,-30.29100404035174,8.58054735862877,0.48597746803692465,-30.642760560757463,8.580547664796383,0.48597748267534263,-30.6427602598964
855,8.584013164043201,0.4708968847989991,-30.647054672240838,6.572068130322462,0.44522645290303026,-29.620103199524195,7.882524251281922,0.4714800308641405,-30.27987218902208,8.570330306323974,0.4852594804900627,-30.62615786326585,8.570329554981006,0.4852594697534341,-30.62615817498631
856,8.567970454692613,0.4677842110395381,-30.646877288817986,6.571631571137434,0.44492942420215686,-29.619841454904655,7.875675993338837,0.46682019888441273,-30.2757656891399,8.560115943100888,0.4783097720829152,-30.62003371170212,8.560116037346763,0.4783097788257401,-30.620033725628495
857,8.55226725339867,0.4653974622487957,-30.646488189696893,6.57142809615816,0.44510344124963747,-29.62002084465961,7.872484157094618,0.46955031692321625,-30.278579529676854,8.555355151399784,0.4823813238700214,-30.6242309710393,8.5553557207762,0.48238148712946205,-30.624230297980613
859,8.517597377300033,0.460864469408983,-30.648939132690064,6.569731194951176,0.44468216237296226,-29.620315246008566,7.845862854919527,0.462941108174433,-30.28319845517279,8.515652023218566,0.4725244806007541,-30.631119206162406,8.515652610660963,0.4725244883620219,-30.631118980824642
860,8.502206981181873,0.4593311399221365,-30.648168563842415,6.569019774998906,0.44455257658728803,-29.620402026885703,7.834701501807802,0.4609081045001697,-30.28456041827041,8.499006624276435,0.46949250617707494,-30.633149655710323,8.499006526682228,0.46949245904155235,-30.63315021770712
861,8.483109652995838,0.4576727002859066,-30.647745132445923,6.567808816911406,0.4445141462561846,-29.6201379446476,7.815704197073587,0.4603052449798082,-30.280417686836973,8.470673316496228,0.46859333517314905,-30.626970809878454,8.470673875003717,0.46859335208714764,-30.626971732477596
862,8.464421451091543,0.4557726234197557,-30.64701461791955,6.567487829642019,0.44419330817793923,-29.620053239350888,7.810667950649875,0.4552720439059794,-30.27908754274504,8.463163039145627,0.46108654851193337,-30.62498892357946,8.46316279815958,0.4610868170892718,-30.62498795057978
863,8.4463989138601,0.4541356414556452,-30.645954132079726,6.566729774886742,0.44451977557555805,-29.61983494618735,7.798775486021004,0.4603936050179718,-30.275663687767835,8.445426505637808,0.46872504678236815,-30.619881424440834,8.445426331716424,0.4687251325801499,-30.619881600398845
864,8.425680339336166,0.4543931931257193,-30.64385986328088,6.566357803156208,0.44410888171017754,-29.61944328074822,7.79294018480186,0.4539473607698239,-30.269519314775547,8.43672332289718,0.45911118609387797,-30.610717459520625,8.436723541547279,0.45911117968142967,-30.61071785942564
865,8.406536281108634,0.4531262367963739,-30.642271041869748,6.564884196469898,0.4441067210574956,-29.619228547997196,7.769821927238135,0.45391346099646035,-30.26615043965333,8.402244712760975,0.4590606323727583,-30.60569326488653,8.402244885330987,0.4590606214320292,-30.605693506407068
866,8.386150538921129,0.4511454254388753,-30.641199111938096,6.5647286969554255,0.444025473388464,-29.61913942840929,7.767382306879129,0.45263887435664296,-30.264752294580845,8.398606423666818,0.45715964567729794,-30.603608095515717,8.398606426358697,0.4571596981271042,-30.603608307591287
867,8.362049281596914,0.44744135439395394,-30.64153861999475,6.56319154139468,0.44411632764205655,-29.619447305675855,7.74326754571,0.45406426951068,-30.269582188839546,8.362640933152978,0.45928540176807564,-30.610811632485476,8.36264158092013,0.45928553781692266,-30.610811630040992
868,8.337023913860095,0.44303400814532745,-30.641347885131484,6.561903497973808,0.44379015610151984,-29.619006968917393,7.723060067456776,0.4489469556671344,-30.262673829784994,8.33250402663693,0.45165382579317936,-30.600508883750184,8.332504071907154,0.45165355671816854,-30.600508477383226
869,8.310195147990953,0.4375384300947139,-30.640621185302365,6.561848601676261,0.44341864949195825,-29.619154564561047,7.722198876895888,0.4431189199395815,-30.2649895908387,8.331219594326297,0.4429615256882094,-30.603962242575594,8.331219689068018,0.44296160233048765,-30.603962212122088
871,8.252684772014387,0.4278829842805807,-30.636287689208597,6.558828085837775,0.44324765750238815,-29.619232646920235,7.6748126586620105,0.44043648747098096,-30.26621412430923,8.26054728469791,0.4389607524835465,-30.605789169153773,8.26054770510156,0.4389610124653839,-30.60578848594222
872,8.222453296184316,0.4239241033792447,-30.633213043212532,6.557648923003408,0.44289771455864424,-29.619219409250594,7.656313505472811,0.43494646720701047,-30.266007135618864,8.232957904145463,0.43077298675246556,-30.60547944169739,8.232957998509496,0.43077317561045914,-30.605479782231477
873,8.192452609538812,0.42274965345859106,-30.63104248046838,6.555574039559337,0.4430328112075017,-29.619009915178854,7.623762157385925,0.43706570194765826,-30.26272018086054,8.18441096281382,0.43393390121487674,-30.60057781869822,8.184410795634413,0.43393381026741823,-30.600577605551496
874,8.160378634929431,0.423160031437869,-30.628677368163693,6.554318945902357,0.4430096483269277,-29.6185178065782,7.604071696133122,0.4367024670524815,-30.25500011966127,8.15504499611086,0.433391949324755,-30.589063741879606,8.155044367718979,0.43339208037959953,-30.58906387726446
875,8.125937163829583,0.4246665686368899,-30.626140594482063,6.553842217072883,0.44310815499403067,-29.618645336759858,7.596593362426103,0.4382479088229978,-30.257000553624383,8.14389076642066,0.4356967522293643,-30.592047620450998,8.143891152722377,0.4356969580444084,-30.592047331995317
876,8.089384257793204,0.42723871767520394,-30.62355995178187,6.551888196165811,0.44296892267880206,-29.61838120015518,7.565938526051917,0.43606350052655496,-30.25285667722096,8.098171697907459,0.4324390738001578,-30.585867502581053,8.098172414543308,0.4324391233013936,-30.58586713915325
877,8.055880725383535,0.43103961646556377,-30.620174407958626,6.550323344717775,0.4432237541584636,-29.61824601849335,7.541388345186341,0.44006126851528293,-30.250736151512207,8.061558194793532,0.43840147565358706,-30.58270459903341,8.061558182533016,0.4384014095046639,-30.582704579141602
878,8.01960963010766,0.43400169908999825,-30.616769790649045,6.548601867671107,0.443188158928118,-29.618180711084058,7.51438149586315,0.4395028548879991,-30.24971130493667,8.021280055109523,0.4375686387228141,-30.581176573458563,8.021280065952093,0.4375685893222371,-30.581176119107152
879,7.982138812541737,0.4360985010862297,-30.613187789916623,6.5470961294839,0.44311410951460417,-29.618005541008593,7.490758722309837,0.43834107419158874,-30.246963700333367,7.9860496504118395,0.43583607271108415,-30.57707804377923,7.9860489726927995,0.43583590522526994,-30.577078331275416
880,7.947145164012683,0.4361743181943843,-30.608963012694957,6.545847942813591,0.4431489401320631,-29.61748511212154,7.471177426421647,0.4388876624366853,-30.238798537161802,7.956845289449992,0.43665101966492564,-30.564901345025802,7.956845354412426,0.4366510889882591,-30.56490077623407
881,7.908530414104241,0.4343480318784672,-30.60457992553676,6.543862513353449,0.44328633106632287,-29.617592514519703,7.440029163206297,0.44104300252920403,-30.240483244015625,7.910391341496931,0.4398656145107555,-30.56741428518033,7.910390717587992,0.43986557130269394,-30.56741335436752
883,7.825986564159175,0.42324317991733,-30.592609405517216,6.54010093225899,0.4428859290530836,-29.6168356788834,7.381017035300181,0.43476148745713106,-30.228610760194837,7.822380008991134,0.4304972362043317,-30.549706275924038,7.8223798082424985,0.4304972961162763,-30.549706687376634
884,7.780503451823964,0.41421864926814517,-30.58601760864221,6.538138674123263,0.442762215843229,-29.61655306728141,7.350232961536482,0.4328206956336955,-30.224177316738803,7.77646821049235,0.42760266496568183,-30.543093890587066,7.776468324934992,0.4276027918966927,-30.54309463314402
885,7.7342922091481885,0.4032957106828632,-30.577527999877574,6.536714980226679,0.44234541565962987,-29.616483212721068,7.327897882350477,0.42628181210246363,-30.223080584721266,7.743157431388532,0.4178506116067241,-30.541459473361204,7.743157703894667,0.4178506764230131,-30.5414589628912
886,7.687244117259754,0.3942080885171839,-30.569356918334584,6.534085154281098,0.44181799514898856,-29.61584494854542,7.286640292799292,0.4180074192599381,-30.213068254340783,7.681626261405311,0.4055103268257327,-30.526525731623636,7.681625979778909,0.40551021583987523,-30.526526535732224
887,7.640353858470695,0.38766990602015916,-30.560558319091445,6.532633500007205,0.44182098517160506,-29.6158942579731,7.26386665853558,0.4180544211652839,-30.21384179783254,7.647661281314546,0.405580285672317,-30.527679445534403,7.6476612960474615,0.405580314658156,-30.527680201403058
888,7.592273414134753,0.38563109934329404,-30.549442291259382,6.5298846668264225,0.44182955954279357,-29.615389220827037,7.220742088004845,0.41818901894216975,-30.205918283373375,7.583345647807896,0.4057809039269151,-30.515862873972164,7.583345149482096,0.4057810542884648,-30.515863042159573
889,7.5442988276479355,0.38641221821307487,-30.539335250854112,6.52877668312223,0.4416669318910967,-29.615067238134607,7.2033602146436575,0.4156376349496016,-30.200866597147723,7.557421676012007,0.4019758347369369,-30.50832930628003,7.557421758224622,0.4019759106130375,-30.508328938336792
890,7.494865596294179,0.389019981026644,-30.52864265441859,6.5261564952399125,0.44163521938191114,-29.61444630182919,7.162254192455888,0.4151400214571912,-30.191125356456016,7.496116011944878,0.40123384350494395,-30.493800992183257,7.496116082244299,0.40123376798026716,-30.49380081535851
891,7.44426077604271,0.39148266613483024,-30.51575469970667,6.5236447646561055,0.44140671299507306,-29.61397317555103,7.122849875247299,0.4115551220475806,-30.18370296284895,7.437347969989855,0.39588738118320177,-30.482731052937307,7.437348335465476,0.39588723552758376,-30.48273102963722
892,7.391946017741938,0.39254458248614854,-30.50345420837368,6.521412419918413,0.44199121585941553,-29.612871283718555,7.087828520941446,0.42072513838055925,-30.166416902906633,7.3851168389726265,0.4095632463719131,-30.456949615286977,7.385117356032358,0.4095634323504209,-30.456950534872746
893,7.338309466838614,0.3930424004793116,-30.491121292113903,6.520088348671809,0.44181243341241083,-29.61270589304415,7.06705610629243,0.4179201528603713,-30.163821409561216,7.354136973905312,0.40538019648028545,-30.453079898465035,7.354137298755486,0.4053800664035865,-30.453079606342698
895,7.230580031871575,0.3933850973844489,-30.462100982665643,6.51476310117369,0.44148050481785484,-29.611607186005557,6.983512901736891,0.41271293399773845,-30.146585396553238,7.229539865279124,0.3976139202336624,-30.427372976808428,7.229540649499468,0.3976140006214741,-30.427373751764193
896,7.175596892833489,0.3929398506879772,-30.447666168212525,6.5117574305755985,0.4413998878224946,-29.610976800748606,6.9363588203204944,0.411448128836325,-30.136695462051502,7.1592148961322,0.39572768968164335,-30.412623581524077,7.159214875255046,0.39572766545020266,-30.412623866278793
897,7.120079219341054,0.39281909167766216,-30.43331718444788,6.509690687451766,0.4414229222914444,-29.61032432739362,6.903935281327653,0.4118096147097692,-30.126459189635995,7.110858417378211,0.3962666370697041,-30.397357381499457,7.110858287343168,0.39626678684043604,-30.397357451127142
898,7.063062369823233,0.3932908624410569,-30.418588638305305,6.507447275192974,0.4415624865936517,-29.609695137201392,6.868739970248431,0.41399902859829685,-30.116588108668388,7.058368334804449,0.39953208314119687,-30.38263594765906,7.0583678681244635,0.3995320869422987,-30.3826356838734
899,7.003365218639146,0.3950083404779381,-30.403739929198853,6.505328414065277,0.4413566149871475,-29.60869102751767,6.835499191545942,0.4107692782806347,-30.100835610572375,7.008792428673358,0.3947152165208734,-30.35914236104555,7.008792445838171,0.39471522518011026,-30.359142349010114
900,6.942872226238029,0.3985644131898829,-30.388593673705696,6.5020621729220665,0.4415526895285896,-29.607957670913837,6.784257629440512,0.4138452921361757,-30.089330454526397,6.932370778287414,0.39930285699157686,-30.34198370082143,6.932370587532075,0.3993028038049008,-30.341983516043115
901,6.88307350873924,0.4031686931848462,-30.373378753661733,6.497993820866769,0.44155365940755065,-29.60790505187208,6.720433029193698,0.41386043126823724,-30.088505283623462,6.8371817935233405,0.39932554966723277,-30.34075255044512,6.837182338850864,0.399325382363355,-30.34075285305722
902,6.823370158672111,0.4068223387002891,-30.358730316161754,6.49667706390712,0.44204317010301103,-29.607235664617676,6.699775064703651,0.4215401722889225,-30.07800275704009,6.806373063977203,0.41077884217945865,-30.325090608633126,6.80637297297122,0.41077897698451005,-30.32508934543895
903,6.762423694133539,0.4104500561952543,-30.343885421752574,6.49502011444381,0.44242157177572045,-29.606477347212486,6.673780671771091,0.42747645555742597,-30.06610685384477,6.767604703944929,0.4196324690457327,-30.307347929792165,6.7676048376564175,0.4196323721615933,-30.30734775070487
904,6.702342212199938,0.4150271564722014,-30.32887458801232,6.492010615497555,0.4423705922708068,-29.605975274404205,6.626567309800166,0.4266768462286903,-30.05823048112032,6.69719016128764,0.41843967961882156,-30.29560071611734,6.697190652170175,0.4184398318035312,-30.295600898821714
906,6.588555514812247,0.42890693247317796,-30.30305862426722,6.487294587298807,0.4426569713172589,-29.60508467397577,6.552581270198656,0.4311696717513751,-30.044258233385943,6.586847218922799,0.4251402134760115,-30.274762954423935,6.586847594645457,0.4251404486735281,-30.274762636038524
907,6.533180892467271,0.4363261908292724,-30.29079818725549,6.484911528262481,0.4433513895751734,-29.604373061931465,6.515195308281482,0.44206362045198033,-30.033094131505973,6.531089760566795,0.44138781645482744,-30.258113061021735,6.5310900305338695,0.4413877247085287,-30.258112452536498
908,6.477272212505115,0.44061566889285586,-30.276222229003537,6.482378258601775,0.4432596525490988,-29.603729570618267,6.475453230237452,0.4406244296054591,-30.022999712325,6.471817759555426,0.43924140575619086,-30.243057017696277,6.4718185459756565,0.4392413100710908,-30.24305759783196
909,6.42043179273583,0.4423554986715259,-30.26012992858851,6.480092027529247,0.4435984632098215,-29.603570889914867,6.4395859139042315,0.445940094788672,-30.02051026095837,6.418325826760006,0.4471687046681534,-30.239344296955057,6.418325895595528,0.447169113103292,-30.239344820707625
910,6.363083064555897,0.4417392462491952,-30.24349403381311,6.476876708039274,0.4434869372364827,-29.602250940213438,6.389143155756292,0.4441901157738033,-29.999802476332295,6.3430956122204005,0.44455928344976897,-30.20846086545476,6.343095376513791,0.44455918782354004,-30.208461152889864
911,6.30439203977562,0.4378432482480956,-30.225866317748654,6.474947046168003,0.4433311614945221,-29.60175283168588,6.358870206475951,0.44174623793468815,-29.99198820036906,6.297946482556174,0.44091453134214625,-30.196806405762977,6.297946186181736,0.44091437922941484,-30.19680691234977
912,6.2492091059682515,0.4344914406537949,-30.20675468444787,6.471558213075287,0.44301452608560904,-29.600751221026673,6.305705976360818,0.436778956494823,-29.97627451576047,6.218656495542769,0.43350607634485805,-30.173371289902075,6.2186568535799704,0.4335061570213793,-30.173371464067497
913,6.191663920879141,0.4299113303422865,-30.18884658813441,6.469508661375234,0.44284434741337286,-29.600419481054505,6.273552087669771,0.4341089940851577,-29.971069803281974,6.170702251933113,0.4295243326760499,-30.165609426934683,6.17070242314162,0.429524165049038,-30.165609136316107
914,6.135332763194814,0.4255010336637447,-30.171159744262326,6.467312094397771,0.44283562399639187,-29.59958072055213,6.2390916212839045,0.4339722124165444,-29.957912069092636,6.119308228576953,0.42932022713286944,-30.145984586312228,6.119307954060366,0.4293201683543992,-30.145985642095187
915,6.082843005656971,0.42482157051562786,-30.15385818481408,6.464299318671906,0.4424802406603081,-29.59877186524269,6.191826904012132,0.4283968925040438,-29.94522233871623,6.048817017696237,0.4210051701997226,-30.127059450365273,6.04881717708543,0.42100511528307344,-30.12706013051978
916,6.028369128703846,0.4226344674825622,-30.137083053588505,6.463606927450807,0.4425186369292871,-29.598529451501104,6.180964619969105,0.4289991279469416,-29.94141910454823,6.032616842170576,0.421903544237456,-30.121387591676378,6.032617125839748,0.42190329148600325,-30.121387972787865
918,5.92240065336205,0.42306287586688474,-30.105096817016232,6.457981721534746,0.4417832525312579,-29.597218742682728,6.092715209850461,0.41746251242704835,-29.920856060366496,5.901001477285542,0.40469743883942294,-30.090720373095728,5.901001623919502,0.40469753974137057,-30.090720171412777
919,5.8714320063588765,0.42399896681308114,-30.08825874328577,6.455124777745324,0.44178394626442996,-29.595715603098302,6.047895220697981,0.41747320954297007,-29.89727491118751,5.834156333318951,0.4047136704131537,-30.055550769026237,5.8341569236497435,0.40471349346025937,-30.05555115690179
920,5.821141898631822,0.42489968240260595,-30.07145500183068,6.453709209212385,0.4417915047719654,-29.595876589495628,6.025687145950162,0.41759172689738544,-29.899800518213073,5.801035666846882,0.4048905200684555,-30.059317437081045,5.801035717505851,0.4048902506880603,-30.059317856711747
921,5.771945178508537,0.42703826725482424,-30.057538986205696,6.449956009827827,0.4416019916518997,-29.595790325260992,5.966806218007081,0.4146185916819578,-29.898446992999453,5.713220444816608,0.40045639999887145,-30.057299075640174,5.713220480278318,0.4004561056537854,-30.057299204121176
922,5.720777690410387,0.42683188617228873,-30.042329788207645,6.448821857359949,0.4420817273264286,-29.595029591750116,5.949013090417937,0.42214484476961167,-29.886511955196003,5.686684191189197,0.41168098213749504,-30.039499866134154,5.686683742919646,0.411680787794761,-30.03949924388545
923,5.668737590312733,0.42545427381991846,-30.02792167663537,6.446044135558093,0.4416185554895842,-29.594558478024393,5.905435766674575,0.4148786744816908,-29.879121536087144,5.62169263817661,0.4008439512411319,-30.028477015444114,5.621692358511378,0.40084399411878097,-30.028477145050957
924,5.616907298564691,0.4239674955606411,-30.016708374023086,6.443962417529436,0.44185396129988913,-29.594079326021216,5.872777329943361,0.4185717266476523,-29.87160491218758,5.572985785126624,0.40635184234443955,-30.0172660897154,5.572985443229671,0.4063518259987585,-30.01726682391729
925,5.56463450193382,0.4211458712816179,-30.00338935852012,6.4415382450098,0.44185939115046097,-29.593100983871476,5.834746753796541,0.4186571084087243,-29.85625502794294,5.516266376899253,0.4064788868962208,-29.994375397189405,5.516266499033325,0.406479164678113,-29.994373948865093
926,5.513846576213614,0.4176836460828722,-29.988660812377557,6.43952428170586,0.4415095588300146,-29.59363146200575,5.803150988151694,0.41316870228637215,-29.864578397697873,5.469144810316873,0.39829370946606385,-30.006787222506997,5.469144455403681,0.39829373516006433,-30.006787453799465
927,5.461940467357415,0.41303755342959864,-29.971746444701783,6.437040155495667,0.4414422744739563,-29.592327184797938,5.764179939768468,0.41211337984839136,-29.84411667411211,5.411022639777025,0.39671942841647834,-29.976270487088087,5.4110228873793655,0.396719823309823,-29.97627076234201
928,5.413314521312495,0.41038210690021104,-29.95425224304163,6.434654858118894,0.44117583388325426,-29.59205748279865,5.726758798556988,0.40793316330666274,-29.83988504368103,5.3552128100058365,0.3904854031934536,-29.969960153284102,5.355212856736035,0.390485432648908,-29.96995969281328
930,5.320145308971176,0.41218881309031985,-29.918272018432248,6.4318501553337155,0.44117477517738146,-29.590180631430872,5.682758134426718,0.40791661882738195,-29.810441172233386,5.289589971309127,0.3904606321962961,-29.926046653708976,5.289590100883684,0.3904607581503292,-29.926046992276852
931,5.276939094066389,0.41743706166743494,-29.900245666503533,6.429643021030923,0.4414064054264209,-29.589255590079443,5.648132499240241,0.4115504732158908,-29.795928645692708,5.237948699692238,0.3958801848670168,-29.90440306291088,5.237949298432442,0.3958803022425298,-29.904402955651403
932,5.234242141246571,0.4232723861932694,-29.881927490234016,6.427490425466138,0.4417759900315892,-29.58929767573457,5.6143618588733695,0.41734877919027413,-29.796589205257316,5.187583494411429,0.40452751500763134,-29.905387759104887,5.187583638468501,0.4045279175645999,-29.905388116668654
933,5.1897518038747465,0.42797957360743916,-29.865377426147102,6.424226222805269,0.4417745081928187,-29.58839129889302,5.563152252518259,0.41732511903658764,-29.782369609929326,5.1112095392745704,0.4044928437878776,-29.8841808698809,5.111209439088531,0.4044926307224695,-29.88418095875473
934,5.143312156200179,0.430847004055971,-29.847442626952766,6.422025534988243,0.4417875468044195,-29.587816555722206,5.528627178183829,0.4175297365548356,-29.773352306451113,5.059719098860812,0.4047979137975877,-29.87073335644395,5.05971861346997,0.4047977980582021,-29.870732518457434
935,5.095456302165762,0.43182082474231237,-29.828422546386353,6.42093516625391,0.4418739674337305,-29.58666954434478,5.511522129577317,0.4188856693615106,-29.7553585174229,5.034207272099298,0.40681993447204523,-29.843896237373084,5.034208079692016,0.40682004134210314,-29.843896513874384
936,5.049185454845208,0.42954282462596444,-29.809776306151985,6.41817615839699,0.44200531209211524,-29.58597015099252,5.468237023474112,0.42094620045321207,-29.744386171653144,4.9696535773141015,0.40989306199785747,-29.82753222996971,4.969652509770524,0.40989312515639675,-29.827532316155814
937,5.001208961009756,0.42731903493403994,-29.789974212646133,6.416010674441456,0.44190968356412413,-29.584630869760147,5.434265482989664,0.41944590454422137,-29.723375669675267,4.918986816805548,0.40765560015329994,-29.796196490316376,4.918987226616185,0.40765557819913967,-29.79619717454187
938,4.952778518199695,0.4244772046804371,-29.76969718933068,6.412749157064846,0.4419626726083983,-29.58402335366506,5.3830986193080825,0.4202771586709628,-29.713843574100487,4.842675690420691,0.4088954076378829,-29.781982174658985,4.8426767738201555,0.4088953137278788,-29.781980971377
939,4.906085669994125,0.4187909811735112,-29.747749328612908,6.410717500176432,0.4418438438469265,-29.58273882604749,5.351224677665982,0.41841284536266365,-29.69369293652105,4.795140139424005,0.4061151199411618,-29.75192752890662,4.795139857462734,0.4061148698532001,-29.751928234758534
940,4.858169734477774,0.41621540486812175,-29.72696304321251,6.409619682786421,0.44175355416298007,-29.582327517343998,5.334002039139884,0.41699667129544515,-29.687239568639093,4.769454033258377,0.40400257332948364,-29.74230396207228,4.769453949636768,0.4040027825269187,-29.742303657645582
942,4.766409099101795,0.41291944682597664,-29.68596839904749,6.405211298971641,0.4414268273486701,-29.580081817299355,5.264842277605318,0.411870567939264,-29.652008055847904,4.666309179008866,0.39635800537502947,-29.68976035118782,4.666308821359774,0.3963576927159862,-29.689759247057587
943,4.71930950880028,0.41290335357188745,-29.665676116942997,6.402935686759362,0.44121682775549925,-29.57881833463818,5.229142848447548,0.408576415285145,-29.632187454740723,4.6130657002589075,0.39144455447326176,-29.66019810334161,4.613066558544087,0.3914447810671616,-29.66019872807423
944,4.6719929575917885,0.4134872108697848,-29.645282745360955,6.401049479090153,0.4416474540236304,-29.578193396391747,5.199550523072041,0.415332199730432,-29.62238331366489,4.5689332872706,0.4015201026851678,-29.64557615410779,4.568932453261702,0.40152038337924545,-29.645576795226656
945,4.626857459544907,0.4136173874139725,-29.624996185302365,6.398948219894516,0.4412987775406301,-29.57801072386739,5.166586536606614,0.4098621042587762,-29.619517098516255,4.519769221122873,0.39336196888140973,-29.641302086401314,4.5197698399580375,0.3933622624344626,-29.641302111181837
946,4.58218401670433,0.4139820188283854,-29.60476684570274,6.396606995797919,0.44134695561343296,-29.577433329220963,5.129856426245269,0.41061777246113773,-29.610458562622288,4.464990592864757,0.3944892119949982,-29.627792535247778,4.46499041532171,0.39448926883150554,-29.62779217670472
947,4.536012828349845,0.41341923177241735,-29.5848484039303,6.395328536382837,0.44124218886014366,-29.576468992505163,5.109800357821403,0.4089743694664787,-29.59533016118311,4.435077927458794,0.39203793915845686,-29.605229533889997,4.435078719497284,0.39203829142884083,-29.605229621940993
948,4.48532694578149,0.41109235584735265,-29.564460754394165,6.393117111923556,0.4414491994441832,-29.575754195922336,5.075106191948953,0.4122217372796704,-29.58411600269102,4.383336277203302,0.3968814549265891,-29.58850513046885,4.383335710123422,0.39688142799007414,-29.588504783819523
949,4.435990035533677,0.4078593999147356,-29.545469284057248,6.390309479400602,0.44132101646935584,-29.574338272138448,5.031059396643213,0.4102108071711832,-29.561903056970053,4.317644890170403,0.39388230267230706,-29.555376152037383,4.3176441540626005,0.39388231926856254,-29.55537631308797
950,4.384797275066154,0.4040919691324198,-29.52717399597131,6.388744378844451,0.44091948437429274,-29.573775121536077,5.006505898251863,0.4039114117183378,-29.553068002115314,4.281025558566659,0.3844874833548674,-29.54219987491569,4.281024974281898,0.38448737721506077,-29.542199679072674
951,4.329313933849111,0.3994791656732512,-29.510211944579716,6.38649310341263,0.44092216068325085,-29.572773812934493,4.971188030718448,0.40395341626435277,-29.537359211093722,4.228351497947855,0.38455010210790996,-29.518771826427077,4.2283517739068035,0.384550022952854,-29.51877152910444
953,4.226311385631338,0.3962930887937504,-29.474205017089485,6.38082703595054,0.44082072345733314,-29.572162302378032,4.882297071638165,0.4023620414691169,-29.527765694517257,4.09578007787646,0.3821767316568899,-29.504464050637058,4.095779463454024,0.3821766406023475,-29.50446372242682
954,4.178397834300768,0.3976054340600917,-29.457180023192993,6.377930299352726,0.4406965851872261,-29.57129127872672,4.836853463890778,0.40041469094646653,-29.514101254234443,4.02800388443816,0.3792722151004925,-29.484084335227205,4.028004696068065,0.3792723547141052,-29.48408452483373
955,4.124490439891597,0.4015225619077638,-29.442537307738917,6.376533174405624,0.44156365624528526,-29.57116800133157,4.814935214815211,0.41401750471884546,-29.512166991734667,3.9953147504852584,0.39955944998408816,-29.481199960932912,3.9953157370210253,0.39955964229792407,-29.481199758471988
956,4.072790801524891,0.4048177152872041,-29.42828750610315,6.375809835380091,0.44173490197734017,-29.569778369550736,4.803586225041872,0.41670395150598605,-29.490366657200532,3.9783904758539315,0.40356616011092217,-29.448686147817508,3.9783898110199623,0.40356621913278545,-29.448686657615205
957,4.022589862346429,0.40867792069911446,-29.415540695190053,6.3725650288817945,0.4416079390517493,-29.56911620148305,4.752681044479209,0.4147119695478001,-29.47997797231418,3.902470341084248,0.40059555387394824,-29.43319311642564,3.902469633410975,0.4005953697538463,-29.433192933931725
958,3.9737243056295073,0.4135937839746417,-29.40562057495082,6.371949023191248,0.4416521919888795,-29.569619694016698,4.7430172051673996,0.41540638787539885,-29.487877519947915,3.888057390706537,0.4016309588981448,-29.444973548026123,3.888056947141566,0.4016310278574716,-29.444974348961683
959,3.929527938365709,0.4191555529832789,-29.393938064574826,6.369662557869063,0.44174675139701125,-29.569283077293125,4.707147536628662,0.41688985831442005,-29.48259666482657,3.8345599770710486,0.4038434060850173,-29.437097581606245,3.83456078867329,0.4038434812455808,-29.43709846178658
960,3.887793004512561,0.4252741187810845,-29.381586074828725,6.36686114466649,0.44236203544147934,-29.568872322264795,4.66319749098103,0.4265423978114262,-29.476152237020052,3.7690141061549784,0.41823947179870014,-29.42748696934806,3.7690135254161863,0.4182393149287238,-29.42748721793573
961,3.8442260622975977,0.4293934553861564,-29.37042617797815,6.365363868001072,0.4425298997195167,-29.56903356674891,4.63970813684044,0.42917585244481216,-29.478681508029236,3.733981679325927,0.42216706458992076,-29.431259675970583,3.7339814143704597,0.4221668590663141,-29.43125938222463
962,3.8032948374745996,0.43469844758510123,-29.356664657592418,6.364474149279072,0.4428107001360988,-29.568130090871872,4.6257495844197205,0.43358114765564215,-29.46450834625734,3.713164547297616,0.4287370728420279,-29.41012066186236,3.713163576829528,0.42873693290024406,-29.410121475490783
963,3.7626146674153866,0.4396978169679588,-29.342308044433217,6.361308002835951,0.4429897423843806,-29.567335799296117,4.5760795761257675,0.43639019855036487,-29.452046343253414,3.6390848557078304,0.4329262014160006,-29.391536279863164,3.639085539784265,0.4329263619619386,-29.39153559737457
965,3.6834859251973784,0.446410551667209,-29.315769195556292,6.357352904348147,0.44394979075143404,-29.56628848527737,4.51403089535709,0.45145150080827734,-29.435616613572307,3.5465457134264184,0.45538886643173854,-29.367031822820433,3.5465459040872176,0.455388844754545,-29.367032236780023
966,3.6452526450154887,0.452001318335527,-29.301254272460568,6.3564440834654,0.44434391321393213,-29.566319556626613,4.499772814251747,0.45763454411015747,-29.436104606315496,3.5252816399181874,0.46461031938565966,-29.367758812557213,3.5252813483403127,0.4646102587728088,-29.367760030991242
967,3.61250180006005,0.45858727395534027,-29.29195976257287,6.35456998301564,0.4446615268651223,-29.56543933815132,4.47037286584867,0.4626175729251214,-29.422295096059838,3.4814325047563948,0.4720416627387102,-29.347163961891695,3.4814341547976237,0.47204196667525034,-29.347164475495433
968,3.5770854353902517,0.46567644178866874,-29.277645111083633,6.353091961530403,0.4455363044332875,-29.564314524575067,4.447183646292206,0.4763410076106662,-29.40464870699506,3.446850599668789,0.49250921015747867,-29.32084621433263,3.4468496655986645,0.4925091487422965,-29.320846584523494
969,3.543029487132801,0.4723177403211546,-29.261857986449833,6.350945467906151,0.4458052863763741,-29.564085695684668,4.413509310723843,0.4805607309547635,-29.40105867950843,3.3966281641180167,0.4988026964964864,-29.31549220625623,3.3966276349731626,0.4988024599967432,-29.31549240403747
970,3.518659532069933,0.47942338883876273,-29.251262664794552,6.3502796658177285,0.4456298585569443,-29.563760451388614,4.40306466769079,0.4778086791866367,-29.3959561457211,3.3810501059781526,0.49469813627064296,-29.30788232541976,3.381050455099384,0.49469803964667464,-29.307882465970103
971,3.4888250231740576,0.48362629115580985,-29.234338760375607,6.348919273485668,0.4457175479568647,-29.563092731769927,4.381723168362681,0.47918449211502345,-29.385480558047313,3.3492204208355023,0.4967498429173487,-29.292259401998702,3.349221662793312,0.4967499322188124,-29.292259135142835
972,3.458930432796246,0.48549012839793554,-29.215747833251587,6.347890957865764,0.4461303912512575,-29.561549797977783,4.365589711175634,0.4856612061779566,-29.361274713214556,3.325160477510707,0.5064093152358122,-29.256158715716793,3.325160164109894,0.5064093279138187,-29.256158447186007
973,3.432906568050168,0.4846024960279416,-29.197607040404915,6.3457553489344605,0.44599273645697424,-29.56124292206738,4.332085947538111,0.48350167336661265,-29.35646036099737,3.2751927158074867,0.503188546743403,-29.248978607908334,3.2751925251031135,0.5031885925627704,-29.248978304195433
974,3.403002202510614,0.48088251054286524,-29.176712036132447,6.345874886408341,0.4462370264465279,-29.559698382548664,4.333961004356947,0.48733402624654576,-29.332230042842514,3.27798958555357,0.5089043048138889,-29.21284035175053,3.2779889918897833,0.5089041780511014,-29.212841116634056
975,3.3698684573171276,0.4747347086667967,-29.154642105102187,6.345004234285967,0.44598529905450474,-29.558169803959245,4.320302229564144,0.4833849232585019,-29.30824914733361,3.257618562966311,0.5030145306354732,-29.17707554032785,3.257618243829784,0.50301447101275,-29.17707591894425
977,3.304548680782096,0.4553678482770876,-29.10594558715784,6.340376651924767,0.44435666414122393,-29.55701707312398,4.2477038044872,0.4578345272376638,-29.290164419275765,3.1493450259450277,0.4649086583217228,-29.15010460063928,3.1493446798221,0.46490851436077185,-29.150104287550636
978,3.2748548388478875,0.44318394362925984,-29.081096649169556,6.34044078879132,0.44414578762308465,-29.55507170400276,4.248710241811672,0.4545262669351777,-29.25964541643221,3.1508456638274467,0.45997468962888965,-29.104587961684864,3.1508456842303296,0.4599745625121515,-29.104588132009653
979,3.24338716268517,0.431290522217745,-29.05544281005823,6.339326565632644,0.4435628111259141,-29.553930421973686,4.231229879931108,0.44538043680036954,-29.241740350521166,3.124775704828455,0.4463345375101149,-29.077884894644352,3.124775406824906,0.44633443707616527,-29.077884449417
980,3.2107426524160054,0.4212593287229482,-29.029756546020142,6.335778673205223,0.44292063895447603,-29.55304223004279,4.175569819049155,0.4353059685088081,-29.227806817488315,3.0417641380741323,0.43130935871238896,-29.057103485604948,3.041763782837382,0.4313093372030801,-29.057103925885166
981,3.16850918531395,0.4167100936174338,-29.002820968627567,6.335279888365269,0.4420602383498118,-29.552144940749784,4.167744651649942,0.4218077789060761,-29.213729739339207,3.030093854409987,0.41117819529899846,-29.03610922166709,3.0300932987687297,0.4111780864990836,-29.036109318627457
982,3.1316081881520916,0.41379491984843797,-28.976533889770153,6.334580479057877,0.4418290770137067,-29.5508158340272,4.156772443836914,0.4181813075727525,-29.1928782900577,3.01372947369752,0.4057696139861053,-29.005011539400133,3.013729306799341,0.40576955352313415,-29.00501138880265
983,3.0986260771749183,0.41171927750110093,-28.950855255126587,6.332997810870522,0.44200588926008166,-29.549664020981748,4.131943225583438,0.42095510095239486,-29.174808644162795,2.9766991046623446,0.4099065662452816,-28.97806207363497,2.97669891738002,0.4099063993943289,-28.97806225100352
984,3.0616769194600737,0.41105161607264873,-28.92552566528284,6.330961741187017,0.44191003731932144,-29.548280187992127,4.10000072397264,0.41945135320848514,-29.15309802828379,2.9290603055988633,0.4076638771159687,-28.945683937334447,2.929059750427612,0.4076637043575005,-28.945682956886184
985,3.022744238376394,0.4110879451036399,-28.900370597839,6.328937291258268,0.4414524065061743,-29.548243435418318,4.068240898600811,0.41227197416056494,-29.152521712303365,2.8816933789405823,0.39695649193687244,-28.9448240215403,2.8816930275045607,0.3969563514630464,-28.944823437067
986,2.9828197956082856,0.4114762693643511,-28.875302791595097,6.3273393848804185,0.44149955825532056,-29.5464997675398,4.043172746931695,0.41301183459438984,-29.125166641784926,2.8443064754012397,0.39805972171396076,-28.90402667340873,2.8443062918911686,0.3980597820946833,-28.90402598208676
987,2.9460167884824395,0.40985660254954603,-28.855752468108786,6.3255900016866695,0.44134573582528924,-29.546376648164124,4.015727110285161,0.4105983028998126,-29.123234874520296,2.8033754035783147,0.39446067208659175,-28.901145996364086,2.8033737662471125,0.3944602318545724,-28.901144937128098
989,2.8763125687835447,0.4041072800755383,-28.823548674583105,6.32330027985463,0.4407957701943778,-29.54441930851491,3.9798071742667176,0.4019707138827915,-29.092528515226995,2.749801795979579,0.38159288941929975,-28.85534927781203,2.7498026386706798,0.38159301316936844,-28.855349357473827
990,2.8363135606048284,0.4003098085522549,-28.805407881736418,6.32178333540096,0.44090672659501884,-29.544075767121498,3.956008505735955,0.403711609820951,-29.08713939024679,2.714309193440343,0.38418898410002933,-28.8473112919104,2.7143092149809505,0.3841893919143792,-28.8473119962243
991,2.7935460135338444,0.39617643132805025,-28.785902798175478,6.318231682707502,0.4399357292215571,-29.54291754202647,3.9002888779368394,0.38847791355033223,-29.068968870332288,2.6312096461224854,0.36147014046699943,-28.820211800660452,2.6312087526692984,0.36146980004331125,-28.820212414533234
992,2.7493941970167213,0.39187510125338554,-28.7657155692574,6.317347537978353,0.4406911036847666,-29.5420334267902,3.886418853533641,0.4003285538893422,-29.05509908073138,2.6105229312049154,0.3791439620272571,-28.799525775800525,2.6105229461464106,0.3791438895833795,-28.79952695819537
993,2.693126935511591,0.38952855579554535,-28.745123833417548,6.315147430582604,0.44048236427095155,-29.542336952377497,3.8519040209744233,0.3970539135304354,-29.05985948330729,2.5590460711576988,0.37425999608447835,-28.80662749465669,2.5590473951498964,0.3742600786449678,-28.80662664048818
994,2.6442620940504065,0.38786713592707583,-28.726754158734934,6.3133870538705015,0.4403615012998628,-29.539840694740576,3.824285061719573,0.3951577915135436,-29.020697707698535,2.517857779252349,0.37143211310947133,-28.74822147990223,2.517856375516395,0.37143219514274683,-28.748220621162897
995,2.600132960825924,0.3879649471491529,-28.709921807050346,6.312310959440306,0.4409625959029676,-29.539204896877376,3.8074043840833998,0.4045877983520805,-29.010723233133586,2.492679934530866,0.3854961823539741,-28.73334544353892,2.49268046944686,0.3854961427827004,-28.73334465230949
996,2.553894538432127,0.3909071516245561,-28.69344994425738,6.310560138815214,0.4408912843217726,-29.538717209691722,3.7799366848378284,0.4034689959640496,-29.003072457024288,2.4517152305078866,0.383827674583848,-28.721934816470842,2.45171503955968,0.3838275566963766,-28.721934256066042
997,2.4997391887006812,0.3963011037558272,-28.676896065473205,6.307789069897935,0.44124320567309216,-29.537461638065473,3.7364644422039994,0.4089902416316118,-28.983374531912926,2.3868793379003,0.3920617299688272,-28.692557666515082,2.3868803735130975,0.39206196323557296,-28.692556696523894
998,2.455104608088497,0.4018109869211857,-28.661887139081603,6.3048237053281255,0.441327473449345,-29.537565654080957,3.6899425149300953,0.4103123408481508,-28.985008026993132,2.317497426251819,0.3940333794133206,-28.69499137401592,2.317497396332623,0.3940337469759879,-28.694992897225706
1000,2.359031695872306,0.41517759673296895,-28.63476654887164,6.302736682849086,0.44191439795514464,-29.53567011545713,3.6572006510521415,0.4195199179296627,-28.95526859557173,2.2686664626922983,0.40776590478990066,-28.650640640664744,2.268666057490723,0.40776596204035265,-28.650639397433604
1001,2.313965339213378,0.4190208744257643,-28.6220216453072,6.300141483964817,0.44191921072305823,-29.535287852917477,3.616487234189119,0.41959535072123044,-28.94927303892879,2.2079454769720854,0.40787851119302687,-28.64169667943222,2.207945914567265,0.4078784627891972,-28.64169760172312
1002,2.2675429768858066,0.42003311030566187,-28.608742684125552,6.299013120716731,0.44208520555489345,-29.53480910097791,3.598784966782395,0.4221994213212801,-28.941761641506922,2.1815446762128445,0.41176236374652087,-28.630495114164063,2.181544686426136,0.4117621834690353,-28.630495075377926
1003,2.2150645442304704,0.4176101218908974,-28.59316346049273,6.297780712725357,0.44198652657308524,-29.534804918355697,3.5794511712771886,0.4206515530776689,-28.941696100718865,2.1527094957959214,0.40945352912055816,-28.63039725155125,2.152710191147129,0.4094536869531333,-28.6303973276003
1004,2.1682402081785197,0.4144312571734134,-28.580922096967342,6.295572526061638,0.4417571187153184,-29.53453785558084,3.5448074576977753,0.41705235925022843,-28.9375049337864,2.1010436016372864,0.4040859746953477,-28.62414866881768,2.1010424265127163,0.4040858357519755,-28.624146605485482
1005,2.119654674082765,0.4097990524023725,-28.569071739911696,6.293340035584779,0.44126391144014265,-29.533071210012245,3.509783485717829,0.4093146757059156,-28.914496976924795,2.0488090606980656,0.3925461917158711,-28.58983293094988,2.0488075430706196,0.39254582543331595,-28.58983245215088
1006,2.063249845057486,0.40375496260821275,-28.555520027875556,6.291480746986294,0.4414473302766404,-29.53307134971809,3.480615596987212,0.41219241962739384,-28.914499340474155,2.005306484798126,0.3968377212087757,-28.589836199707662,2.0053064441955897,0.39683770353328385,-28.58983597715728
1007,2.0119567103681555,0.39882711879908517,-28.54486557841266,6.287879318595645,0.44149157955483437,-29.53203981119528,3.424116275400694,0.41288675572674016,-28.898317761261882,1.921042314060962,0.3978730406232651,-28.565700848735908,1.9210431436390678,0.3978732390013845,-28.565702709104585
1008,1.9597178883848299,0.3966028522700028,-28.53440377116169,6.285648527660108,0.44156166267396624,-29.532616063542328,3.389118690013392,0.41398607901238194,-28.90735736886607,1.8688475380218037,0.3995128055375561,-28.579183673019067,1.8688476132604102,0.39951277388119655,-28.57918441385918
1009,1.9089371152219836,0.39602108113467266,-28.524245232343343,6.28362194364175,0.44189242802507656,-29.532630673919968,3.357325404317665,0.4191752176648911,-28.907585511761184,1.821430679150044,0.4072518648764187,-28.57952551831551,1.8214309874845398,0.40725187476997926,-28.579524667030384
1010,1.8587647862730015,0.3974122237414067,-28.51396653056109,6.282526592866516,0.4411783334821877,-29.532158291585603,3.340141119206594,0.4079722937348118,-28.900174875948544,1.795802285432437,0.3905438873859616,-28.56847298544288,1.7958022800858906,0.3905437919165141,-28.568472416927897
1012,1.7592281289396277,0.4032178353518192,-28.493792504071838,6.2774430915757895,0.44179926304104533,-29.530120472463288,3.260389887199029,0.41771368355160576,-28.86820587775179,1.6768614169102314,0.4050720436306281,-28.52079325400633,1.676860992939357,0.4050721373005163,-28.52079373286761
1013,1.71195914223767,0.4071149062365234,-28.483830422162665,6.275595888613981,0.44101336682686293,-29.530237658123237,3.2314119408753204,0.4053843784685631,-28.870044469027732,1.6336416138553709,0.3866840915209885,-28.523535097349196,1.6336431748838578,0.3866841653622236,-28.523535814806564
1014,1.6678461022672721,0.41110135428607025,-28.47693344950642,6.274776460653398,0.44155207416061737,-29.530579934898405,3.218554961467479,0.4138356131616028,-28.87541428307201,1.614469105037312,0.3992884589621692,-28.531543494433304,1.61446822747439,0.3992883685458461,-28.531544375653667
1015,1.6232928223905594,0.4138730298727702,-28.468319863080634,6.272243302867828,0.4415808311322212,-29.530254363714878,3.178814270424061,0.41428669883787017,-28.87030631098318,1.5551997216166527,0.3999612982087857,-28.52392596526981,1.5551988114941047,0.39996111941875445,-28.523926326883007
1016,1.577507752924919,0.4149091970175441,-28.458176583051333,6.26957942519516,0.4416748969023042,-29.530536094494355,3.13702296064384,0.41576243681363145,-28.87472630526598,1.492871828712989,0.4021621955336854,-28.530517741623214,1.4928710950228705,0.4021620405820967,-28.530518322968113
1017,1.5310570187864396,0.414071334525938,-28.447810143231994,6.267162940152306,0.4413365963637626,-29.529996296039496,3.099113352967901,0.41045539489300076,-28.866257893477094,1.4363322876898899,0.39424683217003886,-28.51788784475169,1.4363325636586346,0.3942470983161196,-28.517888501799188
1018,1.4856502003965366,0.4117387663572965,-28.439408272504462,6.265860076103138,0.44074818822310574,-29.529441210025897,3.078673277707507,0.4012240946337191,-28.857549064755776,1.4058486165522268,0.3804795935498903,-28.50490025828602,1.4058481585949885,0.38047950241526973,-28.50490012191367
1019,1.4372836537656786,0.407670302316542,-28.429013222455634,6.264503384430258,0.4418328632959025,-29.528457933426377,3.0573892300721255,0.4182405599243699,-28.842123563916573,1.3741055173258054,0.40585820326091415,-28.481894112313732,1.3741050499593754,0.40585792270302545,-28.481894471988156
1020,1.38810445740796,0.40321118943392814,-28.41873833537067,6.26235440197605,0.4411037184269165,-29.52878356475624,3.0236759800473187,0.40680188480574375,-28.847232552592605,1.3238248495488882,0.388798086810484,-28.489513048746915,1.323824982167281,0.38879823964093363,-28.489514036900786
1021,1.3400135226545387,0.3999725114554125,-28.408539742231014,6.259157779675652,0.44082983571663575,-29.52832095938703,2.9735265846638246,0.40250503049928676,-28.83997368750194,1.249032101204282,0.3823899351112934,-28.478689271737714,1.2490319854149874,0.382389894979341,-28.47868813822345
1022,1.2904917187986498,0.3978111576288911,-28.39694306254355,6.257648638786604,0.44129762837995795,-29.527836339947058,2.9498509594111333,0.40984382150803644,-28.832371768610102,1.2137220820265178,0.3933350814743639,-28.467350422036134,1.2137220689326078,0.3933349954712969,-28.46735060781774
1024,1.1907296963033722,0.39999232999979845,-28.371363610028883,6.252877556152536,0.44181781066778103,-29.52566042803817,2.8750013305219646,0.41800462586818554,-28.79823492478317,1.1020910073334917,0.40550601043948786,-28.416439674213002,1.1020910510986326,0.405506049764917,-28.41643879063716
1025,1.1399662084875168,0.4030532967299174,-28.35739609599079,6.2515385810982345,0.44166362099096335,-29.52458083655813,2.8539951837591833,0.41558550540978434,-28.781298888865024,1.0707624314602597,0.40189836818093,-28.391180007510588,1.0707624048688515,0.4018981644214347,-28.391180323017835
1026,1.0896868295965298,0.4070378672331523,-28.34328171610798,6.250741071070893,0.4414885956976067,-29.523863483494726,2.8414839149073554,0.4128400865782753,-28.770045208405506,1.0521027459635164,0.3978032260309371,-28.37439578901256,1.0521030514819145,0.39780363645796657,-28.374396541685602
1027,1.0402695722875572,0.4124392401426985,-28.327643364667537,6.248749985992345,0.44201326304369926,-29.522899273266603,2.8102473406179964,0.4210708808135637,-28.75491923918477,1.0055164710714308,0.4100790938355413,-28.35183574714138,1.0055167071897984,0.41007907391441356,-28.3518376143416
1028,0.9922452755269975,0.4156873058527645,-28.313076943158762,6.245684188824902,0.4422194569616249,-29.52229089023022,2.7621507511622045,0.4243055395829143,-28.745372559385746,0.9337846946924735,0.41490350171497214,-28.337601147285266,0.9337852729131768,0.41490325615989765,-28.337599660209882
1029,0.9440933652219807,0.4172184001654334,-28.29854103922808,6.243590773391587,0.4421670571406139,-29.521932583008983,2.7293077919483935,0.4234836987688406,-28.739751944866004,0.8848041524291084,0.413677480540781,-28.329217678952244,0.8848031601074311,0.41367755968104947,-28.329217054591087
1030,0.8948899097738318,0.41705508343874986,-28.28428742289508,6.241405294087487,0.44176942699264754,-29.521730548951645,2.695021596622505,0.4172454583538887,-28.736583080759292,0.8336695521406945,0.40437395675964,-28.3244906011221,0.833668599539994,0.40437382448090214,-28.32449099875274
1031,0.8446196503934938,0.41486082784831046,-28.270522087812065,6.23995292148221,0.441821598365143,-29.5219647865724,2.6722376567287593,0.418064159179633,-28.74025839947889,0.7996877649412646,0.4055946328255498,-28.329971159591533,0.7996885459531846,0.40559483796935486,-28.329972382904163
1032,0.7941912002859118,0.4111799430102057,-28.256829231977115,6.237945487523705,0.44156262709530913,-29.522063278408837,2.640743776080333,0.41400117183253005,-28.741803008833976,0.7527189682653876,0.39953537051897153,-28.332275615496656,0.7527184539901164,0.3995352833698891,-28.33227601910147
1033,0.7439918406305304,0.40657253377139047,-28.244019478559142,6.235582389692871,0.44097448910426373,-29.520844754710552,2.603671289768423,0.40477426829571406,-28.722686249239416,0.6974285508290805,0.38577445270560135,-28.303765291863392,0.6974284085743605,0.38577424475744876,-28.30376521199529
1034,0.6929605491456975,0.40270130150019645,-28.229966133832576,6.235317897583867,0.4415019979197669,-29.521746712440248,2.5995218202579853,0.4130501510093194,-28.736835952858144,0.6912401150713023,0.3981168035934683,-28.324868785224513,0.6912398741514707,0.39811692733991455,-28.324868133151337
1036,0.5902483649549556,0.4004213046282479,-28.19950577616655,6.230009045087634,0.44127652488313995,-29.520627703084514,2.5162362706450736,0.40951299681335995,-28.719281959041396,0.5670266073635233,0.39284131387269783,-28.298686841512183,0.5670274924452379,0.3928416022783121,-28.29868804079956
1037,0.5401771254835235,0.40238074772059357,-28.184668511151926,6.227139184684687,0.44125470224623053,-29.519342493830006,2.471212549857224,0.4091702852185002,-28.699118562263603,0.49987924782872284,0.39233072024067017,-28.268616247206907,0.4998789460487991,0.39233048091771927,-28.268616275064712
1038,0.49045908823585843,0.4054896365851118,-28.169680565595282,6.225660825149894,0.4407830209339271,-29.51983972348971,2.4480206419985677,0.4017707168575002,-28.706918854004165,0.4652894332501063,0.38129458948303546,-28.280250143649074,0.465290447505847,0.38129473685419674,-28.280249659482564
1039,0.4422855861482643,0.40989370457827407,-28.154250115155836,6.223181063807183,0.44140394470204464,-29.518888863909762,2.409117096574379,0.4115116754222097,-28.69200225019063,0.40726938939414836,0.3958226102392617,-28.25800247264174,0.4072695536483373,0.39582243906721937,-28.25800298049372
1040,0.39561578258848457,0.41481633298098514,-28.13857743144,6.2212560083366295,0.441816521500558,-29.518668446664908,2.378917373774625,0.4179843578354405,-28.688544978561755,0.3622280376709135,0.4054758472388886,-28.252845275457997,0.3622295735646368,0.4054758219447074,-28.252846792592894
1041,0.3503719605503112,0.41926006786524833,-28.12429520487751,6.219052874067213,0.44123529211984935,-29.51786769119536,2.3443532459346965,0.408865897717833,-28.675981210859902,0.3106803565572136,0.3918765731562358,-28.234109654952547,0.31068050340120124,0.39187651625523934,-28.234109142223723
1042,0.3039604723451182,0.42231897823512143,-28.109951943158762,6.217418378801911,0.44035209196794195,-29.516655241920773,2.3187107206928435,0.395010300684288,-28.656960276770008,0.27243736706391175,0.37121195891910647,-28.205741457225997,0.27243714488275117,0.37121222676567767,-28.20574124963534
1043,0.25749446824170585,0.4235713612288186,-28.095150917768127,6.216702894901295,0.4409998236606733,-29.516946622678887,2.3074868880039343,0.4051720927672542,-28.661531749601362,0.25569688217250075,0.3863672162303154,-28.212559018284566,0.25569787862778526,0.3863675616694544,-28.212559161397074
1044,0.21144500747299433,0.42280696146189445,-28.079960793256433,6.21400955210319,0.44118974870298094,-29.517047652179983,2.2652320549052405,0.4081513727866093,-28.663116574307466,0.19267958104206784,0.39081097422195715,-28.21492284902237,0.1926788617373134,0.39081087108740076,-28.214922774920026
1045,0.16720809414959217,0.4194580744951933,-28.06581780314411,6.210496145722847,0.44085438400406857,-29.515519410799264,2.2101138681721597,0.40289035816162677,-28.63914144881132,0.11047489918003706,0.3829643019622119,-28.179165927416754,0.11047539089195269,0.38296457410313856,-28.179166182648945
1046,0.1213259585199428,0.4159276913851463,-28.05070397257769,6.209755051007392,0.44134818751805494,-29.51486246737568,2.198486159761197,0.4106369278389195,-28.628835052198422,0.09313518702646206,0.394518035397865,-28.16379513927244,0.0931337828672234,0.3945178372339212,-28.16379518400576
1048,0.029032576828964627,0.40714587084948595,-28.021981209516188,6.205903148307056,0.44067530995264464,-29.514524257979613,2.1380565308890223,0.4000807930106782,-28.62352908338167,0.003010561017859459,0.3787744292764298,-28.155881908408528,0.0030088072535292554,0.37877437807777603,-28.15588184217094
1049,-0.018651764840115378,0.403744978830215,-28.007260292768123,6.203363217390701,0.4409645003762188,-29.51334360537026,2.0982104709299154,0.40461769438271267,-28.605006649312372,-0.056417296260089955,0.3855407421346486,-28.128257670949314,-0.05641775632362567,0.385540729835144,-28.128257414386802
1050,-0.06534002348803616,0.402194632217282,-27.991120308637267,6.2006005932598045,0.44072719181714753,-29.51256967552633,2.0548696054829794,0.40089467926094935,-28.59286541545645,-0.12105560256459924,0.37998833159918166,-28.110149701156868,-0.12105648593991702,0.37998821109027336,-28.110149932583468
1051,-0.11227832362078931,0.4020124208182053,-27.973671883344288,6.1996680407870794,0.44070948170057045,-29.511280860231324,2.0402386533642485,0.4006165992617374,-28.572646263537,-0.14287493430172304,0.37957396037611263,-28.07999473476932,-0.1428771429175555,0.3795734815343358,-28.079995013420806
1052,-0.15896357223414476,0.4046525787562084,-27.956768959760314,6.1974890151669895,0.4412958951553912,-29.510688936133075,2.006056505789312,0.4098169108839729,-28.563359821976675,-0.19385853496656225,0.39329452847289414,-28.06614523177558,-0.19385652627817862,0.3932948608654298,-28.066145179576342
1053,-0.20502160117053153,0.4088456463068691,-27.93970963358845,6.1952542649929825,0.4414607152287493,-29.509586176903618,1.97099622264877,0.41240241631584285,-28.54605933176628,-0.2461459470129448,0.3971508946964796,-28.04034349926457,-0.24614556432165813,0.39715089338367093,-28.040343163455823
1054,-0.24992762133502985,0.4129896294325535,-27.923127144574785,6.194985771106822,0.4411643973545798,-29.508884215021748,1.9667835469087684,0.4077537041531456,-28.535047539370737,-0.2524280140738995,0.3902178178077857,-28.02391939486797,-0.2524283647528698,0.3902177865928881,-28.0239201348913
1055,-0.2959908656778287,0.4176902007311537,-27.906317681073787,6.192349143475757,0.441508726361037,-29.507031196330146,1.9254200531780352,0.41315574894007545,-28.505976631001435,-0.3141183260210276,0.39827423183095556,-27.980563518679087,-0.3141180347600283,0.3982744164907146,-27.980563672891616
1056,-0.33654652163409393,0.42039213888346766,-27.893990486859924,6.191936044768088,0.44119192724430795,-29.508033853928243,1.9189396880231335,0.4081857848567012,-28.521705875660366,-0.32378377435389893,0.39086194649140843,-28.004023130219963,-0.32378287570731956,0.3908621933780674,-28.00402232749144
1057,-0.38222078606509924,0.42258445732295236,-27.87798210978473,6.189696228971354,0.4416372310336216,-29.5072055050455,1.8838015237183328,0.41517176755031904,-28.50871190302026,-0.3761897089563391,0.401280910986178,-27.984641894744993,-0.37618806601187416,0.40128111422286994,-27.984643067860514
1059,-0.4678407721223678,0.42353842966258215,-27.847552269696823,6.185896903628479,0.44113920507417803,-29.505233459179657,1.8241960940497748,0.4073583876033413,-28.477773243664032,-0.4650841598939941,0.38962838317608733,-27.93850108851031,-0.46508382783569147,0.38962821000478487,-27.938501035019335
1060,-0.5141141228380202,0.42163742892443484,-27.831505745649004,6.1843558333633135,0.441045226823394,-29.50452292038209,1.800018853280351,0.40588389274578707,-28.466624663650464,-0.5011412444327306,0.3874295335779083,-27.921876306324197,-0.501141855584958,0.38742914283260865,-27.921874000887193
1061,-0.561694901436799,0.41843427531420796,-27.814427345990783,6.182002808184027,0.4415499573257151,-29.503324983584857,1.7631037577240711,0.4138022770164975,-28.44783243062288,-0.5561959877037701,0.3992389304645082,-27.893847663279,-0.5561971678362418,0.3992386508937483,-27.893847193922678
1062,-0.6009661965074474,0.4152844976633718,-27.79675576090777,6.180620701288503,0.44162079231516205,-29.502108660755145,1.7414211950509362,0.414913478977166,-28.428750755921573,-0.5885337378375368,0.4008962872122972,-27.86538883431531,-0.588534623296912,0.400895901674139,-27.865388712558158
1063,-0.6477585248651478,0.4117198120802598,-27.776089638471262,6.178559785386087,0.44153134014803036,-29.500985323705358,1.7090901944015897,0.41351071497739,-28.411127537108978,-0.6367538745830004,0.39880333634214615,-27.839105633681807,-0.6367531991755122,0.3988038141728406,-27.8391053777874
1064,-0.6945261172952544,0.4090532194822982,-27.753861397504462,6.176573901123295,0.4416123228426214,-29.49931142185014,1.677934928368927,0.41478083489778483,-28.384867318315393,-0.6832184637495153,0.4006981233165301,-27.799940631236826,-0.6832182800280044,0.4006980757956314,-27.79994078878441
1065,-0.7361261658372861,0.4088524710386943,-27.733130425214423,6.173285991053492,0.4411564125571715,-29.49874881694378,1.626353330647344,0.4076284910591277,-28.37604243151196,-0.7601471113410447,0.3900309940647783,-27.786777121999712,-0.7601472687299946,0.39003104331387917,-27.78677931943904
1066,-0.7819648794832152,0.4107293616980263,-27.711321800946823,6.172128571569202,0.44172510479135724,-29.49639840212318,1.608195291558875,0.4165501186431204,-28.339166803181538,-0.7872277533696064,0.40333693113206714,-27.731783454414813,-0.787228236470213,0.40333679222295493,-27.731782868756728
1067,-0.8274310640993114,0.41423715464770283,-27.690411537885314,6.168772564706846,0.4412504795371398,-29.49644616859192,1.5555465433084912,0.4091044035257887,-28.339916342565925,-0.8657496909371822,0.39223191969788507,-27.73290106705088,-0.8657487774815493,0.3922322247136051,-27.73290073461161
1068,-0.8693913035097042,0.4184361528605171,-27.670737236737857,6.167782724207756,0.441792675941118,-29.496290696276397,1.5400177101042232,0.41761005577370747,-28.337477392749616,-0.8889094152938881,0.4049179224173942,-27.729263414342277,-0.8889085376846779,0.4049175864430927,-27.72926327568922
1069,-0.9128792099656997,0.42340089194476127,-27.652445763349192,6.166056250552859,0.44210664649360265,-29.492950494122876,1.5129322202842204,0.42253603601046863,-28.285075229076924,-0.9293044627720555,0.4122640266214095,-27.651111266352444,-0.9293039389980997,0.412264211881596,-27.651110491843802
1071,-0.9951054863634036,0.432768477126953,-27.618466347455637,6.1611540197889125,0.44231247391270756,-29.49280735109789,1.4360254712431963,0.425764935069018,-28.28282904122702,-1.0440040667288208,0.4170798593701257,-27.647762087363198,-1.0440029535578645,0.41707980407274436,-27.64776051884257
1072,-1.0360576920213567,0.4358534943312357,-27.603413552045467,6.159803595099939,0.4421219331619374,-29.49277257980312,1.4148379164617157,0.4227754737403375,-28.282283377899333,-1.075600534634372,0.41262169538247706,-27.646948528407826,-1.075602152388523,0.4126213102118055,-27.646946714504878
1073,-1.0764562897386578,0.43801431171595456,-27.590374916791593,6.158064902561925,0.4420162240616735,-29.492465550356176,1.3875620693788928,0.4211172949155524,-28.27746892173257,-1.1162814725819494,0.4101483740480218,-27.639764828238825,-1.1162814532391359,0.41014829608055847,-27.63976641648351
1074,-1.1156296543779352,0.4402223955839815,-27.578816384076713,6.155706474237272,0.4426671006292858,-29.49134675075987,1.350563028326727,0.4313285941649656,-28.259915731342232,-1.1714626355715936,0.4253772133509222,-27.61358779235812,-1.1714619621184816,0.42537746615843786,-27.613587522364902
1075,-1.1542961411180397,0.4410577546805101,-27.56940743327108,6.153358900705735,0.4432807485074228,-29.491116143555246,1.313733301323495,0.4409555760851813,-28.256297264808058,-1.2263898242929123,0.43973499697646534,-27.608192176298072,-1.2263899553889068,0.4397351831755021,-27.608190927776487
1076,-1.1928276829423816,0.440725846216078,-27.561312645673407,6.153514289117104,0.4431539537590484,-29.491671198086557,1.316171971954832,0.43896656381749666,-28.265006017076605,-1.222754134725914,0.4367683256542389,-27.621179026159147,-1.222752912844033,0.4367687628041376,-27.621179193640053
1077,-1.2315203957262102,0.4415595065802286,-27.554253548383365,6.15108511044939,0.44249631781160825,-29.49175303801881,1.2780614085079485,0.42864893992168507,-28.266289871559284,-1.2795906739553828,0.4213813342310934,-27.623093870292205,-1.2795911504003108,0.42138101974901787,-27.623093939040658
1078,-1.2686761431398403,0.4415109287947357,-27.546389549970282,6.148652285366523,0.4425617163659227,-29.490596525224912,1.2398957673431603,0.42967522025803606,-28.248146149623707,-1.3365125299302747,0.4229114923652992,-27.596034442489124,-1.3365115310720732,0.4229116180997391,-27.59603432395607
1079,-1.3045850805940513,0.4424447845667554,-27.537268608808173,6.148994978134767,0.4428732966332223,-29.490161135990345,1.245271148871291,0.4345632529052972,-28.24131616820811,-1.3284943996770835,0.4302016700376451,-27.58584745310069,-1.328494666858628,0.4302016483606429,-27.585848064003606
1080,-1.3442443422975507,0.4450964760035228,-27.52640435099567,6.147281849878982,0.4434878413539479,-29.48993104196956,1.2183951709199974,0.4442041819377789,-28.237706231015395,-1.3685771991060385,0.4445804374753936,-27.58046384422392,-1.3685776013836453,0.4445801661533583,-27.5804641901071
1081,-1.3793424181642473,0.4483974706381517,-27.51507470011677,6.1455193984191325,0.44419936750012184,-29.48923451017636,1.1907456370778036,0.45536706047524267,-28.226777913804987,-1.409814034777778,0.46122832108202616,-27.564166789950008,-1.4098142200716204,0.46122852515777346,-27.564165656747413
1083,-1.4525673203172664,0.455572022125119,-27.48861786723103,6.14251501005899,0.4441315595663954,-29.488204486982536,1.1436130626783676,0.45430318709488104,-28.210618980351278,-1.4801090028513038,0.45964178966030034,-27.54006689378299,-1.480107918670118,0.4596418603999282,-27.540066162664147
1084,-1.4873623661699196,0.4600067269056997,-27.474328011273997,6.141881706820042,0.4437795225853608,-29.48723959727971,1.1336778972120243,0.44878038347144744,-28.19548288139082,-1.494926671416831,0.4514050288370912,-27.517490953949594,-1.494925261786129,0.45140513031948987,-27.51749212778826
1085,-1.5210927538576064,0.4639471899718006,-27.45903298258748,6.139613147976769,0.4439166732706382,-29.48688619709124,1.098087171170734,0.4509316307248017,-28.1899379144229,-1.5480051194551443,0.4546140024740346,-27.509222297575143,-1.5480054043653588,0.4546135085582126,-27.509222343212553
1086,-1.553771954030037,0.4660965036600772,-27.444394081830634,6.138176507308449,0.4444770047919352,-29.485306673866397,1.075549727001052,0.45972267938640754,-28.165157795560994,-1.5816188197518528,0.4677243203419595,-27.47226551258193,-1.581617833302893,0.4677245115716835,-27.47226518081035
1087,-1.586511831730839,0.46807221882044797,-27.428124397992736,6.138060784260145,0.4438449175467518,-29.486242684620944,1.0737337061287988,0.4498063261814338,-28.17984162306288,-1.5843264417403446,0.45293510290612243,-27.49416575922787,-1.584326253656954,0.45293522513298196,-27.49416469633315
1088,-1.6188683323564503,0.46891073696314783,-27.41122338175738,6.134930622757791,0.44389699407947214,-29.48348722587718,1.0246260069308768,0.45062313716809776,-28.136613611991358,-1.6575641781768304,0.4541535599649767,-27.429695104571323,-1.6575656608030584,0.4541534201083276,-27.42969427815649
1089,-1.6528533510866092,0.4675675462931353,-27.393179863690985,6.134309881109807,0.4444561456299192,-29.483687852385657,1.0148886107148538,0.4593951690194167,-28.139761020488777,-1.6720879377898683,0.4672362695468601,-27.43438924937472,-1.672088050115864,0.4672360613794654,-27.434388335018504
1090,-1.6842424683275157,0.46546302549540564,-27.37555405497517,6.132792364738634,0.44436531422588277,-29.48141141099086,0.9910818071555916,0.45797030548358175,-28.104048825689105,-1.7075939217291634,0.4651110480769874,-27.38112636988434,-1.7075936064176709,0.46511101454703163,-27.38112703347651
1091,-1.7153870873155643,0.4621285032480897,-27.35776993632281,6.131007106206116,0.4437449629017364,-29.481410887851425,0.9630746070453391,0.4482380522749041,-28.104040284701746,-1.7493643843002644,0.45059642103883146,-27.381114129765724,-1.7493636499220528,0.4505962955347123,-27.381114295415863
1092,-1.750957947224609,0.45773125998675407,-27.33873078227008,6.129918536360066,0.4440087283493632,-29.481032596311806,0.9459964201153888,0.4523763202055464,-28.098105496789255,-1.7748341216981025,0.45676785478748094,-27.37226307973085,-1.774834122094628,0.456768123879397,-27.372263130418354
1093,-1.7814006619157752,0.4533039759844487,-27.31962487101519,6.130197388003157,0.4441105001383798,-29.480304912404844,0.9503710154706866,0.45397274647276187,-28.086690294189342,-1.7683097097384426,0.45914905315537924,-27.355237146037886,-1.76830983414062,0.4591490400141989,-27.35523845435889
1095,-1.8397061638536374,0.4463587235659312,-27.281617134809146,6.126758151390224,0.44346683509423046,-29.477408792469404,0.8964154657268946,0.4438749224282692,-28.041254341874648,-1.8487790096168233,0.4440889449720353,-27.287475380914756,-1.8487793438105982,0.4440891072834138,-27.28747510431402
1096,-1.8717195801439221,0.4436278473585788,-27.26325127482379,6.124868081709501,0.4438157219965947,-29.475635234438844,0.8667631022963924,0.44934802607772384,-28.01343020124604,-1.8930017837514264,0.45225200204825244,-27.245978680025836,-1.893002990073846,0.4522517146358716,-27.245978076408562
1097,-1.897706966847413,0.44195116870104706,-27.246026009320882,6.124704682295192,0.4441377971154792,-29.47457868698021,0.8641999512767864,0.4544008735540317,-27.996855199683484,-1.8968249102035202,0.4597877322819393,-27.221258184214427,-1.896825683137621,0.45978755035224217,-27.221258056784045
1098,-1.9266187958421723,0.4402245711535173,-27.22905060648883,6.124196715157778,0.44370101689257674,-29.47288438785214,0.8562316204935598,0.4475486258814534,-27.970274913547417,-1.908710036035007,0.4495681973405187,-27.181615937994003,-1.9087096816152425,0.44956808242043667,-27.18161611814356
1099,-1.9585659317674526,0.4380610715597829,-27.212195366620687,6.122743804034372,0.4434776334146535,-29.471721269164544,0.8334383649022943,0.4440442020722084,-27.95202858314048,-1.9427044231749662,0.4443415979244487,-27.15440194925171,-1.9427036286683474,0.4443415715805914,-27.15440347239915
1100,-1.9842140488328897,0.4354684185236634,-27.196984261273972,6.120976459144993,0.442754529775768,-29.472088971304085,0.8057123570481846,0.43270023520078227,-27.957796706424272,-1.9840557525243874,0.4274228307358763,-27.163005234533514,-1.9840543009851075,0.4274231367543173,-27.16300607314304
1101,-2.0134427361192664,0.43211258761584254,-27.180508583783766,6.119259103277443,0.443038065043569,-29.47115758238029,0.7787686884239537,0.43714816010498203,-27.943183211230814,-2.0242374672061096,0.4340568274795087,-27.141213126851664,-2.0242381896341435,0.43405678867315484,-27.14121145148936
1102,-2.0462450794877967,0.4277257453650183,-27.16274735331499,6.117584630031068,0.44302080552005285,-29.470530529357898,0.7524997499618848,0.4368776260645435,-27.933346247026254,-2.063415838736052,0.43365299897630094,-27.12654169729413,-2.063415783183487,0.433653313188492,-27.126540566104246
1103,-2.0703553967180226,0.42288727872073234,-27.14741417765582,6.117214557906349,0.4429219556875734,-29.469217342203454,0.7466940110703373,0.43532663450698394,-27.912745218129892,-2.0720745755815067,0.43134016688361854,-27.09581649201741,-2.0720744839861496,0.43134015855042895,-27.095816114183002
1104,-2.1011149697008045,0.4180931281298355,-27.13115021586384,6.115924422406,0.44237518645694074,-29.468697622875617,0.7264545286605717,0.4267488384408298,-27.904592115338225,-2.1022604313818753,0.4185471717699347,-27.0836563951264,-2.1022597241184755,0.4185472012592857,-27.083656546037563
1106,-2.1673950962724655,0.4094584714621273,-27.10047623515095,6.115120083167916,0.44174282354495775,-29.469127661859265,0.713835402304408,0.4168284293087974,-27.911338133614972,-2.1210799028628102,0.4037515044392916,-27.0937182023904,-2.1210799365927393,0.4037518657957254,-27.093717583049184
1107,-2.196902018040654,0.4059141706675241,-27.08747383952106,6.11335162436681,0.44180844349309084,-29.467923791555155,0.686092584645662,0.4178577607948111,-27.89245193476262,-2.162457294884536,0.40528684261999975,-27.065550730529967,-2.162455679115311,0.4052870146425207,-27.06555063510045
1108,-2.2288129143419186,0.4031366538256362,-27.07424446940388,6.1111785195857244,0.44195481322599994,-29.468350891332623,0.6519986243098277,0.4201538580735502,-27.899152101131193,-2.2133023631298343,0.40871151828386304,-27.075543767921413,-2.2133035396961027,0.4087114227534948,-27.075543288403892
1109,-2.254488687962524,0.4002286028116904,-27.061457604169508,6.112564138792085,0.4422315472511623,-29.466885658132302,0.6737370917486967,0.42449531373176286,-27.876166129454425,-2.1808824339471187,0.4151863834250417,-27.04126107584233,-2.180882707657709,0.41518628603872193,-27.041261923856585
1110,-2.2814874462785677,0.3975161146372514,-27.04750344157185,6.111134375846817,0.4417163021402978,-29.465527906697428,0.6513062808449366,0.4164120180520483,-27.854863127683746,-2.2143352131962146,0.40313097171503637,-27.009493180908205,-2.2143361033416866,0.4031308284824041,-27.00949054695235
1111,-2.3102488331499,0.3953397702425678,-27.031651467084536,6.109465843054489,0.44261285632212444,-29.465086138718746,0.6251300879796577,0.43047732619224477,-27.84793455192781,-2.253374593365013,0.4241080359400845,-26.99915694529728,-2.2533753757594077,0.4241078819045867,-26.99915724303016
1112,-2.3328432850542007,0.39438263885676417,-27.0159539878365,6.108664450671589,0.44243678924852664,-29.4643143470168,0.6125582703583241,0.42771539984881657,-27.835827142282795,-2.272125116006368,0.41998851880922616,-26.981099002533455,-2.272125031808745,0.41998873457580177,-26.98110020678209
1113,-2.356223803013793,0.39410243742167633,-26.9998292624947,6.106334736091814,0.4421894579612654,-29.464345798018073,0.5760095148603881,0.4238352993736034,-27.83631957437881,-2.3266344511437076,0.4142016021867726,-26.981834875152202,-2.326633983120196,0.4142019381444194,-26.981834621860806
1114,-2.3809375576677314,0.39407233707606293,-26.983509987592353,6.10712292739901,0.44231995576691974,-29.46304739682953,0.588374746213125,0.42588248747236546,-27.815950451421482,-2.3081927997546003,0.4172549155346193,-26.951455623486176,-2.3081924306082584,0.417255122168896,-26.951456035328615
1115,-2.4031753353776897,0.3949066232889836,-26.966845482587477,6.10550080592119,0.44248411062259,-29.460538028352083,0.5629261864999258,0.42845765649640666,-27.776583093633217,-2.3461462744143766,0.4210957173735366,-26.89274284875073,-2.346146508208289,0.4210957389296538,-26.89274340996817
1116,-2.4257783703508373,0.396224541589612,-26.949583977460517,6.1063486571318935,0.4430918702531227,-29.46202014409836,0.5762269135127838,0.43799193721060736,-27.799834156719996,-2.326308734574937,0.43531573113455657,-26.927420549026806,-2.326309753952959,0.4353152010196667,-26.92742013284067
1118,-2.4743442349138203,0.3982403706759162,-26.914675682782768,6.10362526580897,0.44216850726843604,-29.45878842516603,0.5335016262901924,0.42350616271082386,-27.74913436931492,-2.3900290939786473,0.4137114098058232,-26.851806629673135,-2.390030407891924,0.41371106248854994,-26.85180627935884
1119,-2.4956421665849695,0.39686779491602875,-26.896943062543517,6.103259103561747,0.44226204825807824,-29.459008738154036,0.5277583299627651,0.42497391464633805,-27.75259120722218,-2.3985963497368274,0.41590002861679115,-26.85696138751453,-2.3985959816197813,0.41590007324145356,-26.856961820405623
1120,-2.5156848244371313,0.3936290275305469,-26.878596276044505,6.101867126281154,0.44247599983349495,-29.456799627137002,0.5059193960094159,0.42833039696218544,-27.717934018251185,-2.4311650415199857,0.42090594574878426,-26.805273865863395,-2.431166649795454,0.4209059435820346,-26.80527395852156
1121,-2.536534767598143,0.39074618928134,-26.859919518231997,6.100862594007885,0.4427505485533807,-29.455837378095467,0.4901605979089645,0.43263768094983823,-27.702838584968298,-2.4546685156430676,0.4273296803614697,-26.782759710719304,-2.454669380509035,0.4273298431093607,-26.782760572590036
1122,-2.5581319145860637,0.38733212463557304,-26.84089371561971,6.100402695990046,0.44223925521686624,-29.456833839423332,0.4829455387007471,0.42461600922443954,-27.71847000605849,-2.465428947586531,0.4153667300174662,-26.806074345457564,-2.4654299469286514,0.4153662917501119,-26.806073332751787
1123,-2.5805747322740507,0.3838703166693398,-26.821890801190975,6.097848094518053,0.4416786497006506,-29.456255443189143,0.44286912675235435,0.4158210457105651,-27.709396692958627,-2.5252000581715244,0.4022500013724547,-26.79254135972395,-2.525200058328366,0.40224945011125435,-26.79254135949426
1124,-2.6025609783830554,0.3807410728186327,-26.800366371869693,6.098936295768868,0.4408987586969921,-29.45552473713323,0.4599413912212711,0.4035862111426274,-27.697933183876877,-2.4997389449551193,0.3840025557591284,-26.775444715510773,-2.4997384189364347,0.38400237185423935,-26.775444638966235
1125,-2.6258466057481713,0.3777194749563895,-26.777321785688056,6.09742673519898,0.441012475983778,-29.45432916093369,0.43625846593507944,0.40537053027294534,-27.67917734564655,-2.5350587835861873,0.386663248081757,-26.747471304386156,-2.5350592227162103,0.3866635121112333,-26.74747211133913
1126,-2.6507053188981975,0.37423328869044337,-26.75280854105915,6.097242160850678,0.44092073302858864,-29.45342489441405,0.4333631783697811,0.40393100643545554,-27.66498969787693,-2.539377349086333,0.3845166986570673,-26.726313791272545,-2.539377265472506,0.38451660084981343,-26.72631260013383
1127,-2.6744046024980457,0.37262753956019457,-26.726410835981035,6.095500098907077,0.4410092846900836,-29.45058881038165,0.4060331185599573,0.40532028327897707,-27.62049745801599,-2.5801371224672103,0.3865885800091003,-26.659956712022748,-2.5801374193879205,0.38658857355558485,-26.65995670638926
1128,-2.6992029957475596,0.3724861275404645,-26.697546929120676,6.095592115251584,0.4417411431794197,-29.448390680571247,0.40747743738393005,0.41680179123367433,-27.58601294499875,-2.5779841764349385,0.4037121882032769,-26.60852612239138,-2.577983356865637,0.4037121376703725,-26.6085263740716
1130,-2.7483606152238775,0.3768665920942973,-26.634283989667537,6.092402120811579,0.44144767676474383,-29.445841856216326,0.3574317216580578,0.41219769941260664,-27.5460264611264,-2.652621849876134,0.3968458281401198,-26.54889018150196,-2.6526217253868936,0.39684557782479335,-26.548890381742474
1131,-2.7716653160753153,0.38159875385462655,-26.601084679364803,6.091062362611374,0.44208699612717844,-29.443700267134513,0.33641366950526574,0.4222277789353115,-27.51242944811925,-2.6839687493512727,0.411804258537247,-26.498782499642413,-2.6839681273600817,0.41180447612117865,-26.498783670275373
1132,-2.7937698177995633,0.3868271242827128,-26.567301720380435,6.090925316995018,0.4426889636128327,-29.44380045596893,0.3342631582953164,0.4316713488658739,-27.51400108010595,-2.6871752646454254,0.4258887509906001,-26.501126660939942,-2.6871754078609023,0.4258886518075535,-26.501127608127028
1133,-2.814074736088751,0.39037354104220423,-26.533228844403876,6.089750974474974,0.44286122652506443,-29.442051986850252,0.3158403085070418,0.4343739023026767,-27.48657155533081,-2.714651862228145,0.42991926052000284,-26.460216976125025,-2.714651315274054,0.429919250160255,-26.46021911178852
1134,-2.834016781300539,0.39438088051974357,-26.50006386637653,6.089284744102321,0.44255804706166935,-29.44064327338301,0.30852518525703054,0.4296176139781249,-27.46447014514352,-2.725560455003748,0.42282564007377865,-26.427256700576713,-2.7255611175816767,0.42282570387737695,-26.427256985571077
1135,-2.852170210331909,0.3996640574186998,-26.468562096357,6.088219926067131,0.4423366338379092,-29.438880426048797,0.2918196090187628,0.42614402454614964,-27.436813545689798,-2.750474461055969,0.41764513954270266,-26.386010602462015,-2.750475876768288,0.4176451795436771,-26.38600982920352
1136,-2.8638324551286662,0.40256105177104,-26.438927620649,6.089166702959575,0.4426790099123946,-29.437989544860972,0.30667461443370314,0.4315152182762281,-27.422838528483165,-2.7283223144460287,0.4256558599756459,-26.36516627172026,-2.7283210658626196,0.4256557980593674,-26.365167436018993
1137,-2.8753299526872604,0.40486769191920197,-26.41099068522418,6.088765012705976,0.443304582490155,-29.43712374368649,0.3003719304588959,0.4413293862252481,-27.409253997596473,-2.7377208342668276,0.44029265093274206,-26.344908748849548,-2.7377209124301345,0.4402926850232949,-26.344907415599604
1138,-2.8898789696397746,0.40660883300006023,-26.383774727582566,6.088329984301508,0.44211397136482755,-29.435088261153133,0.2935478171743231,0.4226510133350756,-27.377322125966977,-2.7478993811580636,0.41243540978735693,-26.29728368759084,-2.74789842062993,0.41243568949563614,-26.297284102241264
1139,-2.9020657353105483,0.4066783022135451,-26.356858223676323,6.087900985905558,0.44255950197838967,-29.43381374142249,0.28681720948168454,0.42964038078460054,-27.357327466765863,-2.7579368413436036,0.4228596813867319,-26.267463200678062,-2.757936474238491,0.42285965837811956,-26.267463992362444
1140,-2.9138603024187066,0.4057221841067016,-26.3289479911324,6.085460221997289,0.4427646074109117,-29.43165466643709,0.24852595484501805,0.4328581276426078,-27.323454402656225,-2.8150444454346655,0.42765862150450185,-26.216946393603255,-2.815044195314311,0.4276586181354658,-26.2169455772436
1142,-2.9289443306627194,0.40147982351481454,-26.270281761884338,6.085112485407098,0.44260182997560027,-29.42871626672025,0.24307037688379474,0.43030423722973343,-27.277357421457026,-2.8231805881616623,0.4238500477628,-26.148195390230107,-2.823180664789472,0.42384973637537404,-26.14819636623602
1143,-2.9332034401597937,0.3982724677771294,-26.239014595746642,6.086305599562927,0.443217376667855,-29.42731151310982,0.2617884056018269,0.43996138982931865,-27.255318354136016,-2.795264782533909,0.4382522587598359,-26.115327765156632,-2.7952645264111027,0.43825245005704094,-26.115327218403653
1144,-2.939898710698118,0.39507554285227736,-26.205233544110897,6.085220865657182,0.44292865286767713,-29.426835360842393,0.2447710263830114,0.43543164824213254,-27.247848910927384,-2.820644768784746,0.4314968636901374,-26.104187025536813,-2.82064430973476,0.4314967764297045,-26.104187262729766
1145,-2.941551189869877,0.3920230697840408,-26.17336365580524,6.086290535145578,0.44228905312444655,-29.425542629325086,0.26155175387965635,0.4253974816597721,-27.22756831106709,-2.7956172511929758,0.41653187310280293,-26.07394042960995,-2.7956174696789624,0.4165317826771884,-26.073940699877184
1146,-2.947945099324216,0.3896900843828871,-26.138575524091376,6.086814233886092,0.44300001609338824,-29.424376612002682,0.2697675878733481,0.436551144438565,-27.209275237058858,-2.7833640462701226,0.4331665798092427,-26.046658620260978,-2.783364343983056,0.4331663972644861,-26.04665834055013
1147,-2.9520280174913323,0.3890589606016829,-26.106768578290588,6.084877152240421,0.44179334618070387,-29.423281746177704,0.23937801899707267,0.417620843810506,-27.192098793753615,-2.828686779590747,0.40493360430157355,-26.021041573133346,-2.828687461218781,0.4049336757617189,-26.021041328450167
1148,-2.9544048123064,0.39027942530810367,-26.076977699994714,6.083828014315966,0.43999619861171235,-29.422646332914425,0.2229199964467501,0.3894267524084596,-27.182130034287752,-2.853233911340652,0.3628849688250041,-26.006174535419987,-2.853233017904806,0.36288490188236006,-26.006173883117015
1149,-2.957015257328979,0.39144731871783256,-26.046515434980044,6.087034917519446,0.44124976710469277,-29.42105900230756,0.2732290226082146,0.40909285726803346,-27.15722762331018,-2.778200616279932,0.3922152506091669,-25.969035077748053,-2.778201947210306,0.39221500458139436,-25.969034333793896
1150,-2.9633734039964645,0.3896495532244398,-26.012503594159732,6.084782613155164,0.4413144340412475,-29.417592465363132,0.23789465040512425,0.4101074045829167,-27.102844700921274,-2.8308987512745745,0.39372829076763394,-25.88792702025883,-2.830899762711784,0.3937281042598022,-25.887927438954794
1151,-2.964798431843752,0.38894282095133875,-25.9814271628853,6.0859363349783795,0.4420659601478307,-29.415122975772185,0.25599500136740083,0.42189777185303545,-27.064102722798218,-2.803904625014269,0.41131207067090436,-25.830147309001646,-2.8039048312597785,0.41131230231840077,-25.830147507177415
1153,-2.970161896199217,0.38430212251841545,-25.916634529828666,6.0859320748764665,0.4416782070019541,-29.41500465959709,0.2559282065759074,0.4158145209197761,-27.06224699629852,-2.8040043004530126,0.40223964336043677,-25.827379014509123,-2.804004449262848,0.40223971901374944,-25.82737986970135
1154,-2.970145445317263,0.3819272648543082,-25.88613983988728,6.085327515384879,0.442067889191062,-29.413801945461188,0.2464440181866383,0.42192790460844587,-27.043377831037255,-2.8181494391852198,0.4113572053259813,-25.799238594014057,-2.8181492034711972,0.41135724242306837,-25.79923832571439
1155,-2.968350868672363,0.379044068977232,-25.856192559003468,6.085336214427955,0.44176166368125147,-29.41192920886499,0.2465799830727029,0.41712372285302224,-27.01399809630869,-2.8179459039287877,0.404192315220227,-25.755421369521237,-2.8179464249291186,0.40419226769738925,-25.755421278921837
1156,-2.961840610951416,0.37420658580958455,-25.82643029093708,6.086233493637684,0.44105884848548516,-29.41184454668823,0.26065711478115183,0.4060977127831802,-27.012670514623007,-2.796951875913752,0.3877482454709881,-25.75344049211823,-2.79695173779281,0.3877480348399803,-25.753441318606335
1157,-2.9612083248796455,0.3711284231394477,-25.79701516032184,6.0861823478604755,0.44093971735753734,-29.41020036550031,0.2598544342709115,0.40422877251407185,-26.986875392116215,-2.7981485556851275,0.38496088317563637,-25.714970876922905,-2.7981488585225094,0.3849606902985613,-25.714970375953445
1158,-2.9593767933549846,0.3683247696608256,-25.76786705851521,6.086636428613452,0.4415478228059837,-29.408650330738663,0.26697875077598887,0.41376896501067173,-26.962557994739537,-2.787524232792407,0.39918898818728255,-25.67870404620016,-2.787523626111394,0.3991889692430626,-25.67870331811337
1159,-2.9454777054491017,0.36455724947154194,-25.738934487104075,6.086879042570416,0.44066889673406506,-29.406833601911575,0.27078396717087116,0.3999803851327213,-26.934056939649523,-2.7818476895780613,0.3786243764399586,-25.63619725959673,-2.781848512078856,0.3786246293912264,-25.63619673743611
1160,-2.9446425251665054,0.36298464052378693,-25.70957466959919,6.087276630340056,0.44036558987258645,-29.407536074232755,0.27702240570596004,0.39522206733791276,-26.945077249641557,-2.7725451573408897,0.37152777520591856,-25.652633306961643,-2.7725444814015923,0.37152805634877994,-25.65263246917605
1161,-2.94457672163867,0.3620196413248729,-25.67939659953082,6.088966221895021,0.4412504499509414,-29.40634391580221,0.30352862159607774,0.40910362754034213,-26.92637426472524,-2.7330130562353148,0.3922312274568631,-25.624739862849854,-2.733013011404296,0.39223106740599367,-25.6247387671801
1162,-2.939856987446783,0.36116365902125297,-25.647101372480037,6.0880523825272626,0.44094073312133597,-29.403771244597756,0.2891920646342445,0.40424519434661454,-26.886014346506514,-2.754394549398164,0.3849846494385949,-25.56454596695415,-2.7543946063385043,0.3849851818813339,-25.564545833463306
1163,-2.941644411534303,0.36091987602412323,-25.615536659955634,6.087920067868366,0.4416799493785103,-29.404576351554386,0.28711621151729716,0.4158417327438222,-26.898644367082003,-2.757490372443609,0.4022804104949441,-25.583383401076432,-2.757490541478834,0.40228030283040245,-25.583382293617216
1165,-2.9410128407182645,0.3636872898787216,-25.549992531537658,6.087136607573184,0.4411085686156645,-29.4009233407193,0.2748260045334323,0.40687781081477126,-26.841336202948423,-2.775821330307547,0.38891156876498556,-25.49791233367672,-2.7758202023650718,0.3889114759761513,-25.497912682246117
1166,-2.940873604268066,0.3657661210745525,-25.517655342816965,6.087131435179594,0.4406335281811352,-29.400593733585662,0.27474398853173376,0.399425446411372,-26.836164441496862,-2.7759423510274743,0.3777968431782818,-25.490200373650758,-2.775942521338248,0.3777969916965702,-25.490199497780143
1167,-2.938408356160156,0.36788014881312425,-25.485943764447818,6.086449168165961,0.4409047642651328,-29.399371309193704,0.2640406776227948,0.40368048347700847,-26.81698735557741,-2.791905646111811,0.3841430706227575,-25.461598783808057,-2.791905479454279,0.38414296996804065,-25.461598719766293
1168,-2.930073481053344,0.3713703881949134,-25.455706566571855,6.084945677114812,0.44115854031355917,-29.39787622675584,0.24045467175192137,0.4076618051490766,-26.793532830571763,-2.8270834735996075,0.39008077809713826,-25.426617696265883,-2.827081737253799,0.3900807280728339,-25.426618553023317
1169,-2.9267310909929223,0.3733303081244178,-25.424885720014228,6.0858185724111,0.4412934043733239,-29.396670929633633,0.25414791028523176,0.40977766766240165,-26.774622904870785,-2.806659966506402,0.3932362505724005,-25.398416840528114,-2.8066595898416793,0.39323633337728997,-25.39841621876338
1170,-2.922171097249026,0.3748049866408061,-25.393950432538634,6.085594623083843,0.44127737485389495,-29.395307781890526,0.25063421709918465,0.40952592820833345,-26.753237820180146,-2.8118998053429642,0.3928612010044279,-25.366522685846785,-2.8118999250649246,0.39286088820937587,-25.366522423083822
1171,-2.913147430867192,0.37634832970797605,-25.363129585981024,6.0874127643532026,0.44077703969198817,-29.39345633971168,0.2791580779590799,0.4016769588157614,-26.724192210656547,-2.7693599712195365,0.3811546437900229,-25.32320369600555,-2.7693593317767515,0.38115490575837496,-25.3232036918777
1172,-2.9072081856431913,0.37643165700137204,-25.33282372355427,6.086253528595351,0.4405521210179977,-29.392372048233895,0.2609710091438213,0.39814809002286,-26.707181935811775,-2.796483109382688,0.37589212473055283,-25.29783406143222,-2.796483594560609,0.3758919375780325,-25.297834504044193
1173,-2.897913675755496,0.3771840762346942,-25.302315682172427,6.087953194255606,0.440578580895983,-29.391744226813966,0.28763533207308,0.3985633383809615,-26.697332640629995,-2.7567153000979943,0.37651121788870767,-25.283144653346557,-2.75671632313092,0.37651124053994023,-25.283145228193312
1174,-2.889672260731693,0.37655846588313024,-25.27233979105915,6.087419357506414,0.4405968763334749,-29.389894600985354,0.2792615969400156,0.39885052795303166,-26.668315591937713,-2.769205708375001,0.37693928411724403,-25.239868161433947,-2.7692049431795276,0.3769395561470753,-25.239869092718358
1175,-2.881999235600465,0.37515954487025277,-25.24279114603961,6.088510409885128,0.4403170163278318,-29.3902227434259,0.2963772925004555,0.3944597006747028,-26.67346277478344,-2.7436778860915503,0.37039127906479297,-25.247545851404897,-2.7436785304944706,0.3703910598420527,-25.24754562055923
1177,-2.8617770485582277,0.3743267785757733,-25.186104744672413,6.089229282512729,0.44001251751624815,-29.387071852671365,0.30765557064458804,0.3896829859253541,-26.62403128364241,-2.726858113695755,0.36326678926092415,-25.173823103729696,-2.726858064082961,0.36326704951246347,-25.17382330889225
1178,-2.851949911564817,0.3726304005831433,-25.157467812299377,6.089709052482557,0.4408732291380659,-29.386000924621438,0.31518188221526344,0.4031857539440524,-26.607230527869987,-2.715632729135251,0.3834052296765703,-25.14876613903188,-2.715633294720188,0.3834051284832393,-25.14876659859069
1179,-2.842084627598755,0.37078435532748305,-25.12897774577106,6.0900131801840685,0.44054038363134596,-29.383074163614847,0.31995362527760385,0.3979645206623379,-26.56131484466375,-2.7085169223535424,0.37561750004124994,-25.08028745157368,-2.7085166991832885,0.3756181615438379,-25.080287776091193
1180,-2.8317384533586414,0.36886660568415747,-25.100653618573787,6.090022827035733,0.43999406799789054,-29.383290275804722,0.32010542805853603,0.3893934156558869,-26.564705449698522,-2.70829121081146,0.362835117936029,-25.08534392153249,-2.7082902999452827,0.3628351833242831,-25.08534453718302
1181,-2.822376232594485,0.3674090038984965,-25.071677178144096,6.090275140560529,0.43991719460130085,-29.382270380453598,0.32406256940289424,0.38818719932719437,-26.548705065034586,-2.7023877226321815,0.3610364779763405,-25.061480990861885,-2.7023886044721124,0.3610362277583271,-25.0614815033607
1182,-2.8135871700944874,0.36693002097308125,-25.043099373578677,6.090791069602486,0.4398221758916533,-29.380419143880967,0.3321579239515273,0.3866968581243395,-26.51966206826401,-2.69031630869193,0.3588132843141381,-25.01816681167785,-2.690315162273368,0.35881352728721394,-25.018166668824264
1183,-2.8046035580339375,0.36783833615481376,-25.015704125165595,6.089981758200436,0.43930458967851505,-29.37804452391709,0.3194604879725418,0.3785767294097535,-26.482408172278024,-2.7092521160340866,0.3467030968262179,-24.96260680593361,-2.7092521660134246,0.34670313680425857,-24.962606068338793
1184,-2.7951516918840325,0.36783753149210985,-24.98895928263629,6.090834705824137,0.43883781109148934,-29.377720767020147,0.33284164266305716,0.37125382121968875,-26.477329239414075,-2.6892953332253313,0.3357816772428909,-24.955031726414596,-2.6892954616173625,0.33578172400778206,-24.955031328777256
1185,-2.785708647221561,0.368770195171232,-24.96301743388141,6.092822470311413,0.43902762725425115,-29.3764376646517,0.364025925435179,0.3742314964212563,-26.457201100654054,-2.642786751636997,0.34022288773291953,-24.925010427829584,-2.6427871050905836,0.34022263999444874,-24.925012146982624
1186,-2.7769100479783964,0.3714373540133186,-24.937411278485914,6.09388328636586,0.43876298803767555,-29.37544976998414,0.38066778977363924,0.3700799659337213,-26.441701399157154,-2.6179663816513674,0.3340310100359547,-24.901896230931,-2.6179673660707934,0.3340310318225693,-24.90189583391735
1187,-2.767621021718021,0.37322561256587056,-24.911498039960506,6.092970145051596,0.43982065039576673,-29.376835018636484,0.3663434788240494,0.38667290551751665,-26.4634341739506,-2.639331542156043,0.35877759163004164,-24.934307490101812,-2.6393306972563195,0.35877780427937683,-24.93430817592296
1189,-2.7480578236284154,0.3770871292799658,-24.860236138105027,6.094416447101701,0.43981855223210625,-29.371820775879243,0.38903265975704393,0.38663980489109284,-26.384769622700805,-2.605491790349788,0.35872849999146283,-24.816987093308512,-2.605491967539706,0.3587284378807257,-24.81698756854266
1190,-2.7394091896715116,0.37824149243533217,-24.833638161420485,6.0926775980094785,0.44033153124100266,-29.37195640134413,0.3617532523755287,0.3946874967304932,-26.386896271896394,-2.6461763912635803,0.3707308907379948,-24.820160380707204,-2.646176578233174,0.3707307957357884,-24.820159261145584
1191,-2.731448631733891,0.378970963880415,-24.808157891034732,6.095958438365369,0.4407842748717229,-29.371491096190926,0.4132239731069802,0.4017900696739265,-26.379597871074886,-2.569413156812516,0.3813239284055565,-24.809273435689462,-2.5694129518909747,0.3813235997173489,-24.80927439873068
1192,-2.723900299519534,0.37955938093363756,-24.78445145487751,6.095194177755048,0.44050217046258666,-29.371535833467064,0.40123387970733937,0.39736486475008914,-26.380298352442964,-2.5872948913828857,0.37472341007819354,-24.810320173001962,-2.58729502224978,0.3747238324626128,-24.81031909927566
1193,-2.7182915024461702,0.37899325601756145,-24.75712296366658,6.096870185710695,0.4395977119243334,-29.371763157273634,0.4275274926753845,0.3831750454550622,-26.383865021065166,-2.5480806115993033,0.35356140422242477,-24.815638965984036,-2.5480806290494904,0.3535610826361636,-24.815638442263484
1194,-2.7136163525285686,0.37756602279841445,-24.729212731122633,6.094413323099892,0.4406147011901396,-29.37029222660613,0.38898416054358087,0.39913005013733094,-26.360788293238226,-2.6055648839652186,0.37735633996354734,-24.78122296781204,-2.605564299448943,0.37735643658327234,-24.78122172365272
1195,-2.7105653099718032,0.3754131030291272,-24.701031655072825,6.095003084155975,0.4398980952932584,-29.367169114848274,0.3982362898663947,0.3878877139789958,-26.31179385452237,-2.5917659906003365,0.3605896032424074,-24.70815017728298,-2.591765639004457,0.3605895741844627,-24.70815123361524
1196,-2.709038238972658,0.3725644182413771,-24.671668022870673,6.095137558027093,0.43950656108981867,-29.36711921356788,0.4003460458066872,0.3817454476766635,-26.311010191949403,-2.5886196475368344,0.3514287089001118,-24.70698261553941,-2.5886191410659727,0.35142897513657745,-24.70698247630866
1197,-2.708698015660283,0.3698259126394939,-24.642191857099203,6.095229821535003,0.4390440393129605,-29.365114656681584,0.4017935137879949,0.37448878891526616,-26.279562124461368,-2.5864609185159857,0.3406068877371457,-24.66008113496087,-2.586460381878606,0.3406063669870019,-24.660080710265184
1198,-2.70953915640735,0.36788497678935217,-24.612635582685133,6.094566680834809,0.4395797809942667,-29.363297890839863,0.3913890078359259,0.3828939273336245,-26.25106045617449,-2.60197670700952,0.35314186653106294,-24.617573482310142,-2.601977701158958,0.35314182201332023,-24.617573215063814
1200,-2.7147497944536125,0.3640022408217151,-24.55037209391559,6.096935108360361,0.4395651643646066,-29.362853778458398,0.42854606730660905,0.38266497226764185,-26.244093290728426,-2.5465615884110804,0.3527998749533655,-24.607182393697798,-2.5465615230163543,0.3528003575674279,-24.607182358332732
