{
  "num_frames": 400.0,
  "num_gt": 1145.0,
  "num_pred_conf": 7546.0,
  "box_recall_iou50_top20": 0.8934497816593886,
  "box_precision_iou50_conf030": 0.19507023588656242,
  "mean_best_gt_iou": 0.6495781707971898,
  "duplicate_predictions_per_gt": 0.3956331877729258,
  "conf_threshold": 0.3,
  "iou_threshold": 0.5
}