{
  "num_frames": 400.0,
  "num_gt": 1145.0,
  "mean_best_gt_iou": 0.6869145732259125,
  "conf_threshold": 0.1,
  "iou_threshold": 0.5,
  "use_gt_box_prior": true,
  "gt_box_prior_center_noise": 0.05,
  "gt_box_prior_size_noise": 0.1,
  "gt_box_prior_drop_prob": 0.0,
  "box_recall_iou50_top3": 0.834061135371179,
  "box_recall_iou50_top5": 0.845414847161572,
  "box_recall_iou50_top10": 0.8620087336244542,
  "box_recall_iou50_top20": 0.8820960698689956,
  "num_pred_conf005": 1145.0,
  "box_precision_iou50_conf005": 0.8349344978165939,
  "duplicate_predictions_per_gt_conf005": 0.0026200873362445414,
  "num_pred_conf010": 1145.0,
  "box_precision_iou50_conf010": 0.8349344978165939,
  "duplicate_predictions_per_gt_conf010": 0.0026200873362445414,
  "num_pred_conf015": 1145.0,
  "box_precision_iou50_conf015": 0.8349344978165939,
  "duplicate_predictions_per_gt_conf015": 0.0026200873362445414,
  "num_pred_conf020": 1145.0,
  "box_precision_iou50_conf020": 0.8349344978165939,
  "duplicate_predictions_per_gt_conf020": 0.0026200873362445414,
  "num_pred_conf025": 1145.0,
  "box_precision_iou50_conf025": 0.8349344978165939,
  "duplicate_predictions_per_gt_conf025": 0.0026200873362445414,
  "num_pred_conf030": 1145.0,
  "box_precision_iou50_conf030": 0.8349344978165939,
  "duplicate_predictions_per_gt_conf030": 0.0026200873362445414,
  "num_pred_conf": 1145.0,
  "duplicate_predictions_per_gt": 0.0026200873362445414,
  "nms_num_pred_conf005": 1137.0,
  "nms_box_precision_iou50_conf005": 0.8337730870712401,
  "nms_duplicate_predictions_per_gt_conf005": 0.0008733624454148472,
  "nms_num_pred_conf010": 1137.0,
  "nms_box_precision_iou50_conf010": 0.8337730870712401,
  "nms_duplicate_predictions_per_gt_conf010": 0.0008733624454148472,
  "nms_num_pred_conf015": 1137.0,
  "nms_box_precision_iou50_conf015": 0.8337730870712401,
  "nms_duplicate_predictions_per_gt_conf015": 0.0008733624454148472,
  "nms_num_pred_conf020": 1137.0,
  "nms_box_precision_iou50_conf020": 0.8337730870712401,
  "nms_duplicate_predictions_per_gt_conf020": 0.0008733624454148472,
  "nms_num_pred_conf025": 1137.0,
  "nms_box_precision_iou50_conf025": 0.8337730870712401,
  "nms_duplicate_predictions_per_gt_conf025": 0.0008733624454148472,
  "nms_num_pred_conf030": 1137.0,
  "nms_box_precision_iou50_conf030": 0.8337730870712401,
  "nms_duplicate_predictions_per_gt_conf030": 0.0008733624454148472
}