{
  "image": "/home/zhw/xyb_space/bedlam/processed_bedlam/Training/20221013_3_250_batch01hand_orbit_bigOffice_seq_000000/rgb/seq_000000_0000.png",
  "checkpoint": "outputs/train/smpl_dab_smpl_refine_20q/checkpoint_latest.pt",
  "use_gt_box_prior": true,
  "gt_box_prior_center_noise": 0.05,
  "gt_box_prior_size_noise": 0.1,
  "gt_box_prior_drop_prob": 0.0,
  "predictions": [
    {
      "rank": 0,
      "query_index": 2,
      "confidence": 0.9133157730102539,
      "bbox_cxcywh_norm": [
        0.3771853446960449,
        0.5735387802124023,
        0.18307910859584808,
        0.8288097381591797
      ],
      "bbox_xyxy_pixels": [
        365.6266117095947,
        114.576416015625,
        599.9678707122803,
        711.3194274902344
      ],
      "pred_transl_cam": [
        -0.3925260901451111,
        0.3235858976840973,
        2.462425947189331
      ],
      "projected_joints_2d": [
        [
          431.3221130371094,
          391.8569030761719
        ],
        [
          432.3964538574219,
          420.8684997558594
        ],
        [
          426.2272033691406,
          428.2408752441406
        ],
        [
          415.0703430175781,
          352.7865905761719
        ],
        [
          439.92449951171875,
          543.9168701171875
        ],
        [
          445.7681579589844,
          574.2281494140625
        ],
        [
          427.49395751953125,
          300.7492980957031
        ],
        [
          386.7789611816406,
          671.7943725585938
        ],
        [
          414.93157958984375,
          707.9086303710938
        ],
        [
          444.8202209472656,
          282.21826171875
        ],
        [
          446.58544921875,
          685.3687133789062
        ],
        [
          481.2842102050781,
          723.530029296875
        ],
        [
          445.83941650390625,
          200.772216796875
        ],
        [
          444.2486877441406,
          238.40089416503906
        ],
        [
          431.217529296875,
          234.75059509277344
        ],
        [
          486.30902099609375,
          182.16278076171875
        ],
        [
          446.3566589355469,
          247.36785888671875
        ],
        [
          422.52508544921875,
          239.247314453125
        ],
        [
          453.2840270996094,
          332.9939270019531
        ],
        [
          398.54254150390625,
          335.5905456542969
        ],
        [
          537.5825805664062,
          389.1011962890625
        ],
        [
          484.9000244140625,
          420.9764404296875
        ],
        [
          558.442138671875,
          406.13214111328125
        ],
        [
          505.70147705078125,
          450.3138732910156
        ],
        [
          548.3912353515625,
          172.0000457763672
        ],
        [
          534.0535888671875,
          153.70513916015625
        ],
        [
          534.1316528320312,
          156.6074981689453
        ],
        [
          480.6378479003906,
          150.97457885742188
        ],
        [
          484.3321533203125,
          157.81187438964844
        ],
        [
          481.9792785644531,
          685.691162109375
        ],
        [
          459.2832946777344,
          678.2186889648438
        ],
        [
          358.16632080078125,
          682.6309204101562
        ],
        [
          521.3016357421875,
          713.0445556640625
        ],
        [
          491.52191162109375,
          735.0617065429688
        ],
        [
          391.4855041503906,
          724.3458251953125
        ],
        [
          577.8936767578125,
          423.00909423828125
        ],
        [
          592.0567626953125,
          427.8176574707031
        ],
        [
          590.7157592773438,
          425.326904296875
        ],
        [
          581.6228637695312,
          419.7721862792969
        ],
        [
          565.338623046875,
          412.3979187011719
        ],
        [
          529.4498901367188,
          461.1273193359375
        ],
        [
          542.9368896484375,
          482.8880920410156
        ],
        [
          539.46533203125,
          484.263916015625
        ],
        [
          526.03564453125,
          478.60577392578125
        ],
        [
          503.1087341308594,
          468.0298156738281
        ]
      ],
      "projected_joints_mask": [
        true,
        true,
        true,
        true,
        true,
        true,
        true,
        true,
        true,
        true,
        true,
        false,
        true,
        true,
        true,
        true,
        true,
        true,
        true,
        true,
        true,
        true,
        true,
        true,
        true,
        true,
        true,
        true,
        true,
        true,
        true,
        true,
        true,
        false,
        false,
        true,
        true,
        true,
        true,
        true,
        true,
        true,
        true,
        true,
        true
      ],
      "vggt_intrinsics_input": [
        [
          530.0896606445312,
          0.0,
          259.0
        ],
        [
          0.0,
          636.3715209960938,
          259.0
        ],
        [
          0.0,
          0.0,
          1.0
        ]
      ],
      "vggt_input_size": 518,
      "vggt_camera_from_world": [
        [
          0.9999989867210388,
          -0.0008093412616290152,
          0.0011624458711594343,
          -0.00011112727224826813
        ],
        [
          0.0008072723285295069,
          0.9999980926513672,
          0.0017792100552469492,
          -0.00027032196521759033
        ],
        [
          -0.0011638837167993188,
          -0.001778269768692553,
          0.9999977350234985,
          -0.0008344054222106934
        ]
      ]
    },
    {
      "rank": 1,
      "query_index": 1,
      "confidence": 0.8232577443122864,
      "bbox_cxcywh_norm": [
        0.14682435989379883,
        0.6674512028694153,
        0.16395218670368195,
        0.46398958563804626
      ],
      "bbox_xyxy_pixels": [
        83.00578117370605,
        313.52861523628235,
        292.86458015441895,
        647.6011168956757
      ],
      "pred_transl_cam": [
        -1.3836582899093628,
        0.4885421395301819,
        3.408057451248169
      ],