{
  "num_frames": 1000.0,
  "num_gt": 2862.0,
  "mean_best_gt_iou": 0.6878574330810064,
  "conf_threshold": 0.1,
  "iou_threshold": 0.5,
  "use_gt_box_prior": true,
  "gt_box_prior_center_noise": 0.05,
  "gt_box_prior_size_noise": 0.1,
  "gt_box_prior_drop_prob": 0.03,
  "box_recall_iou50_top3": 0.7921034241788959,
  "box_recall_iou50_top5": 0.8025856044723969,
  "box_recall_iou50_top10": 0.8438155136268344,
  "box_recall_iou50_top20": 0.8944793850454228,
  "num_pred_conf005": 2783.0,
  "box_precision_iou50_conf005": 0.8138699245418614,
  "duplicate_predictions_per_gt_conf005": 0.005241090146750524,
  "num_pred_conf010": 2783.0,
  "box_precision_iou50_conf010": 0.8138699245418614,
  "duplicate_predictions_per_gt_conf010": 0.005241090146750524,
  "num_pred_conf025": 2783.0,
  "box_precision_iou50_conf025": 0.8138699245418614,
  "duplicate_predictions_per_gt_conf025": 0.005241090146750524,
  "num_pred_conf030": 2783.0,
  "box_precision_iou50_conf030": 0.8138699245418614,
  "duplicate_predictions_per_gt_conf030": 0.005241090146750524,
  "num_pred_conf050": 2783.0,
  "box_precision_iou50_conf050": 0.8138699245418614,
  "duplicate_predictions_per_gt_conf050": 0.005241090146750524,
  "num_pred_conf": 2783.0,
  "duplicate_predictions_per_gt": 0.005241090146750524
}