{
  "checkpoint": "/home/zhw/lab_users/xyb/home/projects/vggt-human/outputs/train/smpl_hsi_refine_20q/checkpoint_epoch_0121.pt",
  "train_config": "/home/zhw/lab_users/xyb/home/projects/vggt-human/configs/train_smpl_hsi_refine.yaml",
  "num_sequences": 1,
  "num_frames_requested": 60,
  "num_frames_effective": 27,
  "frame_stride": 1,
  "intrinsics_source": "gt",
  "use_gt_box_prior": true,
  "selected_dataset_indices": [
    0
  ],
  "global_summary": {
    "selected_dataset_indices": [
      0
    ],
    "num_frame_person_rows": 78,
    "num_frame_depth_rows": 27,
    "num_temporal_rows": 213,
    "hsi_scene_scale": {
      "count": 27,
      "mean": 7.569020165337457,
      "min": 7.123271942138672,
      "max": 8.417454719543457,
      "median": 7.46941614151001
    },
    "hsi_scene_depth_bias": {
      "count": 27,
      "mean": -0.10754892340412846,
      "min": -0.4181625247001648,
      "max": 0.13293607532978058,
      "median": -0.09252122044563293
    },
    "base_mpjpe_m_mean": 0.39084398631866163,
    "base_mpjpe_m_median": 0.23547182232141495,
    "hsi_mpjpe_m_mean": 0.39534204811430895,
    "hsi_mpjpe_m_median": 0.24309803545475006,
    "base_pve_m_mean": 0.39491915196562427,
    "base_pve_m_median": 0.24590012431144714,
    "hsi_pve_m_mean": 0.40069289968755,
    "hsi_pve_m_median": 0.26305989921092987,
    "base_transl_l2_m_mean": 0.388610340272769,
    "base_transl_l2_m_median": 0.22890786826610565,
    "hsi_transl_l2_m_mean": 0.39033552039510166,
    "hsi_transl_l2_m_median": 0.2226022705435753,
    "raw_human_roi_depth_l1_median_m_mean": 3.6746532213993564,
    "raw_human_roi_depth_l1_median_m_median": 3.491230607032776,
    "hsi_human_roi_depth_l1_median_m_mean": 0.36333278050789464,
    "hsi_human_roi_depth_l1_median_m_median": 0.3876321315765381,
    "hsi_sole_float_m_mean": 0.08981299986381357,
    "hsi_sole_float_m_median": 0.0,
    "hsi_sole_penetration_m_mean": 0.3163195122686419,
    "hsi_sole_penetration_m_median": 0.15296663343906403,
    "hsi_sole_plane_float_m_mean": 0.02287045500144991,
    "hsi_sole_plane_float_m_median": 0.0,
    "hsi_sole_plane_penetration_m_mean": 0.17281472050228508,
    "hsi_sole_plane_penetration_m_median": 0.03471449390053749,
    "raw_full_depth_l1_median_m_mean": 4.581810315450032,
    "raw_full_depth_l1_median_m_median": 4.5256218910217285,
    "hsi_full_depth_l1_median_m_mean": 0.4056574680187084,
    "hsi_full_depth_l1_median_m_median": 0.41227054595947266,
    "raw_near_depth_l1_median_m_mean": 4.503052729147452,
    "raw_near_depth_l1_median_m_median": 4.409468650817871,
    "hsi_near_depth_l1_median_m_mean": 0.39796884413118716,
    "hsi_near_depth_l1_median_m_median": 0.399791955947876,
    "base_transl_velocity_l1_m_mean": 0.03141421087186884,
    "hsi_transl_velocity_l1_m_mean": 0.03684274934710482,
    "base_joints_velocity_l1_m_mean": 0.03601677388556906,
    "hsi_joints_velocity_l1_m_mean": 0.041510155751697114,
    "base_joints_accel_l1_m_mean": 0.04511504649171527,
    "hsi_joints_accel_l1_m_mean": 0.05369323694055349,
    "base_joints_jerk_l1_m_mean": 0.07760333143832053,
    "hsi_joints_jerk_l1_m_mean": 0.08967874040279318,
    "likely_source_counts": {
      "depth_error": 5,
      "mixed:smpl_error+contact_error": 10,
      "mixed:smpl_error+depth_error": 15,
      "mixed:smpl_error+depth_error+contact_error": 26,
      "ok": 2,
      "smpl_error": 20
    },
    "thresholds": {
      "smpl_bad_mpjpe_m": 0.08,
      "smpl_bad_transl_m": 0.08,
      "depth_bad_human_roi_m": 0.35,
      "contact_bad_m": 0.05
    }
  },
  "per_person_summary": [
    {
      "dataset_index": 0,
      "sequence_name": "20221013_3_250_batch01hand_orbit_bigOffice_seq_000000",
      "track_id": 1000000000,
      "track_source": "person_index",
      "track_quality_mean": 0.9491229126086602,
      "num_frames": 26,
      "first_frame": 0,
      "last_frame": 26,
      "query_switch_count": 0,
      "base_mpjpe_m_mean": 0.5123290981237705,
      "base_mpjpe_m_median": 0.41425253450870514,
      "base_mpjpe_m_max": 1.294039011001587,
      "hsi_mpjpe_m_mean": 0.4783805582958918,
      "hsi_mpjpe_m_median": 0.307864710688591,
      "hsi_mpjpe_m_max": 1.1452574729919434,
      "hsi_mpjpe_delta_m_mean": -0.03394853982787866,
      "hsi_mpjpe_delta_m_median": -0.011289335787296295,
      "hsi_mpjpe_delta_m_max": 0.078163743019104,
      "base_pve_m_mean": 0.5186290454406005,
      "base_pve_m_median": 0.4251873195171356,
      "base_pve_m_max": 1.3049111366271973,
      "hsi_pve_m_mean": 0.4862162224375285,
      "hsi_pve_m_median": 0.31813758611679077,
      "hsi_pve_m_max": 1.160169005393982,
      "hsi_pve_delta_m_mean": -0.03241282300307201,
      "hsi_pve_delta_m_median": -0.010563936084508896,
      "hsi_pve_delta_m_max": 0.08293211460113525,
      "base_transl_l2_m_mean": 0.5117312761453482,
      "base_transl_l2_m_median": 0.40949974954128265,
      "base_transl_l2_m_max": 1.2833961248397827,
      "hsi_transl_l2_m_mean": 0.47529984895999616,
      "hsi_transl_l2_m_median": 0.3123140186071396,
      "hsi_transl_l2_m_max": 1.1331558227539062,
      "hsi_transl_delta_m_mean": -0.036431427185352035,
      "hsi_transl_delta_m_median": -0.01351834088563919,
      "hsi_transl_delta_m_max": 0.06216597557067871,
      "base_pelvis_l2_m_mean": 0.5113447308540344,
      "base_pelvis_l2_m_median": 0.4095638543367386,
      "base_pelvis_l2_m_max": 1.2835404872894287,
      "hsi_pelvis_l2_m_mean": 0.4750205556360575,
      "hsi_pelvis_l2_m_median": 0.3123715966939926,
      "hsi_pelvis_l2_m_max": 1.1338180303573608,
      "raw_human_roi_depth_l1_median_m_mean": 4.136921185713548,
      "raw_human_roi_depth_l1_median_m_median": 4.1126556396484375,
      "raw_human_roi_depth_l1_median_m_max": 5.391237258911133,
      "hsi_human_roi_depth_l1_median_m_mean": 0.4000210716174199,
      "hsi_human_roi_depth_l1_median_m_median": 0.40813231468200684,
      "hsi_human_roi_depth_l1_median_m_max": 0.5734591484069824,
      "base_sole_float_m_mean": 0.09731867848048834,
      "base_sole_float_m_median": 0.0,
      "base_sole_float_m_max": 0.9210000038146973,
      "hsi_sole_float_m_mean": 0.09975440690124576,
      "hsi_sole_float_m_median": 0.0,
      "hsi_sole_float_m_max": 0.8745520710945129,
      "base_sole_penetration_m_mean": 0.528928079219027,
      "base_sole_penetration_m_median": 0.23032210767269135,
      "base_sole_penetration_m_max": 2.0401451587677,
      "hsi_sole_penetration_m_mean": 0.40479027381992305,
      "hsi_sole_penetration_m_median": 0.1973964050412178,
      "hsi_sole_penetration_m_max": 2.042726993560791,
      "base_sole_plane_float_m_mean": 0.022596676495264877,
      "base_sole_plane_float_m_median": 0.0,
      "base_sole_plane_float_m_max": 0.3007280230522156,
      "hsi_sole_plane_float_m_mean": 0.01992187141875299,
      "hsi_sole_plane_float_m_median": 0.0,
      "hsi_sole_plane_float_m_max": 0.2801508605480194,
      "base_sole_plane_penetration_m_mean": 0.2742343089458617,
      "base_sole_plane_penetration_m_median": 0.04533683508634567,
      "base_sole_plane_penetration_m_max": 1.8391896486282349,
      "hsi_sole_plane_penetration_m_mean": 0.24141834542652676,
      "hsi_sole_plane_penetration_m_median": 0.06589168310165405,
      "hsi_sole_plane_penetration_m_max": 1.654434084892273,
      "base_transl_velocity_l1_m_mean": 0.03776113143734013,
      "hsi_transl_velocity_l1_m_mean": 0.04260818510859584,
      "base_joints_velocity_l1_m_mean": 0.03904055020151039,
      "hsi_joints_velocity_l1_m_mean": 0.043865281622856855,
      "base_joints_accel_l1_m_mean": 0.04787290387827417,
      "hsi_joints_accel_l1_m_mean": 0.0559588630238305,
      "base_joints_jerk_l1_m_mean": 0.08230423893440854,
      "hsi_joints_jerk_l1_m_mean": 0.09347216463224454,
      "worst_hsi_mpjpe_frame": 26,
      "worst_hsi_transl_frame": 23,
      "hsi_better_mpjpe_ratio": 0.6538461538461539,
      "hsi_better_transl_ratio": 0.6538461538461539,