{
  "track_id_map": {
    "5": 1
  },
  "stitches": [
    {
      "source_id": 1,
      "target_id": 5,
      "score": 0.9350602639242485,
      "gap": 0,
      "center_norm": 0.03575840515083908,
      "size_log_delta": 0.036331210647367634,
      "pred_iou": 0.7489270557242934,
      "final_id": 1
    }
  ]
}