{
  "checkpoint": "/home/zhw/lab_users/xyb/home/projects/vggt-human/outputs/train/smpl_hsi_refine_20q/checkpoint_epoch_0121.pt",
  "num_samples": 32,
  "conf_threshold": 0.1,
  "use_gt_box_prior": true,
  "metrics": {
    "base_joints_mpjpe_m": 0.0650624296007057,
    "hsi_joints_mpjpe_m": 0.05977973064485317,
    "base_vertices_pve_m": 0.0718908342338788,
    "hsi_vertices_pve_m": 0.0682733010520072,
    "base_transl_l2_m": 0.05557031580732049,
    "hsi_transl_l2_m": 0.047308393220494814,
    "base_projected_joints_l2_px": 7.338715972999732,
    "hsi_projected_joints_l2_px": 5.764166725178559,
    "raw_depth_l1_mean_m": 56.44323831796646,
    "hsi_depth_l1_mean_m": 50.365332269109786,
    "raw_depth_l1_median_m": 4.795928210020065,
    "hsi_depth_l1_median_m": 0.23909406177699566,
    "num_gt": 3.0,
    "num_matched": 3.0
  },
  "improvement_percent_lower_is_better": {
    "joints_mpjpe_m": 8.11943081171877,
    "vertices_pve_m": 5.0319810869114,
    "transl_l2_m": 14.867510588696891,
    "projected_joints_l2_px": 21.45537793824127,
    "depth_l1_mean_m": 10.76817388580275,
    "depth_l1_median_m": 95.01464468801973
  },
  "hsi_scene_scale": {
    "count": 64,
    "mean": 7.688550338149071,
    "min": 6.58177375793457,
    "max": 9.625152587890625,
    "median": 7.470738172531128
  },
  "hsi_scene_depth_bias": {
    "count": 64,
    "mean": 0.1406628012409783,
    "min": -0.3828830420970917,
    "max": 0.49839797616004944,
    "median": 0.19436897337436676
  },
  "examples": [
    {
      "batch_idx": 0,
      "num_gt": 6,
      "num_pred_conf": 6,
      "hsi_scene_scale": [
        7.739107608795166,
        7.734108924865723
      ],
      "hsi_scene_depth_bias": [
        -0.21794532239437103,
        -0.17413458228111267
      ]
    },
    {
      "batch_idx": 1,
      "num_gt": 6,
      "num_pred_conf": 6,
      "hsi_scene_scale": [
        8.29739761352539,
        8.467483520507812
      ],
      "hsi_scene_depth_bias": [
        -0.1691702902317047,
        -0.23771502077579498
      ]
    },
    {
      "batch_idx": 2,
      "num_gt": 6,
      "num_pred_conf": 6,
      "hsi_scene_scale": [
        8.213659286499023,
        8.212282180786133
      ],
      "hsi_scene_depth_bias": [
        -0.32083094120025635,
        -0.34804677963256836
      ]
    },
    {
      "batch_idx": 3,
      "num_gt": 6,
      "num_pred_conf": 6,
      "hsi_scene_scale": [
        8.156712532043457,
        8.104129791259766
      ],
      "hsi_scene_depth_bias": [
        -0.3828830420970917,
        -0.36429697275161743
      ]
    },
    {
      "batch_idx": 4,
      "num_gt": 6,
      "num_pred_conf": 6,
      "hsi_scene_scale": [
        8.585549354553223,
        8.413307189941406
      ],
      "hsi_scene_depth_bias": [
        -0.24633683264255524,
        -0.12443710118532181
      ]
    },
    {
      "batch_idx": 5,
      "num_gt": 6,
      "num_pred_conf": 6,
      "hsi_scene_scale": [
        8.207390785217285,
        8.000213623046875
      ],
      "hsi_scene_depth_bias": [
        -0.02396891452372074,
        0.12539789080619812
      ]
    },
    {
      "batch_idx": 6,
      "num_gt": 6,
      "num_pred_conf": 6,
      "hsi_scene_scale": [
        7.369419097900391,
        7.384937763214111
      ],
      "hsi_scene_depth_bias": [
        0.1275763064622879,
        0.1837419867515564
      ]
    },
    {
      "batch_idx": 7,
      "num_gt": 6,
      "num_pred_conf": 6,
      "hsi_scene_scale": [
        7.028814792633057,
        7.138009071350098
      ],
      "hsi_scene_depth_bias": [
        0.24492806196212769,
        0.20326775312423706
      ]
    }
  ]
}
========== HSI depth / SMPL diagnostics ==========
SMPL HSI MPJPE      : 0.0935 m
SMPL HSI PVE        : 0.1036 m
SMPL HSI transl L2  : 0.0713 m
Raw depth median L1 : 4.3396 m
HSI depth median L1 : 0.1622 m
HSI scale / bias    : 7.8509 / -0.2859
Likely source       : smpl_alignment_likely
{
  "output_json": "/home/zhw/lab_users/xyb/home/projects/vggt-human/outputs/vis/hsi_depth_smpl_diagnostics/seq_000000_0000_hsi_depth_smpl_diagnostics.json",
  "visualizations": {
    "depth_compare": "/home/zhw/lab_users/xyb/home/projects/vggt-human/outputs/vis/hsi_depth_smpl_diagnostics/seq_000000_0000_depth_gt_raw_hsi_compare.png",
    "gt_depth": "/home/zhw/lab_users/xyb/home/projects/vggt-human/outputs/vis/hsi_depth_smpl_diagnostics/seq_000000_0000_gt_depth.png",
    "raw_depth": "/home/zhw/lab_users/xyb/home/projects/vggt-human/outputs/vis/hsi_depth_smpl_diagnostics/seq_000000_0000_raw_depth.png",
    "hsi_depth": "/home/zhw/lab_users/xyb/home/projects/vggt-human/outputs/vis/hsi_depth_smpl_diagnostics/seq_000000_0000_hsi_depth.png",
    "raw_abs_error": "/home/zhw/lab_users/xyb/home/projects/vggt-human/outputs/vis/hsi_depth_smpl_diagnostics/seq_000000_0000_raw_abs_error.png",