{
  "checkpoint": "/home/zhw/lab_users/xyb/home/projects/vggt-human/outputs/train/smpl_hsi_clip_affine_relaxed_contact/stage2_relaxed_contact/checkpoint_latest.pt",
  "train_config": "/home/zhw/lab_users/xyb/home/projects/vggt-human/configs/train_smpl_hsi_clip_affine_relaxed_contact.yaml",
  "num_sequences": 1,
  "num_frames_requested": 27,
  "num_frames_effective": 27,
  "frame_stride": 1,
  "intrinsics_source": "gt",
  "use_gt_box_prior": true,
  "selected_dataset_indices": [
    0
  ],
  "global_summary": {
    "selected_dataset_indices": [
      0
    ],
    "num_frame_person_rows": 78,
    "num_frame_depth_rows": 27,
    "num_temporal_rows": 213,
    "hsi_scene_scale": {
      "count": 27,
      "mean": 7.476466178894043,
      "min": 7.476466178894043,
      "max": 7.476466178894043,
      "median": 7.476466178894043
    },
    "hsi_scene_depth_bias": {
      "count": 27,
      "mean": 0.058185212314128876,
      "min": 0.058185212314128876,
      "max": 0.058185212314128876,
      "median": 0.058185212314128876
    },
    "base_mpjpe_m_mean": 0.39084398631866163,
    "base_mpjpe_m_median": 0.23547182232141495,
    "hsi_mpjpe_m_mean": 0.310148281021378,
    "hsi_mpjpe_m_median": 0.1828024685382843,
    "base_pve_m_mean": 0.39491915196562427,
    "base_pve_m_median": 0.24590012431144714,
    "hsi_pve_m_mean": 0.31640459095629364,
    "hsi_pve_m_median": 0.2001064345240593,
    "base_transl_l2_m_mean": 0.388610340272769,
    "base_transl_l2_m_median": 0.22890786826610565,
    "hsi_transl_l2_m_mean": 0.3023331732226488,
    "hsi_transl_l2_m_median": 0.17758598923683167,
    "raw_human_roi_depth_l1_median_m_mean": 3.6746532213993564,
    "raw_human_roi_depth_l1_median_m_median": 3.491230607032776,
    "hsi_human_roi_depth_l1_median_m_mean": 0.24612688712584666,
    "hsi_human_roi_depth_l1_median_m_median": 0.24084270000457764,
    "hsi_sole_float_m_mean": 0.09212850000980458,
    "hsi_sole_float_m_median": 0.005419053602963686,
    "hsi_sole_penetration_m_mean": 0.27969727741991646,
    "hsi_sole_penetration_m_median": 0.03141274303197861,
    "hsi_sole_plane_float_m_mean": 0.030853523536678973,
    "hsi_sole_plane_float_m_median": 0.0,
    "hsi_sole_plane_penetration_m_mean": 0.13406947179872786,
    "hsi_sole_plane_penetration_m_median": 0.0015909736976027489,
    "raw_full_depth_l1_median_m_mean": 4.581810315450032,
    "raw_full_depth_l1_median_m_median": 4.5256218910217285,
    "hsi_full_depth_l1_median_m_mean": 0.2977415367409035,
    "hsi_full_depth_l1_median_m_median": 0.2927522659301758,
    "raw_near_depth_l1_median_m_mean": 4.503052729147452,
    "raw_near_depth_l1_median_m_median": 4.409468650817871,
    "hsi_near_depth_l1_median_m_mean": 0.2888830061312075,
    "hsi_near_depth_l1_median_m_median": 0.2878298759460449,
    "base_transl_velocity_l1_m_mean": 0.03141421087186884,
    "hsi_transl_velocity_l1_m_mean": 0.03440859966684837,
    "base_joints_velocity_l1_m_mean": 0.03601677388556906,
    "hsi_joints_velocity_l1_m_mean": 0.03877005858246137,
    "base_joints_accel_l1_m_mean": 0.04511504649171527,
    "hsi_joints_accel_l1_m_mean": 0.04953669601867736,
    "base_joints_jerk_l1_m_mean": 0.07760333143832053,
    "hsi_joints_jerk_l1_m_mean": 0.0824731210630168,
    "likely_source_counts": {
      "contact_error": 5,
      "mixed:smpl_error+contact_error": 14,
      "mixed:smpl_error+depth_error": 3,
      "mixed:smpl_error+depth_error+contact_error": 7,
      "ok": 13,
      "smpl_error": 36
    },
    "thresholds": {
      "smpl_bad_mpjpe_m": 0.08,
      "smpl_bad_transl_m": 0.08,
      "depth_bad_human_roi_m": 0.35,
      "contact_bad_m": 0.05
    }
  },
  "per_person_summary": [
    {
      "dataset_index": 0,
      "sequence_name": "20221013_3_250_batch01hand_orbit_bigOffice_seq_000000",
      "track_id": 1000000000,
      "track_source": "person_index",
      "track_quality_mean": 0.9491229126086602,
      "num_frames": 26,
      "first_frame": 0,
      "last_frame": 26,
      "query_switch_count": 0,
      "base_mpjpe_m_mean": 0.5123290981237705,
      "base_mpjpe_m_median": 0.41425253450870514,
      "base_mpjpe_m_max": 1.294039011001587,
      "hsi_mpjpe_m_mean": 0.36894309749970067,
      "hsi_mpjpe_m_median": 0.22039829194545746,
      "hsi_mpjpe_m_max": 0.9980647563934326,
      "hsi_mpjpe_delta_m_mean": -0.1433860006240698,
      "hsi_mpjpe_delta_m_median": -0.14270389080047607,
      "hsi_mpjpe_delta_m_max": -0.009846076369285583,
      "base_pve_m_mean": 0.5186290454406005,
      "base_pve_m_median": 0.4251873195171356,
      "base_pve_m_max": 1.3049111366271973,
      "hsi_pve_m_mean": 0.37563304230570793,
      "hsi_pve_m_median": 0.22910193353891373,
      "hsi_pve_m_max": 1.0068215131759644,
      "hsi_pve_delta_m_mean": -0.14299600327817294,
      "hsi_pve_delta_m_median": -0.14433521032333374,
      "hsi_pve_delta_m_max": -0.008549943566322327,
      "base_transl_l2_m_mean": 0.5117312761453482,
      "base_transl_l2_m_median": 0.40949974954128265,
      "base_transl_l2_m_max": 1.2833961248397827,
      "hsi_transl_l2_m_mean": 0.362230854968612,
      "hsi_transl_l2_m_median": 0.21834686398506165,
      "hsi_transl_l2_m_max": 0.9793681502342224,
      "hsi_transl_delta_m_mean": -0.14950042189313814,
      "hsi_transl_delta_m_median": -0.1517336368560791,
      "hsi_transl_delta_m_max": -0.005776524543762207,
      "base_pelvis_l2_m_mean": 0.5113447308540344,
      "base_pelvis_l2_m_median": 0.4095638543367386,
      "base_pelvis_l2_m_max": 1.2835404872894287,
      "hsi_pelvis_l2_m_mean": 0.3620218474131364,
      "hsi_pelvis_l2_m_median": 0.2175050973892212,
      "hsi_pelvis_l2_m_max": 0.9797859191894531,
      "raw_human_roi_depth_l1_median_m_mean": 4.136921185713548,
      "raw_human_roi_depth_l1_median_m_median": 4.1126556396484375,
      "raw_human_roi_depth_l1_median_m_max": 5.391237258911133,
      "hsi_human_roi_depth_l1_median_m_mean": 0.2909467632953937,
      "hsi_human_roi_depth_l1_median_m_median": 0.2887237071990967,
      "hsi_human_roi_depth_l1_median_m_max": 0.3889627456665039,
      "base_sole_float_m_mean": 0.13456954300107266,
      "base_sole_float_m_median": 0.0018092935206368566,
      "base_sole_float_m_max": 1.0418342351913452,
      "hsi_sole_float_m_mean": 0.07330684062683511,
      "hsi_sole_float_m_median": 0.0,
      "hsi_sole_float_m_max": 0.8662633895874023,
      "base_sole_penetration_m_mean": 0.43559335779652675,
      "base_sole_penetration_m_median": 0.0359384473413229,
      "base_sole_penetration_m_max": 2.1054434776306152,
      "hsi_sole_penetration_m_mean": 0.403669502670792,
      "hsi_sole_penetration_m_median": 0.04713488928973675,
      "hsi_sole_penetration_m_max": 2.1494908332824707,
      "base_sole_plane_float_m_mean": 0.03402536162320757,
      "base_sole_plane_float_m_median": 9.469850192544982e-05,
      "base_sole_plane_float_m_max": 0.38408389687538147,
      "hsi_sole_plane_float_m_mean": 0.02417301189548611,
      "hsi_sole_plane_float_m_median": 0.0,
      "hsi_sole_plane_float_m_max": 0.31777840852737427,
      "base_sole_plane_penetration_m_mean": 0.2440954438585653,
      "base_sole_plane_penetration_m_median": 0.0013482550857588649,
      "base_sole_plane_penetration_m_max": 1.887465476989746,
      "hsi_sole_plane_penetration_m_mean": 0.24073729594767262,
      "hsi_sole_plane_penetration_m_median": 0.01297590509057045,
      "hsi_sole_plane_penetration_m_max": 1.8894606828689575,
      "base_transl_velocity_l1_m_mean": 0.03776113143734013,
      "hsi_transl_velocity_l1_m_mean": 0.03688324687148755,
      "base_joints_velocity_l1_m_mean": 0.03904055020151039,
      "hsi_joints_velocity_l1_m_mean": 0.03918825415894389,
      "base_joints_accel_l1_m_mean": 0.04787290387827417,
      "hsi_joints_accel_l1_m_mean": 0.05101846134209115,
      "base_joints_jerk_l1_m_mean": 0.08230423893440854,
      "hsi_joints_jerk_l1_m_mean": 0.08559530431574042,
      "worst_hsi_mpjpe_frame": 26,
      "worst_hsi_transl_frame": 26,
      "hsi_better_mpjpe_ratio": 1.0,