{
  "checkpoint": "/home/zhw/lab_users/xyb/home/projects/vggt-human/outputs/train/smpl_hsi_121_teacher_plane_contact/checkpoint_latest.pt",
  "num_samples": 64,
  "conf_threshold": 0.1,
  "use_gt_box_prior": true,
  "metrics": {
    "base_joints_mpjpe_m": 0.07023369404972375,
    "hsi_joints_mpjpe_m": 0.05288430370759064,
    "base_vertices_pve_m": 0.07471206918611036,
    "hsi_vertices_pve_m": 0.058719242879305966,
    "base_transl_l2_m": 0.061894794809632,
    "hsi_transl_l2_m": 0.04247031851870512,
    "base_projected_joints_l2_px": 6.806685386225581,
    "hsi_projected_joints_l2_px": 5.052824944257736,
    "hsi_worse_than_base_ratio_2cm": 0.0,
    "hsi_joint_error_delta_m": -0.017349390337282482,
    "raw_depth_l1_mean_m": 149.96912590414286,
    "hsi_depth_l1_mean_m": 143.37483290117234,
    "raw_depth_l1_median_m": 5.213327847421169,
    "hsi_depth_l1_median_m": 0.23694186564534903,
    "raw_depth_near_l1_mean_m": 6.624279772529389,
    "hsi_depth_near_l1_mean_m": 0.6607655910490451,
    "raw_depth_near_l1_median_m": 5.12016935646534,
    "hsi_depth_near_l1_median_m": 0.23133309558033943,
    "raw_depth_far_l1_mean_m": 6896.428485541336,
    "hsi_depth_far_l1_mean_m": 6860.1467430481025,
    "raw_depth_far_l1_median_m": 4595.220647056897,
    "hsi_depth_far_l1_median_m": 4562.040111283462,
    "raw_depth_human_roi_l1_mean_m": 121.01186257145724,
    "hsi_depth_human_roi_l1_mean_m": 115.31784243509044,
    "raw_depth_human_roi_l1_median_m": 4.583292912691832,
    "hsi_depth_human_roi_l1_median_m": 0.2231167107820511,
    "depth_valid_pixels": 262144.0,
    "depth_near_valid_pixels": 256690.0,
    "depth_far_valid_pixels": 5454.0,
    "depth_human_roi_valid_pixels": 161710.1328125,
    "base_foot_abs_delta_m": 0.24742388648392502,
    "hsi_foot_abs_delta_m": 0.24611344320882608,
    "base_foot_float_m": 0.11501930605858392,
    "hsi_foot_float_m": 0.11379801717215363,
    "base_foot_penetration_m": 0.10585698641316835,
    "hsi_foot_penetration_m": 0.10566662155048695,
    "foot_contact_valid_count": 1.6941747572815533,
    "base_sole_abs_delta_m": 0.2155599494350656,
    "hsi_sole_abs_delta_m": 0.2074580590754899,
    "base_sole_float_m": 0.10521737818145288,
    "hsi_sole_float_m": 0.08988044957959736,
    "base_sole_penetration_m": 0.08132477168172565,
    "hsi_sole_penetration_m": 0.09003617143982419,
    "sole_contact_valid_count": 9.679802955665025,
    "base_sole_plane_abs_signed_m": 0.04482919701481385,
    "hsi_sole_plane_abs_signed_m": 0.04224879043718857,
    "base_sole_plane_float_m": 0.012786269117981535,
    "hsi_sole_plane_float_m": 0.010499079412550833,
    "base_sole_plane_penetration_m": 0.013921400090880432,
    "hsi_sole_plane_penetration_m": 0.015601907345791161,
    "sole_plane_contact_valid_count": 9.679802955665025,
    "num_gt": 3.0,
    "num_matched": 3.0
  },
  "improvement_percent_lower_is_better": {
    "joints_mpjpe_m": 24.702374802968734,
    "vertices_pve_m": 21.405947500885976,
    "transl_l2_m": 31.38305305102016,
    "projected_joints_l2_px": 25.766732887596987,
    "depth_l1_mean_m": 4.397100378637568,
    "depth_l1_median_m": 95.45507452092131,
    "depth_near_l1_median_m": 95.48192492327952,
    "depth_far_l1_median_m": 0.722066214484973,
    "depth_human_roi_l1_median_m": 95.13195610596462,
    "sole_float_m": 14.576421563561665,
    "sole_penetration_m": -10.711865004910996,
    "sole_plane_float_m": 17.887858329324466,
    "sole_plane_penetration_m": -12.071395433937628
  },
  "hsi_scene_scale": {
    "count": 128,
    "mean": 8.218911461532116,
    "min": 6.429275989532471,
    "max": 10.561355590820312,
    "median": 7.602746248245239
  },
  "hsi_scene_depth_bias": {
    "count": 128,
    "mean": -0.022422499390813755,
    "min": -0.8564279675483704,
    "max": 0.7081900238990784,
    "median": 0.11096608266234398
  },
  "examples": [
    {
      "batch_idx": 0,
      "num_gt": 6,
      "num_pred_conf": 6,
      "hsi_scene_scale": [
        7.739107608795166,
        7.734108924865723
      ],
      "hsi_scene_depth_bias": [
        -0.21794532239437103,
        -0.17413458228111267
      ]
    },
    {
      "batch_idx": 1,
      "num_gt": 6,
      "num_pred_conf": 6,
      "hsi_scene_scale": [
        8.29739761352539,
        8.467483520507812
      ],
      "hsi_scene_depth_bias": [
        -0.1691702902317047,
        -0.23771502077579498
      ]
    },
    {
      "batch_idx": 2,
      "num_gt": 6,
      "num_pred_conf": 6,
      "hsi_scene_scale": [
        8.213659286499023,
        8.212282180786133
      ],
      "hsi_scene_depth_bias": [
        -0.32083094120025635,
        -0.34804677963256836
      ]
    },
    {
      "batch_idx": 3,
      "num_gt": 6,
      "num_pred_conf": 6,
      "hsi_scene_scale": [
        8.156712532043457,
        8.104129791259766
      ],
      "hsi_scene_depth_bias": [
        -0.3828830420970917,
        -0.36429697275161743
      ]
    },
    {
      "batch_idx": 4,
      "num_gt": 6,
      "num_pred_conf": 6,
      "hsi_scene_scale": [
        8.585549354553223,
        8.413307189941406
      ],
      "hsi_scene_depth_bias": [
        -0.24633683264255524,
        -0.12443710118532181
      ]
    },
    {
      "batch_idx": 5,
      "num_gt": 6,
      "num_pred_conf": 6,
      "hsi_scene_scale": [
        8.207390785217285,
        8.000213623046875
      ],
      "hsi_scene_depth_bias": [
        -0.02396891452372074,
        0.12539789080619812
      ]
    },
    {
      "batch_idx": 6,
      "num_gt": 6,
      "num_pred_conf": 6,
      "hsi_scene_scale": [
        7.369419097900391,
        7.384937763214111
      ],
      "hsi_scene_depth_bias": [
        0.1275763064622879,
        0.1837419867515564
      ]
    },
    {
      "batch_idx": 7,
      "num_gt": 6,
      "num_pred_conf": 6,
      "hsi_scene_scale": [
        7.028814792633057,
        7.138009071350098
      ],
      "hsi_scene_depth_bias": [
        0.24492806196212769,
        0.20326775312423706
      ]
    }
  ]
}