{
  "track_id_map": {
    "6": 5,
    "8": 6,
    "10": 4
  },
  "stitches": [
    {
      "source_id": 4,
      "target_id": 10,
      "score": 0.43749077285474736,
      "gap": 24,
      "center_norm": 0.32870916763489094,
      "size_log_delta": 0.6158347323341122,
      "pred_iou": 0.1088984705401663,
      "final_id": 4
    }
  ]
}