{
  "image": "/home/zhw/xyb_space/bedlam/processed_bedlam/Training/20221013_3_250_batch01hand_orbit_bigOffice_seq_000000/rgb/seq_000000_0000.png",
  "checkpoint": "/home/zhw/lab_users/xyb/home/projects/vggt-human/outputs/train/nlf_bedlam_sample_overfit_b4_gpu6/checkpoint_latest.pt",
  "use_gt_box_prior": true,
  "depth": {
    "hsi_scene_scale": 8.098240852355957,
    "hsi_scene_depth_bias": -0.01613570563495159,
    "valid_pixels": 528384,
    "raw_depth_l1_mean_m": 167.83200073242188,
    "hsi_depth_l1_mean_m": 162.7843475341797,
    "raw_depth_l1_median_m": 4.2556633949279785,
    "hsi_depth_l1_median_m": 0.8901925086975098,
    "raw_depth_rmse_m": 1271.0244140625,
    "hsi_depth_rmse_m": 1267.9410400390625,
    "hsi_depth_improvement_median_percent": 79.08216825234659,
    "regions": {
      "full": {
        "valid_pixels": 528384,
        "raw_depth_l1_mean_m": 167.83200073242188,
        "hsi_depth_l1_mean_m": 162.7843475341797,
        "raw_depth_l1_median_m": 4.2556633949279785,
        "hsi_depth_l1_median_m": 0.8901925086975098,
        "raw_depth_rmse_m": 1271.0244140625,
        "hsi_depth_rmse_m": 1267.9410400390625,
        "hsi_depth_improvement_median_percent": 79.08216825234659
      },
      "near_lt_30m": {
        "valid_pixels": 516860,
        "raw_depth_l1_mean_m": 6.013478755950928,
        "hsi_depth_l1_mean_m": 1.389633297920227,
        "raw_depth_l1_median_m": 4.1851019859313965,
        "hsi_depth_l1_median_m": 0.8716573715209961,
        "raw_depth_rmse_m": 7.4660115242004395,
        "hsi_depth_rmse_m": 2.0615410804748535,
        "hsi_depth_improvement_median_percent": 79.17237442597212
      },
      "far_ge_30m": {
        "valid_pixels": 11524,
        "raw_depth_l1_mean_m": 7425.513671875,
        "hsi_depth_l1_mean_m": 7401.458984375,
        "raw_depth_l1_median_m": 7131.63623046875,
        "hsi_depth_l1_median_m": 7106.41259765625,
        "raw_depth_rmse_m": 8606.365234375,
        "hsi_depth_rmse_m": 8585.62109375,
        "hsi_depth_improvement_median_percent": 0.3536864752682723
      },
      "human_roi": {
        "valid_pixels": 357026,
        "raw_depth_l1_mean_m": 47.729774475097656,
        "hsi_depth_l1_mean_m": 43.8995246887207,
        "raw_depth_l1_median_m": 3.54248309135437,
        "hsi_depth_l1_median_m": 0.7502598762512207,
        "raw_depth_rmse_m": 693.7288208007812,
        "hsi_depth_rmse_m": 692.2478637695312,
        "hsi_depth_improvement_median_percent": 78.82107389355585
      }
    }
  },
  "smpl": {
    "base_joints_mpjpe_m": 0.039486538618803024,
    "hsi_joints_mpjpe_m": 0.03850078831116358,
    "base_vertices_pve_m": 0.046860554565986,
    "hsi_vertices_pve_m": 0.04637834243476391,
    "base_transl_l2_m": 0.027074134598175686,
    "hsi_transl_l2_m": 0.022371413186192513,
    "base_projected_joints_l2_px": 4.326090653737386,
    "hsi_projected_joints_l2_px": 2.9945480823516846,
    "base_foot_abs_delta_m": 0.6080114245414734,
    "hsi_foot_abs_delta_m": 0.617784321308136,
    "base_foot_float_m": 0.5680114030838013,
    "hsi_foot_float_m": 0.5777842998504639,
    "base_foot_penetration_m": 0.0,
    "hsi_foot_penetration_m": 0.0,
    "foot_contact_valid_count": 2.6666666666666665,
    "base_sole_abs_delta_m": 0.5892007052898407,
    "hsi_sole_abs_delta_m": 0.6099801063537598,
    "base_sole_float_m": 0.5492006838321686,
    "hsi_sole_float_m": 0.5699800550937653,
    "base_sole_penetration_m": 0.0,
    "hsi_sole_penetration_m": 0.0,
    "sole_contact_valid_count": 52.333333333333336,
    "base_sole_plane_abs_signed_m": 0.2964649796485901,
    "hsi_sole_plane_abs_signed_m": 0.30706388503313065,
    "base_sole_plane_float_m": 0.25161394476890564,
    "hsi_sole_plane_float_m": 0.2555230036377907,
    "base_sole_plane_penetration_m": 0.0094662606716156,
    "hsi_sole_plane_penetration_m": 0.01621081680059433,
    "sole_plane_contact_valid_count": 52.333333333333336,
    "num_gt": 3,
    "num_pred_conf": 3,
    "num_matched": 3,
    "conf_threshold": 0.1,
    "per_person": [
      {
        "pred_query": 2,
        "gt_index": 2,
        "base_joints_mpjpe_m": 0.033253416419029236,
        "hsi_joints_mpjpe_m": 0.03508831560611725,
        "base_vertices_pve_m": 0.04602954536676407,
        "hsi_vertices_pve_m": 0.04808240383863449,
        "base_transl_l2_m": 0.01749117486178875,
        "hsi_transl_l2_m": 0.017717137932777405,
        "base_projected_joints_l2_px": 4.663811683654785,
        "hsi_projected_joints_l2_px": 3.9242377281188965,
        "base_foot_abs_delta_m": null,
        "hsi_foot_abs_delta_m": null,
        "base_foot_float_m": null,
        "hsi_foot_float_m": null,
        "base_foot_penetration_m": null,
        "hsi_foot_penetration_m": null,
        "foot_contact_valid_count": 0.0,
        "base_sole_abs_delta_m": null,
        "hsi_sole_abs_delta_m": null,
        "base_sole_float_m": null,
        "hsi_sole_float_m": null,
        "base_sole_penetration_m": null,
        "hsi_sole_penetration_m": null,
        "sole_contact_valid_count": 0.0,
        "base_sole_plane_abs_signed_m": null,
        "hsi_sole_plane_abs_signed_m": null,
        "base_sole_plane_float_m": null,
        "hsi_sole_plane_float_m": null,
        "base_sole_plane_penetration_m": null,
        "hsi_sole_plane_penetration_m": null,
        "sole_plane_contact_valid_count": 0.0
      },
      {
        "pred_query": 1,
        "gt_index": 1,
        "base_joints_mpjpe_m": 0.03792340308427811,
        "hsi_joints_mpjpe_m": 0.025204256176948547,
        "base_vertices_pve_m": 0.04216699302196503,
        "hsi_vertices_pve_m": 0.028713053092360497,
        "base_transl_l2_m": 0.0398099347949028,
        "hsi_transl_l2_m": 0.019187690690159798,
        "base_projected_joints_l2_px": 5.570275783538818,
        "hsi_projected_joints_l2_px": 2.947420835494995,
        "base_foot_abs_delta_m": 0.5366410613059998,
        "hsi_foot_abs_delta_m": 0.5455979704856873,
        "base_foot_float_m": 0.49664103984832764,
        "hsi_foot_float_m": 0.5055979490280151,
        "base_foot_penetration_m": 0.0,
        "hsi_foot_penetration_m": 0.0,
        "foot_contact_valid_count": 4.0,
        "base_sole_abs_delta_m": 0.5384565591812134,
        "hsi_sole_abs_delta_m": 0.5752809047698975,
        "base_sole_float_m": 0.49845653772354126,
        "hsi_sole_float_m": 0.5352808237075806,
        "base_sole_penetration_m": 0.0,
        "hsi_sole_penetration_m": 0.0,
        "sole_contact_valid_count": 77.0,
        "base_sole_plane_abs_signed_m": 0.2291363775730133,
        "hsi_sole_plane_abs_signed_m": 0.24576206505298615,
        "base_sole_plane_float_m": 0.17943426966667175,
        "hsi_sole_plane_float_m": 0.18268029391765594,
        "base_sole_plane_penetration_m": 0.0189325213432312,
        "hsi_sole_plane_penetration_m": 0.03242163360118866,
        "sole_plane_contact_valid_count": 77.0
      },
      {
        "pred_query": 0,
        "gt_index": 0,
        "base_joints_mpjpe_m": 0.04728279635310173,
        "hsi_joints_mpjpe_m": 0.05520979315042496,
        "base_vertices_pve_m": 0.0523851253092289,
        "hsi_vertices_pve_m": 0.06233957037329674,
        "base_transl_l2_m": 0.023921294137835503,
        "hsi_transl_l2_m": 0.030209410935640335,
        "base_projected_joints_l2_px": 2.7441844940185547,
        "hsi_projected_joints_l2_px": 2.111985683441162,
        "base_foot_abs_delta_m": 0.679381787776947,
        "hsi_foot_abs_delta_m": 0.6899706721305847,
        "base_foot_float_m": 0.6393817663192749,
        "hsi_foot_float_m": 0.6499706506729126,
        "base_foot_penetration_m": 0.0,
        "hsi_foot_penetration_m": 0.0,
        "foot_contact_valid_count": 4.0,
        "base_sole_abs_delta_m": 0.639944851398468,
        "hsi_sole_abs_delta_m": 0.6446793079376221,
        "base_sole_float_m": 0.5999448299407959,
        "hsi_sole_float_m": 0.60467928647995,
        "base_sole_penetration_m": 0.0,
        "hsi_sole_penetration_m": 0.0,
        "sole_contact_valid_count": 80.0,