{
  "checkpoint": "/home/zhw/lab_users/xyb/home/projects/vggt-human/outputs/train/smpl_hsi_after_translation_ray_refine/checkpoint_latest.pt",
  "num_samples": 200,
  "conf_threshold": 0.1,
  "use_gt_box_prior": true,
  "metrics": {
    "base_joints_mpjpe_m": 0.06183912622592748,
    "hsi_joints_mpjpe_m": 0.04878905525821112,
    "base_vertices_pve_m": 0.0669816883102285,
    "hsi_vertices_pve_m": 0.05372768856782413,
    "base_transl_l2_m": 0.049560579275861195,
    "hsi_transl_l2_m": 0.03645099946123425,
    "base_projected_joints_l2_px": 5.943150803559562,
    "hsi_projected_joints_l2_px": 4.402954422094122,
    "hsi_worse_than_base_ratio_2cm": 0.014297729184188394,
    "hsi_joint_error_delta_m": -0.01305007094891759,
    "raw_depth_l1_mean_m": 130.8210807108879,
    "hsi_depth_l1_mean_m": 124.19800650104881,
    "raw_depth_l1_median_m": 5.826000907421112,
    "hsi_depth_l1_median_m": 0.22121447771787645,
    "raw_depth_near_l1_mean_m": 6.670206001672222,
    "hsi_depth_near_l1_mean_m": 0.5782346951305543,
    "raw_depth_near_l1_median_m": 5.73961792588234,
    "hsi_depth_near_l1_median_m": 0.21431700766086578,
    "raw_depth_far_l1_mean_m": 6807.212696978834,
    "hsi_depth_far_l1_mean_m": 6772.028717032318,
    "raw_depth_far_l1_median_m": 4976.580365806067,
    "hsi_depth_far_l1_median_m": 4942.741831707353,
    "raw_depth_human_roi_l1_mean_m": 133.96879633535877,
    "hsi_depth_human_roi_l1_mean_m": 127.94613306262626,
    "raw_depth_human_roi_l1_median_m": 5.063351342082024,
    "hsi_depth_human_roi_l1_median_m": 0.20822909563779832,
    "depth_valid_pixels": 262144.0,
    "depth_near_valid_pixels": 257358.2925,
    "depth_far_valid_pixels": 4785.7075,
    "depth_human_roi_valid_pixels": 143079.46,
    "base_foot_abs_delta_m": 0.3047870439820569,
    "hsi_foot_abs_delta_m": 0.27702983665764613,
    "base_foot_float_m": 0.19144932158812458,
    "hsi_foot_float_m": 0.16581295055141135,
    "base_foot_penetration_m": 0.08594681772071998,
    "hsi_foot_penetration_m": 0.08471294771264307,
    "foot_contact_valid_count": 1.6506955177743432,
    "base_sole_abs_delta_m": 0.40570814658049165,
    "hsi_sole_abs_delta_m": 0.3596236061633276,
    "base_sole_float_m": 0.29532401043952644,
    "hsi_sole_float_m": 0.2596904257945501,
    "base_sole_penetration_m": 0.07855644089421204,
    "hsi_sole_penetration_m": 0.0693929458241451,
    "sole_contact_valid_count": 7.705882352941177,
    "base_sole_plane_abs_signed_m": 0.0922871825553819,
    "hsi_sole_plane_abs_signed_m": 0.07646456861830532,
    "base_sole_plane_float_m": 0.05173920024751999,
    "hsi_sole_plane_float_m": 0.03910883179122341,
    "base_sole_plane_penetration_m": 0.0197001127901247,
    "hsi_sole_plane_penetration_m": 0.018168129379823757,
    "sole_plane_contact_valid_count": 7.705882352941177,
    "num_gt": 2.9725,
    "num_matched": 2.9725
  },
  "improvement_percent_lower_is_better": {
    "joints_mpjpe_m": 21.103258995022507,
    "vertices_pve_m": 19.787497264950847,
    "transl_l2_m": 26.451627495427704,
    "projected_joints_l2_px": 25.91548544490849,
    "depth_l1_mean_m": 5.06269645064007,
    "depth_l1_median_m": 96.202979003383,
    "depth_near_l1_median_m": 96.26600567444706,
    "depth_far_l1_median_m": 0.6799555439959716,
    "depth_human_roi_l1_median_m": 95.88752425874173,
    "sole_float_m": 12.065928737708594,
    "sole_penetration_m": 11.664855186612844,
    "sole_plane_float_m": 24.41160357306062,
    "sole_plane_penetration_m": 7.776521010929938
  },
  "hsi_scene_scale": {
    "count": 400,
    "mean": 8.079821178913116,
    "min": 6.698217868804932,
    "max": 11.156346321105957,
    "median": 7.743165493011475
  },
  "hsi_scene_depth_bias": {
    "count": 400,
    "mean": 0.09449575526508852,
    "min": -0.32866689562797546,
    "max": 0.49213606119155884,
    "median": 0.08866801857948303
  },
  "examples": [
    {
      "batch_idx": 0,
      "num_gt": 6,
      "num_pred_conf": 6,
      "hsi_scene_scale": [
        7.468267440795898,
        7.468267440795898
      ],
      "hsi_scene_depth_bias": [
        -0.014972305856645107,
        -0.014972305856645107
      ]
    },
    {
      "batch_idx": 1,
      "num_gt": 6,
      "num_pred_conf": 6,
      "hsi_scene_scale": [
        8.044208526611328,
        8.044208526611328
      ],
      "hsi_scene_depth_bias": [
        0.009007975459098816,
        0.009007975459098816
      ]
    },
    {
      "batch_idx": 2,
      "num_gt": 6,
      "num_pred_conf": 6,
      "hsi_scene_scale": [
        7.8442463874816895,
        7.8442463874816895
      ],
      "hsi_scene_depth_bias": [
        -0.08130441606044769,
        -0.08130441606044769
      ]
    },
    {
      "batch_idx": 3,
      "num_gt": 6,
      "num_pred_conf": 6,
      "hsi_scene_scale": [
        7.773421764373779,
        7.773421764373779
      ],
      "hsi_scene_depth_bias": [
        -0.10428865998983383,
        -0.10428865998983383
      ]
    },
    {
      "batch_idx": 4,
      "num_gt": 6,
      "num_pred_conf": 6,
      "hsi_scene_scale": [
        8.224164009094238,
        8.224164009094238
      ],
      "hsi_scene_depth_bias": [
        -0.03961385414004326,
        -0.03961385414004326
      ]
    },
    {
      "batch_idx": 5,
      "num_gt": 6,
      "num_pred_conf": 6,
      "hsi_scene_scale": [
        7.848687648773193,
        7.848687648773193
      ],
      "hsi_scene_depth_bias": [
        0.08562282472848892,
        0.08562282472848892
      ]
    },
    {
      "batch_idx": 6,
      "num_gt": 6,
      "num_pred_conf": 6,
      "hsi_scene_scale": [
        7.274331092834473,
        7.274331092834473
      ],
      "hsi_scene_depth_bias": [
        0.2231573462486267,
        0.2231573462486267
      ]
    },
    {
      "batch_idx": 7,
      "num_gt": 6,
      "num_pred_conf": 6,
      "hsi_scene_scale": [
        6.984472751617432,
        6.984472751617432
      ],
      "hsi_scene_depth_bias": [
        0.3023034930229187,
        0.3023034930229187
      ]
    }
  ]
}