{
  "num_frames": 400.0,
  "num_gt": 1145.0,
  "mean_best_gt_iou": 0.6447051485553058,
  "conf_threshold": 0.1,
  "iou_threshold": 0.5,
  "use_gt_box_prior": true,
  "gt_box_prior_center_noise": 0.05,
  "gt_box_prior_size_noise": 0.1,
  "gt_box_prior_drop_prob": 0.0,
  "box_recall_iou50_top3": 0.7903930131004366,
  "box_recall_iou50_top5": 0.7903930131004366,
  "box_recall_iou50_top10": 0.7912663755458516,
  "box_recall_iou50_top20": 0.7973799126637554,
  "num_pred_conf005": 1145.0,
  "box_precision_iou50_conf005": 0.7912663755458516,
  "duplicate_predictions_per_gt_conf005": 0.0017467248908296944,
  "num_pred_conf010": 1145.0,
  "box_precision_iou50_conf010": 0.7912663755458516,
  "duplicate_predictions_per_gt_conf010": 0.0017467248908296944,
  "num_pred_conf015": 1145.0,
  "box_precision_iou50_conf015": 0.7912663755458516,
  "duplicate_predictions_per_gt_conf015": 0.0017467248908296944,
  "num_pred_conf020": 1145.0,
  "box_precision_iou50_conf020": 0.7912663755458516,
  "duplicate_predictions_per_gt_conf020": 0.0017467248908296944,
  "num_pred_conf025": 1145.0,
  "box_precision_iou50_conf025": 0.7912663755458516,
  "duplicate_predictions_per_gt_conf025": 0.0017467248908296944,
  "num_pred_conf030": 1145.0,
  "box_precision_iou50_conf030": 0.7912663755458516,
  "duplicate_predictions_per_gt_conf030": 0.0017467248908296944,
  "num_pred_conf": 1145.0,
  "duplicate_predictions_per_gt": 0.0017467248908296944,
  "nms_num_pred_conf005": 1136.0,
  "nms_box_precision_iou50_conf005": 0.7904929577464789,
  "nms_duplicate_predictions_per_gt_conf005": 0.0,
  "nms_num_pred_conf010": 1136.0,
  "nms_box_precision_iou50_conf010": 0.7904929577464789,
  "nms_duplicate_predictions_per_gt_conf010": 0.0,
  "nms_num_pred_conf015": 1136.0,
  "nms_box_precision_iou50_conf015": 0.7904929577464789,
  "nms_duplicate_predictions_per_gt_conf015": 0.0,
  "nms_num_pred_conf020": 1136.0,
  "nms_box_precision_iou50_conf020": 0.7904929577464789,
  "nms_duplicate_predictions_per_gt_conf020": 0.0,
  "nms_num_pred_conf025": 1136.0,
  "nms_box_precision_iou50_conf025": 0.7904929577464789,
  "nms_duplicate_predictions_per_gt_conf025": 0.0,
  "nms_num_pred_conf030": 1136.0,
  "nms_box_precision_iou50_conf030": 0.7904929577464789,
  "nms_duplicate_predictions_per_gt_conf030": 0.0
}