{
  "image": "/home/zhw/xyb_space/bedlam/processed_bedlam/Training/20221013_3_250_batch01hand_orbit_bigOffice_seq_000000/rgb/seq_000000_0000.png",
  "checkpoint": "/home/zhw/lab_users/xyb/home/projects/vggt-human/outputs/train/smpl_hsi_121_teacher_plane_contact/checkpoint_latest.pt",
  "use_gt_box_prior": true,
  "depth": {
    "hsi_scene_scale": 7.850935935974121,
    "hsi_scene_depth_bias": -0.2859143614768982,
    "valid_pixels": 262144,
    "raw_depth_l1_mean_m": 180.74859619140625,
    "hsi_depth_l1_mean_m": 174.57151794433594,
    "raw_depth_l1_median_m": 4.33958625793457,
    "hsi_depth_l1_median_m": 0.16223430633544922,
    "raw_depth_rmse_m": 1290.4752197265625,
    "hsi_depth_rmse_m": 1285.08544921875,
    "hsi_depth_improvement_median_percent": 96.26152594527146,
    "regions": {
      "full": {
        "valid_pixels": 262144,
        "raw_depth_l1_mean_m": 180.74859619140625,
        "hsi_depth_l1_mean_m": 174.57151794433594,
        "raw_depth_l1_median_m": 4.33958625793457,
        "hsi_depth_l1_median_m": 0.16223430633544922,
        "raw_depth_rmse_m": 1290.4752197265625,
        "hsi_depth_rmse_m": 1285.08544921875,
        "hsi_depth_improvement_median_percent": 96.26152594527146
      },
      "near_lt_30m": {
        "valid_pixels": 255490,
        "raw_depth_l1_mean_m": 6.025036334991455,
        "hsi_depth_l1_mean_m": 0.6706196665763855,
        "raw_depth_l1_median_m": 4.25998592376709,
        "hsi_depth_l1_median_m": 0.15877199172973633,
        "raw_depth_rmse_m": 7.424618721008301,
        "hsi_depth_rmse_m": 1.7868555784225464,
        "hsi_depth_improvement_median_percent": 96.2729456253852
      },
      "far_ge_30m": {
        "valid_pixels": 6654,
        "raw_depth_l1_mean_m": 6889.5126953125,
        "hsi_depth_l1_mean_m": 6851.74951171875,
        "raw_depth_l1_median_m": 6640.798828125,
        "hsi_depth_l1_median_m": 6607.6591796875,
        "raw_depth_rmse_m": 8099.74267578125,
        "hsi_depth_rmse_m": 8066.0361328125,
        "hsi_depth_improvement_median_percent": 0.49903105477533083
      },
      "human_roi": {
        "valid_pixels": 180002,
        "raw_depth_l1_mean_m": 89.79444885253906,
        "hsi_depth_l1_mean_m": 84.98392486572266,
        "raw_depth_l1_median_m": 3.6850745677948,
        "hsi_depth_l1_median_m": 0.11540889739990234,
        "raw_depth_rmse_m": 939.55615234375,
        "hsi_depth_rmse_m": 935.8933715820312,
        "hsi_depth_improvement_median_percent": 96.86820727025437
      }
    }
  },
  "smpl": {
    "base_joints_mpjpe_m": 0.08212796971201897,
    "hsi_joints_mpjpe_m": 0.07949935023983319,
    "base_vertices_pve_m": 0.09483149151007335,
    "hsi_vertices_pve_m": 0.09138300021489461,
    "base_transl_l2_m": 0.05402704266210397,
    "hsi_transl_l2_m": 0.05042307575543722,
    "base_projected_joints_l2_px": 9.48189083735148,
    "hsi_projected_joints_l2_px": 9.772157589594523,
    "base_foot_abs_delta_m": 0.13345861434936523,
    "hsi_foot_abs_delta_m": 0.15880179405212402,
    "base_foot_float_m": 0.0934586152434349,
    "hsi_foot_float_m": 0.1188017949461937,
    "base_foot_penetration_m": 0.0,
    "hsi_foot_penetration_m": 0.0,
    "foot_contact_valid_count": 0.3333333333333333,
    "base_sole_abs_delta_m": 0.024870136752724648,
    "hsi_sole_abs_delta_m": 0.01876244880259037,
    "base_sole_float_m": 0.000320974737405777,
    "hsi_sole_float_m": 0.0,
    "base_sole_penetration_m": 0.007384188007563353,
    "hsi_sole_penetration_m": 0.0006790586630813777,
    "sole_contact_valid_count": 7.333333333333333,
    "base_sole_plane_abs_signed_m": 0.004619399551302195,
    "hsi_sole_plane_abs_signed_m": 0.00300321402028203,
    "base_sole_plane_float_m": 0.0,
    "hsi_sole_plane_float_m": 0.0,
    "base_sole_plane_penetration_m": 0.00012047013296978548,
    "hsi_sole_plane_penetration_m": 0.0,
    "sole_plane_contact_valid_count": 7.333333333333333,
    "num_gt": 3,
    "num_pred_conf": 3,
    "num_matched": 3,
    "conf_threshold": 0.1,
    "per_person": [
      {
        "pred_query": 0,
        "gt_index": 0,
        "base_joints_mpjpe_m": 0.04042947664856911,
        "hsi_joints_mpjpe_m": 0.03558221086859703,
        "base_vertices_pve_m": 0.04926717281341553,
        "hsi_vertices_pve_m": 0.040877386927604675,
        "base_transl_l2_m": 0.024665744975209236,
        "hsi_transl_l2_m": 0.021543316543102264,
        "base_projected_joints_l2_px": 4.673339366912842,
        "hsi_projected_joints_l2_px": 3.3493220806121826,
        "base_foot_abs_delta_m": null,
        "hsi_foot_abs_delta_m": null,
        "base_foot_float_m": null,
        "hsi_foot_float_m": null,
        "base_foot_penetration_m": null,
        "hsi_foot_penetration_m": null,
        "foot_contact_valid_count": 0.0,
        "base_sole_abs_delta_m": 0.024870136752724648,
        "hsi_sole_abs_delta_m": 0.01876244880259037,
        "base_sole_float_m": 0.000320974737405777,
        "hsi_sole_float_m": 0.0,
        "base_sole_penetration_m": 0.007384188007563353,
        "hsi_sole_penetration_m": 0.0006790586630813777,
        "sole_contact_valid_count": 22.0,
        "base_sole_plane_abs_signed_m": 0.004619399551302195,
        "hsi_sole_plane_abs_signed_m": 0.00300321402028203,
        "base_sole_plane_float_m": 0.0,
        "hsi_sole_plane_float_m": 0.0,
        "base_sole_plane_penetration_m": 0.00012047013296978548,
        "hsi_sole_plane_penetration_m": 0.0,
        "sole_plane_contact_valid_count": 22.0
      },
      {
        "pred_query": 1,
        "gt_index": 1,
        "base_joints_mpjpe_m": 0.0760771781206131,
        "hsi_joints_mpjpe_m": 0.08778675645589828,
        "base_vertices_pve_m": 0.0862581729888916,
        "hsi_vertices_pve_m": 0.09750278294086456,
        "base_transl_l2_m": 0.026964496821165085,
        "hsi_transl_l2_m": 0.03781961649656296,
        "base_projected_joints_l2_px": 10.55868148803711,
        "hsi_projected_joints_l2_px": 13.407363891601562,
        "base_foot_abs_delta_m": 0.13345861434936523,
        "hsi_foot_abs_delta_m": 0.15880179405212402,
        "base_foot_float_m": 0.0934586152434349,
        "hsi_foot_float_m": 0.1188017949461937,
        "base_foot_penetration_m": 0.0,
        "hsi_foot_penetration_m": 0.0,
        "foot_contact_valid_count": 1.0,
        "base_sole_abs_delta_m": null,
        "hsi_sole_abs_delta_m": null,
        "base_sole_float_m": null,
        "hsi_sole_float_m": null,
        "base_sole_penetration_m": null,
        "hsi_sole_penetration_m": null,
        "sole_contact_valid_count": 0.0,
        "base_sole_plane_abs_signed_m": null,
        "hsi_sole_plane_abs_signed_m": null,
        "base_sole_plane_float_m": null,
        "hsi_sole_plane_float_m": null,
        "base_sole_plane_penetration_m": null,
        "hsi_sole_plane_penetration_m": null,
        "sole_plane_contact_valid_count": 0.0
      },
      {
        "pred_query": 2,
        "gt_index": 2,
        "base_joints_mpjpe_m": 0.1298772543668747,
        "hsi_joints_mpjpe_m": 0.11512908339500427,
        "base_vertices_pve_m": 0.1489691287279129,
        "hsi_vertices_pve_m": 0.1357688307762146,
        "base_transl_l2_m": 0.11045088618993759,
        "hsi_transl_l2_m": 0.09190629422664642,
        "base_projected_joints_l2_px": 13.213651657104492,
        "hsi_projected_joints_l2_px": 12.559786796569824,
        "base_foot_abs_delta_m": null,
        "hsi_foot_abs_delta_m": null,
        "base_foot_float_m": null,
        "hsi_foot_float_m": null,
        "base_foot_penetration_m": null,
        "hsi_foot_penetration_m": null,
        "foot_contact_valid_count": 0.0,
        "base_sole_abs_delta_m": null,
        "hsi_sole_abs_delta_m": null,
        "base_sole_float_m": null,
        "hsi_sole_float_m": null,
        "base_sole_penetration_m": null,
        "hsi_sole_penetration_m": null,
        "sole_contact_valid_count": 0.0,
        "base_sole_plane_abs_signed_m": null,
        "hsi_sole_plane_abs_signed_m": null,
        "base_sole_plane_float_m": null,