{
  "image": "/home/zhw/xyb_space/bedlam/processed_bedlam/Training/20221013_3_250_batch01hand_orbit_bigOffice_seq_000000/rgb/seq_000000_0000.png",
  "checkpoint": "outputs/train/smpl_gt_box_prior_20q/checkpoint_latest.pt",
  "predictions": [
    {
      "rank": 0,
      "query_index": 12,
      "confidence": 0.13141179084777832,
      "bbox_cxcywh_norm": [
        0.7763651609420776,
        0.6041439771652222,
        0.22679190337657928,
        0.6862292885780334
      ],
      "bbox_xyxy_pixels": [
        848.6005878448486,
        187.94111967086792,
        1138.8942241668701,
        682.026207447052
      ],
      "pred_transl_cam": [
        0.8118373155593872,
        0.09641873836517334,
        3.017317533493042
      ],
      "projected_joints_2d": [
        [
          1001.70947265625,
          328.1253662109375
        ],
        [
          1031.12890625,
          351.87017822265625
        ],
        [
          974.9479370117188,
          352.36834716796875
        ],
        [
          995.166748046875,
          301.9537048339844
        ],
        [
          1090.9932861328125,
          447.54241943359375
        ],
        [
          968.7264404296875,
          444.8843078613281
        ],
        [
          1000.2920532226562,
          266.0657043457031
        ],
        [
          1063.0054931640625,
          544.0556640625
        ],
        [
          973.7034912109375,
          558.0138549804688
        ],
        [
          1006.6580810546875,
          253.57679748535156
        ],
        [
          1103.0107421875,
          565.7493896484375
        ],
        [
          970.740478515625,
          574.7333984375
        ],
        [
          1012.7408447265625,
          194.20970153808594
        ],
        [
          1042.12353515625,
          221.6833953857422
        ],
        [
          975.2495727539062,
          219.9386444091797
        ],
        [
          1030.9925537109375,
          174.67092895507812
        ],
        [
          1080.8896484375,
          228.2969970703125
        ],
        [
          934.46484375,
          216.3803253173828
        ],
        [
          1104.5545654296875,
          296.05218505859375
        ],
        [
          846.9688110351562,
          259.95355224609375
        ],
        [
          1133.0667724609375,
          321.8468017578125
        ],
        [
          810.4857177734375,
          282.82135009765625
        ],
        [
          1154.6051025390625,
          331.1444396972656
        ],
        [
          791.398681640625,
          284.83587646484375
        ],
        [
          1040.917236328125,
          146.703369140625
        ],
        [
          1019.8592529296875,
          141.87843322753906
        ],
        [
          1051.4822998046875,
          141.93495178222656
        ],
        [
          993.0203857421875,
          159.86614990234375
        ],
        [
          1057.7275390625,
          160.556640625
        ],
        [
          1112.23193359375,
          567.2864379882812
        ],
        [
          1124.80419921875,
          566.6829223632812
        ],
        [
          1050.859375,
          549.9470825195312
        ],
        [
          991.20654296875,
          574.9535522460938
        ],
        [
          955.2376098632812,
          579.7827758789062
        ],
        [
          972.6727294921875,
          570.2124633789062
        ],
        [
          1121.67431640625,
          328.92034912109375
        ],
        [
          1165.9276123046875,
          334.17041015625
        ],
        [
          1182.472412109375,
          336.8641052246094
        ],
        [
          1186.9205322265625,
          338.32025146484375
        ],
        [
          1184.6156005859375,
          340.1254577636719
        ],
        [
          821.0509643554688,
          301.7500915527344
        ],
        [
          786.9314575195312,
          290.43292236328125
        ],
        [
          773.6288452148438,
          285.3525085449219
        ],
        [
          766.5802001953125,
          282.107421875
        ],
        [
          761.388427734375,
          279.65179443359375
        ]
      ],
      "projected_joints_mask": [
        true,
        true,
        true,
        true,
        true,
        true,
        true,
        true,
        true,
        true,
        true,
        true,
        true,
        true,
        true,
        true,
        true,
        true,
        true,
        true,
        true,
        true,
        true,
        true,
        true,
        true,
        true,
        true,
        true,
        true,
        true,
        true,
        true,
        true,
        true,
        true,
        true,
        true,
        true,
        true,
        true,
        true,
        true,
        true,
        true
      ],
      "vggt_intrinsics_input": [
        [
          549.3204345703125,
          0.0,
          259.0
        ],
        [
          0.0,
          585.0249633789062,
          259.0
        ],
        [
          0.0,
          0.0,
          1.0
        ]
      ],
      "vggt_input_size": 518,
      "vggt_camera_from_world": [
        [
          0.9999977350234985,
          -0.0008389975409954786,
          0.001968760509043932,
          -2.707540988922119e-05
        ],
        [
          0.0008369883871637285,
          0.9999991059303284,
          0.0010211053304374218,
          -9.912066161632538e-05
        ],
        [
          -0.0019696156959980726,
          -0.001019455143250525,
          0.9999975562095642,
          -0.0004691965878009796
        ]
      ]
    }
  ]
}