{
  "epoch": 1,
  "num_records": 114,
  "metrics": {
    "metric_hsi_v4_geometry_eligibility_coverage": 1.0,
    "metric_hsi_v4_base_active_l2_median": 0.30065926909446716,
    "metric_hsi_v4_candidate_active_l2_median": 0.23815909028053284,
    "metric_hsi_v4_candidate_active_l2_p90": 1.2309075951576236,
    "metric_hsi_v4_candidate_improvement_rate": 0.9456521739130435,
    "metric_hsi_v4_candidate_ray_sign_acc": 0.9456521739130435,
    "metric_hsi_v4_candidate_tangent_l1_delta": -0.00019930910228036793,
    "metric_hsi_v4_selection": 0.5458859890699388
  }
}