frame_index,gt_x,gt_y,gt_z,raw_se3_x,raw_se3_y,raw_se3_z,hsi_se3_x,hsi_se3_y,hsi_se3_z,raw_sim3_x,raw_sim3_y,raw_sim3_z,hsi_sim3_x,hsi_sim3_y,hsi_sim3_z
800,-4.523198094684549,-0.17315668950324348,48.53794866800281,9.241883412155453,-0.20301684149955695,64.69494869469305,0.22039459525823235,-0.2182424586487931,54.409842497598994,-4.795506177244444,-0.2267078464171963,48.69137708613529,-4.7955062359688325,-0.22670782309852236,48.691376980209476
801,-4.491815533954565,-0.17778561601882492,48.578865110873906,9.243181121586273,-0.2033235156694054,64.6986869963971,0.24045336469125325,-0.2229827380275709,54.4676256399313,-4.765016355672601,-0.2339131887667981,48.77920888363226,-4.765016414801218,-0.23391316393590872,48.77920877278766
803,-4.429028477985333,-0.18408050725703057,48.659900724887564,9.245749151081311,-0.202589732514143,64.701608813215,0.28014754948866627,-0.21164060929165668,54.5127883318097,-4.704680228620349,-0.21667287522278617,48.84785728159255,-4.704680281026483,-0.2166728502679732,48.84785717135561
805,-4.365789380390115,-0.18327529320960212,48.74030309915513,9.248264701972182,-0.20317749223583442,64.70375716395478,0.31903056336863095,-0.22072564621856394,54.54599552199945,-4.64557709197361,-0.23048235261107264,48.89833301150054,-4.645577146927622,-0.23048232906613758,48.89833291433403
807,-4.299882378894756,-0.1816445846343506,48.819175779819204,9.252383989698984,-0.20321061197471657,64.70932711841525,0.3827026179005404,-0.22123758126245321,54.63209063939311,-4.548793987211983,-0.23126050441072735,49.029199685988516,-4.548794063472034,-0.231260482880096,49.02919960291643
809,-4.232219662982889,-0.1805720586562592,48.90369421243639,9.25492189429767,-0.20282807045252293,64.71239472883951,0.42193117581591655,-0.21532460789796312,54.67950685168744,-4.489165647814516,-0.2222726505210272,49.1012735202895,-4.489165693970254,-0.22227261844234147,49.10127340774913
811,-4.161943879444071,-0.183891769149345,48.9885101914403,9.257970644697172,-0.20299760636629816,64.71503664653211,0.46905588130515025,-0.2179451448020892,54.720343144288314,-4.417534931808166,-0.22625591490846067,49.16334565842894,-4.417534986625968,-0.22625589876453336,49.163345573377555
813,-4.0870673325843265,-0.19036043772941022,49.071590483188345,9.260387405408757,-0.20284553430778304,64.7171628956739,0.5064119092497235,-0.2155945399988763,54.75320866366507,-4.360752880966903,-0.22268296566414805,49.21330210893364,-4.36075290857449,-0.22268292185161706,49.21330196834605
815,-4.008029904682104,-0.19742735812907114,49.15424352884262,9.263597346201417,-0.20317530681529514,64.72167047049328,0.5560281482624226,-0.22069188165710957,54.82288255073644,-4.285334979470673,-0.2304310059222686,49.319208060374244,-4.28533500920842,-0.23043100610517603,49.31920798436323
816,-3.967049088794656,-0.1985776681685928,49.196617186069204,9.265763196327583,-0.20331081039059065,64.72242168317061,0.5895058065012586,-0.2227863517699037,54.83449407882755,-4.234448099611621,-0.23361467688510748,49.33685788239944,-4.234448148166372,-0.23361465201093523,49.3368577916539
818,-3.8849908974952165,-0.19736560771708736,49.28067022562,9.270070846429766,-0.2030396122453746,64.72805252709087,0.6560894405327836,-0.2185944239918325,54.921530293352134,-4.133239400737942,-0.22724284752033086,49.46915516124313,-4.133239392510154,-0.2272428190464195,49.469154970941084
820,-3.800558057147927,-0.19538588414436286,49.36959463357899,9.272931444621664,-0.20331176211434882,64.73111675003015,0.7003058039687294,-0.22280107062366095,54.968894216178676,-4.066029340929292,-0.23363703773637556,49.541149406223006,-4.0660294363687335,-0.23363702502939726,49.541149294501174
822,-3.7164055970496612,-0.1958524395013278,49.453952848911015,9.276315643643732,-0.20363026205045281,64.73385890645554,0.7526156171316654,-0.22772414295423585,55.01127992938624,-3.98651722373588,-0.24112022772622668,49.60557666408715,-3.9865172382762806,-0.24112021563367003,49.60557661742722
824,-3.6326775220221923,-0.20289270172362403,49.53412634134263,9.28107475252922,-0.20336727147903638,64.73665059176659,0.8261774080811475,-0.22365909000960915,55.05443114191798,-3.874701452567663,-0.23494123618380447,49.671167608405824,-3.874701513073974,-0.23494123552562243,49.671167518087984
826,-3.5418693688697283,-0.21026788244490227,49.62135702371568,9.285401950316261,-0.2036504811749365,64.74159883696122,0.8930631500236668,-0.22803667572898015,55.13091649248284,-3.773033478752036,-0.24159527821380483,49.78742715734234,-3.7730335459885453,-0.24159527311128803,49.787427125560505
828,-3.4526116517371612,-0.215366821386863,49.708229124545795,9.28839961907014,-0.2033873040696486,64.74411148486146,0.9393983370435324,-0.2239687032759912,55.16975457931623,-3.702602931461204,-0.2354119040381654,49.84646208791456,-3.702602926068365,-0.23541185527897426,49.84646196944744
830,-3.3657436040229274,-0.21633244643455019,49.79290014505361,9.293511832102846,-0.20303059113304112,64.74765458767725,1.0184180478120015,-0.21845500482740618,55.22452052589662,-3.58249094066996,-0.22703089552330089,49.92970766669972,-3.5824910289705807,-0.22703089849940436,49.929707550532896
832,-3.2756938603705845,-0.2165502120042292,49.87993246316882,9.29639420821395,-0.20302479448289368,64.75136778555898,1.0629711474086703,-0.21836537809100126,55.281915656997505,-3.514769206325372,-0.22689470260945452,50.01694964721257,-3.5147692256116425,-0.2268946636633668,50.016949556529376
833,-3.231881823856302,-0.21610073337798244,49.92087942361805,9.2973826391185,-0.20297580356304432,64.75079516305026,1.0782493666340411,-0.21760812956977554,55.27306460508454,-3.49154591673524,-0.22574365571916358,50.003495820258564,-3.4915459579283175,-0.22574362735135836,50.003495740687256
835,-3.1388380196876002,-0.21888270566707035,50.00492864847158,9.30165120812709,-0.2033545099455446,64.75665587616065,1.1442289239979258,-0.2234617967295117,55.36365397983516,-3.3912554323263464,-0.2346414025924736,50.14119390025675,-3.3912554136125,-0.23464134490432437,50.141193810604015
837,-3.0441035893744894,-0.22368338296656873,50.08573156595202,9.306447367133812,-0.20323092032912127,64.75902249037017,1.2183633127003028,-0.22155147889286028,55.40023483702842,-3.278569164605684,-0.23173765136482272,50.19679775368042,-3.2785693257917363,-0.23173761497177325,50.19679761011449
839,-2.9480912354773956,-0.22564284096007126,50.162166655063345,9.309228779749485,-0.20367823676742644,64.75986580013009,1.261355939355437,-0.22846572030971934,55.41326994067176,-3.2132195783612945,-0.24224739882150068,50.21661140648947,-3.2132194795502658,-0.24224743138965865,50.2166112871356
841,-2.8456957009620134,-0.22352405975108022,50.24526983499499,9.311482780478634,-0.20346174207988377,64.76357288479883,1.2961960966186248,-0.22511928033869025,55.47057049784376,-3.1602615906775062,-0.23716083303284585,50.30370975641092,-3.1602615865971013,-0.2371607606142887,50.30370953844223
843,-2.7463504937476615,-0.21821304748301726,50.32880789041495,9.317121985507278,-0.2031711499691474,64.76683517127756,1.3833615431356046,-0.22062762012205542,55.520995994124945,-3.0277678666998806,-0.2303333403783986,50.38035752538777,-3.0277679715140717,-0.2303333269968788,50.380357528690844
845,-2.646083083469338,-0.21619596669917324,50.4190865159032,9.319177967748592,-0.20365088729300748,64.76854329871489,1.4151409261998953,-0.22804295374344322,55.547398663060065,-2.9794623445207753,-0.24160482000122485,50.420490161823125,-2.9794625303611255,-0.24160481584714258,50.42049023258714
847,-2.549544062931008,-0.2167945910478119,50.50069814920397,9.32684265493665,-0.20312063620953344,64.77497901256466,1.5336145292594976,-0.21984684053761808,55.646875762757375,-2.799379701043323,-0.2291465142053177,50.571697945558384,-2.7993797499875885,-0.22914652289205525,50.57169786225612
849,-2.4471056130713924,-0.22230732033495948,50.58546072244618,9.32841672032156,-0.20336108194139735,64.77426577486222,1.5579450281937344,-0.22356342100361073,55.63585122757875,-2.7623968668367556,-0.23479581233641278,50.55494034962109,-2.7623967952803827,-0.23479581629171006,50.55494029857931
850,-2.3971707490272047,-0.22553425619845818,50.62689977884267,9.332146392527399,-0.2028144342203363,64.77785051766661,1.6155947475148396,-0.21511384554623256,55.691260769422854,-2.6747678203209087,-0.22195226579050975,50.63916426438281,-2.6747678089493454,-0.22195225450204153,50.639164160239794
852,-2.295774188358257,-0.2277322221780383,50.71294027566886,9.335535911229341,-0.20352831485728123,64.782864625513,1.6679865962123297,-0.2261483086017649,55.76876406420721,-2.5951307166810667,-0.23872496754260797,50.75697126335161,-2.595130914833724,-0.23872490879507974,50.756971067875206
854,-2.1913177636451175,-0.22564668545965824,50.79895025491686,9.341156857184714,-0.20278231512787573,64.78425398219683,1.7548700435480091,-0.21461735243864208,55.79023941944962,-2.4630659915785893,-0.22119762428532158,50.78961434691379,-2.4630659454179162,-0.22119757280973062,50.789614134192824
856,-2.0908143189734942,-0.2256139029050406,50.87611776590322,9.346283189485558,-0.20244715731345855,64.788829930001,1.8341080521290567,-0.20943680549551688,55.86097009650051,-2.3426222670756096,-0.213323055666733,50.89712672892907,-2.3426222302946536,-0.21332301448382007,50.897126496880226
858,-1.9848615792579116,-0.22974207589869697,50.95215612649889,9.35073089612717,-0.20257816762623487,64.79293548041292,1.9028563742675741,-0.21146187713215994,55.92443001652189,-2.238122924860898,-0.2164011569471521,50.993587074011465,-2.23812309566049,-0.2164011730049111,50.9935871306805
860,-1.8828271296805772,-0.23788944969420064,51.0179291367528,9.35574249988255,-0.20262466943823557,64.79883892703354,1.9803211795227529,-0.21218064625844998,56.015679817837565,-2.1203747597776776,-0.21749372198289438,51.132289182393116,-2.1203746930527876,-0.2174937196935085,51.132289065162844
862,-1.769115772563883,-0.24468472192530571,51.095493376254765,9.360586077678583,-0.20330543249243235,64.7990287313968,2.0551887096337618,-0.2227032457226976,56.018613648197615,-2.0065743825414932,-0.23348832259393584,51.13674865616419,-2.006574212322011,-0.2334883287822984,51.1367485592167
864,-1.6602906850165806,-0.24430365453009603,51.16688162088367,9.36279423460129,-0.20288041747828384,64.80378430735938,2.089320258050134,-0.2161337374848917,56.0921208566873,-1.9546934999825822,-0.2235025494778809,51.248481420931654,-1.9546934221836199,-0.2235025152457947,51.24848131774233
865,-1.6027363208121697,-0.24179391155486324,51.20805364847155,9.364878343271368,-0.20274261744883076,64.80246130402189,2.1215342675584816,-0.21400377848469218,56.071671193203215,-1.9057271443580115,-0.22026492307952678,51.21739731632309,-1.9057273381832505,-0.22026492536136616,51.21739732803649
867,-1.4969888594932004,-0.2356157262111143,51.28942495584459,9.375513923022673,-0.20292997791055034,64.80921992228254,2.285929151329014,-0.2168997875479078,56.17613942833688,-1.6558430630461491,-0.22466697712319278,51.37619177365332,-1.6558430856237312,-0.2246669301170455,51.37619160589873
869,-1.3852092889136747,-0.2288594354177024,51.37395483255359,9.380169212737508,-0.20219463908336183,64.81246478788277,2.357886135329409,-0.20553368140844094,56.22629566459658,-1.5464665343722728,-0.20739011290125128,51.45243023723091,-1.546466706316974,-0.207390170208037,51.45243031431527
871,-1.2814819482154276,-0.22449838707690528,51.45324712991686,9.387932272486868,-0.20272490081868078,64.81725611254573,2.4778800223866084,-0.21372993786456249,56.30035519127066,-1.3640726170684614,-0.21984866896339095,51.565002921528716,-1.3640730570057635,-0.21984868090708584,51.565002610018205
873,-1.1766565707511465,-0.22405181417708747,51.53062444925283,9.3907891515858,-0.2028508755654182,64.81628154886704,2.522039408525598,-0.21567707340097184,56.28529140225966,-1.296949937745954,-0.22280845908231853,51.54210544389005,-1.2969497077521988,-0.22280837464565062,51.54210528151629
875,-1.0681032803840071,-0.2273076880956169,51.61405187845203,9.393723489046494,-0.2030730202260989,64.8188344034976,2.567395428400239,-0.21911082714651606,56.32475114252009,-1.228007365947327,-0.22802777159282953,51.60208503588221,-1.228007445891608,-0.2280277644982962,51.602085053848704
877,-0.9557110932654768,-0.22788978705648377,51.702682554721534,9.399884857295538,-0.2027503739845878,64.82590848834379,2.6626321112213662,-0.21412368015904779,56.43409568964665,-1.0832453613798672,-0.22044716371493545,51.768291414306624,-1.0832453538047058,-0.22044717884511086,51.76829144545586
879,-0.8431243565864074,-0.22716436872725523,51.78477483987781,9.405757826611508,-0.2040702974430317,64.83165142673892,2.753410893228389,-0.23452581893526134,56.522864546167185,-0.9452593205235766,-0.2514589062365143,51.90322236480047,-0.9452593802159428,-0.2514589298301714,51.90322228304299
881,-0.7210931447333739,-0.22916015575175366,51.87311559915512,9.410264228275745,-0.2046552725784642,64.83207223850748,2.823066244624281,-0.24356780085833327,56.52936894959607,-0.8393809324881985,-0.2652029594734692,51.9131093822131,-0.8393815388797812,-0.2652029639672515,51.91310913567426
882,-0.6586302188224182,-0.23006780038123054,51.91561132669419,9.416552614407482,-0.20449259860563476,64.83734446973676,2.9202663745038553,-0.2410533857859883,56.6108623345144,-0.6916346292111584,-0.26138091712087963,52.036981017610486,-0.6916349591410302,-0.26138099143035476,52.03698107810823
884,-0.5333008733577196,-0.2310960699105715,52.00024801492665,9.41778819241278,-0.2039747546041611,64.84007729483065,2.9393650871823174,-0.23304900529530345,56.65310373712734,-0.6626045921128041,-0.2492141170406853,52.10118903484494,-0.6626044477708097,-0.2492141369015442,52.10118904539347
886,-0.408489164430576,-0.2325603325152854,52.090457975864126,9.423786763795892,-0.2049247689142199,64.84024622279662,3.0320851958942105,-0.24773344698504038,56.65571505417194,-0.5216675172844676,-0.2715348046433536,52.10515801543396,-0.5216676100097928,-0.271534848177545,52.10515831130322
888,-0.29051032336421967,-0.23161211202388446,52.18327337503409,9.430063910995393,-0.20348718453446948,64.84556496287259,3.129111348300559,-0.22551259632744766,56.737927009922835,-0.37418527391975775,-0.23775860621861805,52.23012238114768,-0.3741854802944369,-0.23775861055715883,52.23012249901445
890,-0.17270163120692997,-0.23040751705412518,52.27565389871567,9.434952855738041,-0.20339210277400668,64.84975200824012,3.2046800683282157,-0.22404291516088323,56.802646152743,-0.2593189954311983,-0.23552465010918794,52.32849745890941,-0.2593191737045757,-0.2355246591629027,52.328497182331745
892,-0.06141714425749842,-0.23079868743662788,52.36922460794423,9.439709587861223,-0.20329190053655938,64.8544186195194,3.2782053384919347,-0.2224940569468878,56.87477852413696,-0.1475590665470108,-0.23317038784653682,52.43813998894785,-0.14755896099173338,-0.2331703567159655,52.43814015477537
894,0.05152181116871586,-0.23235931585078123,52.463016569614155,9.442701531043964,-0.20489975075468364,64.85536484529763,3.3244519950929714,-0.24734661476225014,56.889404050849016,-0.0772630421610927,-0.27094700031505053,52.46037166459102,-0.07726290947800418,-0.27094685371785854,52.46037131384133
896,0.15416673151784857,-0.23213386128191646,52.54645162820789,9.446031474380103,-0.20453219100665504,64.85859447489233,3.3759229905768287,-0.24166533518609642,56.939324757909176,0.0009743319011406015,-0.26231114480824835,52.53625215659265,0.0009742651832880256,-0.2623111695170628,52.53625201210188
898,0.2573196920567049,-0.23019724676851863,52.63591390848134,9.450295837974688,-0.20587402153609177,64.86365772616548,3.4418372070699483,-0.26240606306340974,57.01758782869878,0.10116600965918465,-0.2938375963007801,52.65521378561772,0.10116548977407458,-0.2938375842344278,52.65521379788696
899,0.30529207317165064,-0.22980559954887023,52.67871481180163,9.45534935996514,-0.20430733723596178,64.8670190533841,3.5199499686029196,-0.2381896756301953,57.06954388142958,0.21989904814902328,-0.25702818146886913,52.7341885273482,0.2198988018050736,-0.2570280818055863,52.7341882714521
901,0.40785113302999804,-0.22795751283412088,52.769172728061385,9.462457442515275,-0.20439336962158994,64.87557158734656,3.629820259952335,-0.23951959181327329,57.20174110758687,0.3869042062562542,-0.2590495215507879,52.93513122554338,0.38690433751668163,-0.2590495869993801,52.93513129529258
903,0.49731257883840285,-0.221408437588259,52.85649114847156,9.463456057545832,-0.20409796686348022,64.87605759963722,3.6452553766126616,-0.23495340885658075,57.20925321445418,0.4103667729738172,-0.2521090022229,52.94655013618086,0.4103660931466102,-0.25210887699057105,52.946549881848505
905,0.5879812571221057,-0.2125112969661229,52.93865591287587,9.466889407150955,-0.20497450956621743,64.87754426507188,3.698325685159772,-0.24850229306782487,57.23223309315549,0.49103368836159067,-0.2727034665704786,52.98147949922876,0.49103426286233276,-0.2727035130673726,52.981479860698705
907,0.6820171806030793,-0.20404371211772016,53.02162939310047,9.474167337303536,-0.20246796537214112,64.88249187470153,3.810820508296253,-0.20975840823661526,57.30870818157593,0.6620294340148982,-0.21381194322616692,53.0977241154983,0.6620291512161138,-0.21381185853259616,53.09772386946019
909,0.7890963885002733,-0.20306136796717456,53.11459738016102,9.482846397096752,-0.20254823754766793,64.887014733895,3.94497332235696,-0.21099922267676527,57.37861860341479,0.8659448701068646,-0.21569794655701113,53.20398917493948,0.865944716600179,-0.2156979268933046,53.2039894241213
911,0.8965747687035149,-0.20247946272139933,53.212951719760646,9.487062181985538,-0.20304250315062772,64.89346078253706,4.010137407634298,-0.21863913198553417,57.47825544835519,0.9649951859876813,-0.22731076964777788,53.355439775722544,0.9649957233576734,-0.22731077629261442,53.35543987047505
913,1.0012430283241833,-0.20042673835998048,53.30754095315902,9.490338659621077,-0.20235470066828626,64.89612573192655,4.060781717093475,-0.20800766045997418,57.51944775982163,1.041976377708365,-0.21115077692121237,53.41805304603845,1.0419763149998307,-0.21115067900223528,53.418053193504974
915,1.1005688044243307,-0.1957465220475688,53.398288786411015,9.495788464024123,-0.20240662350390576,64.90306769846855,4.145019697056227,-0.2088103186858354,57.62675005263836,1.1700201137742985,-0.21237070948542375,53.58115529080651,1.1700201091698386,-0.21237073917825663,53.58115530850666
916,1.1506533953362177,-0.1942178566241684,53.44623190164537,9.49892043533223,-0.2026627238366468,64.90209196770502,4.193430936781981,-0.21276895063436005,57.61166833643808,1.2436061139098777,-0.21838781413482397,53.55823039238497,1.2436063800858816,-0.21838795676390893,53.55823073023765
918,1.242993745487276,-0.18674067745451933,53.538997709750845,9.499786524891325,-0.20175255667706438,64.90374056350282,4.206817845351077,-0.1987003480549194,57.63715044855018,1.2639549805319712,-0.197003339585184,53.59696432659628,1.263954809216683,-0.19700333602943684,53.59696416520062
920,1.3231752249413007,-0.18134393880611333,53.62869268655751,9.503083264752167,-0.20181913319862527,64.90779043394062,4.257776199429654,-0.1997295209377726,57.69974987040194,1.3414122353985407,-0.1985675620644652,53.69211646474438,1.34141275637739,-0.19856770403583582,53.69211682069274
922,1.4033160540276102,-0.1788144517922879,53.718273222446165,9.505242472696544,-0.2011546182713024,64.91164503253283,4.291150616526906,-0.18945787342963058,57.759329953426175,1.3921430564876127,-0.18295471292836593,53.78268067004065,1.3921426883538466,-0.18295454807102102,53.78268000716469
924,1.4805854889565007,-0.18546568939929436,53.808486998080944,9.509840861357567,-0.20057126026277622,64.9129172679209,4.362228252755165,-0.18044097123500055,57.77899526646046,1.5001826888295593,-0.16924865426065905,53.81257197625946,1.500182437494626,-0.16924863573586296,53.81257176496283
926,1.5636540981941807,-0.18777440080885957,53.899524748325064,9.512419974960244,-0.2013332588452986,64.9183451798814,4.4020940312145385,-0.1922190969086812,57.86289496725407,1.5607792381737235,-0.18715189227936305,53.94010134705121,1.5607793978412081,-0.18715167543524885,53.940101366504706
928,1.647375616710714,-0.18191182205920328,53.995506346225454,9.519461019321234,-0.2007354405965385,64.92353043401455,4.510927607566433,-0.18297862654709127,57.94304343714518,1.7262093268725307,-0.17310608872412764,54.06192944629246,1.72620910134727,-0.17310593400677876,54.06192900513416
930,1.720574769657217,-0.17610500345473318,54.086280882358274,9.522763466555766,-0.20115009641362935,64.93025726560992,4.561973823062748,-0.1893880037702715,58.04702084204299,1.8038006770930863,-0.18284847139975444,54.21997707252954,1.8038006000163733,-0.18284834447632825,54.21997720900792
931,1.7591855856590701,-0.17289205978159755,54.13352590799303,9.522107808621698,-0.20072025024260082,64.93176299562553,4.551839626135923,-0.18274394670226643,58.07029481930699,1.7883959239587428,-0.17274918973721012,54.25535435994157,1.7883963723039988,-0.1727492148907709,54.25535422488159
933,1.8275833460503461,-0.16990346799139847,54.22647863626453,9.530409253901695,-0.20097924081953117,64.93821457533531,4.680155451629152,-0.18674717955067874,58.17001778360722,1.9834392667626926,-0.17883420098229327,54.4069349137511,1.983439572004115,-0.17883422693739603,54.40693557477304
935,1.8930139872246237,-0.17450683901553166,54.31806570291492,9.532072355970653,-0.20120235901941425,64.94173606890637,4.705861932287668,-0.1901958730977875,58.224449082648576,2.0225140273631617,-0.1840763869002628,54.48967278102545,2.0225140526567813,-0.18407632565458604,54.48967248339714
937,1.9755423399620702,-0.18156911025290443,54.41831594705554,9.534301124839857,-0.2014305702666121,64.9467770974642,4.7403120119103574,-0.19372330755366904,58.30236860500877,2.0748791898047383,-0.18943823450843533,54.6081122849828,2.0748790180357997,-0.18943811248300715,54.608112067149335
939,2.052853617351572,-0.18065812776331758,54.51177984476063,9.54116850783978,-0.20148914600961196,64.950261456579,4.846461557664244,-0.19462887037478846,58.356226898300164,2.236229086291716,-0.1908144778415624,54.68997767424394,2.2362289292487736,-0.19081459016595606,54.689977992989434
941,2.1290755602531832,-0.17453886161093726,54.604991972446136,9.546716293045375,-0.20186647409595782,64.95584439380612,4.932213870794104,-0.20046110911160261,58.44252198165502,2.366574891770293,-0.19967984149962922,54.82114938021982,2.366574546948258,-0.19967973599088176,54.821148634733916
943,2.208431992214236,-0.1669564355397701,54.70589834451647,9.54840341807047,-0.20104757897250608,64.95944398428333,4.958292261066441,-0.18780323768646842,58.49816084777586,2.4062140742889824,-0.18043981317965263,54.90572214263878,2.4062143393292317,-0.18043946118720125,54.90572107491565
945,2.2836509081535836,-0.16257282684092453,54.805072844028224,9.548300123309607,-0.20171726484951574,64.95917918878132,4.956695568871047,-0.1981549179498809,58.49406895552253,2.4037871528586727,-0.19617415433049862,54.89950074405951,2.4037873280581845,-0.196174268901586,54.89950129840055
947,2.361739430110985,-0.16419046709780719,54.90655905008286,9.553409362445683,-0.2014759710263161,64.96476757536621,5.035669231749242,-0.19442511897775103,58.58044812222518,2.523829271631178,-0.19050493020296014,55.03080048327788,2.523829231234144,-0.1905048830486243,55.03079974889451
948,2.401983294170436,-0.16759819875006537,54.95759588479966,9.556439775865236,-0.20154017665684137,64.97021840566786,5.082510574950027,-0.1954175968841327,58.66470230373823,2.5950291583366507,-0.1920134483443326,55.15886832294106,2.595029220954932,-0.19201347379141287,55.158868169818064
950,2.484739813488059,-0.17510385403876155,55.066780149936406,9.556946972964218,-0.2016059335112424,64.97297015632972,5.090350002241326,-0.196433951042827,58.7072363070257,2.606945808306552,-0.19355841265621562,55.223520998414884,2.606945342577763,-0.19355835702291038,55.223520897300084
952,2.568629297893579,-0.17965779791121494,55.174675047397365,9.56260114951833,-0.2013798935117695,64.97860095273052,5.177747101958884,-0.19294009500511808,58.79427204014123,2.7397912898728407,-0.18824757874506157,55.355817160783964,2.739791076203365,-0.1882476102131003,55.355817344833696
954,2.651742729824107,-0.18043797800784334,55.27968984842274,9.56546160314341,-0.2005716036923886,64.97915207425885,5.221961597657825,-0.18044642492177917,58.80279107309847,2.8069979530686737,-0.1692567231760534,55.36876581990887,2.80699819333876,-0.16925692547343332,55.368766483725516
956,2.7345331045799837,-0.18030808458571368,55.3779144883153,9.566900134754171,-0.2008074893438891,64.98001363390232,5.244197374695276,-0.1840924756639901,58.81610772397364,2.840796406787093,-0.17479888173234767,55.38900825568003,2.840797119422369,-0.1747990119642951,55.38900811943957
958,2.8193910452538034,-0.18097696790938175,55.480361998080916,9.569246173384196,-0.2005472016312151,64.9898744507116,5.280459709305874,-0.18006926384859498,58.96852747365477,2.895916834774493,-0.16868339414453432,55.620689198984316,2.895916756800382,-0.1686836313981826,55.62068987467924
960,2.900958809536046,-0.18308452854399543,55.584556639194204,9.573389557367223,-0.20101314218515523,64.99419228337202,5.344504661229148,-0.18727103686184973,59.035267448916855,2.9932660836477156,-0.17963071718566642,55.72213713815056,2.9932666534303545,-0.17963050288983093,55.72213627283776
962,2.989946875255619,-0.18612214515452788,55.69219213724109,9.577799835758155,-0.20134254279797223,64.99730186214909,5.412674304744564,-0.19236276252249992,59.08333294843386,3.096886045118291,-0.18737001973823592,55.795197023379565,3.096886182374308,-0.18737005068941864,55.7951970101626
964,3.0803923937492717,-0.18457249889617103,55.79267507791492,9.581585249987384,-0.20033672795501595,65.00331349050056,5.4711855518034,-0.17681580583416087,59.17625502857928,3.185824756422659,-0.16373829265997283,55.93644087307293,3.185824711982268,-0.16373829547577373,55.93644084945278
965,3.124088320415552,-0.1807175535941589,55.842250883578956,9.58206721773306,-0.2005546640225645,65.00306817490745,5.478635221643947,-0.18018447627307352,59.17246315097522,3.1971486400441016,-0.16885872382569295,55.930677157032356,3.1971483927272173,-0.16885875710718323,55.930677102557766
967,3.208092007320468,-0.17106860468631105,55.945579588412976,9.586763748592205,-0.2013541794303768,65.00907516799938,5.551230119489422,-0.19254262371294859,59.265313554904196,3.307494133804868,-0.1876434236584716,56.07181210080831,3.307494416713414,-0.18764344410719958,56.07181199224222
969,3.2887950274162696,-0.16295222530608505,56.046917021274275,9.587336064237396,-0.1992527435932856,65.00679652654206,5.5600767102538144,-0.16006078320235415,59.23009305403494,3.320940750967555,-0.13826996439567263,56.01827517658631,3.320941451500371,-0.1382702504190252,56.018275967685824
971,3.3724081846886196,-0.16107879171614706,56.14845663309068,9.58905526575046,-0.20026821973006015,65.01154563412575,5.586650387174356,-0.17575697499945162,59.30350002147648,3.3613335739943384,-0.1621286846032724,56.12985596610135,3.361334091725821,-0.1621288466556534,56.12985635736142
973,3.4545011851006224,-0.16841421613936208,56.24484258890124,9.589280360904873,-0.20033411400163656,65.00883002277344,5.59012943270978,-0.17677538771510745,59.26152408034986,3.366622208669993,-0.16367687754635699,56.066052387561996,3.3666223262091606,-0.16367685894418663,56.066051898041685
975,3.5382595392876137,-0.17673477123026818,56.351902067660994,9.593876514562272,-0.20080071172065558,65.017704539862,5.661172400732766,-0.18398744501496164,59.39869783000642,3.4746093293632576,-0.1746396407511517,56.27456011366787,3.474609378828225,-0.17463936280352832,56.27455935957292
977,3.622169766109513,-0.179547544219537,56.45338827371569,9.596735495067225,-0.20053124749598442,65.0211023254999,5.705363718609378,-0.17982262712273764,59.451217824616315,3.541781381444478,-0.16830855003462558,56.35439144985014,3.541781265105607,-0.16830873752994874,56.35439103861619
979,3.707508835475961,-0.17680356989150323,56.553455412387564,9.600709775433224,-0.20014439368655593,65.02129494334496,5.766794770964777,-0.17384293582278995,59.454195307996855,3.6351575227884947,-0.15921937849612436,56.35891702667655,3.6351579703271657,-0.15921946019507874,56.35891688633109
980,3.7521903845482347,-0.17193418333773583,56.60540395975084,9.602295967353854,-0.20067537065369356,65.02544762970027,5.791312450676023,-0.1820501533519778,59.51838389556154,3.672425271245949,-0.1716947390061757,56.45648483577942,3.672425444403123,-0.17169463199383825,56.456485112656445
982,3.8359244200401914,-0.16867334733252534,56.70400625467272,9.604580920750232,-0.20063711238365567,65.0298568778012,5.826630772702512,-0.1814588502479275,59.586537787610254,3.726110495149646,-0.17079585686862014,56.560080590476225,3.726110159516063,-0.17079583678316745,56.56008069898495
984,3.919317755382586,-0.1680975515628346,56.80627447366684,9.60773879817398,-0.2005176626279424,65.0304588295569,5.875442485825101,-0.17961277279519614,59.59584235693385,3.8003051622369597,-0.16798937211016873,56.57422351121843,3.8003051598106765,-0.16798975380867134,56.574223872406705
986,4.000810656230977,-0.17343322525267663,56.90597540140125,9.611994442638743,-0.20063793997107313,65.03439770177039,5.941221984799424,-0.18147172725886904,59.65672529453316,3.900291983109291,-0.17081530112331508,56.66676773424016,3.9002916104710383,-0.17081541015540708,56.66676742976502
988,4.084703001659433,-0.17726669798140451,57.006439268588714,9.619931897809275,-0.20017913017576267,65.04636967558689,6.063911694689366,-0.17437987788643936,59.84177648303921,4.086783339445439,-0.16003551601719956,56.948050536737256,4.086782976561155,-0.1600356252919809,56.9480497717972
990,4.1603465410881535,-0.17317469010596165,57.099681913852386,9.61915078523078,-0.20102663771512186,65.04668092999576,6.051838352260225,-0.18747966210533892,59.846588393373246,4.068431016051466,-0.1799477961025078,56.95536349229123,4.068431200157869,-0.17994761837322465,56.95536399344221
992,4.237097773235379,-0.16590652952437412,57.201931059360234,9.622147489228896,-0.20165474541662112,65.05680902942987,6.098158410383645,-0.19718841998833045,60.00313864167123,4.138838896302715,-0.194705253582414,57.193324269391056,4.138838823784651,-0.19470516831169513,57.19332420781575
994,4.30946305720144,-0.15839898178820758,57.30349737405747,9.628747651739273,-0.20043514618814584,65.0582829766359,6.20017738791199,-0.1783368560283298,60.025921257304404,4.293910418869448,-0.16605063955079308,57.22795481629991,4.293910170056844,-0.16605032905101533,57.22795434196757
996,4.376399073284199,-0.1546758819604395,57.39832693338365,9.633138690720392,-0.20067407353128536,65.06351690382566,6.268050071745764,-0.18203014851031882,60.10682250336309,4.397078348353171,-0.17166426297676252,57.35092649420089,4.397078313006382,-0.1716642241442089,57.35092621882188
997,4.411496672313737,-0.15659401903395653,57.446952879428586,9.63578113541809,-0.2012656257722728,65.06517719738109,6.308894507941061,-0.19117382635344857,60.13248631839471,4.459162868533724,-0.18556284601065565,57.38993526847634,4.459162857097933,-0.18556283857228806,57.38993584667596
999,4.477157148998309,-0.16522718558554791,57.544208586215696,9.638918636008672,-0.2007352649489264,65.06807758913315,6.357390942273484,-0.18297569489327012,60.17731710845667,4.53287877975113,-0.17310196186473645,57.45808028222798,4.5328786259041856,-0.1731014778211174,57.458079746348176
1001,4.534459147136738,-0.17375528404955823,57.6386795639989,9.642402068610451,-0.20048675416482742,65.07509540888421,6.411234673981022,-0.1791347821739104,60.28579168616531,4.614722400490322,-0.1672631744706558,57.62296470623789,4.6147224177799355,-0.16726319634902945,57.62296376311764
1003,4.593840155284927,-0.1738885302329554,57.7362137436864,9.640929213626224,-0.2012688479033346,65.0756698316674,6.388468878195417,-0.19122364420688018,60.29467126571407,4.580117515449247,-0.1856385503238269,57.6364608308327,4.580117850208664,-0.18563856293051234,57.63646094166537
1005,4.660191569011755,-0.16883158276324164,57.83509451150866,9.64913265935174,-0.20120575357219705,65.08451879463632,6.515269920616367,-0.1902484586397166,60.431450184119555,4.77285834826189,-0.18415614228016983,57.844368160170205,4.772858542512415,-0.18415625696716104,57.84436825001788
1007,4.727071318309839,-0.16288674960379598,57.93059164285632,9.650850583319036,-0.20123467295500963,65.08570621064767,6.541823489944905,-0.19069550708255442,60.44980398613631,4.813221155214526,-0.18483560626569812,57.87226662608079,4.813220618705193,-0.18483578155718633,57.87226647892494
1009,4.7889108988457245,-0.1583777327323443,58.036560118198096,9.661324913757706,-0.20042822143732364,65.09324139569578,6.703725973663433,-0.17823016312866954,60.56627557619313,5.059316666717107,-0.1658879417911989,58.04930660295937,5.0593163620983095,-0.16588815322854739,58.049306150466016
1011,4.851459059398698,-0.15928864071612575,58.14136511087389,9.656191522481361,-0.19946671888532713,65.09438737795787,6.6243789206555865,-0.1633679015933169,60.58398910761232,4.938707090831365,-0.14329733671815148,58.0762315785093,4.938706896773693,-0.14329715142894395,58.0762311523721
1013,4.914387736003926,-0.16355797240977202,58.23556143045395,9.654402967159916,-0.20055147165210593,65.09729633338807,6.596733168796117,-0.18013479095441506,60.62895259543508,4.896684792675041,-0.16878371874107173,58.1445777967928,4.896684676365105,-0.1687832342050625,58.1445767558931
1014,4.950773272197767,-0.1645352203631883,58.28449636697739,9.665233213505926,-0.19983232477884766,65.10198662351438,6.764136713368737,-0.16901945874827004,60.70145148276053,5.151142586404784,-0.15188728620476588,58.25477666386951,5.151142167084421,-0.15188765682103456,58.25477684153569
1016,5.022567305248306,-0.1649455536389849,58.38255697488754,9.662636710323808,-0.19996436750921082,65.10496093738692,6.72400255424089,-0.17106013062329703,60.74742504271528,5.090137467035767,-0.1549896442465694,58.324658485730595,5.090137261543896,-0.15498952808682245,58.32465777945361
1018,5.0903349253349806,-0.16010514984374163,58.48030859231922,9.66434663886819,-0.20039532747507663,65.10932166424088,6.750433275174862,-0.17772166843135692,60.81482943197202,5.13031242067377,-0.1651150946376821,58.42711422855179,5.130312605165987,-0.16511522882570645,58.42711410316842
1020,5.158262285869648,-0.15494298527484077,58.57994467020005,9.664687607243986,-0.19967280251113745,65.1100175297966,6.755703317247263,-0.1665532224231718,60.82558531325292,5.138323509052082,-0.14813929350031033,58.443463664047954,5.138323198281874,-0.14813891716078748,58.44346330633613
1022,5.224465403240259,-0.15609532187228103,58.670349180698096,9.671422360616162,-0.19971495643871995,65.11606944723208,6.859803047529266,-0.16720479892997916,60.919129759115876,5.296557258280595,-0.14912970452763108,58.5856541100698,5.296557339737733,-0.14912932942091695,58.58565315677082
1024,5.294960055034695,-0.1637374568963518,58.760623991489126,9.675450863893559,-0.1998670849483828,65.12071610728145,6.922072022332939,-0.16955640400646163,60.99095457874515,5.3912073727146925,-0.15270398009768388,58.69482788383293,5.3912077076176885,-0.15270382677371916,58.69482864299419
1026,5.35291436640553,-0.17506959626918195,58.84366995096181,9.681838434552137,-0.19913355494804835,65.12560940109383,7.020804843923215,-0.1582183180413503,61.06658939310437,5.541284027035056,-0.13546961445572164,58.80979634417877,5.5412840163221375,-0.13546965821649018,58.80979541458797
1028,5.411181482952165,-0.1834510971093676,58.92956930398911,9.680353897998407,-0.19962768317004298,65.1247535719347,6.997857898959291,-0.1658560432226219,61.05336223787563,5.506404682271832,-0.14707920976605038,58.78968854674911,5.506404097559955,-0.14707918768847233,58.78968981444997
1030,5.475011858623566,-0.1847431469941611,59.0182839035985,9.691330483814841,-0.19964078090665444,65.13439593100843,7.167524386779545,-0.1660584936465361,61.2024035068561,5.764300737476876,-0.1473869424855588,59.01623680224207,5.7643013174791715,-0.1473869172947706,59.016236196219936
1031,5.512577566783955,-0.1816273141885288,59.060916960239105,9.694941979999333,-0.1993908275972945,65.13624299146525,7.223347188331046,-0.16219494172595403,61.230953899274354,5.84915322575916,-0.14151426280652266,59.059633684797845,5.8491533440236605,-0.14151422368195027,59.05963349245012
1033,5.582447561901145,-0.17469648609404642,59.14651876687978,9.696595637478897,-0.19914953087437115,65.13992658066934,7.248908067701494,-0.15846527578083555,61.28789177590396,5.888006084723862,-0.1358449705496658,59.146180006269674,5.888006507149855,-0.1358450400333063,59.1461804604432
1035,5.647697004955335,-0.17186823079829172,59.23722463846176,9.694322066122517,-0.19823774791847742,65.14000077839009,7.213765235227535,-0.14437178884098387,61.28903953301235,5.8345882830646545,-0.11442253269324906,59.14792328963722,5.834588540457915,-0.11442259446110743,59.14792507937885
1037,5.723008665721953,-0.17559529433493684,59.334674894809474,9.700275571392934,-0.19910130853986596,65.14597594293181,7.30578870254145,-0.1577200415781521,61.3813969606526,5.974466524765665,-0.13471198165406165,59.28831041822917,5.974466466219708,-0.13471226577994644,59.28831063302185
1039,5.800368818920184,-0.18187240848784514,59.42641836404771,9.702955510940074,-0.19928901152875672,65.14933432240191,7.347212448151097,-0.16062153006257504,61.43330811914783,6.037431990435339,-0.1391220834101686,59.36721590229334,6.037431574819626,-0.13912259939015847,59.36721686624858
1041,5.872765097301524,-0.18421589920764245,59.51572805643053,9.703434562001705,-0.1990564930160971,65.15455405018444,7.354617602852086,-0.15702717813620112,61.51398944971662,6.0486873462538675,-0.1336590361402902,59.48985396360619,6.048687591461402,-0.13365909636647855,59.48985446616825
1043,5.931201491039328,-0.18162282893901013,59.60339361429185,9.703091603036853,-0.19996041996686975,65.15788376447065,7.349316306083553,-0.17099930366814095,61.565456429089366,6.040629488773273,-0.1548968963179751,59.56808595611591,6.040629490441361,-0.15489706962414995,59.568085536242215
1045,5.98276618449026,-0.1778478134656459,59.69797903299305,9.696436718469615,-0.20024228458442428,65.15357841280775,7.24645163482754,-0.17535576120622462,61.49890782478721,5.884272265640561,-0.1615193355886962,59.46693125931814,5.884272668975624,-0.1615189918564187,59.46693002663321
1046,6.006463083904318,-0.17739109287505303,59.74204260110826,9.703833567403294,-0.20009068773150543,65.15971893518049,7.360784741804287,-0.17301293158388262,61.59382346771282,6.0580620207470375,-0.15795755135058281,59.61120348779749,6.0580617938219365,-0.15795783340899155,59.611204130210396
1048,6.0600548121147675,-0.17647818813567087,59.828594267368025,9.711989914366177,-0.1999862323674602,65.16452509177724,7.486858398978391,-0.1713982763588426,61.66811245871577,6.249696263105129,-0.15550336142460952,59.72412464996247,6.249696842722669,-0.15550351789261802,59.72412521731725
1050,6.111676249187523,-0.17970422992949628,59.91189199686025,9.717058372607125,-0.19981562018666876,65.17426632215971,7.56520119489934,-0.16876114252001104,61.81868231595153,6.3687802303944085,-0.15149481002876836,59.952995897406524,6.368779812661412,-0.151495009822892,59.95299509070011
1052,6.155178579967552,-0.1871632147813308,59.99721151590322,9.716524260188251,-0.19845078312026332,65.17486970573937,7.5569457526695265,-0.14766461741509393,61.828009525291954,6.356231202111175,-0.11942781749484287,59.96717245900522,6.356231338135739,-0.11942777459917456,59.96717267750233
1054,6.20393231837087,-0.1876668740296837,60.085979521274304,9.718397300835331,-0.19921842311520543,65.18246566388136,7.585897505338166,-0.1595299297110557,61.94542100398878,6.400238492009805,-0.13746360110041406,60.14564030621024,6.4002387117836275,-0.13746334010132402,60.14564100281236
1056,6.246490511577648,-0.17896321008448818,60.16515737771963,9.719816142602841,-0.20019675282063495,65.18086943521926,7.607828618340531,-0.17465221745346723,61.9207469881914,6.433574330759695,-0.16044956193920515,60.108136743441214,6.433574541066758,-0.16044958810875648,60.108135894053774
1058,6.2973120543175325,-0.16819298604970048,60.2515831589696,9.72258185817757,-0.1979193646182467,65.18807956655158,7.650578280541375,-0.13945050349634577,62.03219526030388,6.498555113351797,-0.10694208307568825,60.27753954857646,6.498555075382782,-0.10694212011925666,60.277539999200684
1060,6.344139370601708,-0.15814333001618522,60.3315621018407,9.728709196383297,-0.19779505852752424,65.19224262429807,7.745288933103808,-0.1375293712860459,62.09654421085287,6.642517578419794,-0.10402149820791617,60.37535103462196,6.642517588583756,-0.10402195207370551,60.37535198119258
1062,6.39233330218131,-0.15540427307133695,60.41416174173327,9.732669851584793,-0.19877429098085628,65.19953405542402,7.806508755650382,-0.15266514639320292,62.209248061394604,6.735573595069713,-0.12702866920501998,60.54666398708558,6.735573219318775,-0.12702870120611903,60.54666459632549
1063,6.4174702498131255,-0.1564097438240542,60.456588804721555,9.73374462370522,-0.19789171719210782,65.20029255594112,7.823122543283351,-0.1390233389015547,62.22097267007432,6.760825480741417,-0.10629250384795508,60.56448503768371,6.760826583715698,-0.10629281946560461,60.564486288882385
1065,6.4639084669762275,-0.16228603164200747,60.53617864847154,9.738232022263928,-0.19678217464801367,65.20413976777887,7.892483970843115,-0.12187307769416075,62.28043974322654,6.866257388784351,-0.08022368336138574,60.65487569039547,6.866257653617033,-0.0802240020868831,60.65487769757906
1067,6.518265041988437,-0.17043872515206293,60.6249504685399,9.738934467235543,-0.19626071679323848,65.20728021020096,7.903341398788536,-0.11381256501357881,62.328979193516304,6.882761408359066,-0.06797197541219269,60.728660720258176,6.882761210203668,-0.06797182525365983,60.728658851694775
1069,6.5751421782189095,-0.17377911845688868,60.71164327859852,9.73287597423766,-0.1968256311253725,65.2083274086948,7.809695323916259,-0.12254437754858702,62.345167491525324,6.740416468796706,-0.08124469793471203,60.75326476063055,6.740416881183945,-0.08124439431880176,60.753265461434765
1071,6.633477959316317,-0.17239357868676072,60.79657751321764,9.740661983833325,-0.1973159164463903,65.21519817525386,7.930043620064737,-0.13012302988064836,62.45136886821722,6.923349595188732,-0.0927640038764665,60.91469415420032,6.923349241000272,-0.0927641316121412,60.914694156943874
1073,6.68679121462638,-0.16803226212506372,60.879013121127805,9.742250468752191,-0.19834846570391507,65.2190921506648,7.954597193462416,-0.14608319128812394,62.511557382395395,6.960671217884453,-0.11702385887817764,61.00618352205531,6.960671274359342,-0.11702396812629437,61.00618217368212
1075,6.740138325374649,-0.16863739828114738,60.96094137430165,9.740153922858653,-0.19901486223102546,65.22174715582058,7.922190907072301,-0.15638375025912007,62.55259766875544,6.911412648367316,-0.13268091640209362,61.06856315153878,6.911412924786088,-0.13268107022325148,61.068564414824266
1077,6.802415165584619,-0.17659105698113453,61.03859716653797,9.742402831969375,-0.19810742229027592,65.22816832222732,7.956951941270235,-0.14235712573204215,62.6518480423031,6.964251007932777,-0.11136051814998686,61.21942914154735,6.964250548740804,-0.11136025715722975,61.21942741518886
1079,6.865452561061914,-0.18917784432415977,61.112815916537976,9.748924207798161,-0.19834860826812437,65.2281793440514,8.057753912919246,-0.14608557703627809,62.652018496234504,7.117471429007182,-0.11702720843948991,61.21968810048052,7.117472016248259,-0.11702759452196204,61.21968650934232
1080,6.89659145800406,-0.19578121940140852,61.14987951517079,9.742110343072152,-0.19795259096886642,65.22480883453703,7.952431520165313,-0.13996444462791222,62.59992251503299,6.957378950077391,-0.10772273972949559,61.14049761973138,6.957379397868284,-0.10772332323565251,61.140499341072136
1082,6.9634669157677305,-0.20568248967175515,61.233348906039915,9.744399983372258,-0.19895769687912748,65.2274034855077,7.98782246457186,-0.15550004165484174,62.64002619783088,7.011174293284345,-0.13133781035842523,61.20145922119458,7.011174500778843,-0.1313378114855359,61.20145792184417
1084,7.019658360164696,-0.21284047106747747,61.303249418735234,9.746391528321457,-0.20050884487716245,65.22904952851054,8.018605462484901,-0.1794760609783945,62.66546832101152,7.057965854408327,-0.16778219811454143,61.24013317721642,7.057965412081039,-0.16778194849640132,61.24013057265119
1086,7.0842979284935605,-0.21755954960827795,61.37500387430156,9.754775860521534,-0.20037364058953083,65.234513660352,8.14820259629347,-0.17738663781463113,62.74993061607013,7.254956634245437,-0.16460555894730647,61.36851353797648,7.254956231824632,-0.16460597407686683,61.36851533126476
1088,7.157871040981365,-0.21901829878334497,61.45963674783676,9.756696173495296,-0.20011785807527976,65.23332462295143,8.17788514593622,-0.17343259834936206,62.73155033010162,7.300074592504465,-0.15859592147724597,61.34057697735348,7.300074434784603,-0.15859573717832223,61.340576846101904
1090,7.22131660906607,-0.22181421855931033,61.5271645188328,9.763719578072774,-0.20091379283304064,65.23952776934534,8.28644633657493,-0.18573555132766548,62.82743328784332,7.465090232607103,-0.17729649355492988,61.48632056389342,7.465090105330599,-0.17729652724396378,61.48632129190791
1092,7.301318916957925,-0.22521157900337782,61.6080399155613,9.76992084453347,-0.20235803530484245,65.2458355624239,8.382299445802408,-0.20805935206538748,62.92493298682908,7.610789649915372,-0.2112291245629804,61.634522835457204,7.610789180663428,-0.21122925150939634,61.63452322403033
1094,7.381590637844151,-0.22531149128918274,61.673091948032024,9.777735915201886,-0.201458466302018,65.25567149883794,8.503097597432708,-0.19415458133406635,63.07696740396517,7.794405569313138,-0.19009365483742935,61.86561921122002,7.794405331837835,-0.19009365919949456,61.86561926435726
1095,7.425281319301674,-0.22332065145020166,61.706382811069176,9.775799153605895,-0.20140566565534196,65.25612229673251,8.473160932568858,-0.19333850384209447,63.08393545240141,7.748901148919449,-0.18885309800876246,61.87621075586329,7.7489008675135675,-0.18885320141008619,61.876210868763394
1097,7.513062271755292,-0.21671419183258828,61.772708952426605,9.77721947347198,-0.20101477695205697,65.25194899929507,8.49511514775307,-0.18729683026702745,63.01942953479471,7.782271715753096,-0.17966912620848904,61.778158687185886,7.782271812679328,-0.17966970949788327,61.7781602929966
1099,7.598063263576572,-0.208663884201096,61.8440933823582,9.782730564926199,-0.19908018480931183,65.25402129342862,8.580300612403144,-0.15739318403743582,63.05146069467613,7.911755397627061,-0.1342156773503162,61.82684745901414,7.911755806796393,-0.13421543430695893,61.82684844108249
1101,7.67825201479728,-0.20090781489853626,61.92267233133281,9.781595906913193,-0.2012677476132164,65.26025996654062,8.562761666134197,-0.19120636967004231,63.1478911130157,7.885096486517988,-0.18561269889007356,61.97342574958661,7.885096178597651,-0.18561230521112937,61.97342504041523
1103,7.754538807552401,-0.19708071986679832,61.99420171976057,9.78420710859179,-0.20085370101441294,65.25606814513708,8.603123794856083,-0.18480656086255284,63.083098569177196,7.946446948630445,-0.175884629863127,61.87493845834913,7.946447603508526,-0.17588443896794648,61.87493878575104
1105,7.8327434393578335,-0.20067584852223244,62.06695181131331,9.788222926486192,-0.199015912253192,65.26342896844493,8.66519578085541,-0.15639963492180306,63.196874536135326,8.040799018637264,-0.13270558678495759,62.04788178753221,8.040798543577786,-0.13270521529985396,62.04788104411386
1107,7.9157464834862425,-0.20872342924122747,62.14796072244612,9.786222240649593,-0.2011385119093558,65.26727530524259,8.63427110734709,-0.18920906623230802,63.25632842663551,7.993792691388309,-0.18257629223552063,62.13825188108362,7.9937922818983775,-0.18257635503296296,62.13825241485634
1109,7.994514259975504,-0.2153542224550696,62.23028570413555,9.78986277048212,-0.2008842543452485,65.26645989352296,8.69054307407598,-0.1852787142593528,63.243723677657606,8.079327328329702,-0.17660248363183445,62.11909369570824,8.079327050521291,-0.17660212370330286,62.11909288747445
1111,8.067939552944246,-0.2203733507776716,62.30830770730936,9.791755529549986,-0.20280124689685383,65.2739410463383,8.719799620146631,-0.21491019713110535,63.35936176898747,8.123797904629084,-0.22164242821790628,62.294864179511336,8.123797717610554,-0.22164270391973737,62.294865620521946
1112,8.110770020168367,-0.22357069293503723,62.352005064487145,9.799148030916053,-0.20079113158041212,65.27586493935253,8.83406645506471,-0.18383961864338036,63.389099136918695,8.297485513170523,-0.17441455433371564,62.34006625120326,8.2974861073034,-0.1744146630955816,62.340067148623966
1114,8.18977907625968,-0.2281914238119555,62.42988592386211,9.807609201320822,-0.20280111650439483,65.27879813798714,8.96485054543522,-0.21490802005456408,63.43443731559402,8.496281614827268,-0.22163936463316636,62.40898206616158,8.4962811301128,-0.22163939471003571,62.40898229142431
1116,8.27032545534904,-0.23139177600388441,62.515235960483224,9.813740073237787,-0.20277637687737485,65.282135135672,9.059616845223667,-0.21452576968274426,63.48601775514199,8.640327104817903,-0.2210581044560586,62.48738518289949,8.640328228461199,-0.2210583647761229,62.48738582374547
1118,8.353846344631268,-0.2358522597933286,62.602214872836754,9.814419205696842,-0.20326127223116153,65.28758345183469,9.070113180757966,-0.22202069545428268,63.570232359887115,8.656283394422053,-0.23245077254248744,62.615393952599796,8.656282915732751,-0.23245083564537553,62.61539408701178
1120,8.441387924831453,-0.23934826592449918,62.690490782260525,9.81510428216698,-0.20451217952047698,65.29065003062959,9.080702566709993,-0.24135583494155274,63.61763285211003,8.672379339200965,-0.2618409728048206,62.68744354865855,8.672379041919866,-0.26184072155967536,62.687443996950634
1122,8.533443245571195,-0.23952249030117775,62.7779045701023,9.819559363709333,-0.20268107025461854,65.28575356852365,9.14956436134812,-0.21305228728880984,63.54194648957014,8.777051955495715,-0.21881886518304472,62.57240064891724,8.777050657534582,-0.2188186354230984,62.57239887085882
1124,8.617419991176678,-0.2353556636953824,62.855903685092606,9.821712912292275,-0.20270618888852843,65.29880939122175,9.182852377940357,-0.21344085594425263,63.74375301676109,8.827649809283885,-0.21940903016747917,62.879148596558295,8.827649258625788,-0.21940926930297577,62.87914973835621
1126,8.69376448122794,-0.23154703120236264,62.93316274881326,9.823964014895438,-0.20074083747794194,65.29638007799625,9.217648358056419,-0.18306205923719518,63.706201896776555,8.880539705188326,-0.17323288902866996,62.822071623062804,8.880540001232564,-0.17323275374062613,62.82207111562239
1128,8.765978607814855,-0.23071542719845467,63.01561743020975,9.82508371670851,-0.2041545848178259,65.30306035745869,9.23495566410876,-0.23582857608462146,63.80945883391075,8.906847218783769,-0.2534392471026573,62.979025501968735,8.906847530624688,-0.253439152627061,62.979024190837194
1129,8.800704750698168,-0.23043202201370958,63.05489355325668,9.82508696210596,-0.20383368931530763,65.30098063456545,9.235005310456238,-0.2308684417747728,63.777312868121825,8.906923469743182,-0.24589977302424265,62.93016219063887,8.906922994289658,-0.24589962690592337,62.93016153495805
1131,8.875511917751382,-0.22758062521462255,63.133018553256676,9.835761768559946,-0.2044954998891288,65.30689887346023,9.400007248018415,-0.24109827178727714,63.868792233009906,9.157729186620896,-0.2614490830862041,63.06921184508037,9.157729983491034,-0.261449219252445,63.06921241169693
1133,8.951655182521883,-0.22738862375264013,63.22053152322734,9.83796092148064,-0.2045405137655229,65.30984260246464,9.433999292924666,-0.24179371518992895,63.91429298027577,9.209398519191549,-0.262506688916074,63.13837507220102,9.209398724874886,-0.2625063102694116,63.13837466273936
1135,9.0287692877465,-0.23124353925232785,63.3120689988133,9.833961242796988,-0.20300876292570857,65.30862766171809,9.372176515123677,-0.2181177792780322,63.895514133011176,9.115425641663716,-0.22651803946246346,63.10982990969961,9.115426587375055,-0.2265183073991429,63.10983035463795
1137,9.111195358913484,-0.2376379702473158,63.40784460306132,9.83658279047872,-0.20310939553794766,65.31904363071428,9.412696946637837,-0.2196731829138465,64.0565147280153,9.177019184223957,-0.2288824134267777,63.354554212882235,9.177018636410098,-0.22888255904766946,63.35455520508038
1139,9.190844330471107,-0.23993662337307708,63.49460989236795,9.843304846512781,-0.20422662727799967,65.32330768519492,9.516600297122068,-0.23694230220969323,64.1224234925203,9.33495460813838,-0.2551318923929868,63.45473862797543,9.334954275760182,-0.25513204363398573,63.454738142515595
1141,9.265907082241116,-0.24162555078511003,63.580692350864076,9.843292430984572,-0.2029270961261608,65.32163231378723,9.516408262768213,-0.2168554424263522,64.09652654203298,9.334662903978092,-0.22459926929140928,63.41537559795221,9.334662378835667,-0.2245995244454064,63.41537414305482
1143,9.344327721279207,-0.24418750742917056,63.66709905862775,9.85034449199204,-0.20505439972274978,65.32718450094106,9.625412568587764,-0.24973680721555877,64.1823475186403,9.50035182996162,-0.27458049432427784,63.54582482767414,9.500351595317053,-0.27458000482919187,63.54582413092295
1145,9.41996363131339,-0.24149000982289226,63.74744421243635,9.85291891809111,-0.20515780669372516,65.32461927232933,9.665205355058477,-0.25133520374488816,64.14269656797433,9.560838245908297,-0.27701005214318775,63.48555450767394,9.560837606051876,-0.27700960672959357,63.485553714087665
1146,9.457776817958898,-0.23958540300374104,63.78556066751449,9.854001406741531,-0.20588328578857484,65.3302739223259,9.681937814549928,-0.2625491868818113,64.2301023604599,9.586271432275762,-0.2940552609015735,63.61841111282152,9.586271354582273,-0.2940551359462843,63.61841266093369
1148,9.533241066616124,-0.2350271079922203,63.85915762186015,9.865244561167456,-0.20578901408469277,65.33852483045172,9.855724459341644,-0.2610921367593426,64.35763532918142,9.850430545409635,-0.2918403371579589,63.812267079794516,9.850431314080899,-0.2918403840486337,63.81226589915343
1150,9.61039141146475,-0.23260978201870916,63.93522268533668,9.873005912453893,-0.2025877443716429,65.3352333313777,9.975691280573828,-0.21161001973379842,64.30676027721515,10.032784322194725,-0.21662616360256692,63.73493295777343,10.032783822674716,-0.2166263533902954,63.73493457324511
1152,9.680594238918369,-0.23199634591583995,64.0082436203953,9.867027553142,-0.2033181655044521,65.3340818492181,9.883283980874156,-0.22290041961101045,64.28896202993003,9.892322132136751,-0.23378748607023755,63.70787876154496,9.89232246227905,-0.23378803792515765,63.707880801146466
1154,9.743744644802153,-0.23156240920071727,64.08180624246565,9.876888915102597,-0.2043516736547816,65.34308924619945,10.03571174774547,-0.2388749658442135,64.42818810694763,10.124015883829527,-0.2580698703607315,63.91950851491331,10.124016403844298,-0.2580697397269807,63.91950785056791
1156,9.800895485561425,-0.23098770121578874,64.15404897928198,9.87292336781486,-0.2035345382459394,65.3424784642779,9.974415567877713,-0.22624467941235024,64.41874799564306,10.030844927091293,-0.2388711867233068,63.905158128482014,10.030844708109605,-0.23887139478916508,63.90515865001301
1158,9.861125740688383,-0.23038593272213873,64.23124319314923,9.87655564689944,-0.20241781535263167,65.34906664103077,10.030559999520912,-0.20898289186278338,64.52058132690604,10.116185711829173,-0.2126336631656603,64.05994804439699,10.11618562027645,-0.2126330546368913,64.05994780941175
1160,9.913846764247968,-0.22976723650936917,64.30363851785624,9.881247786979841,-0.2032123789517671,65.34520738064582,10.103086200697806,-0.2212646626252481,64.46092809527262,10.226428043774796,-0.23130201972510597,63.96927430978302,10.226427223642686,-0.23130164721529356,63.96927343526102
1161,9.942049774807034,-0.23125732282643396,64.34263235330548,9.878645943754206,-0.2025352175729265,65.34959706490343,10.062870233839751,-0.21079790457898714,64.52878074176634,10.165297459513432,-0.21539204086093755,64.07241040989334,10.165297968347183,-0.21539191845048586,64.07241112096257
1163,9.993250641506261,-0.2339485023403626,64.41878896951643,9.882085462412286,-0.20313399033088494,65.35896637629914,10.116034859778745,-0.2200533517684797,64.67360262468951,10.246109317458806,-0.22946027071165537,64.29254338105127,10.246109502810235,-0.22946042502444178,64.2925439325106
1165,10.047589096706451,-0.2361483458662508,64.49679952859844,9.88097057881202,-0.20299754533734,65.35885432159643,10.098802177457914,-0.21794409064328232,64.67186960276392,10.219915008287503,-0.2262544810265753,64.28991064385212,10.219915403318993,-0.22625429641731004,64.28990969670828
1167,10.103722366970128,-0.2340129200602042,64.57175832986793,9.890552090203073,-0.2026832168931798,65.36374564113504,10.246903875701197,-0.21308576410370159,64.74747663994741,10.44503364098245,-0.2188693006851362,64.40483271842542,10.445033614540064,-0.2188695210022322,64.40483424631414
1169,10.15534666506583,-0.2300017658854004,64.64327627420386,9.88617180037242,-0.20291602117928687,65.36452564625986,10.179196626002001,-0.21668415212441158,64.75953218191188,10.342118263936065,-0.2243390622326608,64.42315902207734,10.342116935529784,-0.22433915898822543,64.42315896557484
1171,10.205809387844145,-0.2284143004799359,64.71306997537579,9.890584105518869,-0.2036848676197578,65.37200221029246,10.247398931250542,-0.22856789869659974,64.87509708036345,10.44578584424384,-0.24240319140468622,64.59882169194032,10.445786111108609,-0.242402745042053,64.59882044365342
1173,10.255417618434977,-0.22954488138203433,64.77754598855938,9.890361158125335,-0.200605079966861,65.37150696685515,10.243952571553285,-0.18096349633434136,64.86744217535062,10.44054767143926,-0.17004325181745167,64.58718589452694,10.440547559900395,-0.17004288669366419,64.58718480041641
1175,10.300399574916902,-0.22892891208176466,64.8296700119969,9.889700132497174,-0.20149897963336966,65.36817956241346,10.233735137754756,-0.19478074894505013,64.81601133293023,10.42501680375937,-0.1910455198812178,64.50900817206063,10.42501681010294,-0.1910454493152141,64.50900865939572
1177,10.35312059847648,-0.2274926040554536,64.8883476853367,9.89399458329672,-0.202061357484407,65.37439768261902,10.3001151029168,-0.20347323841219864,64.91212429507067,10.525915383608929,-0.20425864750967168,64.65510356990313,10.525915984085735,-0.20425824635342252,64.6551027175251
1178,10.37309912173087,-0.2250115458155157,64.9120216965672,9.895192754559439,-0.2016117324864415,65.37393206406213,10.318635424460743,-0.19652360741990768,64.90492801481945,10.55406654529825,-0.19369466019739898,64.6441638122172,10.554067326755437,-0.19369463691350158,64.64416419516635
1180,10.409448418300677,-0.21946336666588834,64.95325094461408,9.888960541415553,-0.20296826782479802,65.37284150405954,10.222303846688353,-0.21749167022740631,64.88807149353144,10.407640032365718,-0.22556660274483428,64.61854098856905,10.407640967507342,-0.2255666062966026,64.61854186966451
1182,10.449934754055093,-0.2149524722481231,64.99789816141093,9.893478511962925,-0.20173209055220814,65.3757240418964,10.292137009358528,-0.19838364568297437,64.93262541353165,10.513790232545015,-0.1965224857974919,64.68626652267783,10.513789086338472,-0.1965219406618792,64.68626492005694
1184,10.478946480434484,-0.210219177999541,65.03027731180157,9.900064155959274,-0.20287911467957775,65.38184468913406,10.393931982469049,-0.21611345120337241,65.02723299168423,10.668520641075174,-0.2234719400832439,64.8300717827368,10.668519940405345,-0.22347167960067976,64.83007075762863
1186,10.512742790859301,-0.20774355868343752,65.06632620096168,9.905080521049774,-0.20050389000314872,65.37939423198786,10.471471062337251,-0.17939959869496344,64.98935671034513,10.786380674235168,-0.1676657828207928,64.77249803056816,10.786381242245273,-0.16766572395153753,64.77249788166637
1188,10.540519508998932,-0.20635579864029732,65.09011465311019,9.907883248308718,-0.2011240679981227,65.38505784181206,10.514792562613568,-0.18898566209167453,65.07689938911318,10.852231050297876,-0.18223693099960983,64.90556514782173,10.852230984451452,-0.18223677526368728,64.90556489901678
1190,10.57596949068839,-0.2034165594959724,65.12012869119611,9.908033157390035,-0.2025364946222902,65.38234052366515,10.517109309804699,-0.21081765935911886,65.03489819013228,10.855753180162115,-0.21542204527202755,64.84172146796149,10.855752496964172,-0.21542194620046487,64.84172204713948
1192,10.599361214321197,-0.19914630393032787,65.13513571023907,9.912918627301178,-0.20341307253889235,65.38567474089055,10.592624180263316,-0.2243673910832191,65.086435739042,10.970537817113643,-0.2360173369731209,64.92005925750797,10.97053695088927,-0.23601787051757986,64.92006038463927
1194,10.633823189418855,-0.1969190273666841,65.16537863016096,9.915711345531168,-0.20296385763199074,65.39576309316391,10.63579232510744,-0.21742359336257341,65.24237189097111,11.036153029972946,-0.22546298479416074,65.15708617082394,11.03615358907986,-0.22546312779353003,65.15708715748096
1195,10.654451164882731,-0.19627623597626476,65.18431478738752,9.916004261092574,-0.20258766924239197,65.39811785450608,10.640320321055738,-0.2116085850788094,65.2787690303023,11.043035112348827,-0.2166243984327983,65.21241153986422,11.043036253899965,-0.21662417267954948,65.21241170133828
1197,10.684594902675698,-0.19716787675862063,65.20842367410629,9.91158094499879,-0.20280514843909872,65.38511134340413,10.571948065585547,-0.21497007211789174,65.07772621306783,10.939108828658311,-0.221734095369332,64.90682217343749,10.939108749818846,-0.22173371536715572,64.90682169169285
1199,10.714852127712318,-0.1935008500004285,65.23171621561019,9.9106634918694,-0.20451177057638528,65.38482901461428,10.557766403670517,-0.24134968980423507,65.07336292999142,10.917553169470487,-0.2618313646197426,64.90018882838896,10.917552276123256,-0.2618313808003386,64.900189394475
1201,10.746659073513108,-0.1883726451778845,65.26181417703592,9.91788520601742,-0.20424896073750293,65.3996587859644,10.669393200479478,-0.23728744841360247,65.3025875648745,11.087228114097089,-0.25565661940749684,65.24861588892946,11.087227743184357,-0.25565667432327166,65.2486164576672
1203,10.769125733058987,-0.18573411146645674,65.28718191385234,9.918529133852036,-0.20378974499899274,65.39484328172192,10.67934688640583,-0.230189306986583,65.22815306022783,11.10235726729295,-0.24486729662258025,65.13547510283,11.102357589751787,-0.24486732538265418,65.13547418625544
1205,10.798528465908106,-0.18128531018738755,65.31531149148904,9.92156863702761,-0.2025268906852661,65.39569556792436,10.72632930592372,-0.21066922386629724,65.24132808771543,11.173770718786228,-0.21519639974669094,65.15549965811458,11.17377201893228,-0.21519632061330363,65.15550055094928
1207,10.82844809023672,-0.17821187118535006,65.34546285867657,9.922661498633307,-0.20106227930260495,65.39412104345818,10.74322064540312,-0.188030934725516,65.21699037402956,11.199447618844918,-0.18078519900418025,65.11850603774457,11.199447268938421,-0.18078556626728293,65.11850662964277
1209,10.852193627040943,-0.18040822783951402,65.37445455789528,9.920579601095108,-0.20238454691695396,65.38896232182664,10.711041112519135,-0.2084691188757026,65.13725208733278,11.15053321399975,-0.21185201771892395,64.9973013224601,11.150533590252087,-0.2118521071042348,64.99730247952206
1210,10.862394127529203,-0.1810773048782811,65.38999563455548,9.923063478323668,-0.20169156895167875,65.39717755897647,10.749433934562978,-0.19775763682716094,65.26423474120169,11.208892174570211,-0.19557042646849015,65.19031919604522,11.20889162074571,-0.19557039185790953,65.1903192256779
1212,10.879736694973035,-0.1833754513645639,65.41921621561013,9.924512225100738,-0.20402584255645884,65.40625648523489,10.771828044365412,-0.23383864613014135,65.40456796853485,11.24293063471123,-0.2504144339321513,65.40362953741212,11.24293121651274,-0.25041441032416095,65.40362917071462
1214,10.898069176357332,-0.18731361965184068,65.45526510477032,9.925741280037228,-0.20185487758739157,65.40392786459935,10.790825475404402,-0.20028204009420533,65.36857486209155,11.271807411611794,-0.19940738029325733,65.34891834706417,11.271807777308606,-0.1994075466955546,65.34891876674953
1216,10.918841156642975,-0.19115661422257196,65.49580770730937,9.928167513560762,-0.2021315780967,65.4040774428876,10.828327456281263,-0.20455869882795993,65.37088639851308,11.328812027180762,-0.2059084882896096,65.35243270490977,11.32881170739439,-0.2059081727894183,65.35243235876476
1218,10.935287270229404,-0.19568622449879491,65.5434990525242,9.919067889235805,-0.20233789149377887,65.39972555637192,10.687674443486042,-0.20774813767392206,65.30361887116152,11.115015382531885,-0.21075584357224517,65.25018466677989,11.11501568061756,-0.2107561980066751,65.25018406850023
1220,10.950944695156164,-0.19830583373551292,65.59202963113749,9.930317443052026,-0.2029611469131835,65.4157868372504,10.8615597227569,-0.21738129807684278,65.5518787351774,11.379324850023709,-0.2253992961664905,65.62754617511868,11.379325566941954,-0.22539883792258525,65.62754514651726
1222,10.970884117763594,-0.1991501633310758,65.6406670212742,9.923417935168844,-0.2028604691649487,65.41460115612286,10.75491376201117,-0.21582535797350919,65.53355320113133,11.217220175976108,-0.22303386172713982,65.59968847048826,11.217221092774523,-0.2230337708302808,65.59968988561849
1224,10.98960665194327,-0.19751146773343017,65.69018942117658,9.923669197203317,-0.20436049561414735,65.41048702948703,10.758796889759376,-0.23901142836301933,65.46995983674361,11.223123604291347,-0.25827714323753065,65.50302662610999,11.223123542125123,-0.258277166100187,65.5030264131107
1226,11.00495699374015,-0.19447604159360163,65.73244863748516,9.91770270254605,-0.20064520378661507,65.41216625345068,10.666572432693117,-0.1815839072548315,65.49591610257461,11.082940175560065,-0.17098596524468518,65.54248017234694,11.08294010701362,-0.17098592649874012,65.54248057334766
1227,11.014182839077058,-0.19253819028382044,65.7533760666844,9.921176185741182,-0.20257095478197598,65.4139644176183,10.72026179490379,-0.21135057095699136,65.52371051669088,11.164550033928244,-0.2162316904015169,65.58472823136962,11.164549253470623,-0.21623198489060164,65.5847287640302
1229,11.030002388637593,-0.1842888031387799,65.78657156228985,9.92281722028073,-0.20313484050457062,65.4117424192394,10.745628118140914,-0.22006633915336546,65.48936440974843,11.203106315570151,-0.22948024563313288,65.53252214232018,11.203106686505702,-0.2294801661677818,65.53252183967348
1231,11.047881874721595,-0.17681046167854778,65.82002645730938,9.92669449619603,-0.20208187010277273,65.41373009339942,10.805558818091944,-0.20379057412063203,65.52008953532099,11.294203326992404,-0.20474059366733077,65.57922275883918,11.294202819299809,-0.2047406044079652,65.57922478359973
1233,11.055640015285547,-0.17154282669071905,65.84621053934057,9.92825595358902,-0.20130889874292365,65.4183860555332,10.829694200245845,-0.19184311296598008,65.59205536516455,11.330889935083215,-0.18657954907429428,65.6886150860683,11.330889191718697,-0.18658017062718324,65.6886146088049
1235,11.06129625765616,-0.1689301613951206,65.87147909402813,9.929050779431778,-0.20100447802827232,65.42271116509023,10.841979831219788,-0.1871372299665621,65.65890958206394,11.349564453084556,-0.17942715189504246,65.7902339966969,11.349563651913158,-0.17942711312946022,65.79023465705208
1237,11.07728842226798,-0.16795215348248596,65.90256124734844,9.931838038340045,-0.20141007170033,65.42298473484888,10.885062876428947,-0.1934065207043751,65.66313782583768,11.415051398597337,-0.1889566185059806,65.79666154737228,11.415050936572854,-0.18895658870780868,65.79666169122012
1239,11.096127304714273,-0.16910440067295623,65.9326363205906,9.932779384321739,-0.20306836636155645,65.43025314499117,10.899614160957363,-0.21903919237754496,65.77548681352935,11.437168422899974,-0.2279184285487329,65.96743361936751,11.43716924570004,-0.2279188778937313,65.96743490612343
1241,11.11515787569814,-0.17471853236203172,65.96541219949688,9.938818042274242,-0.20249014997413717,65.4308423501945,10.992953850915912,-0.21010145854539305,65.78459346593172,11.579047335954298,-0.21433317281765848,65.98127705850133,11.579047862141572,-0.21433330340991308,65.9812772409741
1243,11.134868416469631,-0.17888641695027097,66.00384145975079,9.939817237577495,-0.20071908030351812,65.42786645589118,11.008398936489568,-0.18272576581738328,65.73859528286111,11.60252353624079,-0.17272170189360378,65.91135810425013,11.602524770764091,-0.17272157950014505,65.91135887531655
1244,11.144075188320212,-0.17872569302563668,66.02023702859849,9.936985561323226,-0.20192410836312166,65.43024444605702,10.964628817572965,-0.20135224250106895,65.77535163032972,11.535993000443343,-0.20103396475751256,65.96722923698145,11.535993117229282,-0.20103428058406053,65.96722942434674
1246,11.165275368373944,-0.17889288405422848,66.05690389871562,9.938516043187327,-0.2015660549265125,65.43890936615837,10.988284766539563,-0.1958177525577471,65.90928485598837,11.571951835177165,-0.19262146105204722,66.17081245950394,11.571950739452827,-0.19262172022290253,66.1708112099777
1248,11.188080582302153,-0.17708075384144578,66.09491354227026,9.94454575818193,-0.20123327565368476,65.44619277809812,11.081487391181016,-0.1906735050407273,66.02186500519359,11.71362063248118,-0.18480277652194663,66.34193700033198,11.713621013252975,-0.18480233791435116,66.34193579604724
1250,11.20780352083976,-0.17470577696805023,66.12811666727032,9.935062581179913,-0.20268867293958492,65.43379094628402,10.934904924634344,-0.21316999560285452,65.83016975575211,11.49081237675111,-0.21899749107770694,66.05055463830604,11.490812071446285,-0.21899755494541243,66.05055431855092
1252,11.230954918544828,-0.1712795976782309,66.16560751199682,9.939695212105317,-0.20273459425392884,65.44830147896899,11.006511773732255,-0.2138796304751249,66.05446049269607,11.599656534749114,-0.22007641725905153,66.39148115233868,11.599656237119653,-0.22007621734402438,66.3914817359485
1254,11.250630173366623,-0.16659297386650787,66.19495779275859,9.94665240053571,-0.2008055886314907,65.44634911155107,11.114049963374196,-0.18406311664811523,66.02428302167621,11.763116419409249,-0.17475422429169854,66.3456100714934,11.76311692107737,-0.17475438554059194,66.34561124036507
1256,11.266723427455965,-0.1677714321995232,66.22431570291482,9.940899498973355,-0.20316795030068965,65.42907268476846,11.025126630131503,-0.22057786842663638,65.75723928952873,11.62795138323809,-0.23025816382650752,65.93969858045335,11.627951275086417,-0.23025770320045513,65.9396982224057
1258,11.28578451601798,-0.16937643627171348,66.25400167703592,9.940345820281456,-0.20284350991157737,65.43772962659386,11.016569314815268,-0.21556344962372573,65.89105047285256,11.61494264328199,-0.22263540225924758,66.14309435253116,11.614943946070643,-0.22263566371938015,66.14309450069652
1260,11.300463471096105,-0.17247557977681022,66.2753563523289,9.945280879896742,-0.20177023731534777,65.4347414770856,11.092850935175417,-0.19897361710465009,65.84486275860618,11.730892395624695,-0.19741874806857265,66.0728874609319,11.730893878638685,-0.1974187116827018,66.07288804300654
1261,11.30928305117421,-0.17361380497460377,66.28823477029763,9.944917916459318,-0.202291168093484,65.43910045211918,11.087239437881623,-0.20702588121887808,65.91223939154645,11.722364530926031,-0.20965807229588213,66.17530204454633,11.722364265217404,-0.20965835049289924,66.17530217644
1263,11.326354775112211,-0.17702146212105807,66.31265646219222,9.946143617715395,-0.20383845442845955,65.43676409053508,11.10618543387496,-0.2309418051714975,65.87612526288746,11.7511625127474,-0.2460117298662915,66.12040897978568,11.751162643483234,-0.24601114106704147,66.12040781574088
1265,11.344120773952554,-0.17989659646992662,66.34009176492657,9.94821259089055,-0.20278909435872602,65.43888360154767,11.138165692510437,-0.21472255110996794,65.90888712083192,11.799773258303523,-0.22135690303764502,66.1702071172259,11.79977342042773,-0.22135747736850758,66.17020664279161
1267,11.362232956569732,-0.18491037527565604,66.37089163064921,9.945114071652023,-0.20324802682137116,65.44891000324499,11.090270916669704,-0.22181597440448894,66.06386586516882,11.726973218112837,-0.23213957022588053,66.40577849514642,11.726972187275166,-0.23213965463208855,66.4057781326276
1269,11.38555410830313,-0.18992951849942108,66.39999014139141,9.945332687585973,-0.20324535245793143,65.44834436890547,11.093650877243908,-0.2217745967811102,66.05512358509245,11.73210962281218,-0.2320767357714495,66.3924888559734,11.732109810188934,-0.23207675963041002,66.39248965264302
1271,11.403258118312902,-0.19199009577279036,66.43615347146957,9.942245641196907,-0.20335802371410563,65.44365560809896,11.045934763022576,-0.22351601206355995,65.9826480165609,11.659579138443982,-0.23472395895981268,66.28232592042866,11.659580147076756,-0.23472375354086578,66.2823250121387
1273,11.424252304714258,-0.18862302938942804,66.4742622971531,9.953354137260144,-0.20289067906339045,65.45094913919034,11.217638929691907,-0.21629212884865942,66.09538523496832,11.920574438975466,-0.2237436465151023,66.45368821180395,11.92057468878896,-0.22374327400080696,66.45368834724529
1275,11.450183663051664,-0.18180476466660214,66.50945669412579,9.950749415466595,-0.20171086589437204,65.44620833909606,11.17737762178462,-0.19805605831627823,66.02210712390165,11.859376222453756,-0.19602381019648554,66.34230260763914,11.859376513987339,-0.19602399983551463,66.34230382241768
1276,11.461382660549237,-0.1787066195393039,66.52685934305157,9.944799003242363,-0.20320631621863264,65.452359241764,11.085402250811699,-0.22117115422067443,66.11718134878265,11.719570652202966,-0.23115957516308194,66.48681872226157,11.71957169584267,-0.23115951214850194,66.48681897445384
1278,11.4860561224633,-0.17312506178860443,66.55608755350079,9.951509994913184,-0.2009160089850844,65.4520476129241,11.189134112168528,-0.18576954170235946,66.11236438133501,11.877246117722274,-0.1773485622837113,66.4794969694106,11.877246667516001,-0.17734819344658403,66.47949706587221
1280,11.506457123439848,-0.1696621809387655,66.58661276102029,9.94916670345059,-0.2001564259406523,65.45170331803237,11.152912471649804,-0.1740288828888907,66.1070429733497,11.822190234726866,-0.15950207759023016,66.47140772418538,11.822188886155026,-0.15950210429301234,66.47140839530975
1282,11.52569845644767,-0.16505372861866943,66.61471182107888,9.949416785078697,-0.2016044935041549,65.45116655037818,11.156779297115799,-0.19641165902470578,66.09874543083859,11.828065929268556,-0.19352457953601404,66.45879631086476,11.828066555637108,-0.19352447260900102,66.45879592732466
1284,11.544835838955004,-0.16194239596371166,66.64099508523906,9.949293698939222,-0.2035052363506827,65.45167878893614,11.154876120530274,-0.22579165209287352,66.10666327837518,11.825174007285542,-0.2381827355670815,66.47083141045145,11.825173680581294,-0.23818278216010969,66.47083124964236
1286,11.564229759853426,-0.1574689630651939,66.66986471414535,9.951177461317902,-0.20131700569739516,65.45482096817265,11.183993910218819,-0.19196807007214464,66.15523268199934,11.869433205412347,-0.18677002283479627,66.54465724695436,11.869433434568915,-0.18677010849118342,66.54465793356047
1288,11.584812912624438,-0.15556028822903514,66.69641500711407,9.949156475113917,-0.20032501041857037,65.45765464246566,11.152755249314508,-0.17663469716990973,66.19903210505859,11.821949918865128,-0.16346298789066038,66.61123472688499,11.821949904351943,-0.1634630058672381,66.61123413011035
1290,11.606879028957414,-0.15264948050026564,66.72373586893049,9.951397193815826,-0.20007539012440792,65.46230331912079,11.187390526190512,-0.17277639060163794,66.27088711496195,11.874595843901448,-0.15759813243922904,66.72045588101564,11.874596374095084,-0.15759828531849007,66.72045550629029
1292,11.62905195681388,-0.15478110651020938,66.74938589334451,9.954011964542099,-0.20067996351706174,65.46905968197359,11.227806970452368,-0.18212103005333177,66.37532141765668,11.936030161169901,-0.17180264882117263,66.8791973472977,11.936030359957954,-0.17180236631704532,66.87919820601367
1293,11.640344414394445,-0.15680685976986694,66.76144033670388,9.956625060457306,-0.20063279539745782,65.46671668015749,11.268197308054507,-0.18139196936061494,66.33910446983235,11.997425128573658,-0.17069442881718205,66.82414826957732,11.997424663058197,-0.17069417619523858,66.8241475576632
1295,11.661693367641508,-0.16244346241001859,66.78411489725079,9.959593430560894,-0.200596552581849,65.47078691278743,11.31407986927701,-0.1808319859513969,66.40201916867701,12.067167300949135,-0.1698428999965314,66.91977881960291,12.067167280672777,-0.16984298768834136,66.91977944191179
1297,11.681446823757254,-0.1679493818665004,66.80532461404766,9.960104065608428,-0.2015879950717994,65.46934819150141,11.321973312941205,-0.19615709445204918,66.37978073116842,12.079164725887159,-0.19313694710706836,66.88597590944416,12.079165508506321,-0.19313752821932512,66.88597647184685
1299,11.69501856295401,-0.17350602487568675,66.82264333963357,9.966972641515017,-0.20419027083337218,65.47587780694435,11.4281408159916,-0.23638053502497455,66.48070944846023,12.240542649843574,-0.2542776938464158,67.03938992113248,12.240542715250111,-0.25427814374460816,67.03939059583783
1301,11.706657204311435,-0.17593777517323217,66.8366890549656,9.962964816763122,-0.19960390889163793,65.47427051400275,11.366192260426025,-0.16548873217591972,66.45586530573475,12.146378379573006,-0.14652063055767484,67.00162640193544,12.146379392465366,-0.146520865894893,67.00162688997881
1303,11.722963127773358,-0.17691904644017442,66.85362631082496,9.958506800903,-0.20042328607141835,65.47418579805776,11.297283100035695,-0.17815360460632765,66.45455467749692,12.041636821169172,-0.1657719848425402,66.9996359917669,12.04163577974639,-0.16577178239818036,66.99963470293451
1305,11.740654740016998,-0.17453401128296603,66.87163168191873,9.95845533990423,-0.1980733156942981,65.46433139175804,11.296488515854227,-0.14183005248019717,66.30223566464919,12.040427739511008,-0.11055918003754896,66.76810566406856,12.040427992315735,-0.11055909289614946,66.76810607015062
1307,11.760396752040911,-0.17048338393215906,66.89931112527813,9.966333978102982,-0.20132545410695465,65.46791385562017,11.41826923517284,-0.19209887196787798,66.35761076906506,12.22553718481811,-0.18696851911903134,66.85227603483872,12.225537670458571,-0.18696893057858072,66.85227758607616
1309,11.771500382106856,-0.16600746253971793,66.91904073953593,9.963284583385933,-0.19849149003420852,65.4706918423392,11.371134008260405,-0.1482938670805378,66.40054973119115,12.153891330502235,-0.12038423078232645,66.91754512927574,12.153890970293148,-0.12038424951321293,66.91754586091817
1310,11.778869423549729,-0.16443051735405795,66.93372732400859,9.962471815992531,-0.19902565791408447,65.4639489951274,11.358570170694405,-0.1565505851747395,66.29632418077074,12.134795273853731,-0.1329345621277065,66.75912121442124,12.13479362926007,-0.13293466338402515,66.75912046976816
1312,11.785156998317788,-0.1613694165134883,66.95164114236793,9.962428097189793,-0.20156267046663942,65.47874473384378,11.357895917536519,-0.1957653251145017,66.52502364797567,12.133768095917604,-0.19254194280613143,67.10674867460003,12.133768747934507,-0.19254202922420166,67.10674926521799
1314,11.790883812587802,-0.15824914316182087,66.9740334153172,9.965774335624653,-0.20130962669642918,65.47009092411973,11.409618558620956,-0.19185350378672703,66.39126026308318,12.212388325063356,-0.18659665241959567,66.90342649157785,12.212388430076377,-0.1865959649293919,66.9034256417143
1316,11.79479673830801,-0.15636995772366644,66.9953804612156,9.966142435411493,-0.202113671826102,65.47171259341714,11.4153083152753,-0.2042822274016398,66.41632788086861,12.22103686883966,-0.20548777855090883,66.94152778478883,12.221036999643793,-0.20548792944524888,66.94152903514168
1318,11.795291695278227,-0.15820733050351046,67.01416403055157,9.97012630372231,-0.20259622427273624,65.47393113200599,11.476886993992363,-0.21174100590253617,66.45061945915717,12.314638279970433,-0.2168253997837507,66.9936525857016,12.31463810055332,-0.21682545557717584,66.99365307460806
1320,11.790627274196687,-0.16351458767895613,67.03026205301248,9.969550978702529,-0.2029497000657011,65.4692998285588,11.467994347299568,-0.2172045316737443,66.37903256110856,12.301120957230568,-0.22513035126325573,66.88483961694611,12.301121059626386,-0.2251301486574281,66.88483923501863
1322,11.784828934352952,-0.16781427303795016,67.05016714334454,9.969407176778164,-0.20219274286720995,65.4787946696049,11.465771173745692,-0.20550431781983122,66.52579497558045,12.297742315670723,-0.20734556110039418,67.10792192063657,12.29774178133573,-0.2073455368336648,67.10792170208207
1324,11.777601513546031,-0.17356597969775256,67.06880575418431,9.969720063468344,-0.20069949220837413,65.4723618094706,11.470607735547883,-0.18242305561877312,66.42636282499133,12.30509362184854,-0.1722614775077066,66.95678118525078,12.305093473816537,-0.1722614525789969,66.9567823961592
1325,11.773756537120844,-0.17694377119188937,67.07720190286591,9.965121212521284,-0.19984451089509628,65.4584762273271,11.399522849137737,-0.1692076416242103,66.21173076735131,12.197043128046799,-0.15217360030655946,66.63053795088618,12.197042704221591,-0.1521736994047227,66.63053640803253
1327,11.758101019542737,-0.185287393280323,67.08850103616665,9.957993117208785,-0.19902818568486833,65.47432606335829,11.289344291870437,-0.15658963122183597,66.45672346845986,12.02956776795199,-0.13299395237204303,67.00293153997211,12.029568596759368,-0.132994014332609,67.00293131835406
1329,11.751807722728774,-0.18714418227320162,67.10489660501435,9.95910379838159,-0.196769607688297,65.47390268854225,11.306511275689505,-0.12167841030829638,66.45017918851066,12.055663340641681,-0.07992842130166569,66.99298430348584,12.055662832917697,-0.07992810288917854,66.99298385243458
1331,11.746533903759033,-0.1938390951836638,67.1185150742526,9.956590560966704,-0.1969301608635491,65.47136831846977,11.267664479574238,-0.12416039605043847,66.41100461400497,11.996614559360106,-0.08370063528883886,66.93343900815854,11.996614750708854,-0.08370078204934187,66.93343753903861
1333,11.748510870616938,-0.19376405293589286,67.13581091165496,9.957454501328746,-0.1970218570230904,65.47233923672214,11.281018190498427,-0.12557800300117747,66.42601306800309,12.016912930368091,-0.08585504634329938,66.9562508361168,12.016912718605742,-0.08585557935923291,66.95625075696474
1335,11.751884016674072,-0.19323583657389803,67.13818365335415,9.960842580779333,-0.19758882897951405,65.4751486906758,11.33338880976914,-0.1343412106316628,66.46943867929994,12.096516218643702,-0.099176112968098,67.02225925658965,12.096517343472343,-0.0991758697389766,67.02225875047381
1337,11.75687030283743,-0.1918582018697806,67.15195471048315,9.95850904174351,-0.1971182002466247,65.48235732195532,11.297318734747778,-0.12706660189060545,66.58086275949236,12.041689469956053,-0.08811864066222011,67.19162681782474,12.041689945382142,-0.08811828615590464,67.1916260833093
1339,11.76554110972219,-0.18961496616249982,67.15002447366673,9.956933190746371,-0.19778020618280576,65.47041842478107,11.272960513802152,-0.137299474071185,66.39632356397678,12.004664682599662,-0.10367254078367703,66.91112115456764,12.004664852538173,-0.1036725026724625,66.91112198317131
1341,11.775519404094764,-0.18690328265076342,67.155944883823,9.959486209777983,-0.19755197738123373,65.47672326410107,11.312422790615727,-0.1337717639973421,66.49377792017873,12.064648137211796,-0.09831028073360977,67.05925402725894,12.064648480493538,-0.09831029689798491,67.059254993151
1342,11.78091720072563,-0.18507526780014794,67.14714056253393,9.955135882223164,-0.1967211578008983,65.48053153557935,11.245179285127922,-0.12092954577075951,66.5526417469022,11.962436727033774,-0.07879008602654378,67.14872977206906,11.962436704050688,-0.07878981043786398,67.14872945249073
1344,11.791858706157749,-0.18253448570614678,67.15400701761209,9.961215170654643,-0.19725434729468141,65.48426831086597,11.339146799081835,-0.12917093841736402,66.61040112787055,12.105270257527822,-0.09131743008625687,67.23652570622592,12.105269628352794,-0.09131692925271015,67.23652512721334
1346,11.80510238138969,-0.1772088553989495,67.15472418069803,9.960369074267572,-0.1985555766621417,65.479581057319,11.326068781036279,-0.14928469302982214,66.53795099536612,12.08539113261608,-0.12188995294509695,67.12639818390474,12.085390720388506,-0.12189032924072496,67.12639915009366
1348,11.818702730815946,-0.17560996080284808,67.1604843735691,9.960515577156254,-0.1981716046013613,65.48848869131257,11.32833383653922,-0.1433493838619135,66.6756366255259,12.088833233620823,-0.11286848839863002,67.33568399522811,12.088833660268246,-0.11286851383433599,67.33568468253569
1350,11.830509218853061,-0.17691542173271702,67.1789856553074,9.973316741123481,-0.1986123301040035,65.47848281657926,11.526201713002731,-0.15016180283051736,66.52097528271551,12.389597947202164,-0.12322338111850563,67.10059490051745,12.389597682125757,-0.12322355763526117,67.10059565079935
1352,11.840302500408235,-0.17915798688774634,67.19543462991675,9.969213025184969,-0.20070719157683653,65.47891910258265,11.462770320836478,-0.18254233143905904,66.5277198458517,12.293180703268296,-0.17244237499142598,67.11084548672869,12.293180411364471,-0.17244275474921633,67.11084755207187
1354,11.855802569072788,-0.17844049597626516,67.20113378763162,9.976239103470451,-0.20217310474338102,65.48137438039582,11.571373248977855,-0.2052007732357106,66.56566958822881,12.458259162425867,-0.206884161285205,67.16853250098231,12.458259523937485,-0.2068841416260904,67.16853209061244
1356,11.874566588085179,-0.1776898201787947,67.20873647928207,9.966895003355415,-0.20057192864544723,65.49377453601116,11.426940677573263,-0.180451513685107,66.75733931765195,12.238718532997984,-0.16926435798284564,67.45987548053955,12.238718475439505,-0.16926466051841443,67.4598747770554
1358,11.897351298015643,-0.17744414473419132,67.21876150369619,9.968681373983962,-0.19863533124099794,65.49703491709123,11.454553004839415,-0.15051688614990774,66.80773549543841,12.280689501561538,-0.1237637952869272,67.53647848197146,12.280689889647032,-0.12376329298363169,67.53647820247346
1359,11.909179720562026,-0.17766559089069076,67.2269249558446,9.97153987490814,-0.20157555922734927,65.48679848015848,11.498737529993125,-0.1959642150081011,66.64951050566822,12.347850285841249,-0.19284476561452912,67.29597230377946,12.347851450819118,-0.1928443467371548,67.29597234001515
1361,11.930230173748068,-0.17878976429347795,67.25446707010244,9.974863056132302,-0.19880467057674622,65.48733285097195,11.550103143561097,-0.15313452689966087,66.65776995327397,12.425928783360886,-0.1277424410526386,67.3085274030712,12.425928442385409,-0.12774217108019353,67.30852690281044
1363,11.953834566753438,-0.17811214888934676,67.27298361062975,9.97572743460386,-0.19952299248695204,65.4871356418922,11.563464674331557,-0.1642377646784525,66.65472197930772,12.446237447798714,-0.14461949099398463,67.30389395469544,12.446238296640292,-0.1446193646382165,67.30389390767758
1365,11.975130114238794,-0.17671517992858723,67.29942709207508,9.973695109943353,-0.2025310254371047,65.49353271131132,11.53205035339399,-0.21073307276004713,66.75360111485328,12.398487763005503,-0.21529354618240915,67.45419378340864,12.398487758867436,-0.21529337249670477,67.45419261718011
1367,11.995709452312527,-0.1732607182348212,67.32596212625477,9.975138603323463,-0.20087253877012148,65.4962149928949,11.554362340658157,-0.1850983279994751,66.79506233861841,12.432402794024314,-0.17632722494391034,67.51721427547474,12.432402526363525,-0.1763279321671206,67.51721469349495
1369,12.016866717021975,-0.17108119989280307,67.34441763162587,9.979370599450213,-0.2000022610946974,65.49965931202856,11.619777721186477,-0.17164612185733127,66.84830108068748,12.531833994671233,-0.15587995808167265,67.59813892110586,12.531835508061619,-0.1558802491248778,67.59813888629226
1371,12.033545527141614,-0.1672814633930186,67.37355428934069,9.976238392731446,-0.20100055876478598,65.49270148411674,11.571361359471247,-0.18707684649171383,66.74075383303844,12.458242463537077,-0.1793350683811577,67.43466401176138,12.458241451596034,-0.17933532876772504,67.43466443394175
1373,12.052020105999038,-0.1626570817316062,67.39831167459462,9.963837716116082,-0.19898141809741415,65.4910535404978,11.379685014561817,-0.1558670937449986,66.71528164208696,12.166887243028734,-0.13189514291365664,67.39594540056187,12.166888709451761,-0.13189573965881946,67.39594607938609
1375,12.070659670513203,-0.1611240204656543,67.42021566629383,9.973003288022177,-0.19922116035723592,65.48981086931252,11.52135697441983,-0.15957217172049495,66.69607240279356,12.382233333134574,-0.13752791289404565,67.36674870844286,12.382233560737866,-0.13752754899100014,67.3667475648522
1376,12.077940020244647,-0.15919370914344702,67.44152456521957,9.96725684763473,-0.1991825750520691,65.48807570534619,11.432533231299898,-0.15897607975909353,66.6692530861734,12.24722010295737,-0.13662134703123374,67.32598084587303,12.24721929417441,-0.1366214745997834,67.32598154626284
1378,12.094249758403828,-0.1601542826974853,67.46866995096181,9.973591417938449,-0.20120619676380586,65.49383297428375,11.530448277962062,-0.19025519609951488,66.7582433762439,12.396051508284026,-0.18416655511431676,67.46124849399068,12.396052564944917,-0.1841664980711859,67.46124896827314
1380,12.108463320415549,-0.16466411913280432,67.50791555643056,9.97799975395199,-0.2014198621741991,65.49283996524373,11.598587225516201,-0.19355784920299965,66.74289384799532,12.49962583339048,-0.1891866467343981,67.43791764061933,12.499625435275387,-0.18918661173469636,67.4379173091268
1382,12.121723208110856,-0.16772119665984395,67.55048757791488,9.971152015176996,-0.19565552123151966,65.49898512351513,11.492741436517026,-0.10445834516490746,66.83787981684812,12.33873748006467,-0.05375284110166775,67.58229879003167,12.338737241774488,-0.05375318181688851,67.58229830983696
1384,12.132255587261234,-0.17562988365535534,67.5994759202001,9.97441348659884,-0.19712517198321602,65.50523009056796,11.543153622145448,-0.12717483223365053,66.93440883544966,12.41536609919307,-0.08828244235747429,67.72902495741621,12.415364999504671,-0.08828279892999943,67.72902478398454
1386,12.146661791484862,-0.18346105481033295,67.64953237771964,9.977508003850366,-0.19736174583066823,65.50055441803481,11.59098568338698,-0.1308310750925736,66.86213588062843,12.488072112272066,-0.09384077015109998,67.61916953225078,12.488070904929351,-0.09384037768806686,67.61916812128584
1388,12.161607775371598,-0.1896883692825322,67.71188741922353,9.97355084707052,-0.19637128894249206,65.51404567654957,11.529821167244377,-0.11552205119281209,67.0706721411518,12.395098291412195,-0.07056987985943419,67.93614809087504,12.395099341283895,-0.07057028614466174,67.93614834839057
1390,12.179947886150412,-0.19007919693831585,67.77252584695789,9.974692441889196,-0.19670997371478874,65.51528034130672,11.547467061851428,-0.12075682606426327,67.08975691945804,12.421920183510762,-0.07852731472980676,67.96515667111063,12.421921533577798,-0.07852727225072456,67.9651576791735
1391,12.189004931133324,-0.18901252711658154,67.80251699686022,9.976205321374254,-0.19903459317530817,65.51415200065799,11.57085011011902,-0.15668852932029284,67.0723146442526,12.457465448470389,-0.13314449704375003,67.93864618714927,12.457464340050208,-0.1331443418662015,67.93864499336064
1393,12.203878435772001,-0.18485665286426398,67.86133199930165,9.977452620490443,-0.19604349924681594,65.51628377840375,11.590130016194989,-0.11045510166589653,67.10526689543467,12.48677087432002,-0.06286842597701062,67.98873253279442,12.486770269825591,-0.06286839867560012,67.98873322279896
1395,12.226410898845721,-0.18316385115032124,67.92605978250478,9.97962726135503,-0.19530669967478656,65.51681221583814,11.623744206210578,-0.09906628995125108,67.11343414084133,12.537864293516472,-0.04555724139913908,68.0011482267118,12.537864662514622,-0.04555712573581902,68.0011476359918
1397,12.243252787273445,-0.18071500922088551,67.98655325174306,9.976839958846913,-0.19592328190501188,65.52656403344086,11.5806600156514,-0.10859689456613572,67.26416892471265,12.472376323620578,-0.06004390670143722,68.2302682220252,12.472375636894824,-0.06004387834032826,68.23026820190296
1399,12.254708323162133,-0.18039944733028,68.0457726120946,9.980750308256024,-0.19446514205316456,65.53069658458347,11.641103200549898,-0.08605860868016887,67.32804603457072,12.564250400309616,-0.02578475526605531,68.32736295215662,12.564250759369806,-0.025785131392650318,68.32736297448011
1401,12.26469424692922,-0.1850578483427049,68.10532003641106,9.978444744466984,-0.19457225714840318,65.52800965549105,11.605465305764215,-0.087714398257936,67.28651406924719,12.510080933030752,-0.02830143586026987,68.26423326637479,12.510080285830337,-0.028301972133349507,68.26423336926268
1403,12.274776491802267,-0.19209599460009893,68.16525655984853,9.987042292131981,-0.19642502371651857,65.53496464853438,11.738359272931046,-0.1163521788111321,67.3940176894251,12.712081232971054,-0.07183238410989273,68.42764157018169,12.712082373082069,-0.07183210047048016,68.4276415067878
1405,12.28441146342093,-0.19438031280880194,68.22640615701646,9.98047756644973,-0.19476523390459424,65.54651499973514,11.636888322607094,-0.09069725356651889,67.57255314062955,12.557842302463074,-0.03283544534192742,68.69901830432498,12.5578440415924,-0.03283598531054083,68.69901976842442
1407,12.29560664622119,-0.19411323929672028,68.28542715311026,9.979367275329485,-0.2000105390361624,65.54426557345141,11.619725053382131,-0.17177457082284683,67.53778291234156,12.53175589409994,-0.15607444919983463,68.64616779372469,12.531755451708154,-0.15607549470067505,68.64616816922745
1408,12.300368342083026,-0.19120304251556436,68.31504446268053,9.976614526004095,-0.20005841291488866,65.55054001996055,11.577176885908651,-0.17251415736368345,67.63476801346533,12.46707975491981,-0.15719925108972488,68.79358658408108,12.467081194316247,-0.15719968436960663,68.79358789998716
1410,12.306344065349647,-0.18466620112304247,68.37249380350084,9.973801868474487,-0.19640137336783003,65.55731676350979,11.5337011231393,-0.11598659870898317,67.73951630441258,12.400996066088036,-0.07127671664343288,68.95280689700087,12.400996969339769,-0.07127640975504629,68.95280786955004
1412,12.309485468547908,-0.17953364516143389,68.43021017312977,9.974430819653728,-0.19725098020428242,65.55516379713622,11.543422114841439,-0.12911947358131923,67.70623637714438,12.415773341167474,-0.09123831993798834,68.9022227222841,12.415773114983185,-0.09123870144054722,68.90222156442965
1414,12.310443911235872,-0.1782256957376444,68.49099355936023,9.976941933553105,-0.19517299148361417,65.55172679763474,11.582235996588636,-0.09699961918059016,67.65311051074347,12.474772230225534,-0.042415753177880516,68.82147005219203,12.47477116654585,-0.04241573551144889,68.82146894541448
1416,12.308188471477571,-0.1788109388435352,68.55265432596185,9.98245594326291,-0.19588991239854334,65.56471890254547,11.667466543225308,-0.10808114618229456,67.85393081411236,12.604324476825914,-0.05925988658568404,69.12672094361824,12.604323686387477,-0.059259928156180086,69.1267207285305
1418,12.303737673442912,-0.18435245717410734,68.61967855691887,9.980744480820345,-0.1981889019719674,65.55860234627826,11.641013726071845,-0.14361649443508503,67.75938755979205,12.564113484086418,-0.11327489196703779,68.98301180134675,12.564114755970195,-0.11327452845229015,68.9830126647604
1420,12.294501337688496,-0.1903332170331881,68.68980032205556,9.981996699632436,-0.19866145981309005,65.56063905945997,11.66036913544872,-0.15092109797129757,67.79086937497723,12.593534498716357,-0.12437768887673606,69.03086459491377,12.593535452613498,-0.12437770485915396,69.03086579544387
1422,12.282732996624018,-0.19304098153953572,68.76068502664539,9.980695920867321,-0.1994972473221402,65.56451364137652,11.640262327512023,-0.1638401997512586,67.85075821355281,12.562972562807692,-0.1440146055991436,69.12189831054796,12.562972611742897,-0.14401505620478378,69.1218982979213
1424,12.277321848552743,-0.19109615648632688,68.83666616678208,9.976045269454097,-0.19948655721256534,65.57497819657378,11.568376619574446,-0.16367503752962606,68.0125087476664,12.453705011525189,-0.1437634403338079,69.36776415171056,12.45370457379856,-0.14376400557986696,69.36776307419072
1425,12.273053202312532,-0.1898582723224611,68.8715248703954,9.975984658398383,-0.20128414779826034,65.57259753185039,11.567440843378249,-0.1914601656645147,67.97571222923747,12.45228094830261,-0.18599802298794882,69.31183017996403,12.452282171044981,-0.18599808134312784,69.31183146431628
1427,12.266226801555687,-0.18719984556083788,68.94099813699695,9.975706047616137,-0.1998207173880854,65.56851698225623,11.563133043608326,-0.16883996001014442,67.91263860067286,12.445734958239727,-0.15161456932003814,69.21595723176284,12.445734209812894,-0.15161481433966817,69.2159580029981
1429,12.258540186565455,-0.18678677047138334,69.01015859842276,9.978226122682507,-0.19738554456938875,65.5777883994374,11.602086819422906,-0.13119907860965305,68.05594739429893,12.504944390872636,-0.09439992405719788,69.4337901679026,12.504944903786704,-0.09439975205359169,69.43379088172952
1431,12.251598391216321,-0.18979947234038513,69.07632833719225,9.969982318162598,-0.19906237337406452,65.58163504594144,11.474661084753235,-0.15711808506051958,68.11540444440404,12.311255323878504,-0.13379719577830082,69.52416753803854,12.311254663954035,-0.13379727711952139,69.52416705514894
1433,12.245082888286653,-0.19276224041823903,69.14165121316887,9.972609035569873,-0.20039259190719236,65.5843759479346,11.515263492036377,-0.17767920644915144,68.15777159820327,12.372970329692082,-0.1650508221782947,69.58856532288391,12.372971318167114,-0.16505068557203426,69.58856616731944
1435,12.237417254131357,-0.19914892280941363,69.20999532937975,9.97386965770559,-0.20038788342164326,65.58655655465174,11.53474876045347,-0.17760621427613452,68.1914769472121,12.402588781307413,-0.16494019580781774,69.63979891042237,12.402589403734321,-0.16493973568005044,69.63979912391244
1437,12.230130228679721,-0.2052071389043749,69.27627187967278,9.970204342706278,-0.20082499100738388,65.58677746566768,11.478092558505196,-0.18436276696954798,68.19489139657283,12.316471814227272,-0.17521008518397752,69.64498923831823,12.316470588160552,-0.17520986137343453,69.64498917062703
1439,12.226741823833509,-0.208308502682498,69.34034353494616,9.966719684310382,-0.2038548090772947,65.58755228908649,11.424230036607042,-0.23119499129060903,68.20686717084915,12.234599393324471,-0.2463959840860812,69.66319379723421,12.23459823473453,-0.2463959901735437,69.6631926410467
1440,12.224585566204125,-0.20949228073005108,69.37205129861805,9.966442770581017,-0.204107461567028,65.58148697334695,11.41995019826195,-0.23510020180674515,68.11311698528763,12.228093275700138,-0.25233208129605295,69.52068855662863,12.228092775553499,-0.2523320058726355,69.52069006122764
1442,12.220051798503917,-0.20801344478969047,69.4365883469579,9.967392915522497,-0.20402740397003094,65.58276558241025,11.434637557944393,-0.23386248454911482,68.13288037075849,12.250417032501984,-0.25045111951066573,69.55072961302689,12.250417922249934,-0.25045064530526717,69.55073089153305
1444,12.212318453472196,-0.20809632504824838,69.50075155496572,9.961350124278974,-0.2009350460586055,65.58289902888833,11.341233150162,-0.18606408113412118,68.13494160933125,12.108441007334042,-0.17779584035777177,69.55386495227143,12.108440933129963,-0.17779590060186154,69.55386402468348
1446,12.199827227275879,-0.2082921859109868,69.56058889627433,9.966418366101351,-0.2046017613746404,65.599844773123,11.41957319428828,-0.24274070434931436,68.39687374486884,12.227519889845892,-0.2639457080287832,69.95200702155566,12.227519720273364,-0.2639457570018616,69.9520072905134
1448,12.183789286296886,-0.21151405537967913,69.61787039041492,9.961325851133296,-0.2048082409312985,65.60227749613453,11.340857144855185,-0.24593197261602026,68.43447599078445,12.107870707185862,-0.26879696724846586,70.00916410833794,12.10786939584792,-0.26879656298348703,70.00916362591553
1450,12.1661062571221,-0.2156851735198926,69.68102651834465,9.960722225716827,-0.20490546779212343,65.59338663525487,11.331526863775453,-0.24743554507551344,68.29705044122471,12.093688463605544,-0.2710813227198342,69.80027238311584,12.093687139926661,-0.27108202997365183,69.80027342235996
1452,12.146530184429226,-0.21832312608603988,69.7422752976415,9.960940642468223,-0.2063536417999508,65.60241785123546,11.334904217791442,-0.2698194532266598,68.43664566335968,12.09882018848955,-0.30510632558638856,70.01246176641322,12.098820800808056,-0.3051061189806891,70.01246158140736
1454,12.12447551218801,-0.21867500210647606,69.80190664529778,9.958865349210415,-0.20675102886489072,65.60206051612184,11.30282601800473,-0.27596184944471114,68.43112276202082,12.05006095191702,-0.3144429770872653,70.00406613978299,12.050061150913198,-0.31444271177888483,70.00406663600901
1456,12.103932413738306,-0.2160142358625362,69.8640785813329,9.959779396854637,-0.20588548412099425,65.60637306075203,11.316954754392542,-0.2625833866889482,68.49778259207291,12.071536598867416,-0.29410691095637886,70.10538983611463,12.07153717651024,-0.2941071204913509,70.105391211484
1457,12.093370470684095,-0.21325680578593886,69.8960304856298,9.95598242728585,-0.20417636575503104,65.60497812017283,11.258264583960004,-0.23616566574653716,68.4762199811907,11.982326393626915,-0.25395099254680675,70.07261555833497,11.98232667898894,-0.2539515371750553,70.0726155144553
1459,12.075597796123565,-0.20939324761275832,69.9588280320165,9.956180225572256,-0.2053548797581363,65.60487506809123,11.26132194694453,-0.25438166609075274,68.4746269400755,11.986973685475549,-0.28164030482364383,70.0701943386798,11.98697394565971,-0.28164030416242664,70.07019405291561
1461,12.060769114177743,-0.20381127262955662,70.02058798074694,9.957045232945095,-0.20465710524546557,65.61407313280422,11.274691326556123,-0.24359600380115906,68.61680163442058,12.007297126016097,-0.2652460181802531,70.28630385075138,12.00729573034548,-0.26524583313158534,70.28630307294384
1463,12.048852953594245,-0.1997411694610611,70.08181387186023,9.948020482755318,-0.2039536494640466,65.61628170549628,11.135195370678536,-0.2327228086716526,68.65094070874771,11.795259657164005,-0.24871824952130336,70.33819450185521,11.795258458442284,-0.24871831003869482,70.33819530265103
1465,12.039501223247582,-0.19725616241339836,70.13497549295403,9.956825112991732,-0.2040621262211841,65.60808730704825,11.271290172849174,-0.2343996382557156,68.52427833693565,12.002125384220077,-0.2512669225071525,70.14566623579299,12.002125893350506,-0.25126713210464274,70.14566539307154
1467,12.032025370281266,-0.19736759329681322,70.18495565652822,9.951171164888011,-0.20361551514001597,65.62543306274529,11.183895649229653,-0.2274962422119304,68.79239378279838,11.869285270120097,-0.24077374749168684,70.55320661707584,11.869284075457063,-0.24077380091964373,70.5532074421452
1469,12.02223208872609,-0.20341098273639682,70.22555929422353,9.948216312889343,-0.20412425755997549,65.62295043687605,11.138222877441736,-0.23535984354313652,68.7540179696738,11.799860707062384,-0.25272670494286337,70.49487705732635,11.799860342924877,-0.25272666767562674,70.49487526562572
1471,12.016272577922868,-0.2107434120262064,70.2726784348485,9.956251811651772,-0.20586292696511158,65.62554853146646,11.26242845653634,-0.2622345081130728,68.79417909935243,11.988655608053607,-0.29357692817156095,70.55591956700306,11.9886558673592,-0.29357681650519807,70.55592116706448
1473,12.011177096050313,-0.21549297834282202,70.31410604715319,9.950020362308173,-0.2061371202574494,65.62893353332838,11.166108328246079,-0.26647304161982843,68.84649974822516,11.842247040690344,-0.30001912883761284,70.63545054700435,11.842246911604562,-0.30001949131959493,70.6354498357014
1474,12.010231051128434,-0.2182323482120507,70.3367882370946,9.943162274215783,-0.204724850602267,65.62645573075608,11.060103431576922,-0.24464319666763454,68.80820079761065,11.681115529047789,-0.26683770256825184,70.57723431113104,11.681116870545647,-0.2668375919547501,70.5772344920811
1476,12.006819758098647,-0.22127065027598963,70.3769722580907,9.935893374271405,-0.20617748631844138,65.63337061383675,10.947746551193909,-0.26709657872283676,68.91508490111866,11.510331949099948,-0.3009675337485834,70.73970022708443,11.510331658558037,-0.3009672829987195,70.73970094908395
1478,12.005296740215357,-0.2210610058391634,70.42062002420401,9.938465235052641,-0.20366589310249877,65.6269282728563,10.987500753857804,-0.22827452095499054,68.81550473420398,11.570758092630344,-0.24195738309667897,70.58833673820656,11.570759020960832,-0.2419568036842797,70.58833665471843
1480,12.004003557842301,-0.21951149369124642,70.46313863992663,9.929210507372614,-0.20022818681635976,65.62136415959661,10.844449672855879,-0.17513832437310214,68.72949934151099,11.35331727810109,-0.1611881070234719,70.45760730335434,11.353317871734479,-0.16118848254081516,70.45760634988015
1482,12.003655466716813,-0.21707172656898754,70.50589376687977,9.93189824539938,-0.2018529301353587,65.62448308546843,10.885993732001806,-0.20025224740261513,68.77771021662015,11.416465969881843,-0.19936162469990854,70.53088679957216,11.41646585985836,-0.19936226107413502,70.53088806166814
1484,12.006064448040055,-0.2188643064582858,70.54607015848131,9.942787038697517,-0.20293213766492446,65.62328620031691,11.054302483331744,-0.2169330635195492,68.75920919790656,11.672299330500083,-0.22471772078270666,70.50276585520294,11.672299287034921,-0.22471751040951618,70.50276605977368
1486,12.007685694377951,-0.21882465446834648,70.58897024393056,9.929739526781312,-0.20308880210435387,65.6326203150638,10.852625800176916,-0.21935493467649977,68.90348724084035,11.365746645566654,-0.22839856850671042,70.72207187734045,11.365745785654845,-0.22839881392681297,70.72207222120862
1488,12.010511431377457,-0.21984894538764405,70.6259728074071,9.932365848781151,-0.20326998924334186,65.62551787269062,10.893221687231799,-0.22215567577431636,68.79370412283214,11.427452361240364,-0.23265557967396508,70.55519923579267,11.427452528961162,-0.2326560090401202,70.55519919111222
1490,12.01111033884817,-0.22114704514387706,70.66637808084465,9.93220379660162,-0.20186198126415167,65.62429639623737,10.890716901712313,-0.20039158701439594,68.77482388134678,11.423644927987679,-0.19957428193685756,70.52650051616459,11.423645193580626,-0.19957406069917918,70.52650076131012
1491,12.011665377300316,-0.22236227954273535,70.68847280740714,9.928004155942945,-0.20268207703187346,65.63200999989724,10.825802075022942,-0.21306849951667892,68.89405368274555,11.324973922516252,-0.21884251952209488,70.70773245736756,11.324973065986033,-0.2188432784068122,70.70773298169321
1493,12.01372340647512,-0.22709536517504578,70.72999960184073,9.928359396279143,-0.2044072996541098,65.62855847145894,10.831294011375103,-0.23973499945836838,68.84070311673628,11.33332033212732,-0.2593768091514896,70.62663842835443,11.333320943845663,-0.2593770118994477,70.62663881376604
1495,12.016704592388205,-0.23062948847656314,70.77651602029778,9.936818757304156,-0.20346068253701396,65.63522149603585,10.962050592445095,-0.2251028933312069,68.9436937452629,11.532073922213558,-0.23713593896004304,70.78318690188314,11.532074151844036,-0.23713585196127746,70.78318709337026
1497,12.019455942791023,-0.23103620077018663,70.82123190164538,9.934575212034451,-0.2037458198648626,65.63746870331617,10.927371829387578,-0.22951011611592162,68.97842876367476,11.479361586665272,-0.24383527090839527,70.83598527676162,11.479361582039175,-0.2438349386126537,70.8359851726925
1499,12.022316012065938,-0.22741956973913946,70.87215048074698,9.932523570782411,-0.20325192508757708,65.63744409022898,10.895659410584328,-0.22187623342708027,68.97804894734622,11.43115805649243,-0.23223116040642108,70.83540698965142,11.431157928204268,-0.2322312498233429,70.83540784256405
1501,12.027320894878438,-0.22178626025562181,70.92162710428212,9.927441212600355,-0.2009900951978674,65.63920830897621,10.817100388485448,-0.18691526528597133,69.00531762600508,11.311747508603416,-0.17908922575970826,70.87685749739912,11.311746289175485,-0.17908972137472984,70.87685690246583
1503,12.034621271770524,-0.21707555616740928,70.96843343973133,9.935796740086186,-0.20175219968571137,65.64555326555845,10.946253396310349,-0.19869477244696385,69.10339288135359,11.508061518605198,-0.19699495203524583,71.0259329294481,11.50806202653862,-0.19699486096868932,71.02593369436622
1505,12.039951357524917,-0.21712227130775985,71.01508718728994,9.935453134029695,-0.2020271057030318,65.64833164862489,10.940941705942086,-0.20294401210885923,69.14633925570735,11.499988457637459,-0.203453898250828,71.09121133610995,11.499988126992246,-0.2034538094013006,71.09121323597597
1506,12.043019327800796,-0.21628737414722624,71.03569418191881,9.933717617979415,-0.2001563872286917,65.64066102793265,10.914115844151958,-0.17402812396889009,69.02777238502226,11.459212322817672,-0.15950116804858422,70.91098928431833,11.459212159584116,-0.15950095071601067,70.91098868652576
1508,12.049634966533711,-0.21598388219717993,71.07629019021961,9.93784907929938,-0.20131088577865905,65.6443859470279,10.977976341638533,-0.1918736995185548,69.08534956049958,11.556281447449807,-0.18662623469095868,70.9985066559937,11.556281680949429,-0.18662666293675642,70.99850740443624
1510,12.059989008586934,-0.21575765276793624,71.11449819803212,9.939315898611463,-0.20324456903313962,65.65025647228138,11.000649493992139,-0.22176286221174155,69.17609033106976,11.590744523729745,-0.23205832912235674,71.136435273341,11.590745428233419,-0.23205892279736182,71.13643559970936
1512,12.074124369304709,-0.2148350771749504,71.152309477329,9.936592381451133,-0.2020289648653355,65.64964247982297,10.958551469587517,-0.20297258373348234,69.16659931635121,11.526755197387422,-0.20349757946756755,71.12200945500403,11.526755399338938,-0.20349723897100255,71.12200902471761
1514,12.09479144541555,-0.21582883561496893,71.18640524148915,9.934711527495667,-0.20101877899272647,65.65357602018729,10.929478661592254,-0.1873579967295904,69.22740063221654,11.482564332974443,-0.1797631545811264,71.21442840566064,11.482564018627581,-0.17976268402013532,71.21442851503977
1516,12.115276369731955,-0.21998660231475486,71.22812277078603,9.935556641698751,-0.20255105551993777,65.65945787425234,10.942541962642427,-0.21104288245429934,69.31831685437395,11.502420381368543,-0.21576415511623145,71.3526231946447,11.502420556398178,-0.21576429082523357,71.35262340102568
1518,12.14173797098928,-0.2269656654680289,71.25977712869617,9.935800283941765,-0.20321004349979482,65.65571961159476,10.946307077766845,-0.22122856578776237,69.26053521428875,11.508144781870238,-0.23124714803177202,71.26479231454846,11.508143623668197,-0.23124677913760158,71.26479389189991
1520,12.170542750042008,-0.23417265678291804,71.28995138406727,9.939015721487307,-0.20212392650415545,65.65319670027729,10.996009037617979,-0.20444055069144215,69.22153751923825,11.583691830162072,-0.2057287133061791,71.20551624389309,11.583691820809658,-0.20572858472616534,71.20551643961109
1522,12.20189479319386,-0.24387419188861448,71.33523184061019,9.942275467136437,-0.20373100621627366,65.65994378489496,11.046395691546211,-0.22928128102280262,69.32582678873615,11.660279902076356,-0.24348722265384964,71.36403971705083,11.660280769729788,-0.24348710366249038,71.3640386853206
1523,12.217985663097414,-0.24899653310422845,71.35952764749487,9.934264764935914,-0.20267215821558116,65.66401307253531,10.922574186293975,-0.21291473369264843,69.38872779084207,11.47206759895345,-0.2186094758747469,71.45964806444508,11.4720690469493,-0.21860955058556997,71.45964975019061
1525,12.25042668310929,-0.2594109490746779,71.4091539978975,9.934630539896146,-0.20041765883281,65.6711086918795,10.928227204022214,-0.17806695260859803,69.49840405613374,11.480661520680483,-0.1656397722708841,71.62636039819816,11.480661772448585,-0.16564006923783847,71.62636036153897
1527,12.282185766380305,-0.26641392766034205,71.4558263421052,9.934897143492813,-0.2026970427738853,65.67066062030055,10.932348699134497,-0.21329958016954984,69.49147866371136,11.48692540063679,-0.2191941412278436,71.61583290863184,11.486926546034837,-0.21919452666283587,71.6158335953194
1529,12.312177139800095,-0.26558841194493304,71.49492090940433,9.940038518570542,-0.19935775962688929,65.67615321049824,11.011819008576863,-0.16168370817843944,69.57637697297513,11.607722556788092,-0.14073732731275768,71.74488190150917,11.607723364160869,-0.14073713615967462,71.74488110621125
1531,12.340548406820773,-0.2631469792686442,71.53439569473203,9.938222546806626,-0.20180567662286905,65.66531409675333,10.983748659334323,-0.1995213385337173,69.40883694719997,11.56505610638994,-0.19825139838095426,71.4902157672957,11.565055745323363,-0.19825126167923537,71.490216160719
1533,12.369033842813241,-0.2591560361324821,71.57255074381749,9.938382638084336,-0.20012257515527063,65.67206241031467,10.986223447605173,-0.17350533166418367,69.51314571063632,11.568817468045081,-0.15870674977504953,71.64876811461579,11.56881748415076,-0.15870629359950467,71.64876803769276
1535,12.398374586831798,-0.2546784905134595,71.59743019938391,9.93918061343426,-0.20034984148080032,65.65879628767821,10.998557373443024,-0.17701865910855027,69.30809098581172,11.587565984053393,-0.16404639634778428,71.33707914747944,11.587565353722042,-0.16404663742466796,71.33707983018067
1537,12.42872813297436,-0.2554881898104202,71.62246224284087,9.936957593376304,-0.2001075184244011,65.67023495765105,10.964198091284233,-0.1732723296029763,69.48489791470514,11.53533589054563,-0.1583529902763793,71.60583191925372,11.535338402713542,-0.15835212475571694,71.60583069553941
1539,12.457121878396734,-0.2599578080116842,71.66108223795811,9.94486133992722,-0.202195562789456,65.66967935274779,11.086365416004373,-0.20554782235066013,69.47631080528203,11.721035259266442,-0.20741181547451393,71.59277792275633,11.721035730542187,-0.2074116647867969,71.59277807875092
1540,12.474493056070067,-0.26189659809461013,71.67194649577058,9.947793561515406,-0.20245837662203983,65.6757498560719,11.131689290561482,-0.20961062207603828,69.57014230044668,11.789928118414663,-0.2135866545192022,71.73540504621515,11.789929130732265,-0.21358721994636154,71.73540425115961
1542,12.505484610330322,-0.26755395805231236,71.71248146891509,9.945413869080806,-0.20292458433544525,65.67090243875775,11.094904677870506,-0.21681611956573607,69.49521628743025,11.734016990697166,-0.22454025450048282,71.62151445909105,11.734015617871329,-0.22453975273348817,71.62151487497921
1544,12.54001524997876,-0.2702097622095558,71.75348946452056,9.952154137033524,-0.20353738609714703,65.6770116084608,11.199089684133309,-0.2262884580273483,69.58964674759878,11.892380305584107,-0.2389380972913597,71.76505005324958,11.892379380908071,-0.23893793935695193,71.76505148887411
1546,12.57276537967847,-0.2704878327786006,71.7982434928409,9.9494891242692,-0.20593403653451695,65.67369942787877,11.15789792733782,-0.2633339391598315,69.53844930461875,11.829765546269643,-0.2952476550937262,71.68723001699084,11.82976690099159,-0.29524797864272234,71.68723012072326
1548,12.60893633915112,-0.26684387301793777,71.83717629313381,9.956938440482316,-0.20604745901788626,65.67671373498013,11.273042311471256,-0.26508724671424044,69.5850404549774,12.004788025705937,-0.29791252844521143,71.75805148403148,12.004789187000029,-0.2979130490980292,71.75804981119191
1550,12.641586333047611,-0.2619248804985546,71.87706276774324,9.953182536785496,-0.2052884407704973,65.68281586925342,11.214986576496594,-0.25335507556426595,69.67936326030015,11.916542667509963,-0.2800793137185353,71.90142178001707,11.916543046924364,-0.2800798614009967,71.90142278708264
1552,12.67279627872633,-0.25652574276318707,71.9170560538761,9.957294442851122,-0.20528851549200988,65.6830672246581,11.27854452662511,-0.25335592459918965,69.68324877899624,12.013152339354479,-0.280081069308448,71.90732740207547,12.013152688890159,-0.28008115195489014,71.90732887073263
1554,12.705620795022716,-0.2486937967478245,71.95089241862216,9.973626235059216,-0.2045107436677066,65.68948163675519,11.530985917425756,-0.2413336601796949,69.78239550148173,12.39686954025222,-0.2618072372907429,72.05803469885794,12.39686979010698,-0.2618070153781602,72.05803431894228
1555,12.722459822427492,-0.24508063768734983,71.96553322672764,9.96689214971203,-0.2049800143150989,65.68751940407897,11.426896489630513,-0.2485874045151166,69.75206474884146,12.238651486342155,-0.2728328012329292,72.01193183271589,12.238651308683504,-0.2728328845532909,72.01193083153899
1557,12.754316359292721,-0.23885000025621095,71.99155709147367,9.960477622071036,-0.20207942076789762,65.68579392440047,11.327747454488865,-0.20375293682796022,69.72539582221611,12.087941474842976,-0.20468304628304096,71.97139150352218,12.087942345179805,-0.2046833948006347,71.9713934094277
1559,12.789293318521242,-0.23658995603910243,72.01668068766512,9.957400184118622,-0.20636011351647235,65.68597710781884,11.280177966760991,-0.26991942404060465,69.72822576745429,12.015636741719357,-0.3052583792567396,71.97569541748659,12.015635557931418,-0.30525807706811503,71.97569499555013
1561,12.822524100076425,-0.23776163434376982,72.0393094718448,9.966428522191025,-0.20626457437697265,65.68961900267031,11.41973002599187,-0.26844260360925665,69.78451987763852,12.227758508256633,-0.30301367697802506,72.061262125694,12.227758108306677,-0.3030132738164084,72.06126342276788
1563,12.860508948098879,-0.24265867745270775,72.0690869987003,9.972320766417047,-0.2061778273379633,65.6840636761754,11.510806163880222,-0.2671018582652609,69.69865089510397,12.366197415181661,-0.3009755460386455,71.93073913681793,12.366196070123092,-0.30097530803260286,71.93074046471376
1565,12.895273237954832,-0.24969008838524817,72.09260079264556,9.969297022942227,-0.20708571477803542,65.69053910979117,11.464068639999095,-0.28113497410989696,69.79874160385334,12.295154239539526,-0.32230645833509425,72.08288014069477,12.295153888312736,-0.3223059880604116,72.08288079518111
1567,12.933032065164312,-0.25543287670006976,72.11859413981361,9.974365144810612,-0.20728375877909516,65.69385324410497,11.542406777546095,-0.28419672314349986,69.84996915668557,12.414230303719497,-0.32695952327573014,72.16074608008992,12.414229777408902,-0.32695992163327525,72.1607479310453
1569,12.975115805398675,-0.2607451257645159,72.15292641520413,9.974298314331307,-0.20550322664886816,65.69364812093629,11.541372886298076,-0.25667455219073965,69.84679750559737,12.412660114475893,-0.28512573085332993,72.15592668935028,12.412658237371808,-0.2851255472317857,72.15592694365579
1571,13.017671614419678,-0.25976515089859564,72.1837949454776,9.979964095324366,-0.2051700159577631,65.69604891427585,11.628950111400291,-0.25152394081830476,69.88390712904472,12.545778243573773,-0.2772969101047616,72.21233358508174,12.545777765996863,-0.2772964917070288,72.21233448083224
1572,13.039934187661867,-0.25915950810304006,72.20109841227449,9.976332930217424,-0.20382949821082427,65.69840108956497,11.57282286832865,-0.23080396767752062,69.9202627776969,12.460463631859382,-0.2458013025771214,72.2675981945296,12.460462980880067,-0.24580162469787534,72.26759595784054
1574,13.07970622135327,-0.2551467893063053,72.22680184245027,9.979290309919067,-0.20520262595876945,65.69892436176912,11.618537272788801,-0.2520284157961967,69.92835274177911,12.529947583568239,-0.27806308555862436,72.2798925308109,12.529949996094441,-0.27806330603782925,72.27989290152607
1576,13.123262434732174,-0.2524067935883111,72.2560910880557,9.978816000817915,-0.20383693782930962,65.70665030075094,11.6112052903137,-0.23091861324227644,70.04777286498259,12.518803640617252,-0.24597609720740873,72.46141429171972,12.518805203029427,-0.245975888766204,72.46141441571702
1578,13.164029150735583,-0.24679592525353622,72.28604409098536,9.97949198940883,-0.20313200441151938,65.70457793028848,11.621653725256074,-0.22002232930529073,70.01573988518072,12.53468606470396,-0.22941361132421925,72.41272372653584,12.534687080227236,-0.229413270120051,72.41272350130744
1580,13.19663432193921,-0.23867795144906653,72.31075569987215,9.984594992245851,-0.20347736255534174,65.7055869338102,11.700530767276167,-0.22536120826314396,70.03133640137906,12.654581660964629,-0.2375278377707862,72.43643037196185,12.654582117330754,-0.23752849698897888,72.43643058819094
1582,13.230843573343012,-0.23591755604138864,72.33642861246977,9.982353449172614,-0.204945512730036,65.70246753910052,11.665882491304494,-0.24805378535234054,69.9831200662333,12.60191636723597,-0.27202218280978313,72.36313986034861,12.601915888643596,-0.2720217703471587,72.3631405770135
1584,13.266510992776615,-0.23646283423294984,72.36870858073152,9.977865848256066,-0.20544795417748468,65.71168401757642,11.596517479209714,-0.2558206128301044,70.12557816358083,12.496479704774016,-0.2838270982393625,72.57968200574498,12.496479370161182,-0.28382753847403536,72.57968037655145
1586,13.300809889566157,-0.24094578897347435,72.40168282389553,9.98153670601012,-0.20404020795245145,65.70900272069545,11.65325746524808,-0.2340609458468261,70.0841341104035,12.582726899468364,-0.2507519504441078,72.51668464937217,12.582725539605395,-0.25075231134196574,72.51668439995093
1588,13.336772948037833,-0.24549876427044579,72.43901345133693,9.980188880410564,-0.20478994370813086,65.7087658243933,11.632424430112724,-0.24564892333974872,70.08047225241323,12.55105959316358,-0.2683670720374178,72.51111874547068,12.551058815593404,-0.268366321146172,72.5111182860556
1589,13.353659659158449,-0.2467876998125488,72.45804116129791,9.990593205356722,-0.20531496829816198,65.71009981510225,11.793245953889764,-0.25376482174750326,70.10109125200516,12.795510318148414,-0.28070258081209937,72.54246099954432,12.795511473381723,-0.2807026856421713,72.5424596707957
1591,13.386803656350832,-0.24600515043130314,72.49472329020416,9.989063450354186,-0.2051919255006126,65.71361745649592,11.76960031171675,-0.2518632756934034,70.1554655648472,12.759568561104656,-0.2778116771522503,72.62510835949993,12.759569517737042,-0.2778122890340901,72.62510995900016
1593,13.42119792057203,-0.23947139357915206,72.52924630045813,9.997497514974043,-0.20593092382003125,65.71298456083771,11.899966080533542,-0.2632853574721583,70.14568213570608,12.957727809452093,-0.29517452153468837,72.61023840846617,12.957728681531957,-0.29517413328674863,72.61023890691916
1595,13.45466998172924,-0.22604620730271732,72.55074593424708,9.994164915880319,-0.2070843405526476,65.71986812878627,11.848453532240411,-0.2811140756416952,70.25207939363479,12.879428038081942,-0.3222741707629468,72.77196857204855,12.87942834558213,-0.322274221876535,72.77196534670915
1597,13.48245432926342,-0.21569668030133907,72.5607633292666,9.996334192261576,-0.20608075078126936,65.72347759037712,11.881983310684838,-0.26560113179524203,70.30787153404714,12.93039541817007,-0.29869472197887525,72.8567732573361,12.930394430614115,-0.29869416701619267,72.85677076757065
1599,13.512747793924078,-0.2104392675100799,72.5678891837589,10.009089074744855,-0.20496535830419305,65.71274972857971,12.079138214863848,-0.24836108518377384,70.14205060579201,13.230072743346765,-0.2724884566925708,72.60472099950258,13.230074717124626,-0.27248887362268737,72.60471889244297
1601,13.540392905008062,-0.20673074101796296,72.5683622062198,10.0085414920935,-0.20559233959420678,65.72401507528436,12.0706725114881,-0.25805221105513,70.31618111053542,13.217207230513788,-0.2872194490144108,72.86940152259338,13.21720664050375,-0.2872196224713211,72.869401527496
1603,13.569415121804937,-0.20421168481698104,72.55908486246982,10.008406215151902,-0.20712049393005463,65.71738453975391,12.068582009777826,-0.28167277802912594,70.21369084316612,13.21402888433389,-0.32312359822350134,72.71361638267865,13.214029026667085,-0.3231234631989183,72.71361380911449
1605,13.597631483804447,-0.2068071988760486,72.54487130045808,10.007962069948045,-0.20579733481736498,65.71376365628656,12.061716185198346,-0.26122069488800914,70.15772421044979,13.20359364536901,-0.2920358336601012,72.62854333918374,13.203592805028684,-0.29203579555509596,72.62854315567424
1606,13.612483053933836,-0.20999662851682027,72.5381116569034,10.003415135893729,-0.20548157920757829,65.71875684501512,11.991433755404552,-0.25634023850971044,70.23490428002424,13.096762944503,-0.28461712190995664,72.74585884124653,13.096761789158364,-0.2846173822427766,72.7458587530685
1608,13.637912779580818,-0.2170370248495596,72.51956459879793,10.004807585768287,-0.20807370103078962,65.7188281693083,12.0129561341573,-0.29640677138274985,70.23600603720706,13.129478702911376,-0.3455193007838486,72.7475346131266,13.129476332364224,-0.3455194942185114,72.74753345098989
1610,13.665070563089115,-0.22295710718025896,72.5067166984073,10.014368356125717,-0.20784523768861285,65.71956899480305,12.160738762060586,-0.2928752533222396,70.24745812561456,13.354110022807818,-0.3401515301772422,72.76494038718872,13.354109548848264,-0.34015150021096785,72.76494090605367
1612,13.694008856546148,-0.22715732728829177,72.49338051676672,10.016800110137446,-0.20703709230051182,65.71679277666293,12.198325618659432,-0.2803835742654188,70.20454607346977,13.411244342836097,-0.3211640680365682,72.69971284570161,13.411242492111718,-0.32116384188040736,72.69971353504275
1614,13.731128721963628,-0.22588356112828648,72.48388192057524,10.013692124156544,-0.2079194261523336,65.71780221782939,12.150286750620639,-0.2940218228156186,70.22015080531683,13.338221880522985,-0.3418945960499346,72.72342977363743,13.338222235286484,-0.34189431394269243,72.7234331099137
1616,13.764233618509046,-0.22166300093521835,72.4688138663761,10.011179932434166,-0.20569153017950462,65.71593534488822,12.11145517445664,-0.25958515606454746,70.19129136697559,13.279197667898513,-0.28954994240184384,72.67956739464773,13.2791972877766,-0.28954973645727594,72.67956605630604
1618,13.804959326516855,-0.22163281118263922,72.46983620524325,10.021110975968385,-0.20503224872780057,65.72223029396466,12.264959964865545,-0.249394702741474,70.28859298018978,13.512528595600115,-0.2740600543339382,72.82746789501078,13.51252833151624,-0.27405999764379024,72.8274668932007
1620,13.847049742471434,-0.22314103221288464,72.47664925455963,10.02366593381536,-0.20623015948772702,65.72288730389471,12.304451612465268,-0.26791098841003613,70.29874883144348,13.572557602886102,-0.3022050954823583,72.84290441343514,13.57255660378641,-0.30220520568399667,72.84290403602064
1621,13.869224577676517,-0.22484356438508402,72.48208901286043,10.026197341282442,-0.2068731741250267,65.71823675653543,12.343579520596114,-0.2778500974630864,70.22686410005892,13.632033291483127,-0.3173127930097994,72.7336393069113,13.632031983148835,-0.31731289504673715,72.73363748246084
1623,13.915703802835209,-0.22839100932469542,72.4992932975284,10.029151916739583,-0.20606381874689547,65.71861599975634,12.389249919855898,-0.26533948798088236,70.23272729731596,13.701451357168127,-0.29829690202423287,72.7425496668601,13.70145210938011,-0.29829646200561977,72.74254968599527
1625,13.958403616677975,-0.2322192666470108,72.52263924479396,10.024079556561631,-0.20852591076866958,65.71679093845943,12.31084489060677,-0.30339663573150055,70.20451629600171,13.582275713452537,-0.35614401683626074,72.6996696569141,13.582274543257231,-0.35614425934634864,72.69966827256148
1627,14.001362829934822,-0.2365843532024839,72.54796120524325,10.023400928330641,-0.20776825416602,65.72495826675281,12.300356793952838,-0.291685547283532,70.33075981866018,13.566331270740607,-0.3383427940980543,72.89156190680436,13.566332379285765,-0.3383431178730907,72.89156152116175
1629,14.047480612527583,-0.24058060621609267,72.58137032389554,10.020369632728116,-0.20604334966574053,65.71769738966526,12.253501566072904,-0.2650234779547782,70.21852910078732,13.495110657052011,-0.29781597877798743,72.72096682473378,13.495111284512365,-0.29781611902070926,72.72096807928175
1631,14.09185507846997,-0.24501996015896368,72.61534401774323,10.033492237906449,-0.20853053858169734,65.72328298380333,12.456337374963248,-0.30346836622341433,70.30486541265601,13.803427666193292,-0.3562527477972395,72.85220095511613,13.803426685419957,-0.3562532914521325,72.85220138937774
1633,14.132847815286377,-0.2491586384712733,72.64998909830963,10.026204399474256,-0.20750734612346475,65.71940133624734,12.343690824977806,-0.28765264213498476,70.24486728486549,13.632199124453086,-0.33221273179347843,72.7610012315294,13.632201168537016,-0.33221300320300867,72.761002764615
1635,14.176951437722911,-0.2529421923100055,72.69219490885651,10.032493794428397,-0.20662755660176052,65.72804188412783,12.440904456414115,-0.27405299492492263,70.37842294423572,13.77996913012016,-0.3115419830877613,72.9640118261218,13.779968270972919,-0.31154120612383046,72.9640106402336
1637,14.222867995034916,-0.2557383654057035,72.73433205485259,10.025909833879368,-0.20612011254503512,65.72929689995587,12.339136328320885,-0.26620981381074005,70.39782276787463,13.625278274364417,-0.2996195308193349,72.99349855693971,13.625278221990285,-0.2996193785982115,72.99349884764378
1638,14.249385863076903,-0.2547109303413838,72.75717446207918,10.031384325801955,-0.20700719844535773,65.72690198737247,12.42375643713111,-0.2799214437158044,70.36080554761045,13.753902046336686,-0.320461708719378,72.93722983020197,13.753902861374218,-0.3204613921184275,72.93723176557047
1640,14.304472952615477,-0.2478731003939133,72.79750344157134,10.032960797737216,-0.20534254046065303,65.73335638418116,12.44812349717173,-0.25419035557177283,70.46056955633502,13.790941422700568,-0.28135039171239484,73.08887657205088,13.79094138985922,-0.2813495074846614,73.08887550399288
1642,14.36303618503736,-0.2424150285660213,72.83444496989172,10.042481178009742,-0.2053964077754019,65.73961320624535,12.59528101087067,-0.25502337124137453,70.55728255913752,14.014623773241722,-0.2826160100212705,73.2358812741924,14.014624417431445,-0.2826157117192125,73.23588163863525
1644,14.426682501565685,-0.23872062837472283,72.8711652457706,10.034321084124445,-0.20569382266496541,65.72708763649209,12.469148894131495,-0.259620928932387,70.3636740480231,13.822901496541592,-0.2896038045924049,72.9415916760803,13.822900508558991,-0.28960411209316533,72.94159195650309
1646,14.49144270969556,-0.23884111916413164,72.91360756754793,10.041206413523236,-0.2049872248885899,65.7329584799569,12.575575481055047,-0.2486992125739684,70.45441999981114,13.984673045585263,-0.27300221442662975,73.07952776983693,13.984671529139984,-0.27300283554309973,73.07952802735433
1648,14.554464369546643,-0.2369654504000171,72.95810219645419,10.040165873017369,-0.20524646959087706,65.73625708362945,12.559491992007628,-0.2527066588339779,70.50540713619432,13.960225435350887,-0.27909319637409147,73.1570288151582,13.960224231590423,-0.279094252078621,73.15702972432348
1650,14.620533018838637,-0.23153718089452147,72.99573799967689,10.058098327535728,-0.2058850977964291,65.7427090910697,12.836676013151875,-0.26257720786345207,70.60513678246943,14.381550368054901,-0.2940978342194913,73.30861941854084,14.381550737357802,-0.2940977285251572,73.30862123098049
1652,14.682196646463137,-0.2234915075241558,73.02707955241121,10.060404370561765,-0.20475608982163462,65.74025587032462,12.872320533923517,-0.24512621688929667,70.56721498557022,14.435731095058136,-0.26757167136121957,73.25098073532129,14.435731282558322,-0.2675717945302369,73.25097917025128
1654,14.740667372476317,-0.21262669836869946,73.05841347575108,10.067993232138912,-0.20491943917029176,65.7451670301717,12.989622216703214,-0.24765102158353078,70.6431295499988,14.61403220771499,-0.2714095817409586,73.36636896005942,14.614032715383281,-0.2714095595470491,73.36637116880702
1655,14.767252951394772,-0.2084267166792363,73.07162758707918,10.062240720309934,-0.2016689876204421,65.74759599653584,12.900705519471154,-0.19740874189563803,70.68067418717771,14.478876328371095,-0.19503987568115067,73.42343778400996,14.478877156291137,-0.1950400630107716,73.42343993751739
1657,14.819916754495353,-0.20435364817968277,73.09408089518466,10.068179475433721,-0.20289245756642704,65.7494725971639,12.992500397598054,-0.2163202547087177,70.70968066296405,14.618408013802862,-0.22378543263375322,73.46752871604194,14.618407620886071,-0.22378602599744496,73.4675304916454
1659,14.874663382303,-0.20599743997445624,73.11600777506749,10.061678881278192,-0.20198172927909996,65.74079215410667,12.892020236375014,-0.20224263750027258,70.57550410774098,14.465675860359484,-0.20238777432786698,73.26358078001418,14.465675313113486,-0.20238770280594243,73.26357883911267
1661,14.927203207742444,-0.21300654386868556,73.14182564616118,10.069832512292251,-0.20470126347518425,65.74293901217429,13.018051541079698,-0.24427863266666125,70.6086890489201,14.657246291210123,-0.266283520500167,73.31402143943073,14.657245985222666,-0.2662834457380073,73.31402076304961
1663,14.979953795205812,-0.21918392454972524,73.16995522379793,10.074206652931434,-0.20408959842274416,65.74873541177205,13.085663621870061,-0.23482424086843243,70.69828341343464,14.760017192346622,-0.2519123848147059,73.45020846658608,14.760018005158983,-0.25191253848274914,73.45020639302037
1665,15.027794867288332,-0.22119374846806691,73.19820687174715,10.07091081651209,-0.20503414276447574,65.74810958041994,13.034719124986253,-0.2494239565859981,70.68861364214462,14.682581163934477,-0.2741045549277574,73.43550449217794,14.682581121273955,-0.2741044642044626,73.43550810365875
1667,15.083596258889903,-0.2156485197483579,73.22445961832918,10.07927297781956,-0.20611335164720435,65.75074149107337,13.1639731966744,-0.26610504686783676,70.72929433278497,14.879051036283661,-0.2994606828032613,73.4973415138642,14.879050478186244,-0.2994601302772183,73.49734375049349
1669,15.142383604776155,-0.2095326212583955,73.24860665202061,10.071171703907902,-0.20357407682536172,65.74717069972647,13.038752558454465,-0.22685566659043618,70.67409870977124,14.688710741141614,-0.2398001498664875,73.41344539008512,14.688712039002876,-0.23980011027481588,73.41344505069821
1670,15.171962767373794,-0.20811222767224066,73.25959298014557,10.073655942363452,-0.2029133646838997,65.74161715947321,13.07715087617767,-0.21664318474884367,70.58825747643195,14.747078188778728,-0.2242766475900317,73.28296436914766,14.747078423063826,-0.22427688757327433,73.28296427210101
1672,15.231589346658447,-0.20518882846227193,73.28258797526274,10.078205377484615,-0.20382569933340883,65.75024768361024,13.147472014781906,-0.23074478316024558,70.72165967268374,14.853967652477218,-0.24571204754682008,73.48573945481755,14.853968277274749,-0.24571166278103723,73.48573888001829
1674,15.290091543924069,-0.20741646265378647,73.30236336588777,10.080286113144332,-0.205332628047455,65.74239154641934,13.179633728781374,-0.25403715186244114,70.6002269446736,14.902854758863468,-0.2811174985064302,73.30115867309159,14.902854870819887,-0.2811166340915384,73.3011581571934
1676,15.350886374246345,-0.21036282455315047,73.32171151041901,10.074875909281703,-0.20540349661224655,65.73966726969337,13.09600822910119,-0.2551329331227712,70.55811785362445,14.775741441720873,-0.28278256299947313,73.23715150067342,14.775742061690941,-0.282782248464237,73.23715130672802
1678,15.4162674243562,-0.21966037427773424,73.33964821696196,10.079924348569033,-0.2029536446604981,65.74382430868944,13.17404238252675,-0.21726607880286505,70.62237511493241,14.894355061558398,-0.22522302993898788,73.33482157553524,14.894355887472031,-0.225223701802178,73.33482391882629
1680,15.48470595432447,-0.2266518649994318,73.36463448405186,10.078633052990238,-0.2043019075163875,65.74292587862305,13.154082245461987,-0.23810577218961135,70.60848654295442,14.86401593412443,-0.25690060962799866,73.3137128652428,14.864015989921597,-0.2569005465194715,73.31371294901848
1682,15.546111136209221,-0.22886562620987932,73.39296242594634,10.091207310106746,-0.20446973622575365,65.7457972506034,13.348443323957786,-0.24070017752704628,70.65286845469643,15.159449447032058,-0.26084376306564433,73.38117605636113,15.159449592918495,-0.26084410621982246,73.38117454264261
1684,15.603479414712652,-0.22567276930203414,73.41833016276277,10.087725665912357,-0.2066083197745392,65.7512077333275,13.294627454663987,-0.2737554522681216,70.73649999546322,15.077647845115353,-0.3110900117791953,73.50829592538352,15.07764815259452,-0.3110889339928858,73.50829653437125
1686,15.658250838052487,-0.2206706581055211,73.44101998209867,10.089279237910118,-0.20567983494734554,65.76303334960458,13.318640916166153,-0.2594039590315318,70.91928754196088,15.114149185003734,-0.28927516167412276,73.78614004187223,15.114149202634565,-0.28927431252605235,73.78613808507008
1687,15.6851244266145,-0.2191378650604728,73.45308205485266,10.094954622442684,-0.20319318316521484,65.75809499167583,13.406365901038603,-0.22096786203623917,70.84295586604443,15.247492950287208,-0.23085101267143945,73.67011279530263,15.247493329731888,-0.23085050304558055,73.67011206682963
1689,15.733965903054946,-0.21695325052132436,73.48076912760658,10.102661919125593,-0.20456521370487846,65.75162549564291,13.525498148867309,-0.24217557232604078,70.74295694498838,15.42857670839359,-0.2630870166272703,73.51811129556873,15.428577266297484,-0.26308674247541025,73.5181112559058
1691,15.781332045327876,-0.21353146707405968,73.50281807780183,10.098425354536706,-0.2031591444278268,65.7434763318392,13.460013212532203,-0.22044158101276998,70.61699463650382,15.329038171241235,-0.23005126890381034,73.32664582230204,15.329038558068302,-0.23005054299104855,73.32664545974227
1693,15.827058821450926,-0.21681098913541086,73.52102944254793,10.094052196443428,-0.2026875027805241,65.75174551795254,13.39241592539616,-0.21315184517085803,70.74481113513474,15.226290355125576,-0.21896999806569087,73.52093123254258,15.226289024849134,-0.21896996584392064,73.52092967037345
1695,15.871288328897212,-0.22572395479073049,73.5412549674503,10.111697042685291,-0.20251793854131694,65.74656191993473,13.665154301623557,-0.21053088393475458,70.66468908669208,15.64085790067904,-0.21498606816921076,73.39914204390789,15.640858041382582,-0.21498604052672302,73.3991421929932
1697,15.917080908548085,-0.23675789212576,73.56620308756749,10.112161958033706,-0.20265750501325885,65.75383574416654,13.672340131531435,-0.2126878457652208,70.77711885366735,15.651781136406933,-0.21826519732235908,73.57004132051449,15.651780678963298,-0.21826467537498145,73.57003819438744
1699,15.961197882425054,-0.24449892615665725,73.59049507975499,10.104669351757494,-0.20333145948585746,65.75545203460315,13.556526949773296,-0.2231050579210447,70.80210464781898,15.475741552318192,-0.23409982958212278,73.60801623681711,15.475741804173452,-0.2340990931719823,73.608017213886
1701,15.999630957376215,-0.24735841428628036,73.61839577555574,10.114167182379797,-0.20171280716254475,65.7547913697162,13.703334727947695,-0.19808619629223886,70.79189128093503,15.698894096420767,-0.19606942049938025,73.59249384479054,15.698893225176551,-0.19606981029764003,73.5924926458984
1703,16.044428854715104,-0.24170032417169857,73.64428231120024,10.112545083996235,-0.20190952058500372,65.75403333174597,13.678262967689449,-0.20112620417258006,70.7801752392368,15.660782721784704,-0.2006912233537884,73.57468366178038,15.660783535088942,-0.20069069678468213,73.57468397536334
1704,16.06780722690747,-0.23675439035287482,73.65688607096587,10.112776136851739,-0.20263886583247903,65.76859552659396,13.681834357531548,-0.21240026659392217,71.00526384753418,15.666211333283295,-0.21782726778071845,73.91682398384651,15.666212135181738,-0.2178275479862,73.91682417677353
1706,16.118496924173083,-0.22867964481702505,73.68661019205962,10.1057762694011,-0.20004634929060117,65.75713132141752,13.573635928546313,-0.17232777482355963,70.82805956495875,15.50174870048763,-0.156915814949631,73.64747125973827,15.501747871240113,-0.15691637834048472,73.64746932407922
1708,16.170460730325438,-0.22093707596649545,73.7104291617862,10.114158623368551,-0.20078384743755606,65.76208903559235,13.703203278276234,-0.1837278788490528,70.90469307103487,15.698693001538123,-0.17424341261993115,73.76395328337523,15.69869341845417,-0.17424481586952273,73.76395413156007
1710,16.226878195535395,-0.21788697218289763,73.73170754313385,10.120005860282806,-0.20094457375095282,65.75683403472917,13.793583496765367,-0.18621191696171333,70.82346475772383,15.836074456869861,-0.1780196945062907,73.64048647726842,15.836073565727169,-0.17802061468317654,73.64048510446594
1712,16.286927252542224,-0.21710680698743295,73.75463387370026,10.1242123112773,-0.19983211091837805,65.7604966883545,13.8586038473439,-0.16901577021595712,70.88008058907074,15.934905471908214,-0.15188226153020898,73.72654091508255,15.93490609221962,-0.15188205016151504,73.72654255573619
1714,16.356375723611585,-0.21762453293194903,73.77472969889558,10.13747773206978,-0.20296768376279378,65.75926022157716,14.063647331552394,-0.21748227942811435,70.86096655885109,16.24657794914542,-0.22555288014571231,73.69748999619051,16.246577213719714,-0.22555233205151548,73.69748876132793
1716,16.429192572366468,-0.22068558906903393,73.79509255289946,10.137821528896968,-0.19959375886487019,65.77319651923105,14.068962323148709,-0.16533172920320058,71.07638196497899,16.254655492291064,-0.14628215459553123,74.02492479688411,16.254656131213636,-0.14628221752830325,74.02492545835565
1718,16.500449209939703,-0.21906623517861162,73.81428048014556,10.143753691195052,-0.20077204188590864,65.76671407040892,14.160656136859679,-0.1835441614362678,70.97618250917567,16.39403227857933,-0.17396603992405774,73.87261896998561,16.39403297541932,-0.17396556089927664,73.87261982970097
1720,16.568823843728765,-0.21535146509995057,73.83124062418852,10.141710736631113,-0.19879682307087826,65.7677501027764,14.129076420962896,-0.15301348592066108,70.99219456621755,16.34603284307051,-0.12755806306476586,73.89696066102749,16.34603103325472,-0.12755818582546594,73.89695854885134
1721,16.606003790628183,-0.21421744202961876,73.8434095084659,10.15007816105118,-0.19893664027827834,65.77258635708293,14.258413555402154,-0.15517428792342922,71.0669494452749,16.542626372811867,-0.13084308327426308,74.01058897209593,16.542626647584523,-0.1308426578297438,74.01058779721953
1723,16.67490866733715,-0.2119120535790003,73.86380288004796,10.146162908032467,-0.20127752709195412,65.76294897818475,14.197894839754335,-0.19135738120506438,70.91798435025578,16.45063708529186,-0.1858424687867063,73.78415772635904,16.450636716519355,-0.1858418464455727,73.7841572017378
1725,16.742762594949497,-0.20863014733185428,73.88816353678624,10.146964187244059,-0.19879501055973892,65.76605890811523,14.210279731698645,-0.15298522799122558,70.96605408227491,16.46946322588267,-0.12751547792211143,73.85722586197483,16.469462055821605,-0.12751523308013762,73.85722437256962
1727,16.807587652932863,-0.2114920643507519,73.91141793131746,10.155266191819452,-0.20014449629593573,65.76769076222813,14.33860459149284,-0.17384459203177946,70.99127728842838,16.664519709391655,-0.15922178931445344,73.89556644851285,16.664518987880616,-0.15922197767333557,73.89556426412982
1729,16.869183569680875,-0.21713772689691113,73.93271157145412,10.160598608152691,-0.20090212739089608,65.77041716955976,14.421028523027909,-0.18555476797787082,71.03342012619201,16.789805400229532,-0.177022412746779,73.95962367973837,16.789805383979214,-0.17702173212137529,73.95962241042835
1731,16.931063681375228,-0.22349606727948615,73.95102211832919,10.166837270651,-0.19962791978269218,65.77043488198319,14.51746049094081,-0.16586007951597856,71.0336958653939,16.936383441432525,-0.1470847690054951,73.9600398350172,16.93638433870139,-0.1470853229533018,73.96004154077343
1733,16.9926309878938,-0.2344034639536365,73.97379586100493,10.177658337404207,-0.2014453130800931,65.76655845672782,14.684722312620627,-0.193951325096378,70.97377691384705,17.190625559649654,-0.18978461848456038,73.86896280994065,17.1906264071501,-0.1897847047365095,73.86896326584163
1735,17.053120642434806,-0.23963210260262424,73.99425789713779,10.17619782332162,-0.19862614851671623,65.77202123400052,14.662146877706281,-0.15037588730659254,71.05821601938734,17.156310625409716,-0.12354804619992567,73.99731134496355,17.156311192768783,-0.12354897128598838,73.99731277581898
1736,17.08262732578442,-0.23945981537690342,74.0051297843448,10.180641064834129,-0.20171304587259203,65.76274144576794,14.730825040691803,-0.1980895586078337,70.91477703700639,17.260705058939628,-0.1960750290174169,73.77928173007747,17.26070368377083,-0.1960749210997527,73.77928200698926
1738,17.139866858255132,-0.2385883805691231,74.0235700309268,10.182495910302942,-0.19890202858528605,65.7726977863597,14.759496097939971,-0.15463947475979853,71.06867322619082,17.304284851182985,-0.13002987785356515,74.01320701484578,17.304284393499913,-0.13002972871304824,74.01320798646067
1740,17.19691756321119,-0.23488861595978777,74.03993508219637,10.176163991030787,-0.19984750939493295,65.76989166241408,14.66162290830466,-0.16925413357216398,71.0252976098301,17.155515732125878,-0.15224405038022937,73.94727683326697,17.155514746436115,-0.1522443683051044,73.94727598647984
1742,17.254630118142842,-0.22877897595753802,74.05213448405185,10.186427267405033,-0.1988698591512394,65.76786033920067,14.820263119152553,-0.1541426584759171,70.99389958271861,17.396652505860636,-0.1292740535674387,73.89955067758032,17.396651755109353,-0.12927455578485425,73.89955021572196
1744,17.311886816751244,-0.22306692873826287,74.06110665202058,10.190656615554834,-0.19935986718628823,65.76317120779574,14.885637109615864,-0.16171642524457527,70.9214196459662,17.496021492006506,-0.14078684464575975,73.78937903478595,17.496021822894186,-0.14078686690207842,73.78937893541485
1746,17.366459875833254,-0.22313179349293633,74.07149025797762,10.199090575917877,-0.20099872129714552,65.76628940620661,15.016000510374914,-0.18704827119657483,70.96961859627929,17.694178290828923,-0.1792918968828461,73.86264143923113,17.694177387183295,-0.17929189361874898,73.86264252122055
1748,17.419384985696563,-0.22711152111878355,74.07633492350497,10.19367266489259,-0.20081023677829535,65.76673667337057,14.932256667485124,-0.18413444425387168,70.97653156996536,17.566883893077204,-0.17486343299693527,73.87315002898184,17.566884693475217,-0.17486280524954217,73.87315041065658
1750,17.47742369724439,-0.23147018527379057,74.0807599723331,10.208132112548098,-0.20297339708049988,65.76556352961107,15.155755939012975,-0.21757113502334355,70.95839707455423,17.906610158890736,-0.22568711515495632,73.84558689115157,17.906609064041945,-0.2256873947340657,73.84558553316512
1752,17.53197768284009,-0.23465255176415703,74.08455178141512,10.207301186240667,-0.2001339370007672,65.7656374064345,15.142912853642478,-0.17368161488406783,70.95954019370718,17.8870874566192,-0.15897369754755536,73.84732263500227,17.887087259501822,-0.1589742484143335,73.84732310229485
1753,17.561734228860594,-0.23393179749836968,74.08678719401273,10.210827267126808,-0.19894003242943892,65.771054790434,15.197416506914937,-0.15522667687970546,71.04327693730238,17.969933103350975,-0.1309227822277994,73.97460465022694,17.969934148330566,-0.13092229032730823,73.97460500490114
1755,17.62101080967115,-0.23027350282063364,74.09205910563384,10.209168635949904,-0.19873679044348586,65.7663957807248,15.171778689652143,-0.152085680311099,70.97126256313157,17.930963386836474,-0.12614759007735343,73.86514071988869,17.930964037722298,-0.12614789855892566,73.86514139112876
1757,17.67676261020824,-0.22599172865739056,74.09602639079013,10.205332227992901,-0.20074524662133703,65.76461479912463,15.112478150798395,-0.18313077156487398,70.94373479949508,17.840826572455917,-0.17333648232329196,73.8232963671219,17.840825765240965,-0.17333719816279933,73.82329851571092
1759,17.728587179910416,-0.22216360544552824,74.09794136881744,10.209998566820488,-0.2015053997238319,65.76766574569804,15.184606271934037,-0.1948795995974941,70.99089085441182,17.950462701213077,-0.19119636059179615,73.8949786824686,17.95046227718777,-0.19119570472970415,73.89497687495337
1761,17.77814200473951,-0.2195026901899822,74.10074898600497,10.21648341109321,-0.20237123951931946,65.77020466778475,15.284841928243166,-0.20826346927303205,71.03013458532013,18.102824809479017,-0.21153935899130358,73.95463092785567,18.102822931498533,-0.21153951466781676,73.95462830777628
1763,17.82541945530102,-0.21673286234726996,74.1048917472354,10.207845664283282,-0.1996852886784562,65.76808456088058,15.151328861322444,-0.1667463684931527,70.99736567386513,17.899880026338423,-0.14843265733401878,73.90481878987927,17.899879797447095,-0.1484325039210625,73.90481875921668
1765,17.872038870584245,-0.21479846810689207,74.10753151774321,10.206044895200122,-0.20154347502566,65.76154281426506,15.123494105896242,-0.19546813796341264,70.89624901029184,17.857570764547148,-0.19209094387173586,73.75111975499637,17.8575702869847,-0.19209029747065245,73.75111895227138
1767,17.9212770755403,-0.21265714144101253,74.11607643961824,10.217892904699124,-0.20044282742103808,65.76312078063286,15.306628573738335,-0.17845605253544014,70.92064088548881,18.13594101217457,-0.16623111093735615,73.78819424321242,18.135939166629903,-0.16623151066326397,73.78819520040224
1769,17.966952353250246,-0.21121144568314842,74.12611672282137,10.219580734920166,-0.2028809901396907,65.76102864148984,15.33271834635731,-0.21614236944958562,70.88830089638147,18.175596763347286,-0.2235160042187509,73.73903921076895,18.175596260456746,-0.22351563604369418,73.7390376243237
1770,17.98928740574049,-0.21236373757710697,74.13094612955959,10.218837765104265,-0.20036764390280587,65.76162412465136,15.321233268466449,-0.17729309903466858,70.89750492611867,18.158140608231136,-0.16446466615272248,73.75303015120026,18.158138660569684,-0.16446379283873963,73.75302797510997
1772,18.034325629007075,-0.21580329810967436,74.14214608073151,10.21808635336907,-0.19834819512407614,65.76097243020291,15.309620520095121,-0.14607919530382094,70.88743306475533,18.140486109320264,-0.11701750157598519,73.7377185205836,18.14048699842318,-0.11701789413221442,73.7377184989819
1774,18.07600501133131,-0.21307334577432097,74.15205666422763,10.21947810672177,-0.19953509712744194,65.75433831606907,15.331132544668295,-0.16442478694769622,70.78488861137352,18.17318550287326,-0.1449038908141314,73.58184930099996,18.173185803022314,-0.14490364307128006,73.58184841653332
1776,18.115023642312753,-0.2091227350174401,74.16528603434483,10.220559612560912,-0.19344285810672507,65.75692183995069,15.347849265499482,-0.07025703466846475,70.8248221394775,18.198595597984806,-0.0017660848438317278,73.6425494703189,18.198595628403364,-0.0017663516069597596,73.64254835800023
1778,18.15119269443679,-0.20332958077779312,74.17808815836825,10.223995122244958,-0.1951412673843727,65.76315360237164,15.400953129610006,-0.09650921649924135,70.92114820901163,18.279313264657418,-0.041670392080529445,73.78896539346802,18.279314803397902,-0.041670311416298345,73.78896634459115
1780,18.18688109470532,-0.19586982106557546,74.18920418620026,10.23296685685053,-0.1939608663459187,65.7643935137329,15.539628562574206,-0.07826419963606265,70.94031355450615,18.49010512670067,-0.013936743706784327,73.81809724322683,18.490104860362184,-0.01393743860892413,73.8180981394749
1782,18.218245535623282,-0.1880613294779312,74.19732949137604,10.225101966615787,-0.19692758000104554,65.7690849830273,15.418061859181186,-0.12412003435932248,71.01282988783535,18.305318691275183,-0.08363999764888222,73.9283238149839,18.30532049167166,-0.08363943128960269,73.92832474347081
1784,18.246403723489486,-0.18033939873567142,74.20515725016509,10.223184837142616,-0.19637365955768932,65.76459322422282,15.388426820272198,-0.11555880954122208,70.94339900920254,18.26027552970232,-0.07062557771649153,73.82278946250119,18.26027450619147,-0.07062615973517186,73.82278810623622
1785,18.261199026834237,-0.1775071350275495,74.20817086100494,10.228965726191813,-0.1945898778872196,65.75997320028537,15.477782323423103,-0.0879860796877012,70.8719871070577,18.396098134863713,-0.028715436999289745,73.71424150703085,18.396097061035153,-0.028714934565355232,73.71424026470957
1787,18.28533080173654,-0.17278662597527758,74.21223732829013,10.233020395579654,-0.19498008168969616,65.75880896638135,15.540456403215881,-0.0940179399838725,70.85399293050713,18.491363024855232,-0.03788331698197486,73.68688770720574,18.49136319842745,-0.037883510053118574,73.6868886753253
1789,18.314612417947487,-0.1697844294249066,74.21698281168854,10.226173927624014,-0.1937169770912162,65.75034232633914,15.43463092168582,-0.07449326135536036,70.72312327232278,18.330504529565765,-0.008206539639095511,73.48796309583369,18.330505872777326,-0.008205519998630506,73.48796358734165
1791,18.34160521579907,-0.16509960865369142,74.21807381510646,10.228498431627116,-0.19325964915568195,65.75710322757338,15.470560490471533,-0.06742488990110249,70.82762620569393,18.385118999195385,0.0025384290134310428,73.64681119187188,18.38511969794561,0.0025385778537436454,73.6468106073753
1793,18.37609198642897,-0.1641968069015977,74.2189969718448,10.234124741481072,-0.19459996122109946,65.75997319307555,15.557527168213733,-0.08814222532598623,70.8719874301249,18.51730974966751,-0.028952346004915003,73.7142413376351,18.51731117961926,-0.02895227976259232,73.71424075577963
1795,18.415854483377206,-0.1621271697222238,74.21997353434483,10.242357778637892,-0.19730783597339324,65.76457899653907,15.684784753155556,-0.12999837936598577,70.94318127218361,18.71074583631674,-0.09257415230103305,73.8224551815533,18.710745827744343,-0.09257465977473842,73.82245714063083
1797,18.455403357278577,-0.16060358559479976,74.21998116373935,10.242372216326798,-0.1963488167672237,65.75824851518401,15.685008091263121,-0.11517491393430165,70.84532877968968,18.711085051358396,-0.07004189370321912,73.67371984651147,18.711085307141737,-0.07004262900358235,73.67371895372922
1799,18.494586020242426,-0.1596631733118538,74.22096535563388,10.238771693893185,-0.19649892181396422,65.75995402638378,15.629354003309357,-0.11749448567718931,70.87169141314376,18.626490392524175,-0.0735686277959629,73.7137910141666,18.626489729400888,-0.07356843490420104,73.71379080271308
1801,18.531796484719987,-0.15793615108123224,74.22321602702057,10.2362818319303,-0.1973816167793377,65.76158628835044,15.590868128554101,-0.13113872415787983,70.89692076765753,18.567990819982057,-0.09430764021076474,73.75214118327209,18.567990256505244,-0.09430801180764192,73.75214003993163
1802,18.548077612649646,-0.15741849964251498,74.2253675162784,10.237180225760186,-0.19709571456798425,65.76262286818731,15.604755165114698,-0.1267187626170103,70.91294412538167,18.58909867889402,-0.08759033724283674,73.7764957371657,18.58909889244099,-0.08758956193469045,73.77649593639603
1804,18.58384802890942,-0.1546967205940773,74.22984597086823,10.246088639686526,-0.1973417857001657,65.7731936086561,15.742452663918325,-0.1305225624302477,71.07633574531177,18.798402814820975,-0.09337180475474918,74.02485641261515,18.79840246551257,-0.09337143087985558,74.02485520332864
1806,18.615429907571528,-0.15105213498463896,74.23320290446196,10.246928514535478,-0.20220763119884988,65.78456918950376,15.755434964141141,-0.20573482302737875,71.25216904621897,18.818135764030572,-0.20769536404119324,74.29212689866051,18.818135880040302,-0.20769591039869306,74.29212613028521
1808,18.64515021396803,-0.14457056944956576,74.23587319254787,10.262545730289341,-0.21062828322972094,65.76117258866061,15.996830539000113,-0.335892806723574,70.89052687678291,19.185063914874824,-0.40553948217896163,73.74242126490854,19.185063070298895,-0.4055392357176034,73.74242116909146
1810,18.671280890237533,-0.13958899950375817,74.23710915446196,10.260051476954658,-0.2074723546860151,65.7558834640014,15.95827806605877,-0.287111394033738,70.80877162738865,19.126461166583653,-0.33139060423622774,73.61815271657228,19.126462366528116,-0.33139029282341986,73.61815118623592
1812,18.693875342141837,-0.13624954497208902,74.23865792155182,10.263296623526749,-0.20874157805481103,65.75375282399895,16.008438448095315,-0.30672981944218547,70.77583855293375,19.20270623162483,-0.361211142740691,73.5680931023277,19.202707376627078,-0.36121078028109177,73.5680921058929
1814,18.71997931553053,-0.13497489219298706,74.24593636393465,10.263706311237934,-0.2078269497079009,65.75729885139118,16.014769896761784,-0.29259275149442354,70.8306519252779,19.212331888122023,-0.3397218521186769,73.65140739434868,19.21233133378044,-0.33972209050872276,73.65140977530166
1816,18.73768332554027,-0.13365213846555388,74.25133797526274,10.26909912794109,-0.20841088772852157,65.75574029425917,16.09812725922221,-0.3016186457507444,70.80655903493505,19.33903669209714,-0.3534415382324447,73.61478892819889,19.33903656776346,-0.35344167099804136,73.61478799147702
1818,18.75359061313795,-0.13245009159436336,74.25532051920808,10.27200591595274,-0.20856951771887694,65.7606314225922,16.143056537758397,-0.30407099402659155,70.88216279085552,19.40733198665037,-0.35716856678522235,73.72970651037666,19.407330172330404,-0.35716930048303835,73.72970755348265
1819,18.762385397683843,-0.13361549651017693,74.26053902506746,10.262135918577986,-0.20780800782982273,65.76558675787305,15.99049614941923,-0.2922996237784168,70.958755413393,19.17543534498043,-0.33927681067170723,73.8461326416457,19.17543464288354,-0.33927652919599316,73.84613021698277
1821,18.778130560647725,-0.13525879656663106,74.26935860514561,10.273212251539897,-0.2069328917421857,65.76389659710196,16.16170493043019,-0.2787727290564699,70.9326322689439,19.435674970013686,-0.3187158647981595,73.80642213395075,19.435676186253396,-0.3187153176818736,73.80642239715621
1823,18.801709204446535,-0.13765158032765867,74.27888008952058,10.277903851367045,-0.20653883740087486,65.77685720321142,16.234222255125445,-0.2726820472174958,71.13296430715647,19.545904608651462,-0.309457515994624,74.1109329576801,19.545904297149978,-0.3094573320073663,74.11093200526753
1825,18.820263891946535,-0.13982876663794783,74.28802010416904,10.270778822176577,-0.2049457935326311,65.75976671972371,16.124090716908377,-0.24805854823269288,70.86879517446414,19.378501287420995,-0.2720287802967228,73.70939022419857,19.378501659796523,-0.27202901004202984,73.70938844893483
1827,18.849181204568605,-0.1424279165803455,74.29978463053618,10.270206783526762,-0.21034515021870048,65.76044404405144,16.115247951456237,-0.33151688073517205,70.87926728200415,19.36506117829422,-0.39888724186839297,73.72530403156419,19.365060439577945,-0.39888772096368985,73.72530630906127
1829,18.880515127908453,-0.1458446634351226,74.31218239664952,10.265397510122794,-0.21011078292979524,65.75833246008666,16.04091150292689,-0.32789394757259105,70.84662750784923,19.252066786410644,-0.39338075740331746,73.67569214095812,19.252067215867807,-0.3933807737604647,73.67569305236285
1831,18.910923987161386,-0.1486790282069692,74.32473275065337,10.272882876900658,-0.2054527281495428,65.76605413632677,16.15661160400723,-0.25589399365284615,70.96598076518308,19.427936277713123,-0.2839392632223578,73.85711374829573,19.42793420525586,-0.28393907912312655,73.85711292879306
1833,18.934798269998304,-0.1490616155206256,74.33473488688387,10.266671665237451,-0.21062856939568453,65.75561905951083,16.060606232288496,-0.33589798320411957,70.80468506203056,19.28200319681047,-0.4055462056788166,73.61194050484849,19.28200368720445,-0.40554710409490535,73.61193950673214
1835,18.956517248880125,-0.14799244230380273,74.3442487418643,10.266351254882148,-0.20574984802417418,65.76111552327427,16.0556531674546,-0.2604863001302653,70.88964563020185,19.27447512131765,-0.29092012638617726,73.7410805075663,19.274474907260032,-0.29091949752371316,73.74108165268939
