{
  "num_frames": 1000.0,
  "num_gt": 2862.0,
  "mean_best_gt_iou": 0.833510505953175,
  "conf_threshold": 0.1,
  "iou_threshold": 0.5,
  "use_gt_box_prior": true,
  "gt_box_prior_center_noise": 0.05,
  "gt_box_prior_size_noise": 0.1,
  "gt_box_prior_drop_prob": 0.03,
  "box_recall_iou50_top3": 0.9629629629629629,
  "box_recall_iou50_top5": 0.96680642907058,
  "box_recall_iou50_top10": 0.9751921733053809,
  "box_recall_iou50_top20": 0.9793850454227813,
  "num_pred_conf005": 2781.0,
  "box_precision_iou50_conf005": 0.9910104279036318,
  "duplicate_predictions_per_gt_conf005": 0.0034940600978336828,
  "num_pred_conf010": 2781.0,
  "box_precision_iou50_conf010": 0.9910104279036318,
  "duplicate_predictions_per_gt_conf010": 0.0034940600978336828,
  "num_pred_conf025": 2781.0,
  "box_precision_iou50_conf025": 0.9910104279036318,
  "duplicate_predictions_per_gt_conf025": 0.0034940600978336828,
  "num_pred_conf030": 2781.0,
  "box_precision_iou50_conf030": 0.9910104279036318,
  "duplicate_predictions_per_gt_conf030": 0.0034940600978336828,
  "num_pred_conf050": 2781.0,
  "box_precision_iou50_conf050": 0.9910104279036318,
  "duplicate_predictions_per_gt_conf050": 0.0034940600978336828,
  "num_pred_conf": 2781.0,
  "duplicate_predictions_per_gt": 0.0034940600978336828
}