{
  "image": "/home/zhw/xyb_space/bedlam/processed_bedlam/Training/20221013_3_250_batch01hand_orbit_bigOffice_seq_000000/rgb/seq_000000_0000.png",
  "checkpoint": "outputs/train/smpl_dab_box_prior_20q/checkpoint_latest.pt",
  "use_gt_box_prior": true,
  "predictions": [
    {
      "rank": 0,
      "query_index": 1,
      "confidence": 0.9997792840003967,
      "bbox_cxcywh_norm": [
        0.14285200834274292,
        0.6506270170211792,
        0.14691244065761566,
        0.48636919260025024
      ],
      "bbox_xyxy_pixels": [
        88.82660865783691,
        293.35854291915894,
        276.87453269958496,
        643.5443615913391
      ],
      "pred_transl_cam": [
        -1.2760980129241943,
        0.414104700088501,
        3.2602450847625732
      ],
      "projected_joints_2d": [
        [
          122.28194427490234,
          414.7825012207031
        ],
        [
          112.23963928222656,
          437.8175048828125
        ],
        [
          116.43712615966797,
          439.6885070800781
        ],
        [
          119.28775024414062,
          387.2057800292969
        ],
        [
          174.1009521484375,
          519.589111328125
        ],
        [
          212.02113342285156,
          526.8438720703125
        ],
        [
          157.06910705566406,
          360.4306945800781
        ],
        [
          74.37556457519531,
          606.1550903320312
        ],
        [
          106.69258117675781,
          622.1915283203125
        ],
        [
          179.547607421875,
          355.6325988769531
        ],
        [
          111.4937973022461,
          622.4457397460938
        ],
        [
          152.2675018310547,
          642.19580078125
        ],
        [
          216.1737518310547,
          306.2473449707031
        ],
        [
          194.76962280273438,
          327.9048156738281
        ],
        [
          195.8381805419922,
          324.4013366699219
        ],
        [
          249.99124145507812,
          304.4718322753906
        ],
        [
          193.4190216064453,
          337.17376708984375
        ],
        [
          199.28114318847656,
          330.5927429199219
        ],
        [
          166.74977111816406,
          399.2720031738281
        ],
        [
          149.03292846679688,
          388.84991455078125
        ],
        [
          240.2845458984375,
          435.70916748046875
        ],
        [
          189.96112060546875,
          452.8135070800781
        ],
        [
          260.6801452636719,
          448.0843505859375
        ],
        [
          199.88706970214844,
          473.35107421875
        ],
        [
          294.4649658203125,
          305.5474548339844
        ],
        [
          291.0395812988281,
          292.383544921875
        ],
        [
          289.1856384277344,
          294.4454345703125
        ],
        [
          255.78030395507812,
          283.76617431640625
        ],
        [
          253.59329223632812,
          289.3328552246094
        ],
        [
          138.0360107421875,
          626.7557373046875
        ],
        [
          121.40017700195312,
          620.6420288085938
        ],
        [
          47.40679168701172,
          610.498291015625
        ],
        [
          180.36207580566406,
          642.6073608398438
        ],
        [
          160.6598663330078,
          648.7710571289062
        ],
        [
          77.35124969482422,
          631.8963623046875
        ],
        [
          280.6597595214844,
          450.6539001464844
        ],
        [
          294.61932373046875,
          457.5779724121094
        ],
        [
          292.60943603515625,
          459.1686096191406
        ],
        [
          282.87255859375,
          458.4647216796875
        ],
        [
          267.40899658203125,
          457.1548767089844
        ],
        [
          203.18679809570312,
          478.35345458984375
        ],
        [
          218.05474853515625,
          495.1031494140625
        ],
        [
          218.51026916503906,
          497.2991943359375
        ],
        [
          212.70413208007812,
          493.93316650390625
        ],
        [
          202.01820373535156,
          486.5076904296875
        ]
      ],
      "projected_joints_mask": [
        true,
        true,
        true,
        true,
        true,
        true,
        true,
        true,
        true,
        true,
        true,
        true,
        true,
        true,
        true,
        true,
        true,
        true,
        true,
        true,
        true,
        true,
        true,
        true,
        true,
        true,
        true,
        true,
        true,
        true,
        true,
        true,
        true,
        true,
        true,
        true,
        true,
        true,
        true,
        true,
        true,
        true,
        true,
        true,
        true
      ],
      "vggt_intrinsics_input": [
        [
          537.1431884765625,
          0.0,
          259.0
        ],
        [
          0.0,
          629.3716430664062,
          259.0
        ],
        [
          0.0,
          0.0,
          1.0
        ]
      ],
      "vggt_input_size": 518,
      "vggt_camera_from_world": [
        [
          0.999999463558197,
          -0.0005400565569289029,
          0.0008676343131810427,
          -8.771009743213654e-05
        ],
        [
          0.000538842985406518,
          0.9999988675117493,
          0.001398332417011261,
          -0.00022818706929683685
        ],
        [
          -0.0008683885098434985,
          -0.001397864194586873,
          0.9999986290931702,
          -0.0006673671305179596
        ]
      ]
    },
    {
      "rank": 1,
      "query_index": 2,
      "confidence": 0.9996392726898193,
      "bbox_cxcywh_norm": [
        0.4077189564704895,
        0.5560355186462402,
        0.18058554828166962,
        0.8851428627967834
      ],
      "bbox_xyxy_pixels": [
        406.305513381958,
        81.69414281845093,
        637.4550151824951,
        718.997004032135
      ],
      "pred_transl_cam": [
        -0.2740911841392517,
        0.18696168065071106,
        2.0134239196777344
      ],