{
  "track_id_map": {
    "4": 3
  },
  "stitches": [
    {
      "source_id": 3,
      "target_id": 4,
      "score": 0.5831156210155404,
      "gap": 1,
      "center_norm": 0.3012121783842399,
      "size_log_delta": 0.5113055782593353,
      "pred_iou": 0.2629028927564598,
      "final_id": 3
    }
  ]
}