{
  "track_id_map": {
    "6": 1,
    "7": 2,
    "8": 4,
    "9": 5,
    "10": 6,
    "11": 2
  },
  "stitches": [
    {
      "source_id": 2,
      "target_id": 7,
      "score": 0.8047753573751513,
      "gap": 1,
      "center_norm": 0.17550424716008928,
      "size_log_delta": 0.07774830091147088,
      "pred_iou": 0.37313408677550103,
      "final_id": 2
    },
    {
      "source_id": 7,
      "target_id": 11,
      "score": 0.657258103232746,
      "gap": 1,
      "center_norm": 0.3068810279578519,
      "size_log_delta": 0.31423237741315874,
      "pred_iou": 0.3030811329575188,
      "final_id": 2
    },
    {
      "source_id": 1,
      "target_id": 6,
      "score": 0.6295178486113544,
      "gap": 1,
      "center_norm": 0.34589807354836083,
      "size_log_delta": 0.3593522796896928,
      "pred_iou": 0.3296198958099176,
      "final_id": 1
    }
  ]
}