{
  "num_frames": 400.0,
  "num_gt": 1145.0,
  "mean_best_gt_iou": 0.648536403262459,
  "conf_threshold": 0.1,
  "iou_threshold": 0.5,
  "box_recall_iou50_top3": 0.1781659388646288,
  "box_recall_iou50_top5": 0.2812227074235808,
  "box_recall_iou50_top10": 0.514410480349345,
  "box_recall_iou50_top20": 0.8925764192139738,
  "num_pred_conf005": 2911.0,
  "box_precision_iou50_conf005": 0.1655788388869804,
  "duplicate_predictions_per_gt_conf005": 0.03406113537117904,
  "num_pred_conf010": 376.0,
  "box_precision_iou50_conf010": 0.19680851063829788,
  "duplicate_predictions_per_gt_conf010": 0.0,
  "num_pred_conf015": 137.0,
  "box_precision_iou50_conf015": 0.25547445255474455,
  "duplicate_predictions_per_gt_conf015": 0.0,
  "num_pred_conf020": 50.0,
  "box_precision_iou50_conf020": 0.48,
  "duplicate_predictions_per_gt_conf020": 0.0,
  "num_pred_conf025": 13.0,
  "box_precision_iou50_conf025": 0.6153846153846154,
  "duplicate_predictions_per_gt_conf025": 0.0,
  "num_pred_conf030": 1.0,
  "box_precision_iou50_conf030": 0.0,
  "duplicate_predictions_per_gt_conf030": 0.0,
  "num_pred_conf": 376.0,
  "duplicate_predictions_per_gt": 0.0,
  "nms_num_pred_conf005": 2888.0,
  "nms_box_precision_iou50_conf005": 0.16412742382271467,
  "nms_duplicate_predictions_per_gt_conf005": 0.03056768558951965,
  "nms_num_pred_conf010": 376.0,
  "nms_box_precision_iou50_conf010": 0.19680851063829788,
  "nms_duplicate_predictions_per_gt_conf010": 0.0,
  "nms_num_pred_conf015": 137.0,
  "nms_box_precision_iou50_conf015": 0.25547445255474455,
  "nms_duplicate_predictions_per_gt_conf015": 0.0,
  "nms_num_pred_conf020": 50.0,
  "nms_box_precision_iou50_conf020": 0.48,
  "nms_duplicate_predictions_per_gt_conf020": 0.0,
  "nms_num_pred_conf025": 13.0,
  "nms_box_precision_iou50_conf025": 0.6153846153846154,
  "nms_duplicate_predictions_per_gt_conf025": 0.0,
  "nms_num_pred_conf030": 1.0,
  "nms_box_precision_iou50_conf030": 0.0,
  "nms_duplicate_predictions_per_gt_conf030": 0.0
}