{
  "checkpoint": "/home/zhw/lab_users/xyb/home/projects/vggt-human/outputs/train/smpl_hsi_refine_20q/checkpoint_epoch_0121.pt",
  "num_samples": 200,
  "conf_threshold": 0.1,
  "use_gt_box_prior": true,
  "metrics": {
    "base_joints_mpjpe_m": 0.0745298156751315,
    "hsi_joints_mpjpe_m": 0.06160429949951307,
    "base_vertices_pve_m": 0.07888027602341417,
    "hsi_vertices_pve_m": 0.06732122543995575,
    "base_transl_l2_m": 0.0654374181173109,
    "hsi_transl_l2_m": 0.048860871096363306,
    "base_projected_joints_l2_px": 6.740787345085754,
    "hsi_projected_joints_l2_px": 4.927771468639775,
    "raw_depth_l1_mean_m": 130.8210807108879,
    "hsi_depth_l1_mean_m": 124.20279043503106,
    "raw_depth_l1_median_m": 5.826000907421112,
    "hsi_depth_l1_median_m": 0.25903115451335906,
    "num_gt": 2.9725,
    "num_matched": 2.9725
  },
  "improvement_percent_lower_is_better": {
    "joints_mpjpe_m": 17.342745394621062,
    "vertices_pve_m": 14.653917514217785,
    "transl_l2_m": 25.33190871197042,
    "projected_joints_l2_px": 26.89620342003111,
    "depth_l1_mean_m": 5.059039598123444,
    "depth_l1_median_m": 95.55387720274113
  },
  "hsi_scene_scale": {
    "count": 400,
    "mean": 8.129889440536498,
    "min": 6.429275989532471,
    "max": 11.335678100585938,
    "median": 7.808501243591309
  },
  "hsi_scene_depth_bias": {
    "count": 400,
    "mean": 0.034138007863948584,
    "min": -0.8564279675483704,
    "max": 0.8007391691207886,
    "median": 0.10741538181900978
  },
  "examples": [
    {
      "batch_idx": 0,
      "num_gt": 6,
      "num_pred_conf": 6,
      "hsi_scene_scale": [
        7.739107608795166,
        7.734108924865723
      ],
      "hsi_scene_depth_bias": [
        -0.21794532239437103,
        -0.17413458228111267
      ]
    },
    {
      "batch_idx": 1,
      "num_gt": 6,
      "num_pred_conf": 6,
      "hsi_scene_scale": [
        8.29739761352539,
        8.467483520507812
      ],
      "hsi_scene_depth_bias": [
        -0.1691702902317047,
        -0.23771502077579498
      ]
    },
    {
      "batch_idx": 2,
      "num_gt": 6,
      "num_pred_conf": 6,
      "hsi_scene_scale": [
        8.213659286499023,
        8.212282180786133
      ],
      "hsi_scene_depth_bias": [
        -0.32083094120025635,
        -0.34804677963256836
      ]
    },
    {
      "batch_idx": 3,
      "num_gt": 6,
      "num_pred_conf": 6,
      "hsi_scene_scale": [
        8.156712532043457,
        8.104129791259766
      ],
      "hsi_scene_depth_bias": [
        -0.3828830420970917,
        -0.36429697275161743
      ]
    },
    {
      "batch_idx": 4,
      "num_gt": 6,
      "num_pred_conf": 6,
      "hsi_scene_scale": [
        8.585549354553223,
        8.413307189941406
      ],
      "hsi_scene_depth_bias": [
        -0.24633683264255524,
        -0.12443710118532181
      ]
    },
    {
      "batch_idx": 5,
      "num_gt": 6,
      "num_pred_conf": 6,
      "hsi_scene_scale": [
        8.207390785217285,
        8.000213623046875
      ],
      "hsi_scene_depth_bias": [
        -0.02396891452372074,
        0.12539789080619812
      ]
    },
    {
      "batch_idx": 6,
      "num_gt": 6,
      "num_pred_conf": 6,
      "hsi_scene_scale": [
        7.369419097900391,
        7.384937763214111
      ],
      "hsi_scene_depth_bias": [
        0.1275763064622879,
        0.1837419867515564
      ]
    },
    {
      "batch_idx": 7,
      "num_gt": 6,
      "num_pred_conf": 6,
      "hsi_scene_scale": [
        7.028814792633057,
        7.138009071350098
      ],
      "hsi_scene_depth_bias": [
        0.24492806196212769,
        0.20326775312423706
      ]
    }
  ]
}
========== HSI refine metrics ==========
3D joints MPJPE (m)      base=0.074530 hsi=0.061604 improvement=17.342745%
Vertices PVE (m)         base=0.078880 hsi=0.067321 improvement=14.653918%
Translation L2 (m)       base=0.065437 hsi=0.048861 improvement=25.331909%
Projected joints (px)    base=6.740787 hsi=4.927771 improvement=26.896203%
Depth L1 mean (m)        base=130.821081 hsi=124.202790 improvement=5.059040%
Depth L1 median (m)      base=5.826001 hsi=0.259031 improvement=95.553877%
matched humans: 2.972500 / gt 2.972500
hsi scale: {'count': 400, 'mean': 8.129889440536498, 'min': 6.429275989532471, 'max': 11.335678100585938, 'median': 7.808501243591309}
hsi bias : {'count': 400, 'mean': 0.034138007863948584, 'min': -0.8564279675483704, 'max': 0.8007391691207886, 'median': 0.10741538181900978}
{
  "output_json": "/home/zhw/lab_users/xyb/home/projects/vggt-human/outputs/eval/smpl_hsi_refine_0121_metrics/hsi_refine_metrics.json",
  "num_samples": 200
}
========== Evaluation finished ==========
Metrics: /home/zhw/lab_users/xyb/home/projects/vggt-human/outputs/eval/smpl_hsi_refine_0121_metrics/hsi_refine_metrics.json