sequence,frame,pred_index,gt_person,full_pred_neutral_mpjpe_mm,full_pred_neutral_pve_mm,full_pred_neutral_pa_mpjpe_mm,full_pred_neutral_pa_pve_mm,full_pred_neutral_metric_mpjpe_mm,full_pred_neutral_metric_pve_mm,full_pred_neutral_root_error_mm,pred_pose_gt_beta_mpjpe_mm,pred_pose_gt_beta_pve_mm,pred_pose_gt_beta_pa_mpjpe_mm,pred_pose_gt_beta_pa_pve_mm,pred_pose_gt_beta_metric_mpjpe_mm,pred_pose_gt_beta_metric_pve_mm,pred_pose_gt_beta_root_error_mm,gt_pose_pred_beta_mpjpe_mm,gt_pose_pred_beta_pve_mm,gt_pose_pred_beta_pa_mpjpe_mm,gt_pose_pred_beta_pa_pve_mm,gt_pose_pred_beta_metric_mpjpe_mm,gt_pose_pred_beta_metric_pve_mm,gt_pose_pred_beta_root_error_mm,gt_pose_gt_beta_neutral_mpjpe_mm,gt_pose_gt_beta_neutral_pve_mm,gt_pose_gt_beta_neutral_pa_mpjpe_mm,gt_pose_gt_beta_neutral_pa_pve_mm,gt_pose_gt_beta_neutral_metric_mpjpe_mm,gt_pose_gt_beta_neutral_metric_pve_mm,gt_pose_gt_beta_neutral_root_error_mm
downtown_arguing_00,0,0,0,36.608482360839844,44.286136627197266,26.271135330200195,35.55952835083008,3968.83544921875,3974.270751953125,3978.00439453125,63.00661849975586,72.89393615722656,25.590999603271484,32.49586486816406,3965.568115234375,3966.4013671875,3976.287841796875,22.574413299560547,23.122861862182617,17.96685028076172,18.125778198242188,3962.762451171875,3963.192138671875,3970.219970703125,56.32674789428711,61.388877868652344,16.376466751098633,13.710274696350098,3960.1416015625,3956.68701171875,3969.1259765625
downtown_arguing_00,0,1,1,58.494625091552734,62.205238342285156,27.98607635498047,28.35019302368164,3807.847412109375,3803.810791015625,3829.92041015625,61.47402572631836,65.28028869628906,27.210039138793945,29.60407257080078,3808.355712890625,3805.635498046875,3829.494873046875,23.668025970458984,22.85249137878418,14.01710319519043,9.964425086975098,3797.2412109375,3796.553466796875,3814.105712890625,32.24781799316406,28.708757400512695,15.685319900512695,12.395441055297852,3796.3623046875,3797.264404296875,3813.0458984375
downtown_arguing_00,1,0,0,35.8591194152832,45.15863037109375,26.819612503051758,36.365509033203125,3972.39453125,3979.1494140625,3978.13330078125,62.11374282836914,72.15533447265625,26.331405639648438,33.45281219482422,3968.980224609375,3971.114990234375,3976.41162109375,22.718597412109375,23.268842697143555,18.001075744628906,18.19162940979004,3962.90869140625,3963.264892578125,3970.73095703125,56.331199645996094,61.31975555419922,16.402076721191406,13.707661628723145,3960.564453125,3957.1728515625,3969.599609375
downtown_arguing_00,1,1,1,59.740535736083984,63.44585037231445,27.11387062072754,28.6070556640625,3811.181640625,3807.061767578125,3831.002197265625,62.26738357543945,66.21004486083984,26.51818084716797,30.053796768188477,3812.26806640625,3809.43603515625,3830.750732421875,24.356130599975586,23.660358428955078,14.087698936462402,10.068007469177246,3798.180419921875,3797.615478515625,3815.302001953125,32.152584075927734,28.541889190673828,15.673086166381836,12.284387588500977,3797.78662109375,3798.799560546875,3814.47509765625
downtown_arguing_00,2,0,0,36.36348342895508,46.786109924316406,27.972129821777344,37.53121566772461,3973.10595703125,3980.4033203125,3977.881103515625,62.26335525512695,72.38525390625,27.7040958404541,34.69318771362305,3969.6044921875,3972.268798828125,3976.103759765625,22.674541473388672,23.30838966369629,18.045291900634766,18.332971572875977,3962.8837890625,3963.223876953125,3970.870849609375,56.329837799072266,61.26447296142578,16.42020606994629,13.716177940368652,3960.640625,3957.309814453125,3969.651611328125
downtown_arguing_00,2,1,1,55.744956970214844,59.016212463378906,26.459074020385742,29.084854125976562,3813.124267578125,3810.271240234375,3831.3720703125,58.87531661987305,62.297828674316406,26.119997024536133,30.614973068237305,3813.526123046875,3811.921630859375,3830.8798828125,23.900739669799805,23.07276725769043,13.973362922668457,9.982084274291992,3800.002685546875,3799.559326171875,3816.82373046875,32.08171463012695,28.427471160888672,15.632926940917969,12.192734718322754,3799.0908203125,3800.174560546875,3815.775390625
downtown_arguing_00,3,0,0,36.97865676879883,48.41395568847656,28.366273880004883,38.09315872192383,3974.542236328125,3982.317138671875,3977.488525390625,62.694244384765625,73.05045318603516,28.24741554260254,35.25542449951172,3970.928955078125,3974.073486328125,3975.669189453125,22.591068267822266,23.288862228393555,18.078189849853516,18.43309783935547,3962.59375,3962.9404296875,3970.730224609375,56.32648468017578,61.21913528442383,16.432817459106445,13.72394847869873,3960.474853515625,3957.21826171875,3969.451904296875
downtown_arguing_00,3,1,1,54.065635681152344,57.2884521484375,26.263545989990234,29.662328720092773,3814.843994140625,3812.574951171875,3831.81640625,57.53055191040039,60.83266830444336,26.110332489013672,31.206344604492188,3815.043212890625,3814.05859375,3831.263916015625,23.64895248413086,22.747526168823242,13.965919494628906,9.991077423095703,3801.185546875,3800.771484375,3817.943359375,32.02598571777344,28.334396362304688,15.618644714355469,12.134882926940918,3800.13427734375,3801.27880859375,3816.841552734375
downtown_arguing_00,4,0,0,37.90502166748047,50.50898361206055,28.84758758544922,38.62281036376953,3975.472412109375,3983.80224609375,3976.679443359375,63.195674896240234,74.05721282958984,28.7864990234375,35.78358459472656,3971.900390625,3975.623291015625,3974.87548828125,22.684280395507812,23.345046997070312,18.08713722229004,18.4061222076416,3961.83837890625,3962.160888671875,3970.164794921875,56.310340881347656,61.17803192138672,16.431747436523438,13.717412948608398,3959.968017578125,3956.78271484375,3968.885498046875
downtown_arguing_00,4,1,1,55.675811767578125,59.05384063720703,26.60300636291504,30.29191017150879,3816.845703125,3814.52294921875,3833.221435546875,59.00015640258789,62.54170227050781,26.517133712768555,31.835277557373047,3817.10009765625,3816.093017578125,3832.6953125,23.486644744873047,22.545297622680664,13.982068061828613,10.01893138885498,3802.16162109375,3801.7353515625,3818.93212890625,31.993619918823242,28.282211303710938,15.609322547912598,12.10579776763916,3801.1005859375,3802.283447265625,3817.824951171875
downtown_arguing_00,5,0,0,38.50325012207031,51.27912902832031,29.09111213684082,38.987152099609375,3975.60693359375,3984.19287109375,3976.100830078125,63.4959716796875,74.51016235351562,29.0771541595459,36.14244079589844,3972.091796875,3976.123291015625,3974.269775390625,22.76652717590332,23.412153244018555,18.111984252929688,18.41291618347168,3960.953369140625,3961.267578125,3969.418212890625,56.310455322265625,61.16503143310547,16.438682556152344,13.719393730163574,3959.25390625,3956.14306640625,3968.1240234375
downtown_arguing_00,5,1,1,58.52281188964844,61.58900451660156,27.077362060546875,30.828691482543945,3818.78857421875,3815.434814453125,3834.353271484375,61.34770584106445,64.67190551757812,27.031272888183594,32.3520622253418,3819.784912109375,3817.76318359375,3834.068603515625,24.092172622680664,23.288427352905273,14.099613189697266,10.159669876098633,3802.47216796875,3802.03857421875,3819.59814453125,31.978256225585938,28.25511932373047,15.626862525939941,12.105792045593262,3802.0048828125,3803.225830078125,3818.750244140625
downtown_arguing_00,6,0,0,38.40704345703125,52.26487350463867,29.193464279174805,39.46030807495117,3975.26025390625,3984.453369140625,3974.8544921875,63.28847122192383,74.81375122070312,29.185747146606445,36.60077667236328,3971.728271484375,3976.376708984375,3973.02783203125,22.972976684570312,23.613574981689453,18.148286819458008,18.43900489807129,3960.029052734375,3960.3076171875,3968.544677734375,56.324771881103516,61.18088912963867,16.452444076538086,13.726673126220703,3958.416015625,3955.34765625,3967.222412109375
downtown_arguing_00,6,1,1,57.69093322753906,60.72457504272461,27.153011322021484,30.679954528808594,3818.9208984375,3815.69873046875,3834.93701171875,60.477760314941406,63.77545928955078,27.05265998840332,32.09293746948242,3819.880126953125,3817.969970703125,3834.648193359375,24.21754264831543,23.439693450927734,14.106117248535156,10.186996459960938,3803.313232421875,3802.922119140625,3820.45703125,31.96495819091797,28.23487091064453,15.640076637268066,12.108325004577637,3802.865966796875,3804.101806640625,3819.624267578125
downtown_arguing_00,7,0,0,39.29473876953125,53.10968780517578,29.782217025756836,39.959537506103516,3975.58740234375,3985.010009765625,3974.4619140625,63.830718994140625,75.36528778076172,29.74028778076172,37.08052062988281,3971.847412109375,3976.70751953125,3972.53076171875,22.912410736083984,23.670032501220703,18.200244903564453,18.59581184387207,3959.53759765625,3959.83935546875,3967.954345703125,56.33985900878906,61.197044372558594,16.466251373291016,13.73388957977295,3957.817138671875,3954.7802734375,3966.53662109375
downtown_arguing_00,7,1,1,59.06864929199219,61.55815505981445,25.74474334716797,30.187471389770508,3821.280517578125,3817.42236328125,3836.3681640625,61.58015060424805,64.48042297363281,25.63288116455078,31.54916000366211,3822.000244140625,3819.409423828125,3835.97900390625,23.892208099365234,23.035232543945312,14.049381256103516,10.128876686096191,3804.623046875,3804.261474609375,3821.595947265625,31.93977165222168,28.20046043395996,15.629258155822754,12.08512020111084,3803.885498046875,3805.1455078125,3820.63623046875
downtown_arguing_00,8,0,0,39.894447326660156,53.22602081298828,29.738550186157227,40.05200958251953,3975.825927734375,3984.758056640625,3974.41845703125,64.02375793457031,75.50556182861328,29.66211700439453,37.16554260253906,3972.246826171875,3976.723388671875,3972.498046875,23.02190589904785,23.724693298339844,18.20123863220215,18.54624366760254,3958.83251953125,3959.12744140625,3967.375244140625,56.34881591796875,61.189605712890625,16.462026596069336,13.731148719787598,3957.34130859375,3954.359130859375,3966.006591796875
downtown_arguing_00,8,1,1,58.77810287475586,61.17621994018555,25.423763275146484,30.307252883911133,3822.401123046875,3818.7255859375,3837.56103515625,61.1833610534668,64.04047393798828,25.316341400146484,31.59800148010254,3822.996826171875,3820.549560546875,3837.12939453125,23.888565063476562,23.02787208557129,14.02235221862793,10.11799144744873,3805.814208984375,3805.49658203125,3822.712646484375,31.911727905273438,28.16177749633789,15.626768112182617,12.080100059509277,3804.981201171875,3806.249267578125,3821.711181640625
downtown_arguing_00,9,0,0,39.71570587158203,53.378421783447266,29.670854568481445,39.910125732421875,3975.702880859375,3984.807373046875,3973.83056640625,63.98154830932617,75.5941162109375,29.527124404907227,36.974647521972656,3972.198486328125,3976.82666015625,3971.94091796875,22.856464385986328,23.566484451293945,18.202280044555664,18.553354263305664,3958.376708984375,3958.710205078125,3966.96435546875,56.35906219482422,61.19806671142578,16.46959686279297,13.735434532165527,3957.017333984375,3954.077392578125,3965.621337890625
downtown_arguing_00,9,1,1,59.26177978515625,61.90302276611328,25.676504135131836,30.56536102294922,3823.33837890625,3819.891357421875,3838.97216796875,61.723270416259766,64.7730484008789,25.56294822692871,31.875699996948242,3824.10498046875,3821.937255859375,3838.607421875,23.85396957397461,22.997947692871094,14.056809425354004,10.152029991149902,3806.833251953125,3806.463623046875,3823.807861328125,31.900249481201172,28.15085220336914,15.624198913574219,12.079452514648438,3806.13671875,3807.400634765625,3822.857666015625
downtown_arguing_00,10,0,0,39.156463623046875,53.0758171081543,29.764633178710938,40.2754020690918,3975.457763671875,3984.6845703125,3973.7744140625,63.50262451171875,75.25157928466797,29.49516487121582,37.31862258911133,3972.074951171875,3976.889892578125,3971.909423828125,23.05756378173828,23.70124626159668,18.209209442138672,18.49645233154297,3958.29833984375,3958.61669921875,3966.93408203125,56.37043762207031,61.20954513549805,16.475461959838867,13.742424011230469,3957.044677734375,3954.16845703125,3965.61083984375
downtown_arguing_00,10,1,1,60.09080123901367,63.11118698120117,26.660476684570312,31.274118423461914,3824.698974609375,3821.466796875,3840.35205078125,62.61936569213867,65.9914321899414,26.556840896606445,32.65434265136719,3825.664306640625,3823.73486328125,3840.056640625,23.943405151367188,23.11797523498535,14.085600852966309,10.188974380493164,3807.927490234375,3807.531494140625,3825.000244140625,31.889070510864258,28.144397735595703,15.6158447265625,12.07496166229248,3807.40625,3808.66357421875,3824.11572265625
downtown_arguing_00,11,0,0,39.2525749206543,53.88467025756836,29.592735290527344,40.0458869934082,3976.28271484375,3986.298828125,3973.60302734375,63.603206634521484,75.64930725097656,29.309574127197266,37.02893829345703,3972.79541015625,3978.342041015625,3971.742919921875,23.01246452331543,23.69424057006836,18.225526809692383,18.54447364807129,3958.622802734375,3958.96728515625,3967.164306640625,56.36552047729492,61.20940399169922,16.484529495239258,13.753959655761719,3957.322509765625,3954.483154296875,3965.8154296875
downtown_arguing_00,11,1,1,58.39198684692383,61.25438690185547,25.736793518066406,30.72841453552246,3825.1044921875,3822.170166015625,3841.587158203125,61.09934997558594,64.2697525024414,25.604982376098633,32.045719146728516,3825.634521484375,3824.01025390625,3841.148681640625,23.500473022460938,22.5750789642334,14.035257339477539,10.137771606445312,3809.603271484375,3809.201904296875,3826.470703125,31.877878189086914,28.133670806884766,15.61307144165039,12.073220252990723,3808.721923828125,3809.9716796875,3825.424560546875
downtown_arguing_00,12,0,0,40.17977523803711,55.28494644165039,29.48597526550293,40.163116455078125,3977.592041015625,3987.88525390625,3974.111083984375,64.13331604003906,76.57622528076172,29.1788387298584,37.1002311706543,3974.144775390625,3979.997802734375,3972.272216796875,23.08849334716797,23.714298248291016,18.2176456451416,18.484071731567383,3958.9765625,3959.317626953125,3967.55517578125,56.36885452270508,61.21137619018555,16.48894691467285,13.760187149047852,3957.775146484375,3954.97998046875,3966.236328125
downtown_arguing_00,12,1,1,57.24726104736328,59.89505386352539,25.146251678466797,30.14853858947754,3826.04931640625,3823.2265625,3842.86474609375,59.94596862792969,62.90345001220703,24.932823181152344,31.418926239013672,3826.469482421875,3824.94970703125,3842.39208984375,23.434816360473633,22.502824783325195,14.024955749511719,10.144549369812012,3810.9384765625,3810.542724609375,3827.779541015625,31.87795066833496,28.143272399902344,15.607457160949707,12.076685905456543,3809.991455078125,3811.23681640625,3826.695556640625
downtown_arguing_00,13,0,0,39.657630920410156,55.180843353271484,29.234712600708008,39.7888069152832,3978.132080078125,3988.96435546875,3974.538818359375,64.02982330322266,76.55599975585938,28.992231369018555,36.682220458984375,3974.54833984375,3980.86572265625,3972.649169921875,22.84758949279785,23.580856323242188,18.23360824584961,18.593765258789062,3959.740478515625,3960.138916015625,3968.2294921875,56.36717224121094,61.20399856567383,16.492713928222656,13.762763023376465,3958.413818359375,3955.66064453125,3966.843994140625
downtown_arguing_00,13,1,1,58.34711837768555,61.041622161865234,26.31464385986328,31.164400100708008,3828.102783203125,3825.67626953125,3844.01025390625,61.007225036621094,64.01991271972656,26.172086715698242,32.57619094848633,3828.847412109375,3827.693115234375,3843.6357421875,23.902088165283203,23.080642700195312,14.064679145812988,10.215700149536133,3811.689453125,3811.334716796875,3828.71044921875,31.885772705078125,28.161209106445312,15.609140396118164,12.080385208129883,3811.015625,3812.263916015625,3827.749755859375
downtown_arguing_00,14,0,0,39.24854278564453,55.17365264892578,28.95065689086914,39.62129211425781,3978.637451171875,3989.689453125,3974.921630859375,63.74546813964844,76.48905181884766,28.640966415405273,36.49778366088867,3975.23486328125,3981.802734375,3973.11767578125,22.961021423339844,23.589445114135742,18.202438354492188,18.466190338134766,3960.3896484375,3960.76806640625,3968.961669921875,56.356876373291016,61.193511962890625,16.486398696899414,13.751490592956543,3959.229248046875,3956.51171875,3967.63916015625
downtown_arguing_00,14,1,1,59.49283981323242,62.351951599121094,26.473209381103516,31.097929000854492,3829.147216796875,3826.131591796875,3845.281982421875,61.975711822509766,65.21321105957031,26.247541427612305,32.36016082763672,3829.87744140625,3828.13720703125,3844.914794921875,23.799053192138672,22.961536407470703,14.07565689086914,10.234636306762695,3812.589599609375,3812.212646484375,3829.623291015625,31.89599609375,28.182456970214844,15.608651161193848,12.082643508911133,3811.867431640625,3813.11279296875,3828.64306640625
downtown_arguing_00,15,0,0,39.179595947265625,55.45996856689453,29.07222557067871,39.549644470214844,3980.210205078125,3991.90625,3975.841796875,63.57149887084961,76.51245880126953,28.757244110107422,36.42900848388672,3976.8251953125,3984.04345703125,3974.06103515625,23.123048782348633,23.68288803100586,18.20488929748535,18.41252899169922,3961.50537109375,3961.85986328125,3970.081298828125,56.35995864868164,61.2088623046875,16.494489669799805,13.75430965423584,3960.38427734375,3957.6982421875,3968.76513671875
downtown_arguing_00,15,1,1,56.9804573059082,59.457000732421875,25.630205154418945,30.29185676574707,3830.5517578125,3827.807861328125,3845.593017578125,59.642845153808594,62.4846305847168,25.389366149902344,31.445384979248047,3830.74267578125,3829.240478515625,3845.039306640625,23.47657012939453,22.559833526611328,14.024933815002441,10.200468063354492,3813.765380859375,3813.43310546875,3830.585205078125,31.89834976196289,28.189193725585938,15.618293762207031,12.089832305908203,3812.60107421875,3813.8525390625,3829.42578125
downtown_arguing_00,16,0,0,38.597496032714844,55.0481071472168,29.094263076782227,39.715049743652344,3982.1416015625,3993.97216796875,3977.426513671875,63.1191291809082,76.25211334228516,28.75469970703125,36.57979202270508,3978.76806640625,3986.11767578125,3975.63037109375,23.056123733520508,23.613283157348633,18.20085906982422,18.410961151123047,3962.77099609375,3963.130126953125,3971.352783203125,56.36114501953125,61.209781646728516,16.50181770324707,13.761540412902832,3961.697265625,3959.01806640625,3970.045166015625
downtown_arguing_00,16,1,1,58.19050979614258,60.77006149291992,26.014482498168945,30.750795364379883,3832.410888671875,3829.51171875,3846.050537109375,60.69758224487305,63.649906158447266,25.851749420166016,32.02509689331055,3833.147705078125,3831.52734375,3845.66845703125,23.948551177978516,23.152929306030273,14.117538452148438,10.317327499389648,3813.750244140625,3813.39013671875,3830.872802734375,31.917449951171875,28.226606369018555,15.62252426147461,12.092796325683594,3813.020751953125,3814.279541015625,3829.91015625
downtown_arguing_00,17,0,0,37.80485534667969,54.51530456542969,29.386585235595703,40.18798065185547,3983.046142578125,3995.08447265625,3979.075927734375,62.60892105102539,75.84724426269531,28.9536075592041,37.034847259521484,3979.75537109375,3987.3173828125,3977.2802734375,23.10032844543457,23.64892578125,18.20377540588379,18.407634735107422,3964.32958984375,3964.670166015625,3972.9501953125,56.35645294189453,61.20015335083008,16.49490737915039,13.755518913269043,3963.28125,3960.612548828125,3971.6455078125
downtown_arguing_00,17,1,1,58.72150421142578,60.90071105957031,25.95462989807129,30.4927921295166,3833.245361328125,3829.8857421875,3846.23681640625,60.978233337402344,63.57960510253906,25.770572662353516,31.732566833496094,3834.34375,3832.258544921875,3845.961181640625,24.313919067382812,23.610036849975586,14.17895793914795,10.407936096191406,3813.709228515625,3813.34765625,3831.04931640625,31.934465408325195,28.253032684326172,15.622186660766602,12.096206665039062,3813.267578125,3814.531005859375,3830.218994140625
downtown_arguing_00,18,0,0,38.07000732421875,54.478424072265625,29.804080963134766,40.59579849243164,3985.26953125,3996.8193359375,3981.263916015625,62.507511138916016,75.61692810058594,29.32453155517578,37.360504150390625,3981.7529296875,3988.8818359375,3979.380126953125,23.19441795349121,23.828954696655273,18.241981506347656,18.52364158630371,3966.44580078125,3966.770751953125,3974.936767578125,56.34431457519531,61.18962860107422,16.4930477142334,13.754194259643555,3965.199951171875,3962.51953125,3973.54833984375
downtown_arguing_00,18,1,1,57.809024810791016,59.88046646118164,26.21660804748535,30.436153411865234,3833.6552734375,3830.68017578125,3846.326171875,60.18307876586914,62.65003204345703,25.971572875976562,31.594451904296875,3834.529296875,3832.843017578125,3845.98876953125,24.088529586791992,23.33605194091797,14.166123390197754,10.407275199890137,3814.02294921875,3813.657470703125,3831.296875,31.93623924255371,28.25945472717285,15.619068145751953,12.0943603515625,3813.39453125,3814.6650390625,3830.3935546875
downtown_arguing_00,19,0,0,37.42616653442383,53.90976333618164,29.721160888671875,40.65683364868164,3987.0517578125,3998.510986328125,3983.221923828125,61.97860336303711,75.21279907226562,29.158233642578125,37.46041488647461,3983.771728515625,3990.852783203125,3981.42431640625,23.276121139526367,23.7979793548584,18.207534790039062,18.388280868530273,3968.4423828125,3968.736572265625,3977.060546875,56.32145690917969,61.17085647583008,16.476415634155273,13.737348556518555,3967.399169921875,3964.722900390625,3975.750244140625
downtown_arguing_00,19,1,1,55.78748321533203,57.50391387939453,25.88337516784668,30.284399032592773,3834.558349609375,3832.239013671875,3846.331787109375,58.2912712097168,60.386905670166016,25.652250289916992,31.379972457885742,3835.15234375,3834.11083984375,3845.908935546875,23.932125091552734,23.146446228027344,14.136484146118164,10.39860725402832,3814.464111328125,3814.12255859375,3831.648193359375,31.932697296142578,28.25649070739746,15.60838508605957,12.087498664855957,3813.6279296875,3814.90478515625,3830.661376953125
downtown_arguing_00,20,0,0,37.05339050292969,54.03739929199219,29.373809814453125,40.40351486206055,3989.29541015625,4001.195068359375,3985.61669921875,61.8067626953125,75.2817153930664,28.777507781982422,37.242340087890625,3986.037841796875,3993.6064453125,3983.8251953125,23.703758239746094,24.202312469482422,18.22233009338379,18.339435577392578,3970.795166015625,3971.031982421875,3979.426513671875,56.31227493286133,61.168094635009766,16.466358184814453,13.73277759552002,3969.7236328125,3967.0625,3978.11474609375
downtown_arguing_00,20,1,1,57.59644317626953,59.437347412109375,26.45812225341797,31.140663146972656,3836.109130859375,3833.86474609375,3846.5224609375,59.97088623046875,62.22169876098633,26.293766021728516,32.33068084716797,3837.0595703125,3836.1181640625,3846.210205078125,24.185916900634766,23.463937759399414,14.205689430236816,10.47850227355957,3814.262451171875,3813.89404296875,3831.632080078125,31.941823959350586,28.26852798461914,15.615227699279785,12.095540046691895,3813.67724609375,3814.96337890625,3830.76416015625
downtown_arguing_00,21,0,0,36.567928314208984,53.08960723876953,29.049089431762695,40.106712341308594,3991.707275390625,4003.1962890625,3988.39990234375,61.70973205566406,74.99964904785156,28.485641479492188,36.946495056152344,3988.525390625,3995.64453125,3986.615478515625,23.29034996032715,23.7735595703125,18.191015243530273,18.329153060913086,3973.305419921875,3973.5859375,3981.958251953125,56.29751205444336,61.162353515625,16.454689025878906,13.722184181213379,3972.306640625,3969.628173828125,3980.682373046875
downtown_arguing_00,21,1,1,57.776206970214844,59.4107666015625,27.061283111572266,31.84169578552246,3836.493408203125,3834.662353515625,3846.496337890625,59.906822204589844,62.03458786010742,26.888381958007812,33.043766021728516,3837.656005859375,3837.07763671875,3846.2587890625,24.72732925415039,24.12291717529297,14.238151550292969,10.546326637268066,3814.05322265625,3813.754150390625,3831.588134765625,31.94516944885254,28.27519416809082,15.61949348449707,12.102306365966797,3813.693603515625,3814.989501953125,3830.830322265625
downtown_arguing_00,22,0,0,36.36590576171875,52.902015686035156,28.934232711791992,40.13099670410156,3995.250244140625,4006.909423828125,3991.490966796875,61.389278411865234,74.81251525878906,28.35499382019043,36.968360900878906,3991.990966796875,3999.283447265625,3989.689453125,23.312454223632812,23.786699295043945,18.190643310546875,18.31804084777832,3976.268310546875,3976.544921875,3984.89208984375,56.28938293457031,61.1655158996582,16.44283676147461,13.715790748596191,3975.22998046875,3972.555908203125,3983.608642578125
downtown_arguing_00,22,1,1,56.19899368286133,56.962886810302734,26.346616744995117,31.00724983215332,3837.669921875,3835.75341796875,3846.39111328125,58.483680725097656,59.716922760009766,26.113330841064453,32.07073974609375,3838.564697265625,3837.93408203125,3846.050048828125,24.28800392150879,23.586423873901367,14.218934059143066,10.512994766235352,3814.62109375,3814.293701171875,3832.02880859375,31.94132423400879,28.273624420166016,15.617973327636719,12.099411010742188,3813.97998046875,3815.290771484375,3831.1611328125
downtown_arguing_00,23,0,0,36.4307975769043,53.017215728759766,28.531095504760742,39.48198699951172,3997.6181640625,4009.39697265625,3994.41357421875,61.44068908691406,74.78178405761719,27.942731857299805,36.35743713378906,3994.549560546875,4002.03662109375,3992.673828125,23.6782283782959,24.05646514892578,18.17694664001465,18.192733764648438,3979.3896484375,3979.605712890625,3988.083740234375,56.27755355834961,61.16280746459961,16.419214248657227,13.687516212463379,3978.454345703125,3975.79150390625,3986.837646484375
downtown_arguing_00,23,1,1,53.5163688659668,54.0914192199707,26.171295166015625,30.61557960510254,3837.473876953125,3835.8388671875,3846.88818359375,56.17886734008789,57.09064483642578,25.93657875061035,31.514019012451172,3837.86962890625,3837.575927734375,3846.400146484375,23.68288230895996,22.839689254760742,14.156468391418457,10.421075820922852,3815.651611328125,3815.29052734375,3832.8212890625,31.918127059936523,28.241443634033203,15.607625007629395,12.105525016784668,3814.59765625,3815.908935546875,3831.778076171875
downtown_arguing_00,24,0,0,34.68646240234375,51.33439254760742,28.258255004882812,39.08796310424805,4000.721923828125,4012.847412109375,3997.5615234375,60.21530532836914,73.54885864257812,27.64263343811035,35.91984558105469,3997.45263671875,4005.21142578125,3995.767822265625,23.465450286865234,23.947229385375977,18.193586349487305,18.305023193359375,3983.177001953125,3983.43994140625,3991.7158203125,56.240570068359375,61.13255310058594,16.388885498046875,13.655136108398438,3982.008544921875,3979.35302734375,3990.38037109375
downtown_arguing_00,24,1,1,53.50199508666992,53.44775390625,25.452255249023438,29.615970611572266,3838.701904296875,3836.26953125,3847.254150390625,55.80421829223633,56.2117919921875,25.222938537597656,30.47085189819336,3839.595703125,3838.44287109375,3846.92138671875,24.38645362854004,23.699575424194336,14.194144248962402,10.470011711120605,3816.10546875,3815.793212890625,3833.53271484375,31.87017822265625,28.185693740844727,15.606636047363281,12.129303932189941,3815.56005859375,3816.874755859375,3832.704345703125
downtown_arguing_00,25,0,0,34.223628997802734,50.731605529785156,27.978818893432617,38.75182342529297,4004.299560546875,4016.449462890625,4000.93994140625,59.72334671020508,72.99751281738281,27.419939041137695,35.6002311706543,4001.11572265625,4008.883544921875,3999.180419921875,23.40887451171875,23.8480167388916,18.17791175842285,18.252120971679688,3986.8037109375,3987.070068359375,3995.3818359375,56.1887092590332,61.07728576660156,16.357980728149414,13.620689392089844,3985.72802734375,3983.071533203125,3994.0625
downtown_arguing_00,25,1,1,50.183868408203125,49.79334259033203,24.729158401489258,28.91290855407715,3838.30712890625,3835.957275390625,3847.448974609375,52.602840423583984,52.544437408447266,24.51173973083496,29.631412506103516,3839.095703125,3838.071044921875,3847.088623046875,24.254058837890625,23.53640365600586,14.179937362670898,10.436561584472656,3817.06884765625,3816.739990234375,3834.43798828125,31.780845642089844,28.076705932617188,15.617097854614258,12.164779663085938,3816.541748046875,3817.865478515625,3833.6064453125
downtown_arguing_00,26,0,0,33.510520935058594,49.992671966552734,27.850997924804688,38.57159423828125,4007.960205078125,4020.03564453125,4004.1103515625,59.068199157714844,72.37916564941406,27.297853469848633,35.440284729003906,4004.592041015625,4012.2705078125,4002.313720703125,23.334796905517578,23.849546432495117,18.177804946899414,18.323911666870117,3990.597412109375,3990.879638671875,3999.020751953125,56.127479553222656,61.00478744506836,16.316532135009766,13.58007526397705,3989.333251953125,3986.66064453125,3997.626953125
downtown_arguing_00,26,1,1,48.63962173461914,48.548831939697266,24.608951568603516,28.227413177490234,3837.958740234375,3834.785888671875,3848.0693359375,51.22964859008789,51.268619537353516,24.333250045776367,28.737695693969727,3838.914306640625,3837.191650390625,3847.784423828125,23.997699737548828,23.229076385498047,14.216526985168457,10.451676368713379,3817.744140625,3817.318359375,3835.129150390625,31.653385162353516,27.915525436401367,15.605657577514648,12.168489456176758,3817.412353515625,3818.76220703125,3834.35986328125
downtown_arguing_00,27,0,0,32.91822052001953,48.525787353515625,27.893190383911133,38.27864456176758,4012.357666015625,4024.27099609375,4007.42333984375,58.57484817504883,71.51100158691406,27.537521362304688,35.19490051269531,4008.884521484375,4016.331787109375,4005.6181640625,22.960479736328125,23.520586013793945,18.154077529907227,18.34183692932129,3994.064208984375,3994.383056640625,4002.4052734375,56.06992721557617,60.955291748046875,16.29686737060547,13.553985595703125,3992.783447265625,3990.064208984375,4001.003173828125
downtown_arguing_00,27,1,1,45.669586181640625,45.40347671508789,24.54650115966797,27.628612518310547,3837.291748046875,3834.254638671875,3847.56201171875,48.70082473754883,48.36970901489258,24.272628784179688,27.992019653320312,3837.86767578125,3836.304931640625,3847.121337890625,23.57981300354004,22.696971893310547,14.148673057556152,10.381732940673828,3818.454345703125,3818.0693359375,3835.598876953125,31.539409637451172,27.751157760620117,15.577228546142578,12.140264511108398,3817.853515625,3819.24658203125,3834.70263671875
downtown_arguing_00,28,1,1,43.06245422363281,42.187278747558594,23.906951904296875,26.468488693237305,3835.97607421875,3832.635009765625,3846.9580078125,46.002716064453125,44.936702728271484,23.37823486328125,26.421268463134766,3836.42138671875,3834.505615234375,3846.472900390625,23.677330017089844,22.789377212524414,14.101028442382812,10.346858978271484,3818.718994140625,3818.452880859375,3835.776123046875,31.41961669921875,27.580934524536133,15.542827606201172,12.087569236755371,3818.124755859375,3819.5703125,3834.8798828125
downtown_arguing_00,28,0,0,32.54783630371094,47.99703598022461,27.8985538482666,38.4511833190918,4015.11767578125,4026.951416015625,4010.2509765625,57.9478759765625,70.9278564453125,27.449111938476562,35.35969543457031,4011.588134765625,4018.96630859375,4008.430908203125,23.137924194335938,23.67715072631836,18.155258178710938,18.33927345275879,3997.44482421875,3997.714111328125,4005.63818359375,56.000492095947266,60.898834228515625,16.264636993408203,13.518527030944824,3996.01611328125,3993.2392578125,4004.184326171875
downtown_arguing_00,29,1,1,41.7394905090332,40.8703727722168,22.821266174316406,26.137102127075195,3835.296630859375,3831.734130859375,3846.630126953125,44.350337982177734,43.152626037597656,22.065040588378906,25.762296676635742,3836.1435546875,3834.103759765625,3846.2724609375,23.74590492248535,22.86638832092285,14.168051719665527,10.42516040802002,3818.645263671875,3818.335205078125,3835.820556640625,31.289440155029297,27.398080825805664,15.52415657043457,12.060709953308105,3818.44287109375,3819.938232421875,3835.081787109375
downtown_arguing_00,29,0,0,31.97568702697754,46.66143035888672,27.83530044555664,38.29526138305664,4018.304931640625,4029.811279296875,4013.22216796875,57.44127655029297,70.24858093261719,27.42922592163086,35.303985595703125,4014.882080078125,4021.947265625,4011.4541015625,23.071130752563477,23.54060935974121,18.11391830444336,18.233898162841797,4000.457763671875,4000.6884765625,4008.6630859375,55.93796920776367,60.8538703918457,16.237226486206055,13.48901081085205,3999.099609375,3996.2568359375,4007.25830078125
downtown_arguing_00,30,0,0,31.10626983642578,45.52046203613281,27.263935089111328,37.44532775878906,4019.99462890625,4031.50927734375,4015.521484375,56.702457427978516,69.36576080322266,26.86681365966797,34.51140594482422,4016.656494140625,4023.735595703125,4013.83203125,23.108985900878906,23.496299743652344,18.059452056884766,18.107616424560547,4003.668701171875,4003.8466796875,4011.8583984375,55.87519454956055,60.80178451538086,16.1909122467041,13.441104888916016,4002.268798828125,3999.37744140625,4010.467041015625
downtown_arguing_00,30,1,1,40.55141067504883,40.13505172729492,23.285717010498047,26.568992614746094,3833.1142578125,3829.447509765625,3846.189697265625,42.654273986816406,41.52734375,22.083011627197266,25.690967559814453,3834.3671875,3832.201171875,3845.99462890625,24.377059936523438,23.614585876464844,14.208982467651367,10.51176643371582,3818.76513671875,3818.55810546875,3836.12255859375,31.174718856811523,27.235702514648438,15.50007438659668,12.049365043640137,3819.094482421875,3820.63720703125,3835.6083984375
downtown_arguing_00,31,1,1,39.78591537475586,39.85493469238281,23.106067657470703,26.356863021850586,3831.50146484375,3827.69677734375,3846.728759765625,42.168155670166016,41.40285873413086,21.55191993713379,25.01324462890625,3831.765869140625,3829.489990234375,3846.201171875,23.164220809936523,22.115009307861328,14.007454872131348,10.256427764892578,3820.121826171875,3819.937744140625,3836.858642578125,31.052213668823242,27.074016571044922,15.467082977294922,12.029548645019531,3819.599853515625,3821.197021484375,3835.966064453125
downtown_arguing_00,31,0,0,30.60909080505371,44.068809509277344,27.021697998046875,36.75019836425781,4021.9931640625,4033.158203125,4017.71630859375,56.247039794921875,68.46856689453125,26.685129165649414,33.98662185668945,4018.933837890625,4025.673828125,4016.162841796875,23.03691291809082,23.322925567626953,17.963457107543945,17.91287612915039,4006.505126953125,4006.621337890625,4014.737548828125,55.810420989990234,60.73688507080078,16.14606285095215,13.391997337341309,4005.255615234375,4002.271240234375,4013.433837890625
downtown_arguing_00,32,1,1,39.55580139160156,39.84590148925781,23.444324493408203,26.22080421447754,3830.107421875,3826.2138671875,3846.116455078125,41.86342239379883,41.42030334472656,21.61842155456543,24.635692596435547,3830.090576171875,3827.700927734375,3845.499755859375,22.935291290283203,21.80007553100586,13.917501449584961,10.150322914123535,3820.299072265625,3820.22119140625,3836.806396484375,30.94710922241211,26.92734146118164,15.453459739685059,12.016422271728516,3819.589599609375,3821.255859375,3835.83935546875
downtown_arguing_00,32,0,0,31.698673248291016,44.574649810791016,27.84389305114746,37.04817581176758,4024.485595703125,4035.313232421875,4018.5546875,56.34480285644531,68.41059112548828,27.279552459716797,34.308563232421875,4021.980224609375,4028.495361328125,4017.2568359375,23.741867065429688,23.652570724487305,17.85273551940918,17.50808334350586,4008.143310546875,4008.046630859375,4016.590576171875,55.691062927246094,60.60780334472656,16.045686721801758,13.305092811584473,4007.459716796875,4004.3173828125,4015.466796875
downtown_arguing_00,33,1,1,40.530616760253906,40.85163497924805,24.60328483581543,26.7052001953125,3828.404296875,3823.7373046875,3845.5078125,42.915008544921875,42.59202194213867,22.44189453125,24.764751434326172,3827.59423828125,3824.396728515625,3844.6259765625,22.179443359375,20.820743560791016,13.763947486877441,9.949422836303711,3820.344482421875,3820.381591796875,3836.352783203125,30.8568172454834,26.775426864624023,15.440041542053223,11.9850435256958,3818.916259765625,3820.676025390625,3835.092041015625
downtown_arguing_00,33,0,0,31.57522964477539,44.194210052490234,27.13617706298828,35.865928649902344,4026.822021484375,4037.058349609375,4018.2529296875,56.15456008911133,67.88571166992188,26.612192153930664,33.094207763671875,4023.898681640625,4029.839111328125,4016.831298828125,24.082508087158203,24.09532356262207,17.867435455322266,17.610097885131836,4009.080322265625,4008.90869140625,4017.063232421875,55.52711486816406,60.44647216796875,15.970189094543457,13.222914695739746,4008.063232421875,4004.791259765625,4015.75146484375
downtown_arguing_00,34,1,1,40.83701705932617,42.13045120239258,25.960004806518555,28.6945743560791,3826.294677734375,3820.479248046875,3843.660400390625,43.29214096069336,43.89166259765625,23.26481056213379,25.934282302856445,3825.202392578125,3820.786865234375,3842.6708984375,22.052186965942383,20.60558319091797,13.678665161132812,9.846470832824707,3819.566650390625,3819.7431640625,3835.360107421875,30.757232666015625,26.619035720825195,15.420025825500488,11.963068962097168,3817.919677734375,3819.761962890625,3834.025146484375
downtown_arguing_00,34,0,0,32.43926239013672,45.34724426269531,26.713659286499023,35.046722412109375,4029.752197265625,4039.85888671875,4017.1142578125,56.735164642333984,68.5041732788086,26.273956298828125,32.305419921875,4026.791015625,4032.683837890625,4015.761962890625,24.72922134399414,24.750932693481445,17.846576690673828,17.444957733154297,4008.54638671875,4008.275390625,4016.42333984375,55.41987228393555,60.33867645263672,15.937920570373535,13.179082870483398,4007.7060546875,4004.388916015625,4015.143310546875
downtown_arguing_00,35,1,1,41.7314453125,44.00022888183594,27.376483917236328,30.174531936645508,3823.12158203125,3816.5205078125,3842.172607421875,44.43206787109375,46.00787353515625,24.631118774414062,27.14626121520996,3821.312744140625,3816.1083984375,3840.94140625,21.376014709472656,19.7579288482666,13.544696807861328,9.696545600891113,3818.774658203125,3819.010009765625,3834.15234375,30.66391372680664,26.488370895385742,15.380887031555176,11.945147514343262,3816.517578125,3818.4267578125,3832.5625
downtown_arguing_00,35,0,0,34.16923904418945,47.47151184082031,27.898744583129883,36.06644821166992,4029.912109375,4040.473388671875,4015.415283203125,58.277366638183594,70.59819030761719,27.429468154907227,33.5336799621582,4027.57275390625,4033.9560546875,4014.337158203125,25.157209396362305,24.847455978393555,17.738445281982422,17.013973236083984,4006.703369140625,4006.3525390625,4014.817626953125,55.380889892578125,60.30207061767578,15.940136909484863,13.178982734680176,4006.5537109375,4003.2197265625,4013.803955078125
downtown_arguing_00,36,1,1,42.601280212402344,45.099727630615234,28.53352165222168,31.4405517578125,3821.59716796875,3813.955810546875,3839.984619140625,45.128265380859375,46.9131965637207,25.74382781982422,28.192434310913086,3819.695068359375,3813.46923828125,3838.7109375,21.10667610168457,19.415796279907227,13.47336196899414,9.58918285369873,3816.8837890625,3817.131103515625,3832.1181640625,30.554323196411133,26.346908569335938,15.337584495544434,11.919382095336914,3814.521728515625,3816.496337890625,3830.487060546875
downtown_arguing_00,36,0,0,35.335506439208984,47.605648040771484,27.6321964263916,35.478511810302734,4029.370849609375,4039.26513671875,4014.24169921875,59.13821792602539,71.11711120605469,27.366411209106445,33.12345504760742,4026.912109375,4032.611328125,4013.12353515625,24.995473861694336,24.643075942993164,17.666406631469727,16.91609001159668,4004.829345703125,4004.530029296875,4012.5986328125,55.381874084472656,60.3050651550293,15.971261978149414,13.209165573120117,4004.541015625,4001.167236328125,4011.615234375
downtown_arguing_00,37,1,1,42.89292526245117,45.392234802246094,29.63869857788086,32.83910369873047,3817.908935546875,3809.75927734375,3836.932861328125,45.79234313964844,47.60065460205078,26.888935089111328,29.484214782714844,3815.63623046875,3808.832763671875,3835.521240234375,20.85880470275879,19.08524513244629,13.346783638000488,9.443703651428223,3814.544677734375,3814.895263671875,3829.4951171875,30.464216232299805,26.232376098632812,15.275575637817383,11.874743461608887,3811.8642578125,3813.8837890625,3827.738037109375
downtown_arguing_00,37,0,0,35.70654296875,47.68316650390625,27.529911041259766,35.0441780090332,4022.772705078125,4032.640380859375,4010.10693359375,59.31248474121094,71.41261291503906,27.08812141418457,32.861671447753906,4021.225830078125,4026.93896484375,4009.327392578125,25.48062515258789,24.905921936035156,17.48590087890625,16.369577407836914,4001.070068359375,4000.682861328125,4008.89501953125,55.357093811035156,60.2918815612793,15.945857048034668,13.168329238891602,4001.3583984375,3997.920166015625,4008.213623046875
downtown_arguing_00,38,1,1,43.722896575927734,46.43413543701172,30.327606201171875,34.28565979003906,3815.403564453125,3806.251220703125,3834.0283203125,46.58827209472656,48.54644775390625,27.678564071655273,30.839046478271484,3813.246337890625,3805.439208984375,3832.63916015625,20.794376373291016,19.005704879760742,13.294498443603516,9.33730697631836,3811.443359375,3811.79345703125,3826.333740234375,30.413345336914062,26.169292449951172,15.250849723815918,11.857697486877441,3808.8251953125,3810.867919921875,3824.584228515625
downtown_arguing_00,38,0,0,36.04319763183594,46.62559127807617,27.278076171875,34.05972671508789,4020.521728515625,4029.04833984375,4006.047607421875,60.28159713745117,71.73872375488281,27.090316772460938,32.13839340209961,4018.93994140625,4023.3203125,4005.32861328125,25.17538833618164,24.467350006103516,17.296037673950195,16.024320602416992,3996.824951171875,3996.492919921875,4004.33740234375,55.31678771972656,60.26450729370117,15.888184547424316,13.093438148498535,3997.122314453125,3993.60986328125,4003.7451171875
downtown_arguing_00,39,1,1,42.8309211730957,46.02824783325195,29.52358627319336,34.91436004638672,3811.361328125,3802.254150390625,3830.320068359375,45.88131332397461,48.176361083984375,26.755495071411133,31.33097267150879,3809.259521484375,3801.414306640625,3828.943115234375,20.988388061523438,19.21729850769043,13.239781379699707,9.249246597290039,3807.978271484375,3808.412353515625,3822.776123046875,30.392438888549805,26.1517391204834,15.26524829864502,11.883382797241211,3805.4228515625,3807.4482421875,3821.055419921875
downtown_arguing_00,39,0,0,35.73792266845703,45.50271987915039,26.49410057067871,33.27792739868164,4014.02294921875,4021.653564453125,4000.330810546875,60.36225128173828,71.61994934082031,26.368444442749023,31.601823806762695,4012.806396484375,4016.234375,3999.78662109375,24.861703872680664,24.026018142700195,17.072282791137695,15.573660850524902,3991.46533203125,3991.157470703125,3998.763671875,55.29317855834961,60.26715850830078,15.831128120422363,12.998801231384277,3991.948486328125,3988.310546875,3998.330810546875
downtown_arguing_00,40,1,1,45.120811462402344,48.23896789550781,29.072795867919922,34.654052734375,3806.986328125,3797.070068359375,3826.328125,47.30594253540039,49.7425537109375,26.031864166259766,30.895416259765625,3805.62744140625,3796.89501953125,3825.2119140625,21.650001525878906,19.997047424316406,13.2208890914917,9.172120094299316,3803.46875,3803.936279296875,3818.4853515625,30.3863582611084,26.15998077392578,15.252492904663086,11.893588066101074,3801.54931640625,3803.521240234375,3817.040771484375
downtown_arguing_00,40,0,0,35.711795806884766,44.11260223388672,26.350873947143555,32.794715881347656,4008.587890625,4015.063720703125,3994.06396484375,60.255897521972656,71.07352447509766,26.18009376525879,31.313505172729492,4007.251708984375,4009.54296875,3993.575439453125,24.716957092285156,23.884105682373047,16.896690368652344,15.270401000976562,3985.351318359375,3985.05078125,3992.291015625,55.32435989379883,60.33087158203125,15.774017333984375,12.90385913848877,3985.678466796875,3981.928466796875,3991.9228515625
downtown_arguing_00,41,0,0,35.120689392089844,43.16074752807617,24.852924346923828,31.40985679626465,4000.87841796875,4006.172119140625,3986.125244140625,59.75623321533203,70.5746078491211,24.769317626953125,30.06239891052246,3999.72900390625,4000.883544921875,3985.80908203125,24.726032257080078,23.845481872558594,16.721553802490234,14.87010383605957,3978.205322265625,3977.881103515625,3985.004638671875,55.38901138305664,60.4389762878418,15.734562873840332,12.823665618896484,3978.666748046875,3974.843505859375,3984.751953125
downtown_arguing_00,41,1,1,46.16554260253906,49.34764862060547,30.070341110229492,36.08320999145508,3802.4501953125,3791.79150390625,3821.3955078125,48.39760208129883,50.80063247680664,27.246356964111328,32.45746994018555,3801.513671875,3791.9765625,3820.396240234375,22.03091812133789,20.450387954711914,13.184098243713379,9.085859298706055,3799.0654296875,3799.5361328125,3814.150634765625,30.384830474853516,26.17853546142578,15.238377571105957,11.893939018249512,3797.522216796875,3799.4228515625,3812.863525390625
downtown_arguing_00,42,1,1,46.68226623535156,49.93518829345703,29.71596336364746,36.15054702758789,3795.9404296875,3785.5791015625,3816.554443359375,48.84954833984375,51.45634460449219,26.723108291625977,32.56624221801758,3795.01416015625,3785.685791015625,3815.576904296875,22.21304702758789,20.639080047607422,13.11379623413086,8.985013008117676,3794.44775390625,3794.952392578125,3809.38525390625,30.366769790649414,26.172739028930664,15.23087215423584,11.893599510192871,3792.9453125,3794.7607421875,3808.125244140625
downtown_arguing_00,42,0,0,35.591285705566406,42.91034698486328,24.22995948791504,30.765405654907227,3991.8251953125,3995.877197265625,3977.368408203125,59.87101745605469,70.68729400634766,24.125499725341797,29.6906681060791,3991.2880859375,3991.3857421875,3977.3095703125,25.135990142822266,24.17689323425293,16.553234100341797,14.388115882873535,3969.74951171875,3969.35400390625,3976.59619140625,55.436038970947266,60.523109436035156,15.667898178100586,12.734825134277344,3970.728515625,3966.896484375,3976.561767578125
downtown_arguing_00,43,1,1,44.4089469909668,47.415565490722656,27.448165893554688,33.75782012939453,3791.68896484375,3782.61962890625,3811.99853515625,46.861148834228516,49.294471740722656,24.23121452331543,30.351884841918945,3790.435546875,3782.38427734375,3810.885498046875,21.795421600341797,20.170320510864258,13.025581359863281,8.887460708618164,3790.477783203125,3790.93359375,3805.08984375,30.332773208618164,26.144306182861328,15.230467796325684,11.89592170715332,3788.706787109375,3790.436767578125,3803.697021484375
downtown_arguing_00,43,0,0,37.0220947265625,44.8664665222168,24.855106353759766,31.490724563598633,3985.629638671875,3990.095458984375,3968.93505859375,60.9068489074707,71.96150970458984,24.80244255065918,30.431190490722656,3984.88037109375,3985.326171875,3968.8798828125,25.070850372314453,24.15683937072754,16.45207977294922,14.273443222045898,3962.35791015625,3962.010986328125,3968.75146484375,55.444053649902344,60.53652572631836,15.580262184143066,12.646658897399902,3963.215576171875,3959.39599609375,3968.670654296875
downtown_arguing_00,44,1,1,44.77528762817383,48.678794860839844,28.438203811645508,35.82773971557617,3784.948974609375,3775.614013671875,3807.198486328125,46.88384246826172,50.34033966064453,24.97406768798828,32.375911712646484,3783.639892578125,3775.1611328125,3806.084228515625,22.365819931030273,20.74651336669922,12.946314811706543,8.823101043701172,3786.573974609375,3787.147216796875,3800.938720703125,30.283655166625977,26.100597381591797,15.224802017211914,11.900821685791016,3784.810546875,3786.443359375,3799.586669921875
downtown_arguing_00,44,0,0,38.44158935546875,45.53543472290039,25.643129348754883,32.394596099853516,3981.229736328125,3984.4599609375,3962.323974609375,62.05733871459961,73.096435546875,25.839147567749023,31.563379287719727,3980.71484375,3980.0185546875,3962.366455078125,25.184085845947266,24.226133346557617,16.353099822998047,14.079148292541504,3955.521240234375,3955.178466796875,3961.6962890625,55.48537826538086,60.578861236572266,15.52291202545166,12.608007431030273,3956.69921875,3952.849853515625,3961.73388671875
downtown_arguing_00,45,1,0,36.69681930541992,44.11162185668945,24.175039291381836,32.079437255859375,3974.183837890625,3976.308349609375,3956.782958984375,61.297691345214844,72.53050231933594,24.245914459228516,30.923789978027344,3973.93359375,3972.194091796875,3956.984375,25.203859329223633,24.21254539489746,16.318931579589844,13.967731475830078,3950.845703125,3950.53369140625,3956.82177734375,55.57923889160156,60.715946197509766,15.529208183288574,12.619538307189941,3952.150390625,3948.316162109375,3956.95751953125
downtown_arguing_00,45,0,1,44.42713928222656,48.59165954589844,29.97763442993164,34.095611572265625,3778.70361328125,3770.8251953125,3804.688232421875,47.010005950927734,50.89616012573242,26.357755661010742,30.801572799682617,3776.627197265625,3769.57666015625,3803.3310546875,21.793607711791992,20.10500717163086,12.850935935974121,8.793381690979004,3783.905029296875,3784.42822265625,3797.760009765625,30.28220558166504,26.12333106994629,15.23644733428955,11.925804138183594,3781.541259765625,3783.0625,3796.114013671875
downtown_arguing_00,46,1,0,36.47136688232422,42.31636047363281,24.29126739501953,31.563636779785156,3971.152099609375,3972.9189453125,3955.03564453125,61.24106216430664,72.1329116821289,24.55817222595215,30.629093170166016,3971.19775390625,3969.131103515625,3955.33544921875,25.151124954223633,24.081405639648438,16.26622772216797,13.804092407226562,3947.975830078125,3947.662353515625,3953.919677734375,55.637115478515625,60.83454513549805,15.544623374938965,12.666426658630371,3949.4453125,3945.573486328125,3954.240234375
downtown_arguing_00,46,0,1,47.63460922241211,50.88811492919922,32.360260009765625,34.682743072509766,3772.48193359375,3764.85400390625,3801.753662109375,50.18217849731445,53.07597732543945,28.880592346191406,31.697668075561523,3770.658447265625,3763.971923828125,3800.49951171875,21.527793884277344,19.930233001708984,12.85318660736084,8.755147933959961,3780.37841796875,3780.694580078125,3794.294921875,30.291717529296875,26.154268264770508,15.250444412231445,11.942004203796387,3778.359130859375,3779.767333984375,3792.7216796875
downtown_arguing_00,47,1,0,34.66021728515625,40.827938079833984,23.647695541381836,30.95182228088379,3968.262451171875,3969.99169921875,3952.692626953125,59.663307189941406,70.65238189697266,23.705184936523438,29.970703125,3968.424560546875,3966.33935546875,3953.2109375,25.68560791015625,24.656394958496094,16.212108612060547,13.641862869262695,3946.969970703125,3946.535888671875,3952.803466796875,55.58047866821289,60.81668472290039,15.464810371398926,12.637674331665039,3948.44140625,3944.468505859375,3953.23583984375
downtown_arguing_00,47,0,1,47.83737564086914,50.57928466796875,32.72943115234375,34.19178009033203,3767.91650390625,3760.71240234375,3797.629150390625,50.419952392578125,52.53697204589844,29.817184448242188,31.597997665405273,3766.510986328125,3760.302490234375,3796.519775390625,21.760822296142578,20.27814483642578,12.873029708862305,8.71675968170166,3776.900390625,3777.092041015625,3790.935546875,30.315603256225586,26.198923110961914,15.285890579223633,11.966034889221191,3775.3837890625,3776.684326171875,3789.552001953125
downtown_arguing_00,48,1,0,33.74531173706055,39.848751068115234,23.878578186035156,31.221115112304688,3966.10693359375,3967.65283203125,3953.093994140625,59.68495559692383,70.84294891357422,24.308216094970703,30.60999870300293,3966.273193359375,3963.878173828125,3953.639892578125,25.19253921508789,24.101272583007812,16.152912139892578,13.615564346313477,3947.669921875,3947.30810546875,3953.270751953125,55.52573013305664,60.791778564453125,15.405924797058105,12.620795249938965,3948.9326171875,3944.876953125,3953.72265625
downtown_arguing_00,48,0,1,47.5128288269043,48.72197723388672,32.19118118286133,32.56570053100586,3763.461181640625,3758.445068359375,3794.13623046875,50.00555419921875,50.80735397338867,29.66521644592285,30.56307601928711,3761.684814453125,3757.489990234375,3792.906005859375,22.20619010925293,20.695398330688477,12.774101257324219,8.66373348236084,3774.353515625,3774.642578125,3788.02001953125,30.427717208862305,26.308835983276367,15.291987419128418,12.015729904174805,3772.55419921875,3773.721435546875,3786.5458984375
downtown_arguing_00,49,1,0,33.49909210205078,40.34850311279297,23.735523223876953,31.901321411132812,3967.228515625,3968.17431640625,3953.968994140625,60.06058120727539,71.7345962524414,23.946483612060547,31.229225158691406,3967.523681640625,3964.5625,3954.75537109375,25.532960891723633,24.386381149291992,16.114490509033203,13.444655418395996,3948.989501953125,3948.564697265625,3954.71728515625,55.49388885498047,60.80263137817383,15.362348556518555,12.608046531677246,3950.448974609375,3946.34375,3955.358154296875
downtown_arguing_00,49,0,1,47.994300842285156,49.561954498291016,31.368993759155273,31.903181076049805,3759.08349609375,3753.59033203125,3790.089599609375,50.336997985839844,51.3428955078125,29.01882553100586,29.943119049072266,3757.906005859375,3753.2705078125,3789.077880859375,22.609573364257812,21.249073028564453,12.892328262329102,8.724536895751953,3770.043212890625,3770.18310546875,3783.980712890625,30.624961853027344,26.533802032470703,15.422647476196289,12.147709846496582,3768.81396484375,3769.861328125,3782.74072265625
downtown_arguing_00,50,1,0,32.92377853393555,41.321834564208984,23.499191284179688,32.38040542602539,3968.54931640625,3970.358642578125,3955.15234375,60.009151458740234,72.47462463378906,23.48491859436035,31.61818504333496,3968.23095703125,3965.85595703125,3955.919677734375,25.00833511352539,23.906314849853516,16.145952224731445,13.628741264343262,3951.38134765625,3951.03515625,3956.704345703125,55.46088409423828,60.824092864990234,15.36629867553711,12.655616760253906,3952.28466796875,3948.072265625,3957.26904296875
downtown_arguing_00,50,0,1,47.229209899902344,49.72370910644531,30.15922737121582,30.783124923706055,3755.01123046875,3748.947509765625,3784.2783203125,49.07846450805664,50.86924743652344,27.488161087036133,28.43837547302246,3754.65576171875,3749.463134765625,3783.58984375,23.48050308227539,22.30256462097168,13.066413879394531,8.859247207641602,3764.094970703125,3764.149169921875,3778.39794921875,30.860599517822266,26.79836654663086,15.576811790466309,12.298961639404297,3763.57470703125,3764.526123046875,3777.515869140625
downtown_arguing_00,51,1,0,33.65492630004883,43.23020935058594,23.97797966003418,33.021060943603516,3973.150146484375,3975.578369140625,3956.30224609375,60.71328353881836,73.75630950927734,23.82904052734375,32.13728332519531,3972.21435546875,3970.234619140625,3957.113037109375,24.769332885742188,23.683452606201172,16.16547966003418,13.685934066772461,3953.197509765625,3952.864501953125,3958.302734375,55.422969818115234,60.837486267089844,15.36928653717041,12.68018913269043,3953.810791015625,3949.461181640625,3958.87548828125
downtown_arguing_00,51,0,1,44.99485778808594,47.57710647583008,29.48414421081543,30.474498748779297,3749.723388671875,3744.252197265625,3775.348876953125,47.28606414794922,48.890132904052734,26.875574111938477,28.23615074157715,3749.109375,3744.431396484375,3774.580322265625,23.71889877319336,22.536170959472656,13.11509895324707,8.935113906860352,3756.63720703125,3756.723388671875,3770.774169921875,31.0675048828125,27.027212142944336,15.696480751037598,12.416342735290527,3755.802001953125,3756.70751953125,3769.865234375
downtown_arguing_00,52,1,0,34.38389205932617,43.821590423583984,22.328977584838867,30.639347076416016,3977.885986328125,3979.2978515625,3957.039306640625,60.78534698486328,73.32518768310547,21.77115249633789,29.261674880981445,3976.52685546875,3973.471435546875,3957.905029296875,24.772804260253906,23.687070846557617,16.171226501464844,13.677251815795898,3953.963134765625,3953.62451171875,3958.98876953125,55.397865295410156,60.811954498291016,15.388111114501953,12.717514038085938,3954.539794921875,3950.068115234375,3959.61767578125
downtown_arguing_00,52,0,1,44.51478958129883,47.87691879272461,25.502521514892578,28.366666793823242,3742.682861328125,3734.908447265625,3762.882080078125,47.079383850097656,49.03165054321289,22.86682891845703,26.180862426757812,3743.040771484375,3736.023193359375,3762.52490234375,24.649497985839844,23.676239013671875,13.284720420837402,9.135860443115234,3744.0458984375,3744.058837890625,3758.70068359375,31.243083953857422,27.240564346313477,15.698017120361328,12.451641082763672,3743.89453125,3744.78466796875,3758.227294921875
downtown_arguing_00,53,1,0,36.610862731933594,45.11426544189453,22.413745880126953,30.08765983581543,3984.25927734375,3985.286865234375,3958.56201171875,62.4205436706543,74.15341186523438,21.820661544799805,28.677757263183594,3982.45703125,3978.875732421875,3959.505859375,24.585927963256836,23.469575881958008,16.15176010131836,13.636974334716797,3955.183837890625,3954.876708984375,3960.14892578125,55.43550109863281,60.83147048950195,15.405625343322754,12.745504379272461,3955.7734375,3951.179443359375,3960.863525390625
downtown_arguing_00,53,0,1,43.35011672973633,46.105594635009766,21.941783905029297,25.774608612060547,3731.947021484375,3724.748779296875,3748.969482421875,45.700252532958984,47.06661605834961,19.433752059936523,23.88611602783203,3732.78564453125,3726.455078125,3748.908447265625,25.135835647583008,24.358858108520508,13.482205390930176,9.385420799255371,3730.03955078125,3729.90869140625,3745.122314453125,31.415775299072266,27.46074676513672,15.692122459411621,12.457319259643555,3730.337890625,3731.224365234375,3744.958984375
downtown_arguing_00,54,0,0,35.47238540649414,43.029083251953125,20.831357955932617,27.540369033813477,3984.826904296875,3985.785400390625,3960.24267578125,61.32100296020508,72.01808166503906,20.2697811126709,26.2911319732666,3983.205810546875,3979.490234375,3961.3427734375,24.817094802856445,23.66773223876953,16.113107681274414,13.49233341217041,3956.189697265625,3955.812744140625,3961.230224609375,55.473289489746094,60.85660934448242,15.388357162475586,12.719989776611328,3956.88427734375,3952.17333984375,3962.130615234375
downtown_arguing_00,54,1,1,40.729251861572266,43.3056640625,20.835205078125,23.72345733642578,3719.414794921875,3714.237060546875,3734.897705078125,43.45449447631836,44.74705123901367,18.90972137451172,22.95461654663086,3720.307861328125,3716.13427734375,3735.01904296875,25.49797821044922,24.888355255126953,13.692511558532715,9.6298828125,3717.1455078125,3716.94189453125,3732.2607421875,31.617656707763672,27.726913452148438,15.802416801452637,12.599772453308105,3717.517822265625,3718.42431640625,3732.354248046875
downtown_arguing_00,55,0,0,35.03593063354492,43.447288513183594,20.70282745361328,28.24073600769043,3984.09326171875,3984.830078125,3960.861328125,61.091148376464844,72.15048217773438,20.031688690185547,27.067346572875977,3982.31298828125,3978.26318359375,3962.08740234375,24.666946411132812,23.54677391052246,16.105093002319336,13.533856391906738,3957.742431640625,3957.35595703125,3962.5625,55.470062255859375,60.83916091918945,15.389256477355957,12.70622444152832,3958.179931640625,3953.35400390625,3963.5166015625
downtown_arguing_00,55,1,1,41.859397888183594,43.21671676635742,21.868030548095703,24.038616180419922,3709.9150390625,3704.452880859375,3720.806884765625,44.2275390625,44.647216796875,19.47454833984375,23.009286880493164,3710.935302734375,3706.633544921875,3721.059326171875,25.29279899597168,24.812761306762695,13.811687469482422,9.841580390930176,3703.348876953125,3702.991455078125,3718.608154296875,31.67873191833496,27.866981506347656,15.720244407653809,12.598787307739258,3703.702880859375,3704.657958984375,3718.849609375
downtown_arguing_00,56,0,0,36.590396881103516,44.41173553466797,21.268827438354492,28.338436126708984,3987.59912109375,3987.9912109375,3961.296142578125,61.929779052734375,72.43592071533203,20.554121017456055,27.24964141845703,3985.621826171875,3981.1669921875,3962.65869140625,24.53985023498535,23.393301010131836,16.096569061279297,13.491751670837402,3958.583251953125,3958.21142578125,3963.36279296875,55.449195861816406,60.80670928955078,15.392223358154297,12.68904972076416,3959.0673828125,3954.1796875,3964.40869140625
downtown_arguing_00,56,1,1,37.17060470581055,37.48961639404297,20.541942596435547,22.106632232666016,3697.484619140625,3693.47705078125,3705.94482421875,40.37787628173828,39.56800842285156,18.34679412841797,21.543642044067383,3698.4736328125,3695.842041015625,3706.288818359375,24.974775314331055,24.542268753051758,13.933616638183594,10.041077613830566,3688.90869140625,3688.3916015625,3704.2861328125,31.66395378112793,27.894018173217773,15.661297798156738,12.584104537963867,3689.28857421875,3690.288818359375,3704.63818359375
downtown_arguing_00,57,0,0,39.12721252441406,46.29629898071289,22.370433807373047,29.366432189941406,3991.22607421875,3990.093017578125,3961.567138671875,63.169227600097656,72.98433685302734,21.20339012145996,27.94921875,3989.341796875,3983.54345703125,3963.146240234375,25.10401153564453,23.93745231628418,16.113332748413086,13.435276985168457,3959.069091796875,3958.552490234375,3963.819091796875,55.42719268798828,60.76919174194336,15.36665153503418,12.684403419494629,3959.914306640625,3954.958251953125,3965.045166015625
downtown_arguing_00,57,1,1,35.84489440917969,35.90185546875,19.671009063720703,21.835800170898438,3685.330078125,3681.438232421875,3692.04736328125,40.3223876953125,39.0097770690918,17.656618118286133,21.339298248291016,3686.167236328125,3683.789794921875,3692.414794921875,24.63172149658203,24.18035125732422,14.086941719055176,10.218613624572754,3674.88720703125,3674.208251953125,3690.2509765625,31.716405868530273,27.96880340576172,15.705704689025879,12.616578102111816,3675.07421875,3676.09765625,3690.598388671875
downtown_arguing_00,58,0,0,39.444427490234375,46.655303955078125,22.431476593017578,28.968629837036133,3993.03857421875,3992.611328125,3962.178955078125,62.907569885253906,72.56208038330078,21.377925872802734,27.648801803588867,3991.165771484375,3985.968505859375,3963.943359375,24.97325897216797,23.761878967285156,16.125381469726562,13.465641975402832,3960.4931640625,3959.991455078125,3964.95654296875,55.399845123291016,60.731658935546875,15.330853462219238,12.678804397583008,3961.46337890625,3956.483642578125,3966.309814453125
downtown_arguing_00,58,1,1,36.38275909423828,35.46110153198242,19.98519515991211,21.74434471130371,3675.585693359375,3671.07275390625,3680.0439453125,41.53147506713867,39.73107147216797,18.292200088500977,21.641111373901367,3676.4091796875,3673.5576171875,3680.43994140625,24.474201202392578,24.002304077148438,14.257630348205566,10.3634033203125,3662.548095703125,3661.7333984375,3677.74072265625,31.782955169677734,28.033851623535156,15.779679298400879,12.632048606872559,3662.53466796875,3663.59521484375,3678.114990234375
downtown_arguing_00,59,0,0,40.12548828125,46.90227127075195,22.509273529052734,27.90690803527832,3994.38037109375,3994.44091796875,3962.800537109375,62.54087448120117,71.83136749267578,21.53145408630371,26.811134338378906,3992.796630859375,3988.083740234375,3964.753662109375,25.27123260498047,24.03622817993164,16.145753860473633,13.461653709411621,3961.773681640625,3961.171630859375,3965.982421875,55.379310607910156,60.72350311279297,15.306681632995605,12.692898750305176,3963.03515625,3958.000732421875,3967.471923828125
downtown_arguing_00,59,1,1,36.60871887207031,35.45952224731445,20.42608070373535,22.1224422454834,3663.617919921875,3658.80712890625,3668.06982421875,41.63319778442383,39.16645812988281,18.163484573364258,21.46916389465332,3664.393798828125,3661.224365234375,3668.48193359375,24.77248764038086,24.33277130126953,14.272473335266113,10.338907241821289,3651.488037109375,3650.770263671875,3666.4248046875,31.779327392578125,28.01694679260254,15.814315795898438,12.615240097045898,3651.431640625,3652.5302734375,3666.9013671875
downtown_arguing_00,60,0,0,39.347076416015625,46.7245979309082,22.70978355407715,28.762502670288086,3993.712890625,3994.0888671875,3963.572021484375,62.197200775146484,72.05357360839844,21.77353286743164,27.692352294921875,3992.2490234375,3987.82177734375,3965.470703125,25.20035743713379,23.99845314025879,16.1699161529541,13.544748306274414,3962.87060546875,3962.24951171875,3966.65283203125,55.331092834472656,60.69501495361328,15.272062301635742,12.670722007751465,3964.120361328125,3959.07373046875,3968.094482421875
downtown_arguing_00,60,1,1,35.97441482543945,34.62458801269531,20.888254165649414,22.238340377807617,3654.54638671875,3649.6669921875,3657.388671875,41.20081329345703,38.95299530029297,19.366714477539062,22.4348201751709,3655.1025390625,3651.826171875,3657.715087890625,24.671655654907227,24.18798828125,14.138258934020996,10.131966590881348,3641.757568359375,3641.14111328125,3656.257080078125,31.721942901611328,27.950862884521484,15.817659378051758,12.605607032775879,3641.431884765625,3642.576416015625,3656.69921875
downtown_arguing_00,61,0,0,38.57769775390625,46.85300064086914,22.287412643432617,28.437910079956055,3992.434326171875,3993.373291015625,3964.06298828125,61.90171813964844,72.07466125488281,21.370691299438477,27.492006301879883,3991.0068359375,3987.0595703125,3965.954833984375,24.855602264404297,23.683574676513672,16.17844009399414,13.636338233947754,3964.581298828125,3963.98583984375,3967.849853515625,55.304786682128906,60.699466705322266,15.229290008544922,12.619733810424805,3965.718017578125,3960.6630859375,3969.20458984375
downtown_arguing_00,61,1,1,35.097625732421875,34.12665557861328,21.542285919189453,22.378864288330078,3643.92236328125,3639.5615234375,3647.213623046875,40.739139556884766,38.59855270385742,19.94961929321289,22.598285675048828,3644.142822265625,3641.37060546875,3647.486572265625,24.584915161132812,24.059864044189453,14.057563781738281,10.000496864318848,3632.34912109375,3631.81884765625,3646.437744140625,31.706470489501953,27.93947410583496,15.883773803710938,12.680084228515625,3631.780517578125,3632.973388671875,3646.839111328125
downtown_arguing_00,62,0,0,37.62618637084961,45.23222732543945,21.986835479736328,27.42280387878418,3992.6650390625,3993.23291015625,3965.830078125,60.722511291503906,70.5836181640625,21.012847900390625,26.542518615722656,3991.46142578125,3987.13671875,3967.69482421875,24.641504287719727,23.495439529418945,16.196592330932617,13.720643043518066,3966.117919921875,3965.5234375,3968.979736328125,55.30438995361328,60.7568473815918,15.22793960571289,12.616776466369629,3967.385986328125,3962.29638671875,3970.330322265625
downtown_arguing_00,62,1,1,36.44849395751953,35.31513595581055,22.759984970092773,22.5924015045166,3635.0830078125,3630.576904296875,3637.416748046875,42.01951599121094,39.520870208740234,20.44923973083496,22.420717239379883,3634.924560546875,3632.01025390625,3637.53662109375,24.27493667602539,23.66084098815918,13.997210502624512,9.90461254119873,3622.97900390625,3622.52392578125,3636.60009765625,31.72211265563965,27.964292526245117,15.956331253051758,12.735556602478027,3621.981689453125,3623.235107421875,3636.863037109375
downtown_arguing_00,63,0,0,36.957279205322266,45.659271240234375,21.82144546508789,27.672590255737305,3992.612548828125,3993.748291015625,3966.992431640625,60.57133483886719,71.08121490478516,20.66852378845215,26.605270385742188,3991.525634765625,3987.702880859375,3968.819091796875,24.260793685913086,23.141695022583008,16.253293991088867,13.882137298583984,3967.863037109375,3967.343505859375,3970.389404296875,55.35986328125,60.8646125793457,15.2296781539917,12.609621047973633,3969.157958984375,3964.137451171875,3971.67041015625
downtown_arguing_00,63,1,1,37.59954071044922,36.12862014770508,23.364051818847656,23.227514266967773,3624.274658203125,3619.427734375,3628.299072265625,42.76367950439453,39.90901184082031,20.540376663208008,22.52968406677246,3624.15869140625,3620.86279296875,3628.5390625,24.56032943725586,23.95329475402832,14.011274337768555,9.926353454589844,3613.78369140625,3613.46337890625,3627.090576171875,31.734060287475586,27.968442916870117,15.980757713317871,12.737879753112793,3612.80029296875,3614.135009765625,3627.468994140625
downtown_arguing_00,64,0,0,38.02973175048828,46.91804885864258,22.312902450561523,28.304271697998047,3996.368408203125,3997.927734375,3969.498291015625,61.49156188964844,72.44678497314453,21.12088966369629,27.02886390686035,3995.346435546875,3991.964111328125,3971.2548828125,24.197656631469727,23.11566162109375,16.286985397338867,13.988073348999023,3970.04833984375,3969.5556640625,3972.264892578125,55.369388580322266,60.90638732910156,15.214152336120605,12.573128700256348,3971.520263671875,3966.5908203125,3973.487060546875
downtown_arguing_00,64,1,1,38.99558639526367,37.966182708740234,24.68661880493164,24.063941955566406,3615.540283203125,3609.792724609375,3621.953857421875,44.555763244628906,42.305076599121094,21.565011978149414,23.0552978515625,3614.489990234375,3610.44970703125,3621.81396484375,23.241798400878906,22.42930030822754,13.876471519470215,9.750202178955078,3606.8134765625,3606.3876953125,3619.344970703125,31.70425796508789,27.92952537536621,15.972127914428711,12.715810775756836,3604.893798828125,3606.302978515625,3619.25537109375
downtown_arguing_00,65,0,0,39.41956329345703,49.17506790161133,22.385562896728516,28.288005828857422,3997.497314453125,4000.176025390625,3970.68603515625,62.548583984375,73.72638702392578,21.01202392578125,26.904279708862305,3996.94384765625,3994.593017578125,3972.680908203125,24.083375930786133,22.999353408813477,16.27780532836914,13.934447288513184,3972.8525390625,3972.413330078125,3974.950927734375,55.38910675048828,60.959716796875,15.190601348876953,12.529143333435059,3974.82470703125,3970.0029296875,3976.2421875
downtown_arguing_00,65,1,1,41.133785247802734,41.126731872558594,25.130962371826172,25.669960021972656,3607.42529296875,3599.9931640625,3615.300537109375,46.281524658203125,44.872283935546875,21.56363868713379,23.67009162902832,3606.62060546875,3600.790283203125,3615.3251953125,23.62924575805664,22.85881996154785,13.853667259216309,9.76561450958252,3600.047607421875,3599.7802734375,3612.221923828125,31.645353317260742,27.867185592651367,15.937475204467773,12.701116561889648,3598.30859375,3599.786865234375,3612.3095703125
downtown_arguing_00,66,0,0,39.43502426147461,49.78267288208008,22.963926315307617,29.74728012084961,3999.52783203125,4002.835205078125,3974.623046875,62.694480895996094,74.29405212402344,21.651676177978516,28.211688995361328,3998.672119140625,3996.86865234375,3976.2421875,23.550003051757812,22.606441497802734,16.396652221679688,14.353362083435059,3977.639892578125,3977.299072265625,3979.045166015625,55.45298767089844,61.05854034423828,15.180486679077148,12.507803916931152,3979.072021484375,3974.318359375,3979.958740234375
downtown_arguing_00,66,1,1,40.97309494018555,40.319461822509766,26.190391540527344,28.00994873046875,3601.86572265625,3595.455078125,3608.36181640625,45.82279586791992,44.032649993896484,21.97623634338379,25.329486846923828,3601.350341796875,3596.59716796875,3608.602783203125,23.89923858642578,23.1994571685791,13.898855209350586,9.8397216796875,3594.472900390625,3594.23828125,3606.228515625,31.525455474853516,27.728713989257812,15.888195037841797,12.668109893798828,3593.023681640625,3594.589111328125,3606.614013671875
downtown_arguing_00,67,0,0,40.36394119262695,50.46621322631836,22.963483810424805,29.959793090820312,4004.703125,4008.076171875,3978.938232421875,63.397361755371094,74.75362396240234,21.608163833618164,28.307737350463867,4003.94287109375,4002.230712890625,3980.589599609375,23.405590057373047,22.4947509765625,16.444910049438477,14.428247451782227,3982.84814453125,3982.54833984375,3984.009033203125,55.5380744934082,61.19609069824219,15.189446449279785,12.503630638122559,3984.489501953125,3979.81689453125,3984.89013671875
downtown_arguing_00,67,1,1,39.75409698486328,38.76320266723633,26.23613739013672,28.28731346130371,3597.51953125,3591.322509765625,3602.804931640625,44.8670768737793,42.87279510498047,22.115392684936523,25.83489227294922,3596.818359375,3592.28369140625,3603.01611328125,23.741840362548828,23.033817291259766,13.837031364440918,9.813751220703125,3590.681884765625,3590.5400390625,3601.846923828125,31.4046630859375,27.601789474487305,15.836406707763672,12.660158157348633,3589.09375,3590.747314453125,3602.260009765625
downtown_arguing_00,68,0,0,41.433631896972656,50.56198501586914,23.112102508544922,28.74243927001953,4012.705810546875,4015.66845703125,3985.19091796875,63.3511848449707,73.96687316894531,21.753416061401367,27.165081024169922,4011.8818359375,4009.980224609375,3986.777587890625,23.823808670043945,22.89571189880371,16.505510330200195,14.487930297851562,3989.3642578125,3988.9775390625,3990.19873046875,55.626312255859375,61.33401870727539,15.182530403137207,12.483217239379883,3991.068603515625,3986.468505859375,3991.01513671875
downtown_arguing_00,68,1,1,38.55087661743164,36.44158935546875,25.75537109375,27.24159049987793,3596.98193359375,3591.78955078125,3598.4423828125,43.508609771728516,40.43764877319336,21.95876121520996,25.0506534576416,3596.207275390625,3592.619384765625,3598.658203125,23.73512077331543,23.028188705444336,13.783964157104492,9.808089256286621,3587.636474609375,3587.669677734375,3598.233154296875,31.285926818847656,27.48088264465332,15.78887939453125,12.659392356872559,3585.932373046875,3587.693603515625,3598.692626953125
downtown_arguing_00,69,0,0,41.82410430908203,52.127281188964844,23.496244430541992,30.573562622070312,4018.056396484375,4021.400390625,3992.216064453125,64.01856994628906,75.50240325927734,22.217082977294922,29.009233474731445,4017.400146484375,4015.921630859375,3993.784423828125,23.692731857299805,22.787168502807617,16.496849060058594,14.516002655029297,3997.367919921875,3997.009765625,3997.90380859375,55.708072662353516,61.44561004638672,15.140976905822754,12.42332935333252,3999.089111328125,3994.591796875,3998.6484375
downtown_arguing_00,69,1,1,37.48812484741211,35.20673751831055,24.52678108215332,26.114274978637695,3595.2783203125,3590.051025390625,3595.447021484375,42.64108657836914,39.41794967651367,21.387617111206055,24.54969596862793,3594.596435546875,3590.94482421875,3595.79541015625,23.905126571655273,23.276538848876953,13.812171936035156,9.904963493347168,3585.4658203125,3585.570068359375,3595.640625,31.206905364990234,27.432682037353516,15.737602233886719,12.674179077148438,3583.812744140625,3585.622314453125,3596.26416015625
downtown_arguing_00,70,0,0,43.43271255493164,54.412071228027344,24.54949951171875,31.903568267822266,4023.934326171875,4028.603515625,4000.785400390625,65.19587707519531,77.158447265625,23.280574798583984,30.20960807800293,4023.444091796875,4023.307861328125,4002.230224609375,23.8494930267334,22.996416091918945,16.502540588378906,14.551485061645508,4006.46484375,4006.072998046875,4006.682861328125,55.765113830566406,61.5430908203125,15.09447956085205,12.35271167755127,4008.09619140625,4003.697509765625,4007.316650390625
downtown_arguing_00,70,1,1,36.22041320800781,33.914127349853516,23.552915573120117,24.47201919555664,3594.633056640625,3590.57958984375,3593.132568359375,41.28825378417969,37.89174270629883,20.84284782409668,23.69145965576172,3594.162353515625,3591.5654296875,3593.723876953125,24.578031539916992,24.063196182250977,13.794241905212402,9.977707862854004,3584.111328125,3584.4072265625,3593.897705078125,31.10920524597168,27.35329246520996,15.635910987854004,12.65268325805664,3582.68603515625,3584.52685546875,3594.799072265625
downtown_arguing_00,71,0,0,44.492794036865234,55.97583770751953,26.015512466430664,33.30898666381836,4035.49951171875,4040.72900390625,4010.609130859375,66.40264892578125,78.9931869506836,24.804710388183594,31.634784698486328,4035.041748046875,4035.575927734375,4012.119873046875,24.02012062072754,23.11964988708496,16.474172592163086,14.40762710571289,4015.937744140625,4015.52783203125,4016.1083984375,55.82100296020508,61.64268112182617,15.066643714904785,12.308788299560547,4017.8251953125,4013.56982421875,4016.811279296875
downtown_arguing_00,71,1,1,35.87535858154297,32.44487380981445,24.134864807128906,24.16685676574707,3597.20751953125,3593.109375,3592.75,41.10501480102539,37.076454162597656,21.936443328857422,24.176898956298828,3596.5615234375,3593.946044921875,3593.285888671875,24.20909309387207,23.69426727294922,13.714385986328125,9.951766967773438,3585.277099609375,3585.5791015625,3594.38134765625,30.98074722290039,27.241317749023438,15.511237144470215,12.611103057861328,3583.602783203125,3585.47998046875,3595.2724609375
downtown_arguing_00,72,0,0,45.49868392944336,57.192901611328125,26.356287002563477,33.77067184448242,4045.321044921875,4051.6748046875,4020.885498046875,67.09500122070312,80.06977081298828,25.072246551513672,31.904970169067383,4044.68017578125,4046.2900390625,4022.21728515625,23.533363342285156,22.664859771728516,16.521766662597656,14.586332321166992,4026.71142578125,4026.398193359375,4026.71435546875,55.88495635986328,61.75936508178711,15.065668106079102,12.304017066955566,4028.37890625,4024.27392578125,4027.232177734375
downtown_arguing_00,72,1,1,33.11897277832031,30.31104850769043,23.615074157714844,23.540786743164062,3599.514404296875,3596.80517578125,3593.34375,39.14662551879883,35.67142105102539,21.858020782470703,23.986530303955078,3597.821044921875,3596.42236328125,3593.28466796875,23.58953285217285,22.898160934448242,13.451568603515625,9.735634803771973,3587.95263671875,3588.4326171875,3596.444091796875,30.868118286132812,27.162357330322266,15.411187171936035,12.567005157470703,3585.46142578125,3587.332763671875,3596.72412109375
downtown_arguing_00,73,0,0,47.82527542114258,60.68434524536133,27.005475997924805,34.4607048034668,4056.1904296875,4064.00830078125,4031.98046875,69.05196380615234,82.82450103759766,25.638635635375977,32.036888122558594,4055.150390625,4058.1279296875,4033.07861328125,22.942319869995117,22.140544891357422,16.563800811767578,14.817780494689941,4038.55419921875,4038.3349609375,4038.43408203125,56.05044937133789,61.95820999145508,15.064945220947266,12.278674125671387,4039.8193359375,4035.8525390625,4038.707275390625
downtown_arguing_00,73,1,1,34.175628662109375,31.319849014282227,24.41384506225586,23.878564834594727,3603.807373046875,3601.58642578125,3596.187744140625,39.68372344970703,36.450950622558594,22.703369140625,24.841642379760742,3601.738525390625,3600.645263671875,3595.94189453125,23.784488677978516,23.027366638183594,13.266311645507812,9.620708465576172,3591.33984375,3591.98193359375,3599.287353515625,30.793306350708008,27.109188079833984,15.24810791015625,12.49927806854248,3588.55126953125,3590.41259765625,3599.332275390625
downtown_arguing_00,74,0,0,48.819305419921875,61.36048889160156,25.646642684936523,33.5318603515625,4065.08056640625,4072.7763671875,4043.327392578125,69.67420196533203,83.24346923828125,24.28391456604004,31.02933120727539,4063.98876953125,4066.880126953125,4044.24609375,22.292686462402344,21.584835052490234,16.580425262451172,15.004630088806152,4050.795654296875,4050.667236328125,4050.624267578125,56.22538757324219,62.1429328918457,15.052813529968262,12.230620384216309,4051.764404296875,4047.921630859375,4050.67431640625
downtown_arguing_00,74,1,1,33.19758224487305,30.7703857421875,24.298004150390625,24.080379486083984,3608.048095703125,3605.601318359375,3600.5263671875,39.358245849609375,36.452064514160156,23.641435623168945,25.93655776977539,3605.67822265625,3604.28369140625,3600.0869140625,23.687509536743164,22.870704650878906,13.115156173706055,9.502699851989746,3596.2626953125,3596.98046875,3603.60595703125,30.716154098510742,27.048831939697266,15.096905708312988,12.431678771972656,3593.224609375,3595.08251953125,3603.42724609375
downtown_arguing_00,75,0,0,48.47944641113281,60.65352249145508,25.677902221679688,33.040687561035156,4077.6396484375,4085.322265625,4055.82373046875,69.03787231445312,82.45901489257812,24.035472869873047,30.218368530273438,4076.4140625,4079.5537109375,4056.56103515625,22.8095760345459,22.11589813232422,16.605703353881836,15.007563591003418,4063.21484375,4062.998291015625,4063.056884765625,56.345951080322266,62.260528564453125,15.049474716186523,12.197053909301758,4064.035400390625,4060.350341796875,4062.96923828125
downtown_arguing_00,75,1,1,34.16053771972656,32.54352951049805,24.561546325683594,24.47501564025879,3612.330078125,3610.5302734375,3605.142333984375,39.40336227416992,37.08060073852539,24.56785774230957,27.02780532836914,3609.87255859375,3608.87109375,3604.6806640625,25.269357681274414,24.389484405517578,12.99158000946045,9.422250747680664,3602.048828125,3603.109375,3608.768798828125,30.60293197631836,26.937297821044922,15.00389575958252,12.389405250549316,3599.03662109375,3600.911376953125,3608.577880859375
downtown_arguing_00,76,0,0,48.269981384277344,60.94709396362305,26.135589599609375,33.7191047668457,4090.0625,4097.4453125,4068.305419921875,69.11349487304688,83.00965118408203,24.370258331298828,30.893964767456055,4088.76806640625,4091.75390625,4069.029296875,22.851795196533203,22.149560928344727,16.584705352783203,14.952537536621094,4075.43505859375,4075.17724609375,4075.41943359375,56.51371765136719,62.42982864379883,15.060477256774902,12.172713279724121,4076.267822265625,4072.678955078125,4075.311279296875
downtown_arguing_00,76,1,1,33.3951416015625,32.317100524902344,24.41566276550293,24.830074310302734,3614.23486328125,3613.156982421875,3609.10986328125,38.590511322021484,36.57007598876953,24.775339126586914,27.67609405517578,3612.081298828125,3611.753662109375,3609.03125,25.959630966186523,25.19951629638672,12.982050895690918,9.378789901733398,3606.843505859375,3608.002685546875,3612.910888671875,30.51478385925293,26.85606575012207,14.954085350036621,12.37693977355957,3604.16552734375,3606.0576171875,3613.1220703125
downtown_arguing_00,77,0,0,46.238956451416016,59.560386657714844,26.641189575195312,34.72621536254883,4103.2392578125,4109.45263671875,4081.371337890625,68.33428192138672,82.77900695800781,25.03432273864746,32.151580810546875,4102.0849609375,4104.17919921875,4082.255859375,23.274188995361328,22.46785545349121,16.498695373535156,14.64438247680664,4087.061767578125,4086.702392578125,4087.3857421875,56.71041488647461,62.62959671020508,15.065183639526367,12.134895324707031,4088.24072265625,4084.744384765625,4087.47998046875
downtown_arguing_00,77,1,1,32.437705993652344,32.018531799316406,24.7445068359375,25.75668716430664,3616.921875,3615.806884765625,3612.0302734375,38.24281692504883,36.87247085571289,25.77564811706543,28.977901458740234,3614.294677734375,3613.96240234375,3611.56591796875,25.034770965576172,24.13636016845703,12.866722106933594,9.223797798156738,3610.544921875,3611.67724609375,3616.134033203125,30.430570602416992,26.781911849975586,14.976573944091797,12.422383308410645,3607.43310546875,3609.34521484375,3615.943115234375
downtown_arguing_00,78,0,0,45.83319091796875,59.274871826171875,26.605737686157227,34.711368560791016,4115.91650390625,4122.03076171875,4094.229248046875,68.447998046875,83.14151763916016,25.163501739501953,32.5577278137207,4114.93798828125,4117.12841796875,4095.31884765625,23.63300323486328,22.709257125854492,16.386449813842773,14.29610824584961,4099.0107421875,4098.58203125,4099.64990234375,56.86067199707031,62.77291488647461,15.040040016174316,12.065013885498047,4100.4697265625,4097.10498046875,4099.94921875
downtown_arguing_00,78,1,1,30.838254928588867,31.492034912109375,24.171112060546875,26.18785285949707,3619.51318359375,3617.896240234375,3614.503662109375,37.09811019897461,36.95400619506836,25.895130157470703,30.070959091186523,3616.612060546875,3615.80810546875,3613.767822265625,24.393354415893555,23.38866424560547,12.756613731384277,9.086166381835938,3613.798095703125,3614.92822265625,3618.964111328125,30.284549713134766,26.63251495361328,14.963314056396484,12.427705764770508,3610.38720703125,3612.330322265625,3618.5048828125
downtown_arguing_00,79,0,0,45.86534881591797,60.20475769042969,27.257253646850586,37.042015075683594,4127.57958984375,4134.6796875,4107.56494140625,69.31720733642578,85.0708236694336,25.885343551635742,34.71089553833008,4126.67041015625,4129.8076171875,4108.72509765625,23.1978702545166,22.12639617919922,16.268596649169922,14.107695579528809,4111.76513671875,4111.392578125,4112.5595703125,56.94107437133789,62.832637786865234,15.013985633850098,11.993433952331543,4113.2158203125,4109.97607421875,4112.9267578125
downtown_arguing_00,79,1,1,31.90219497680664,31.989782333374023,24.278440475463867,26.258625030517578,3620.9697265625,3619.398193359375,3616.452392578125,37.68576431274414,36.95343017578125,25.41577911376953,29.412511825561523,3617.695556640625,3616.984130859375,3615.391845703125,23.42790985107422,22.31067657470703,12.654620170593262,8.987302780151367,3616.7177734375,3617.778076171875,3621.571533203125,30.133403778076172,26.464509963989258,14.917909622192383,12.415790557861328,3612.989013671875,3614.943603515625,3620.7900390625
downtown_arguing_00,80,0,0,44.46498489379883,58.816986083984375,27.135526657104492,37.84095764160156,4139.42822265625,4146.63232421875,4121.19189453125,68.50188446044922,84.47543334960938,25.46779441833496,35.19919967651367,4138.419921875,4141.75390625,4122.20361328125,23.07611656188965,22.01911735534668,16.236127853393555,14.10451602935791,4125.0322265625,4124.6787109375,4125.8408203125,56.992305755615234,62.87229919433594,15.001791954040527,11.940254211425781,4126.19189453125,4123.06494140625,4126.10302734375
downtown_arguing_00,80,1,1,35.14567947387695,34.91958999633789,26.469905853271484,27.728248596191406,3623.343017578125,3621.06298828125,3618.57421875,40.262229919433594,38.91157913208008,26.587203979492188,29.846464157104492,3620.150634765625,3618.74072265625,3617.628173828125,23.204301834106445,22.07233428955078,12.604674339294434,8.91956615447998,3619.408447265625,3620.460205078125,3623.891357421875,29.953231811523438,26.2478084564209,14.865811347961426,12.372607231140137,3615.76611328125,3617.7373046875,3623.24072265625
downtown_arguing_00,81,0,0,43.427459716796875,58.40801239013672,27.382251739501953,39.05767822265625,4150.4892578125,4157.83837890625,4133.3701171875,68.4436264038086,85.22061920166016,25.730039596557617,36.62922668457031,4150.068359375,4153.58154296875,4134.75244140625,22.908042907714844,21.690725326538086,16.101537704467773,13.67363452911377,4137.126953125,4136.78125,4138.25830078125,56.96993637084961,62.8523063659668,14.981795310974121,11.879673957824707,4138.83837890625,4135.77734375,4138.83203125
downtown_arguing_00,81,1,1,38.089202880859375,38.46208572387695,29.219707489013672,30.091062545776367,3626.121337890625,3624.1953125,3620.273193359375,42.69890213012695,41.79935836791992,28.813865661621094,31.363420486450195,3622.916015625,3621.8623046875,3619.33251953125,22.960891723632812,21.77850914001465,12.53881549835205,8.860902786254883,3622.17626953125,3623.2412109375,3626.265380859375,29.783523559570312,26.04399299621582,14.78712272644043,12.317341804504395,3618.556884765625,3620.551513671875,3625.65625
downtown_arguing_00,82,0,0,40.912353515625,54.61912536621094,25.972593307495117,36.66315460205078,4161.8935546875,4168.23486328125,4146.57080078125,66.40876770019531,82.3947525024414,24.556596755981445,34.66850662231445,4161.88720703125,4164.572265625,4148.2060546875,23.113025665283203,21.798891067504883,15.994329452514648,13.355920791625977,4149.9873046875,4149.587890625,4151.30908203125,56.93379211425781,62.821014404296875,14.949701309204102,11.812407493591309,4152.0126953125,4148.9833984375,4152.0859375
downtown_arguing_00,82,1,1,39.53122329711914,40.75680160522461,30.019683837890625,30.756824493408203,3627.74755859375,3626.443359375,3623.819091796875,43.96369934082031,43.93993377685547,29.48052215576172,31.897123336791992,3624.21044921875,3623.7802734375,3622.6025390625,22.74112319946289,21.404237747192383,12.441617965698242,8.799060821533203,3625.959228515625,3627.088623046875,3629.76318359375,29.655492782592773,25.882692337036133,14.700016021728516,12.24571418762207,3622.1103515625,3624.149658203125,3628.85107421875
downtown_arguing_00,83,0,0,36.713497161865234,48.85481262207031,23.478221893310547,32.48542785644531,4173.31005859375,4178.18603515625,4160.65478515625,63.259124755859375,78.10301208496094,22.67725372314453,31.39067840576172,4173.7412109375,4175.1572265625,4162.560546875,23.343210220336914,21.95195960998535,15.884692192077637,13.031517028808594,4163.27001953125,4162.8115234375,4164.8369140625,56.886207580566406,62.78396224975586,14.943679809570312,11.775486946105957,4165.6025390625,4162.580078125,4165.90576171875
downtown_arguing_00,83,1,1,43.57311248779297,44.49726486206055,34.37192153930664,33.61833953857422,3632.785888671875,3631.334228515625,3626.41455078125,47.74720764160156,47.54931640625,33.6123046875,34.395904541015625,3629.13037109375,3628.64697265625,3625.052490234375,21.67898178100586,20.27872657775879,12.404743194580078,8.729413032531738,3629.787353515625,3630.832763671875,3633.178955078125,29.524829864501953,25.697044372558594,14.634437561035156,12.162071228027344,3625.794189453125,3627.878173828125,3632.15966796875
downtown_arguing_00,84,0,0,37.58319854736328,50.096920013427734,23.363744735717773,33.41557312011719,4184.68115234375,4189.6943359375,4175.12939453125,63.84440612792969,79.3531265258789,22.27397918701172,32.15095901489258,4184.763671875,4186.23193359375,4176.8134765625,22.600584030151367,21.39119529724121,15.868132591247559,13.20286750793457,4177.2451171875,4176.8232421875,4178.79296875,56.87135314941406,62.794185638427734,14.949206352233887,11.74365520477295,4178.9697265625,4175.93359375,4179.6650390625
downtown_arguing_00,84,1,1,45.218807220458984,47.913509368896484,35.02118682861328,35.1551513671875,3633.309814453125,3632.76806640625,3628.417236328125,48.80536651611328,50.339473724365234,34.71364212036133,36.02099609375,3629.6826171875,3630.0498046875,3627.13720703125,22.43288230895996,20.95197296142578,12.410301208496094,8.726702690124512,3633.943603515625,3635.1904296875,3636.9111328125,29.404476165771484,25.523324966430664,14.653023719787598,12.071123123168945,3630.08544921875,3632.19775390625,3636.0634765625
downtown_arguing_00,85,0,0,34.16277313232422,46.28452682495117,21.617143630981445,30.947803497314453,4197.130859375,4200.25048828125,4188.90625,61.00716781616211,76.12036895751953,21.061494827270508,30.352493286132812,4197.11328125,4196.99951171875,4190.55810546875,23.309696197509766,21.92723846435547,15.850484848022461,13.114510536193848,4189.36376953125,4188.76123046875,4191.1904296875,56.84208297729492,62.78736114501953,14.915260314941406,11.662771224975586,4191.0322265625,4187.96142578125,4192.09912109375
downtown_arguing_00,85,1,1,44.795066833496094,48.98701858520508,35.27516174316406,35.90652084350586,3636.047119140625,3634.6865234375,3632.622314453125,48.86888122558594,51.63869094848633,34.992820739746094,36.37575912475586,3632.41259765625,3632.01025390625,3631.34814453125,21.9752254486084,20.44123649597168,12.371186256408691,8.633184432983398,3638.237060546875,3639.48046875,3640.84228515625,29.338449478149414,25.385868072509766,14.607891082763672,11.967939376831055,3634.36328125,3636.50439453125,3639.997802734375
downtown_arguing_00,86,0,0,35.248653411865234,48.25182342529297,21.336450576782227,31.66344451904297,4208.85205078125,4212.287109375,4199.5546875,61.2189826965332,77.18229675292969,20.485082626342773,30.685428619384766,4208.68408203125,4208.86083984375,4201.2587890625,23.289085388183594,21.90062713623047,15.80674934387207,12.999076843261719,4200.0,4199.30126953125,4202.0478515625,56.70162582397461,62.74726867675781,14.845948219299316,11.516922950744629,4201.72607421875,4198.60205078125,4202.9658203125
downtown_arguing_00,86,1,1,46.86512756347656,51.52804946899414,35.91453552246094,36.67829513549805,3638.183349609375,3636.731201171875,3635.6083984375,50.574806213378906,53.757476806640625,36.005924224853516,37.20270538330078,3634.651611328125,3634.08642578125,3634.5400390625,22.63839340209961,21.022367477416992,12.316213607788086,8.547009468078613,3641.74462890625,3643.1337890625,3643.989013671875,29.27330780029297,25.23023223876953,14.545945167541504,11.862868309020996,3637.994873046875,3640.1572265625,3643.364013671875
downtown_arguing_00,87,0,0,36.927589416503906,52.334259033203125,23.424535751342773,37.08936309814453,4221.02197265625,4225.00341796875,4210.66552734375,62.909603118896484,81.05876159667969,21.848466873168945,35.124855041503906,4220.5859375,4221.27978515625,4212.21484375,23.166006088256836,21.804401397705078,15.789551734924316,12.941102027893066,4210.44091796875,4209.6484375,4212.5166015625,56.52562713623047,62.83304977416992,14.771368026733398,11.353845596313477,4212.01318359375,4208.81103515625,4213.337890625
downtown_arguing_00,87,1,1,46.60888671875,51.29936981201172,35.191463470458984,35.86417770385742,3640.84521484375,3639.8203125,3639.2666015625,50.60236740112305,53.86111831665039,35.844085693359375,36.714210510253906,3637.195556640625,3636.9921875,3638.08447265625,22.70284652709961,20.917787551879883,12.244964599609375,8.442366600036621,3645.1708984375,3646.662841796875,3647.203369140625,29.200748443603516,25.04311180114746,14.507046699523926,11.750777244567871,3641.306884765625,3643.5068359375,3646.419677734375
downtown_arguing_00,88,0,0,39.635982513427734,56.61347198486328,24.455047607421875,38.68741226196289,4231.83740234375,4236.087890625,4220.19775390625,63.71458053588867,83.12614440917969,22.653331756591797,36.51576232910156,4230.45849609375,4231.35595703125,4221.2294921875,22.834930419921875,21.669069290161133,15.86667251586914,13.218957901000977,4221.1015625,4220.271484375,4222.79638671875,56.31571960449219,62.98171615600586,14.622701644897461,11.076765060424805,4221.7001953125,4218.4375,4223.15380859375
downtown_arguing_00,88,1,1,43.062461853027344,48.06570053100586,32.0408821105957,32.709510803222656,3645.231201171875,3645.723388671875,3642.595458984375,48.513038635253906,52.0379753112793,33.06236267089844,33.99021911621094,3640.956298828125,3642.4140625,3640.66015625,21.260719299316406,19.20735740661621,12.136469841003418,8.327943801879883,3648.88916015625,3650.2890625,3650.95263671875,29.132497787475586,24.844345092773438,14.453060150146484,11.638110160827637,3644.5166015625,3646.7626953125,3649.380126953125
downtown_arguing_00,89,0,0,41.16638946533203,61.04433059692383,28.095733642578125,45.55324935913086,4242.3857421875,4245.990234375,4229.73583984375,65.70745849609375,88.1583251953125,26.26436996459961,43.432403564453125,4240.98974609375,4241.22119140625,4230.96923828125,22.914451599121094,21.674213409423828,15.800185203552246,12.857561111450195,4230.37890625,4229.5185546875,4232.123046875,56.30086135864258,63.334285736083984,14.500727653503418,10.800042152404785,4231.06298828125,4227.7177734375,4232.6884765625
downtown_arguing_00,89,1,1,39.91464614868164,45.555885314941406,30.05693817138672,31.409696578979492,3650.4892578125,3649.22900390625,3647.6337890625,46.15237808227539,50.264678955078125,30.92265510559082,32.70048904418945,3646.293701171875,3646.000244140625,3645.7412109375,20.843982696533203,18.674325942993164,12.072245597839355,8.18431282043457,3652.8701171875,3654.273193359375,3654.692626953125,29.06219482421875,24.64381217956543,14.39104175567627,11.531350135803223,3648.4775390625,3650.755615234375,3653.10693359375
downtown_arguing_00,90,1,0,38.98175811767578,58.45033645629883,26.722869873046875,42.37417221069336,4251.72900390625,4255.65087890625,4238.015625,64.9356460571289,86.88094329833984,25.364234924316406,40.73836898803711,4250.02783203125,4250.2578125,4239.3115234375,21.911508560180664,20.786479949951172,15.736855506896973,12.743144989013672,4239.0302734375,4238.3037109375,4240.60888671875,56.695045471191406,64.15740966796875,14.435547828674316,10.60086441040039,4239.49169921875,4236.03271484375,4241.2509765625
downtown_arguing_00,90,0,1,39.61079406738281,44.74030685424805,29.967519760131836,30.675291061401367,3655.747802734375,3655.0029296875,3652.856201171875,46.38911437988281,50.0019645690918,30.83469009399414,31.994600296020508,3651.266845703125,3651.44970703125,3650.55810546875,20.545392990112305,18.16596031188965,12.00121784210205,8.122032165527344,3657.91455078125,3659.37548828125,3659.679931640625,29.00122833251953,24.456403732299805,14.350615501403809,11.432784080505371,3653.260009765625,3655.576416015625,3657.638916015625
downtown_arguing_00,91,0,0,36.147274017333984,54.10976791381836,27.504003524780273,41.88412094116211,4260.490234375,4262.373046875,4246.751953125,64.3124008178711,85.32374572753906,26.070255279541016,39.91047286987305,4257.96142578125,4255.95654296875,4247.68115234375,20.888050079345703,20.12197494506836,15.77155876159668,13.059778213500977,4247.3115234375,4246.7158203125,4248.43115234375,57.40869903564453,65.37503814697266,14.408473014831543,10.45668888092041,4246.9033203125,4243.25439453125,4248.8056640625
downtown_arguing_00,91,1,1,40.28254699707031,46.238895416259766,30.185680389404297,31.38144302368164,3660.3544921875,3658.8408203125,3657.7958984375,46.650691986083984,50.9984130859375,30.708406448364258,32.513431549072266,3656.287841796875,3655.706787109375,3656.01318359375,20.462739944458008,18.101064682006836,11.977672576904297,7.93236780166626,3662.703369140625,3664.1767578125,3664.005615234375,28.941673278808594,24.271846771240234,14.302695274353027,11.34284782409668,3658.369140625,3660.71630859375,3662.498291015625
downtown_arguing_00,92,0,0,36.21420669555664,51.85483932495117,28.24072265625,41.76428985595703,4270.2783203125,4271.10888671875,4254.310546875,64.2353515625,84.07901763916016,26.10001564025879,38.98272705078125,4266.74609375,4263.7783203125,4254.5634765625,21.206968307495117,20.54837989807129,15.939489364624023,13.576166152954102,4254.3671875,4253.654296875,4255.0625,58.18113708496094,66.6150894165039,14.349145889282227,10.272883415222168,4252.96875,4249.14990234375,4254.94140625
downtown_arguing_00,92,1,1,41.21159362792969,47.01972198486328,30.616914749145508,32.157840728759766,3665.24951171875,3663.25048828125,3663.99560546875,47.14655303955078,51.451358795166016,31.184192657470703,33.252159118652344,3661.365234375,3660.1005859375,3662.38427734375,21.388132095336914,18.93229103088379,11.899007797241211,7.819146633148193,3667.89599609375,3669.587890625,3668.90478515625,28.851360321044922,24.058191299438477,14.26229476928711,11.24385929107666,3663.65673828125,3666.025634765625,3667.509765625
downtown_arguing_00,93,0,0,35.21998977661133,48.42456817626953,28.24607276916504,41.22166442871094,4273.7236328125,4272.11962890625,4260.85302734375,63.577457427978516,82.35327911376953,26.22298240661621,38.54682159423828,4270.20751953125,4265.02783203125,4260.9345703125,21.515300750732422,20.86270523071289,15.883814811706543,13.465630531311035,4259.92919921875,4259.1455078125,4260.55908203125,58.815940856933594,67.57725524902344,14.178007125854492,9.945767402648926,4258.23095703125,4254.30224609375,4260.3466796875
downtown_arguing_00,93,1,1,43.22499084472656,50.36338424682617,32.29100799560547,33.89284133911133,3667.45458984375,3663.9365234375,3669.386962890625,49.80219268798828,55.560359954833984,33.32005310058594,35.2327766418457,3663.469970703125,3660.757080078125,3667.65478515625,20.890583038330078,18.332237243652344,11.84682559967041,7.714486598968506,3673.26025390625,3674.943115234375,3674.053955078125,28.79039764404297,23.86338996887207,14.220657348632812,11.135812759399414,3668.95556640625,3671.342529296875,3672.515380859375
downtown_arguing_00,94,0,0,39.45082092285156,50.776344299316406,31.49081802368164,45.22317886352539,4279.97998046875,4277.5107421875,4266.9384765625,67.16276550292969,85.55077362060547,28.941085815429688,41.78996276855469,4276.087890625,4270.0595703125,4266.7685546875,20.96742057800293,20.38600730895996,15.771180152893066,13.389311790466309,4263.72216796875,4263.00146484375,4264.26513671875,59.356964111328125,68.32562255859375,13.969391822814941,9.610312461853027,4261.7216796875,4257.712890625,4263.9765625
downtown_arguing_00,94,1,1,48.68000030517578,56.526771545410156,37.11965560913086,39.54349899291992,3671.437744140625,3667.4697265625,3674.055419921875,54.07373046875,60.70907974243164,37.56851577758789,40.407222747802734,3667.740478515625,3664.331298828125,3672.66552734375,22.363420486450195,19.823101043701172,11.76757526397705,7.58948278427124,3677.927734375,3679.896728515625,3678.28125,28.728351593017578,23.657575607299805,14.157503128051758,11.010623931884766,3673.82373046875,3676.21875,3677.087158203125
downtown_arguing_00,95,0,0,36.740020751953125,47.050262451171875,29.390146255493164,42.784236907958984,4278.35205078125,4273.61865234375,4270.25390625,65.69989776611328,82.78765869140625,27.005407333374023,39.38177490234375,4274.82177734375,4266.75390625,4270.0966796875,20.936687469482422,20.23867416381836,15.604781150817871,13.053096771240234,4265.51904296875,4264.7861328125,4266.27490234375,59.79628372192383,68.9123306274414,13.771623611450195,9.324034690856934,4263.484375,4259.46826171875,4266.08056640625
downtown_arguing_00,95,1,1,43.2734489440918,47.203147888183594,30.233423233032227,29.154447555541992,3677.1513671875,3673.96630859375,3678.746337890625,49.06099319458008,51.770904541015625,31.419410705566406,31.57842254638672,3673.52099609375,3670.80322265625,3677.32763671875,22.351905822753906,19.75322151184082,11.661378860473633,7.424587726593018,3682.183349609375,3684.209228515625,3682.32080078125,28.65095329284668,23.432926177978516,14.082717895507812,10.89212417602539,3678.0517578125,3680.428466796875,3681.063232421875
downtown_arguing_00,96,0,0,37.157466888427734,47.131935119628906,28.72490119934082,41.919620513916016,4276.67626953125,4270.2958984375,4273.509765625,65.21391296386719,81.54639434814453,26.901670455932617,38.90228271484375,4273.77392578125,4264.43115234375,4273.36328125,22.568096160888672,21.963085174560547,15.511260986328125,12.695769309997559,4266.27490234375,4265.29345703125,4267.4658203125,60.10992431640625,69.32603454589844,13.654967308044434,9.13884449005127,4264.40966796875,4260.41064453125,4267.36328125
downtown_arguing_00,96,1,1,42.607704162597656,46.22483825683594,29.420242309570312,28.103635787963867,3681.910888671875,3678.1748046875,3683.573974609375,49.68301773071289,52.303741455078125,30.951309204101562,31.228145599365234,3678.0927734375,3674.964111328125,3681.804443359375,20.6097354888916,17.829774856567383,11.535096168518066,7.18260383605957,3685.911865234375,3687.735107421875,3686.071044921875,28.603647232055664,23.269535064697266,14.04172134399414,10.82507610321045,3681.613525390625,3683.98681640625,3684.380126953125
downtown_arguing_00,97,1,0,35.61699295043945,45.67066192626953,27.147924423217773,38.792816162109375,4276.44287109375,4269.78271484375,4274.900390625,62.36799621582031,77.97161102294922,26.046693801879883,36.311790466308594,4273.6474609375,4264.12890625,4274.7177734375,23.506616592407227,23.394460678100586,15.498041152954102,12.620275497436523,4267.1630859375,4266.05224609375,4268.56982421875,60.2591552734375,69.56505584716797,13.61568546295166,9.070812225341797,4265.24365234375,4261.24853515625,4268.40869140625
downtown_arguing_00,97,0,1,43.97895050048828,46.26831817626953,29.072162628173828,27.355388641357422,3686.965576171875,3683.108642578125,3688.392333984375,50.80223083496094,52.47486114501953,30.437667846679688,30.17089080810547,3683.157958984375,3679.826904296875,3686.572509765625,20.266807556152344,17.396406173706055,11.397726058959961,6.926151275634766,3689.438720703125,3691.263916015625,3689.518798828125,28.533958435058594,23.10063362121582,14.009018898010254,10.722288131713867,3685.1005859375,3687.48046875,3687.701904296875
downtown_arguing_00,98,0,0,37.37141799926758,47.4090690612793,27.635833740234375,39.49861145019531,4275.57373046875,4266.30859375,4275.27294921875,63.239349365234375,78.81472778320312,26.718427658081055,37.16202163696289,4272.953125,4261.080078125,4275.06689453125,23.493093490600586,23.393829345703125,15.46746826171875,12.528822898864746,4267.39111328125,4266.27978515625,4268.91845703125,60.148014068603516,69.5068359375,13.568700790405273,9.02134895324707,4265.47216796875,4261.4736328125,4268.72607421875
downtown_arguing_00,98,1,1,43.27503967285156,45.74467849731445,28.568775177001953,27.550716400146484,3691.615478515625,3687.30419921875,3693.042236328125,50.826114654541016,52.81705856323242,30.170570373535156,30.698047637939453,3687.732177734375,3684.05615234375,3690.985595703125,18.967967987060547,15.964085578918457,11.27819538116455,6.700394153594971,3693.427001953125,3695.077880859375,3693.6318359375,28.5318546295166,23.053421020507812,13.93362045288086,10.568445205688477,3688.961669921875,3691.3291015625,3691.529296875
downtown_arguing_00,99,0,0,37.4687385559082,46.345455169677734,28.202573776245117,38.41776657104492,4275.6611328125,4267.060546875,4273.904296875,62.05265808105469,76.5051040649414,28.068933486938477,36.67807388305664,4272.96044921875,4261.7841796875,4273.607421875,24.579648971557617,25.12953758239746,15.47150707244873,12.466442108154297,4267.16552734375,4265.91015625,4268.7666015625,59.84819793701172,69.18382263183594,13.53669548034668,9.025729179382324,4265.17236328125,4261.12548828125,4268.42919921875
downtown_arguing_00,99,1,1,44.4168815612793,45.42451477050781,28.57282829284668,26.21320915222168,3698.833984375,3694.685791015625,3698.13525390625,51.7635498046875,52.353919982910156,29.722179412841797,28.906431198120117,3695.189208984375,3691.6884765625,3696.238525390625,18.437978744506836,15.457036972045898,11.200796127319336,6.5091047286987305,3698.28173828125,3699.8134765625,3698.5908203125,28.525590896606445,23.054018020629883,13.865440368652344,10.41560173034668,3693.9541015625,3696.268798828125,3696.65234375
