frame_index,gt_x,gt_y,gt_z,raw_se3_x,raw_se3_y,raw_se3_z,hsi_se3_x,hsi_se3_y,hsi_se3_z,raw_sim3_x,raw_sim3_y,raw_sim3_z,hsi_sim3_x,hsi_sim3_y,hsi_sim3_z
300,162.79406738281247,3.842362165451048,13.458650588989254,165.2879235101407,3.8302163822830035,10.146851740956027,162.41883349629282,3.839663769866825,14.031804744852268,162.80118327125604,3.8384047597957642,13.51407578804835,162.8011832838079,3.838404762153456,13.514075797191985
301,162.80366516113284,3.8416249752044647,13.437715530395533,165.2910356856698,3.830486293326161,10.137917319513589,162.43691442274314,3.8412318822296836,13.979898088069287,162.81726938573777,3.839799867462249,13.467895832963446,162.8172693969907,3.8397998694794886,13.467895842959768
303,162.82040405273438,3.8384268283844007,13.39490032196043,165.29451660755706,3.8303493698899027,10.127842013104306,162.45713767379917,3.840436394501217,13.921363179253227,162.8352614647373,3.839092141933827,13.415818907731634,162.83526147866334,3.839092145477027,13.415818911451458
305,162.8358154296875,3.8345580101013197,13.35020542144774,165.29767003535787,3.8298025758262737,10.119196642643104,162.47545826775368,3.837259665080521,13.871135838059935,162.85156080265668,3.8362658900649436,13.37113299022002,162.85156081756824,3.8362658948889905,13.371132999060492
307,162.85325622558597,3.8332605361938445,13.302175521850591,165.30154524049718,3.8296132283035864,10.108545105147536,162.49797218473793,3.836159601087003,13.809253193486171,162.87159084046394,3.8352871965760067,13.31607765996729,162.87159084300924,3.8352871975884586,13.316077677232832
309,162.87068176269534,3.8339750766754137,13.255464553833031,165.30451987888625,3.8294506246850495,10.10004616053484,162.51525407347486,3.8352149213908264,13.759876516624075,162.8869660573245,3.834446736133317,13.272148583752108,162.88696607386365,3.8344467415113903,13.272148577981381
310,162.88058471679693,3.8342313766479506,13.23196315765382,165.30780050142974,3.829711451775594,10.094426972144067,162.53431362733338,3.8367302563666175,13.727230513232698,162.90392283540862,3.8357948909527284,13.243104300451687,162.90392284548838,3.8357948942179125,13.243104308211093
312,162.90014648437497,3.835386991500852,13.186107635498061,165.3113941723159,3.8293900904520677,10.08615166270411,162.55519192615378,3.834863230482253,13.679153118242178,162.922497687869,3.8341338487037055,13.20033114264701,162.92249770551075,3.8341338515841947,13.200331145039573
314,162.9228363037109,3.837136745452883,13.141764640808109,165.3160639949902,3.8298496051065163,10.077597124326202,162.58232237816108,3.8375329020747113,13.629453490577522,162.94663491966895,3.836508973521804,13.15611471513582,162.94663493779743,3.836508986482021,13.156114725159021
316,162.9463806152344,3.8400413990020743,13.09717655181886,165.32102802913926,3.830466217027827,10.068619027539077,162.61116211467106,3.8411152517991485,13.577293098759988,162.97229286243783,3.839696097726143,13.109709012310121,162.97229287445995,3.839696106527336,13.109709029701902
318,162.97593688964847,3.8410046100616433,13.05488967895509,165.3256283820655,3.8308097498467406,10.060546087114625,162.6378889532994,3.8431110683754803,13.530391437353693,162.99607102120027,3.8414717392995588,13.067981853074777,162.99607102279626,3.8414717307702198,13.067981885027312
319,162.99110412597656,3.840027093887333,13.03368091583251,165.32875626140063,3.8309894087038336,10.056973522916877,162.65606112336056,3.844154845401615,13.509635751793082,163.012238305018,3.842400354320085,13.049516096198078,163.01223831296164,3.8424003510721794,13.04951611071912
321,163.02507019042972,3.836944818496706,12.991360664367683,165.335140233349,3.8298832833156955,10.0491323890437,162.69315034230712,3.8377285496298854,13.464080796532363,163.0452355773918,3.836683048384653,13.00898709133627,163.04523559191608,3.836683048841332,13.008987094223485
323,163.06150817871094,3.8319659233093253,12.947401046752919,165.34231312180503,3.828886065943778,10.040366104684948,162.7348229416388,3.831934968470481,13.413151000950288,163.08231057646847,3.8315286627602734,12.963676197893765,163.082310580928,3.8315286557564425,12.963676227086161
325,163.1008453369141,3.8299319744110125,12.905326843261724,165.3498448046893,3.828581667464636,10.032515356273876,162.77858006453764,3.8301665173324686,13.367540180884781,163.12124010084236,3.8299552975250153,12.923097497712455,163.12124011440287,3.8299553124190595,12.92309750917864
327,163.13967895507812,3.831028223037716,12.864679336547857,165.35779300326237,3.8285678273692985,10.024316698155125,162.82475703401832,3.830086110664628,13.319908099348638,163.16232249833996,3.829883761277798,12.880720532833445,163.16232252019364,3.8298837767727476,12.880720529391233
328,163.15808105468753,3.831543207168581,12.843465805053718,165.36051442845243,3.8290142966093588,10.020672774268418,162.84056779355703,3.832679985849937,13.298737852470575,163.17638891482304,3.8321914573704445,12.861885934252536,163.17638892703096,3.8321914776490047,12.861885931046725
330,163.19439697265625,3.8328800201416042,12.801005363464338,165.36743512147874,3.8290540671539373,10.012451121661956,162.8807752370563,3.832911032288418,13.250972168902646,163.2121603741358,3.8323970221038945,12.819390116192439,163.21216040636844,3.8323970334411874,12.819390089130724
332,163.22821044921878,3.834542512893673,12.75395011901857,165.37414753224695,3.8288568505877616,10.003174196747976,162.91977255322698,3.831765251624753,13.197075712421572,163.2468552706979,3.831377655351757,12.77143983999226,163.2468552680212,3.831377663250781,12.771439863710107
334,163.2601318359375,3.8344321250915487,12.70269966125488,165.3789269795221,3.8290591959008458,9.99252000361856,162.94753989962575,3.832940811027222,13.135177636655328,163.27155912666876,3.8324235314087653,12.716370783383255,163.27155912809073,3.832423526782895,12.716370813166193
336,163.28871154785153,3.835506200790408,12.650255203247076,165.38467141281143,3.8297146515990277,9.981705041054715,162.9809135319294,3.8367488120558875,13.072345545366574,163.3012507718411,3.8358114300989277,12.660470746804382,163.30125074970275,3.8358114027147865,12.660470794173245
337,163.30230712890622,3.8352856636047328,12.622961044311502,165.387186228239,3.8292735376132794,9.976578058213539,162.99552403749001,3.8341861408439697,13.04255897331142,163.31424927031574,3.8335314140754595,12.633970559987365,163.31424932290926,3.8335314631730553,12.633970483432895
339,163.32873535156253,3.8322815895080553,12.56841945648193,165.39238996891524,3.829088494874753,9.965266623319753,163.0257563625404,3.833111052162062,12.976842569196627,163.34114620060393,3.832574971018792,12.57550437292575,163.34114620808137,3.8325749857344555,12.575504369018798
341,163.3533782958984,3.8278760910034224,12.513292312622047,165.3975382006019,3.8282418872531827,9.954577977424048,163.05566625444703,3.8281924884856062,12.914744320318757,163.36775621778173,3.8281990523103993,12.520257237947591,163.3677562331715,3.8281990721321475,12.520257229849912
343,163.3786163330078,3.821474552154542,12.45746231079102,165.40415190937162,3.8272481838850134,9.9416478897948,163.0940902003109,3.8224193596864695,12.839623845503866,163.40194094657463,3.8230628297574976,12.453424609801537,163.4019409827082,3.823062874961224,12.453424567069144
345,163.4027252197266,3.8184566497802765,12.403150558471673,165.40763005135742,3.8271050445735,9.931281698107838,163.1142972724197,3.821587705193141,12.779399058488233,163.41991865690727,3.822322975809576,12.399844165942957,163.41991867040736,3.822322974362357,12.399844196450113
346,163.41528320312497,3.8182268142700195,12.377081871032724,165.40957067029584,3.82690815729424,9.924553645293562,163.12557178503715,3.8204438789961794,12.740310777279802,163.42994926672242,3.8213053110652377,12.365068419267706,163.42994930056028,3.821305343008326,12.365068405653792
348,163.44212341308594,3.822312355041503,12.326398849487303,165.41565699746482,3.827156810076922,9.916794113950406,163.16093174589645,3.821888460435333,12.695229910160158,163.4614080821708,3.822590539707069,12.324961198983159,163.4614081051788,3.8225905481993236,12.324961172605864
350,163.47042846679688,3.827696323394776,12.27727222442626,165.4208871446558,3.8284233356381154,9.90610562090119,163.19131756876664,3.829246629650809,12.633132560441117,163.48844150161764,3.8291369169858473,12.269714854033094,163.48844155322612,3.8291369131294384,12.269714833394367
352,163.50051879882815,3.833267450332646,12.22951984405518,165.42700442991307,3.829058015023753,9.894864193911433,163.22685742154013,3.8329339726805873,12.567822686919643,163.52006033225385,3.8324174277285845,12.211610521612482,163.5200604028346,3.8324174428901117,12.211610398297664
354,163.53277587890625,3.837806701660157,12.1808500289917,165.43364061894775,3.8298140665183595,9.885609713838253,163.26541192518238,3.8373264551959854,12.514056605724143,163.55436125632949,3.836325282790913,12.163776257595831,163.55436130610966,3.836325316255468,12.163776164256454
355,163.54983520507818,3.8382444381713863,12.156978607177752,165.4363452025089,3.82924276060809,9.881850094807053,163.28112479599952,3.8340072717448455,12.492214359155025,163.5683406223335,3.8333723348640687,12.144343657609838,163.5683406239884,3.8333723281540992,12.144343705889739
357,163.58596801757815,3.8358201980590847,12.111031532287601,165.4432012553104,3.8287859086038356,9.87382212838688,163.32095666195067,3.8313531262739873,12.445573985229831,163.6037779712959,3.8310109726681127,12.10284895858593,163.60377796209897,3.8310110064284038,12.102849021648293
359,163.62518310546878,3.830917119979859,12.066470146179203,165.450339687629,3.827981315486213,9.865565455540763,163.3624291300591,3.826678620267388,12.397604809796604,163.64067487457874,3.826852217199408,12.060172129018282,163.64067489975287,3.8268522243603247,12.060172138501581
361,163.6670227050781,3.82518005371094,12.020304679870604,165.4580857437675,3.8266942904223353,9.856451723878036,163.40743166577235,3.81920128024086,12.34465640667051,163.6807124446514,3.820199882739261,12.013065360935745,163.6807124434587,3.8201998363699468,12.013065370611384
363,163.70849609374997,3.8212203979492188,11.973960876464846,165.46721376188503,3.825904482426359,9.846965026130052,163.46046307706217,3.814612772471713,12.289541161661074,163.72789305610996,3.816117548139881,11.964030817543252,163.727893061476,3.8161175646170324,11.964030821869889
364,163.7291564941406,3.82076358795166,11.951847076416003,165.4721978215345,3.8254669219167683,9.841472134179552,163.48941908993444,3.812070593350922,12.257628932467385,163.7536545060522,3.8138558992116316,11.935639331290384,163.75365444608568,3.8138558563367426,11.935639371236224
366,163.7723846435547,3.8198337554931667,11.904838562011715,165.47914006029285,3.8259851823936106,9.834014793253012,163.5297516697072,3.8150815767547477,12.214303796873168,163.78953733026364,3.8165346675792384,11.897094063277315,163.78953725579467,3.816534647158582,11.897094165229014
368,163.81109619140622,3.8203907012939444,11.858563423156726,165.4866425521858,3.8258159777327276,9.823045011425563,163.57333922770673,3.8140985544842674,12.150572282791808,163.8283159731644,3.815660087877566,11.84039380178343,163.82831593194652,3.8156600787260624,11.840393954006931
370,163.8488006591797,3.8196048736572266,11.806239128112791,165.49259054631958,3.8263226625966893,9.815581776415618,163.60789555562155,3.817042230310394,12.107212738983097,163.8590597771938,3.818279024583285,11.801818068618399,163.85905976598332,3.8182789878092147,11.801818135938206
372,163.88475036621094,3.8179452419281033,11.750986099243171,165.4997982873537,3.8265165060584483,9.80284541167447,163.64977058536255,3.8181684427282088,12.03321773678716,163.89631492117428,3.819280956539955,11.735986749211703,163.89631485187715,3.8192809486584345,11.735986775827538
373,163.90119934082034,3.8168370723724334,11.724385261535652,165.5036105933856,3.826290387454667,9.79720483617813,163.67191921925925,3.8168548434411136,12.000447358259727,163.91601984806363,3.818112201849597,11.706831920916187,163.91601989479548,3.8181122747596095,11.70683185284923
375,163.93264770507815,3.8121767044067383,11.669647216796877,165.50770034318577,3.825444506985078,9.787937640626016,163.69567954007988,3.8119403680957107,11.946607467188258,163.93715881753107,3.8137400416213727,11.65893193353403,163.93715881215297,3.813739998435304,11.658931952149727
377,163.96313476562497,3.8068792819976807,11.610668182373042,165.51358259704327,3.8250051360842425,9.777308316379013,163.72985397110307,3.8093878050220464,11.884853955495322,163.9675628252989,3.8114690352000933,11.6039914184182,163.96756288281316,3.8114690518318755,11.60399151636744
379,163.9901885986328,3.8000674247741704,11.550586700439455,165.51937678772993,3.8234316995608326,9.765090677961705,163.7635166145139,3.8002464201923116,11.813872783401319,163.99751165493348,3.8033363062429726,11.540841275234332,163.9975116298216,3.8033362080076003,11.540841479709234
381,164.016845703125,3.7980790138244624,11.48971652984619,165.52375286629146,3.822733406235608,9.752947923484003,163.7889405915017,3.7961896271826276,11.743326209610844,164.0201305914502,3.7997269897804897,11.47807818979001,164.020130657254,3.799726988552376,11.478078093454084
382,164.02952575683597,3.798099517822268,11.461315155029299,165.52607168777905,3.8220956932691044,9.748868039420366,163.80241227274536,3.792484624321767,11.719623366496506,164.0321160426445,3.7964307991608797,11.456990214029716,164.03211604914435,3.7964307473157244,11.456990312463487
384,164.05722045898438,3.801770687103273,11.407468795776367,165.53148523378164,3.822478051613412,9.738888067667734,163.83386356863215,3.794706042347218,11.661642229306251,164.06009740807033,3.798407120882462,11.405406051557136,164.0600974198319,3.7984070830904373,11.405406056652662
386,164.08489990234375,3.8067600727081286,11.35563850402832,165.53722967581555,3.8237676755733023,9.72725943246012,163.86723734303655,3.802198475515369,11.59408284678568,164.08978909844149,3.8050728884341547,11.345300329541875,164.08978916786714,3.805072899042325,11.345300293998733
388,164.11511230468744,3.810158252716064,11.302809715270989,165.5429176969157,3.823278194750551,9.716883405602482,163.90028328106973,3.7993546425086757,11.533800813794276,164.11918916207392,3.802542875432729,11.291669049964055,164.11918924871443,3.8025428174259686,11.291668993177202
390,164.1466217041016,3.8137841224670406,11.251252174377445,165.54700300910002,3.825058248341667,9.70803099765477,163.9240176870251,3.809696349620337,11.48237078318813,164.14030519453283,3.811743560157095,11.245913003637781,164.14030511031442,3.811743555649126,11.245913080414734
391,164.16253662109372,3.8134889602661137,11.225765228271484,165.55076738710696,3.825458909159626,9.701741847461632,163.94588786658528,3.8120241879911023,11.445832253812641,164.15976239256213,3.8138144831258423,11.213405842954508,164.1597624199108,3.8138145707382196,11.213405735136705
393,164.19515991210938,3.8111062049865723,11.174843788146976,165.55734859770675,3.8233726976208904,9.693207974118888,163.98412292818236,3.7999038074863463,11.39625265079145,164.19377914584155,3.803031338881178,11.16929622822375,164.1937791242037,3.803031394712708,11.169296097948113
395,164.23068237304685,3.8059887886047368,11.123220443725586,165.56255742795645,3.8230087923216236,9.684095701788202,164.0143849646602,3.7977894718714995,11.343313002167667,164.22070238295618,3.8011503966754,11.122197003090523,164.22070244283242,3.801150327274029,11.122197118702784
397,164.26622009277347,3.8026702404022212,11.070793151855469,165.56919618356238,3.8226939904246233,9.671239772649184,164.05295435518588,3.7959606766040306,11.268623176942452,164.25501657304414,3.7995232585828242,11.055747683004206,164.25501659056664,3.799523297390272,11.05574759326073
399,164.30120849609375,3.8049395084381117,11.017478942871092,165.57747847937028,3.8220876119415705,9.660511014750757,164.10107221408495,3.7924377393138915,11.20629219224442,164.29782584176658,3.7963890286506174,11.000293218374537,164.29782575338754,3.7963890349872473,11.00029339530229
401,164.33482360839844,3.807233333587647,10.9670934677124,165.58348753595453,3.8223456737684938,9.649126897727191,164.13598335432133,3.793936959405442,11.140153115327893,164.32888526345945,3.7977228904628477,10.941451354218401,164.32888525438855,3.7977228507153784,10.941451240282824
402,164.35223388671878,3.8091139793395996,10.941609382629395,165.58702468927072,3.8221816013036514,9.64511189029386,164.15653322695962,3.792983827769654,11.116827011213175,164.3471679896911,3.796874837893814,10.920698710733726,164.34716792248412,3.796874875175324,10.920698633831261
404,164.3804016113281,3.8123717308044425,10.891531944274902,165.59401520915733,3.8248758556336035,9.633959757676164,164.19714645979371,3.8086367185411873,11.052036092188725,164.38330036787184,3.8108008144941046,10.863055920240337,164.38330042166132,3.8108008304232897,10.863055898570503
406,164.40423583984375,3.814599752426148,10.838132858276365,165.59500256830032,3.8248839715596232,9.626628306938477,164.20288261368114,3.8086837558849074,11.009442294797106,164.38840379859414,3.8108427638359244,10.825161349455318,164.38840372324935,3.8108426782808635,10.825161344460707
408,164.42422485351562,3.8174521923065194,10.787379264831543,165.60010312134153,3.8248806435578238,9.615597270370554,164.2325157198581,3.808664645756677,10.94535473437094,164.41476737589667,3.8108255621654408,10.768144476395474,164.41476749953205,3.8108256765145825,10.768144368397142
410,164.4424285888672,3.818276166915893,10.737919807434084,165.60308596584935,3.824764726780424,9.604504975646043,164.24984490912757,3.8079909864224777,10.880911717027587,164.43018500828447,3.8102264151911904,10.710810974112563,164.43018481239602,3.8102263399525786,10.710811151889974
411,164.45162963867188,3.818577289581299,10.714559555053711,165.60404953886137,3.825160674953385,9.601626304785162,164.25544334520814,3.8102913086841186,10.864187336406172,164.43516549400513,3.812272979589468,10.69593179117765,164.43516559016126,3.8122728747006374,10.695931920987313
413,164.46917724609372,3.814870119094851,10.66138935089111,165.60718588887485,3.824246024171875,9.59125373250514,164.2736644817083,3.8049774587048355,10.803925357121638,164.45137656079729,3.8075453615471995,10.64231836751138,164.45137644444833,3.807545285523277,10.642318461408559
415,164.48310852050784,3.808205366134643,10.606970787048338,165.6092530701216,3.8238724389523733,9.580993573245115,164.2856744365544,3.8028071731635213,10.744316199281993,164.46206134187034,3.805614386075745,10.589285980708883,164.46206137774004,3.8056144409422488,10.589285799483038
417,164.49682617187491,3.8016419410705558,10.548908233642582,165.61365732002903,3.8216609209018375,9.567589658658893,164.3112619069937,3.7899588524867625,10.666443305994973,164.48482588954906,3.7941835614945245,10.520004250767922,164.48482586089193,3.794183636155605,10.520004384134708
419,164.510986328125,3.7994916439056383,10.495047569274902,165.61788844478238,3.8219484833376924,9.557758354365683,164.33584370888758,3.791629275051546,10.609325861912282,164.50669559340474,3.7956699051215224,10.469188515959404,164.50669562783048,3.7956697661121668,10.469188532814755
420,164.52075195312503,3.8003354072570796,10.46529388427734,165.62027327885363,3.822569561122699,9.550869904827607,164.34969896360846,3.795237611027634,10.569306087728087,164.51902224835433,3.7988801123409406,10.433583715769206,164.51902227471052,3.7988800054255347,10.43358401781128
422,164.54072570800778,3.803492307662965,10.412322998046873,165.62348709901468,3.822948194139056,9.537828737888017,164.36837038011836,3.797437409316305,10.493539980156918,164.535633740396,3.800837178705192,10.366176944395693,164.5356337309922,3.8008371067028457,10.366176952959878
424,164.56153869628903,3.8068382740020748,10.361941337585453,165.62506895818507,3.824509529167642,9.532245454010983,164.37756078649008,3.806508390728375,10.461102304416553,164.54381000406462,3.8089073578384602,10.337318243210749,164.54381018796178,3.8089073145030143,10.337318026688582
426,164.5838623046875,3.8095600605011013,10.311754226684572,165.62915060531137,3.825221965083621,9.522411334970021,164.4012737103748,3.8106474801671357,10.40396903620476,164.56490709268738,3.8125897740769084,10.286487959623038,164.56490693754222,3.8125897508742144,10.286488097067249
428,164.60896301269534,3.8105175495147705,10.263469696044929,165.63415288414157,3.826591485000073,9.512898257527278,164.43033571491142,3.8186039860759617,10.348700283985604,164.59076271335508,3.819668505322923,10.237317065698281,164.59076262008037,3.8196684398418768,10.237316977096578
429,164.62274169921878,3.8097517490386945,10.239684104919428,165.63717099091903,3.824694858284078,9.508328072061804,164.447870310287,3.8075851768654383,10.322148630638736,164.6063626082473,3.8098652811162097,10.213694835553333,164.6063626772235,3.809865302121739,10.213694686385878
431,164.651611328125,3.8066701889038055,10.190818786621096,165.64099470256264,3.823389636281845,9.501442789509296,164.4700851028907,3.8000023294639202,10.282146822920796,164.62612648810196,3.803118890896397,10.178106404778017,164.6261265797612,3.8031190470620833,10.178106155663436
433,164.68408203125,3.802623748779293,10.141878128051758,165.6478571487335,3.8204653013992873,9.492419734164958,164.50995384776775,3.783012417968902,10.229725733957338,164.66159688290978,3.788003681209927,10.13146832158318,164.6615967280587,3.7880035804942844,10.131468524978478
435,164.71844482421878,3.8015935420990017,10.095911979675288,165.65428052859147,3.8217659354188216,9.48076480403409,164.54727233446275,3.7905689021553988,10.162013183355022,164.6947978456409,3.794726357209817,10.071226687199927,164.6947979803527,3.794726380911731,10.0712264928084
437,164.7530822753906,3.802618265151976,10.051589012145998,165.6625887381746,3.8223214533751793,9.469769200928969,164.5955409615779,3.793796235560224,10.098131666212428,164.73774105666556,3.797597700859625,10.014392961502361,164.73774127759395,3.7975976525012323,10.014392827903652
438,164.7698059082031,3.8035359382629412,10.02952289581299,165.66539835650315,3.8208622236280445,9.46839365701794,164.61186387106105,3.7853186170905437,10.090140289824326,164.7522633230544,3.790055280277007,10.00728309362363,164.75226333044006,3.7900553437263698,10.007283115609951
440,164.80169677734375,3.80706524848938,9.987916946411131,165.67242355554706,3.8234695316492218,9.458915147812789,164.652678214345,3.8004662229440203,10.035072713530575,164.78857494976702,3.8035318515453564,9.958290874912453,164.78857475216677,3.803531760594554,9.958290976440654
442,164.82943725585938,3.811171770095826,9.943813323974608,165.6769911593371,3.824339533731073,9.45005150179445,164.67921497743686,3.80552084947503,9.983577035159414,164.81218383582953,3.808028690800421,9.912476741602024,164.81218379541875,3.8080287256531764,9.912476658630133
444,164.8544616699219,3.8142051696777304,9.897581100463864,165.67977943927787,3.8234679701689793,9.446134540720037,164.6954142041757,3.800457488296839,9.960820177944317,164.8265958090343,3.8035237806156457,9.89223087703753,164.82659581105915,3.8035239896142587,9.892230495810283
446,164.87692260742188,3.814496755599975,9.85297012329102,165.68512282923606,3.8232804548039785,9.435902262345218,164.72645768097223,3.7993677720175683,9.901373768339255,164.854214554116,3.802554557125433,9.83934260007301,164.85421435608828,3.802554498396336,9.839342626604816
447,164.88648986816403,3.8151533603668235,9.832682609558109,165.6868513639982,3.823816548698658,9.430432755758451,164.7365004648682,3.8024825358718166,9.869597446774465,164.86314894994595,3.8053255022993433,9.811071987348859,164.86314915037906,3.8053256198891865,9.811072089327382
449,164.9027862548828,3.8151011466979994,9.787368774414062,165.69070622243865,3.8250587197753276,9.416266665572149,164.7588963512097,3.80969913533408,9.787295776523509,164.88307382037942,3.8117459968884946,9.73785074826282,164.88307416713684,3.8117460340235993,9.737850510420564
451,164.91658020019528,3.812817573547364,9.740935325622559,165.69339497744977,3.823906813147285,9.411949164521028,164.7745170187495,3.8030068376245554,9.762212612774487,164.89697137227446,3.8057920583276448,9.715534585330012,164.89697145424358,3.8057920770344924,9.715534695345593
453,164.9293975830078,3.807984590530395,9.694016456604006,165.69613459529202,3.8235355085824394,9.400224074964035,164.79043339212828,3.8008496732816486,9.694092890412666,164.91113182236282,3.803872871031873,9.654930313123138,164.9111318228693,3.8038729060302163,9.654930413429833
455,164.9422607421875,3.802682638168334,9.643891334533688,165.6993803270236,3.8244118134032674,9.38983993756107,164.80928998688685,3.8059406584400994,9.633763701691677,164.92790825792144,3.808402287684898,9.60125711201505,164.9279080272503,3.808402218380212,9.601257159426012
456,164.94841003417963,3.8005239963531507,9.620731353759771,165.7026079979496,3.8241719062381905,9.385016416471888,164.82804237215055,3.80454694630665,9.605740134671834,164.94459134135914,3.807162263114848,9.576325448707626,164.94459151925102,3.807162270240137,9.576325346772185
458,164.96392822265625,3.7985301017761253,9.575699806213377,165.70544752429464,3.825155675760713,9.376717464615366,164.84453911518617,3.8102624347963827,9.55752526980789,164.95926819535816,3.8122471399204336,9.533430088727666,164.9592682271259,3.812247186380549,9.533429880357566
460,164.98139953613278,3.801715850830078,9.536987304687507,165.71244260472224,3.826094074767117,9.368164339415975,164.88517848362855,3.8157141015837093,9.507834352227526,164.99542414591892,3.8170975070367232,9.489220965608924,164.9954239784497,3.817097387459394,9.489221209604368
462,165.00244140625006,3.806349754333498,9.498557090759272,165.71147317339037,3.827488057869201,9.360497829410978,164.87954639552356,3.8238127697575717,9.463293743880731,164.99041337989985,3.824302682823216,9.449594551076125,164.99041326138487,3.8243025543645666,9.449594630232674
464,165.02062988281247,3.8120734691619873,9.464001655578617,165.71543251882403,3.8289204649227324,9.352432422990862,164.90254916179262,3.8321348557497457,9.416435480565742,165.01087831940046,3.831706463115152,9.407906333364195,165.01087820286554,3.831706490084063,9.407906095670825
465,165.03016662597653,3.8147218227386475,9.447937011718754,165.71767348258814,3.8288451966881487,9.347269832746653,164.9155689537564,3.8316978087822338,9.386442242611363,165.02246134205495,3.8313174190438826,9.381222100128126,165.02246156103698,3.831317661170627,9.381221919847283
467,165.05149841308597,3.8191168308258066,9.419423103332518,165.72244859678526,3.8306633683125377,9.342354458000287,164.94331049023447,3.842260691091347,9.357885400646921,165.04714280134914,3.8407151270535054,9.355815666541451,165.0471424587154,3.840715173008744,9.35581566684108
469,165.07733154296875,3.820057868957519,9.395645141601562,165.7270025747756,3.8309277148091514,9.338143561266833,164.96976850841793,3.8437962867456568,9.333421115136872,165.070681258809,3.8420814728677395,9.334050516635443,165.07068144474363,3.842081351095145,9.334050451063431
471,165.1072998046875,3.816219329833984,9.374097824096681,165.73236042584583,3.8297815958849744,9.336312488268417,165.00089575617537,3.8371377796711608,9.322782976832546,165.09837475002928,3.836157449607649,9.324586124411638,165.09837451854,3.83615745672374,9.324585985993686
473,165.14164733886722,3.810854911804199,9.348490715026854,165.7413250397374,3.829499303635321,9.33019819356002,165.0529780065803,3.8354974152059436,9.287261017836524,165.14471076289078,3.8346983463524693,9.292982751229754,165.14471069368736,3.8346980686486307,9.292983055996991
474,165.16015625,3.80793833732605,9.336747169494629,165.746270502301,3.8303330747364908,9.324044435626874,165.08170998065899,3.840341777531558,9.251508545987935,165.170272713436,3.83900791606005,9.261175401779425,165.17027275701776,3.839007967307997,9.261175044925128
476,165.19705200195312,3.8045809268951416,9.312722206115726,165.75268476117256,3.8291973876601118,9.321168614288961,165.1189751283794,3.8337437151836795,9.234801408029048,165.2034265319008,3.83313781260505,9.24631094736874,165.20342655506298,3.8331378489815506,9.24631115435482
478,165.23141479492185,3.8040013313293444,9.289628982543945,165.759872508044,3.8301790183931503,9.313558895032932,165.1607340738546,3.839446883472976,9.190590679647997,165.2405783306853,3.8382116345031716,9.206978071063734,165.2405783639127,3.838211804171527,9.206978060302049
480,165.26260375976562,3.8066809177398673,9.264125823974611,165.76337558455586,3.8307507534127274,9.31426073464308,165.1810860830931,3.8427685436593784,9.194668480891293,165.25868492180805,3.841166800396636,9.210605717451605,165.2586849982717,3.841166995757538,9.210605970216779
482,165.28840637207028,3.810136795043944,9.237092018127438,165.76827509111155,3.828511068814392,9.307042290098359,165.20955097370586,3.8297565453252704,9.152730455196778,165.28400933639244,3.8295903894536507,9.17329524950404,165.28400944463738,3.829590571368445,9.173294838520137
483,165.29904174804682,3.8116445541381805,9.224674224853516,165.76958181016474,3.8288047000603282,9.307962653939123,165.21714272994438,3.8314623009120634,9.158077956417673,165.2907634645219,3.831108101354328,9.178052397026365,165.29076362564933,3.8311081361628565,9.17805236630063
485,165.3175201416016,3.813282251358032,9.199295043945314,165.77328469607005,3.829077552662085,9.304059765280654,165.23865532896946,3.8330475988699515,9.135403122386176,165.30990282412048,3.8325184132559,9.157879269520489,165.30990280547644,3.832518533049826,9.157879177297616
487,165.33274841308597,3.8145530223846458,9.17543888092041,165.77608447065236,3.828819749134436,9.297797896114474,165.25492117564133,3.8315495295732194,9.099023620578942,165.32437421046498,3.8311858865327926,9.125513118146866,165.32437409107658,3.831185741152844,9.125513314563037
489,165.34808349609375,3.815092563629149,9.148774147033691,165.77797884015558,3.8290510607855532,9.294849594566882,165.26592725516437,3.832893660613815,9.08189479873565,165.3341657676618,3.8323814828820377,9.11027403031989,165.3341659035367,3.8323815783302666,9.11027426320047
491,165.36151123046878,3.8134591579437256,9.123073577880861,165.77944656278163,3.8281765009929343,9.293273699299062,165.2744540924349,3.827812514989856,9.072738491287796,165.34175208596844,3.8278610858756497,9.102128592682394,165.3417520009528,3.827861019949042,9.102128143124851
492,165.36709594726565,3.8117065429687518,9.111327171325682,165.78051079519884,3.828195896627591,9.293100821044181,165.28063750790795,3.8279254468463195,9.071734294061274,165.34725285684007,3.8279613374188584,9.101235025024206,165.3472532191248,3.827961492379479,9.101234735904372
494,165.37939453125,3.805536985397337,9.087394714355467,165.78507258847202,3.828402988167105,9.286403468961606,165.3071398637601,3.829128401419297,9.032824982762428,165.37083170968688,3.829031745620986,9.066617963320349,165.3708316511825,3.829031728656799,9.066618169815358
496,165.3914184570313,3.7974302768707293,9.062973022460941,165.787091103073,3.827296706353208,9.28184159425871,165.3188669088038,3.822701074696674,9.006321584280744,165.38126494413996,3.8233136311570366,9.043038689582257,165.38126488724433,3.8233135092167143,9.043038810158283
498,165.4069366455078,3.7902143001556436,9.03710746765137,165.78987070395215,3.826337247923712,9.278797892522787,165.33501570723095,3.8171272978718926,8.988638231688029,165.39563205728552,3.8183544127604745,9.027306500277966,165.39563203817428,3.818354670127054,9.027306407726392
500,165.42187499999997,3.7861053943634015,9.015783309936523,165.79418713345635,3.827554738364765,9.274141724008427,165.36009302829908,3.8242004428637646,8.961586938877716,165.41794268164048,3.8246473388605455,9.003239843668329,165.41794265517345,3.824647456683664,9.003239601244797
502,165.43746948242182,3.786306381225583,8.996839523315426,165.79636493778256,3.828232642759316,9.270844860814075,165.37274552081362,3.828138639952557,8.942433513839916,165.42919924778926,3.828151269662771,8.986199121421556,165.42919923691957,3.8281511645429136,8.986199314960635
503,165.44485473632812,3.7878584861755398,8.989011764526367,165.79886420837113,3.827722480090503,9.266391690141576,165.38726583268672,3.8251748657510896,8.916561410862114,165.44211739859156,3.82551435698929,8.963181713639042,165.442117567232,3.825514374476648,8.963181601906962
505,165.46176147460943,3.79130935668946,8.96982002258301,165.8007532968187,3.827578150551217,9.264402878186488,165.39824064585264,3.824336329781409,8.905007218934097,165.45188165923474,3.8247683510296886,8.952902005282986,165.45188156285647,3.82476835161365,8.952902148605684
507,165.4754638671875,3.7952682971954323,8.952910423278809,165.80354003293533,3.8280496367937316,9.263454121371202,165.4144306904831,3.827075352772386,8.899495361678147,165.46628565277018,3.827205354213695,8.947998101051624,165.4662854094224,3.8272051865824896,8.94799839768837
509,165.49107360839847,3.7991349697113073,8.937366485595703,165.808667206325,3.828538289504732,9.25941907282998,165.4442187047113,3.8299144003393826,8.876052432443588,165.49278682448818,3.8297310868972843,8.927141869722082,165.49278700322523,3.829731010722062,8.927141855074822
511,165.5090026855469,3.8019397258758536,8.92536354064942,165.81217911623904,3.8265768571089342,9.25620011398428,165.46462180863017,3.818519080560735,8.857351159046637,165.5109390734209,3.8195928971416735,8.91050381700963,165.51093909514495,3.81959290169224,8.91050383592506
512,165.5175018310547,3.8029391765594465,8.922145843505861,165.8142225055604,3.8275725455732896,9.256047215797187,165.47649318088892,3.8243039440371547,8.856462979595427,165.5215008795423,3.8247393801969816,8.909713521694147,165.521500735242,3.8247395388894225,8.909713646593886
514,165.53713989257815,3.805263757705692,8.916779518127443,165.81897870674914,3.8277988741722297,9.251649836103109,165.5041254152603,3.825618458216056,8.83091554271781,165.54608458187664,3.8259092203036764,8.88698448455703,165.54608438978056,3.8259090267428415,8.886984780223404
516,165.55906677246094,3.8083205223083487,8.912602424621582,165.82328714850806,3.829363729387076,9.255941286596592,165.52915657893772,3.8347098963404487,8.855847122399197,165.5683539194263,3.8339975944643956,8.909165998191117,165.56835394179265,3.8339974343288823,8.909165735036908
518,165.5840606689453,3.8115167617797834,8.908205032348622,165.82828642215983,3.827390188710882,9.251736443961335,165.55820118448963,3.823244472992302,8.831418261103469,165.59419400702276,3.8237968198118844,8.887432140516474,165.59419414492282,3.823796956041789,8.88743203522845
520,165.61135864257818,3.813859701156621,8.905666351318374,165.8330298874169,3.828607227053875,9.253027845562032,165.58575968164408,3.83031477361322,8.838920686464764,165.61871188027618,3.8300874091217945,8.894107096281772,165.61871219744586,3.8300872120381846,8.8941067409654
521,165.62631225585938,3.814917325973515,8.90534400939942,165.8357295227925,3.8281953531421196,9.253214005264526,165.601443416057,3.8279221420063916,8.840002932668849,165.63266567025502,3.8279585282683373,8.895069312666475,165.63266559345067,3.8279585521524235,8.895069586258664
523,165.65736389160156,3.8155133724212664,8.903852462768553,165.84315444132585,3.827662165712735,9.25152309917018,165.64458020965108,3.8248242447931267,8.830178904366724,165.67104335442727,3.8252026059403557,8.886329410704963,165.6710432366541,3.825202436455687,8.88632941292666
525,165.68730163574222,3.81394410133362,8.902103424072262,165.8473041232778,3.8281934815325807,9.253926482264172,165.66868880269527,3.82791120604452,8.844142075329522,165.692492099306,3.8279488543521247,8.89875194125688,165.69249200242683,3.827948822721749,8.898752069979967
527,165.7155609130859,3.8113932609558105,8.90192031860352,165.85422418342247,3.82641885950274,9.252380456273414,165.7088926065475,3.8176007987562834,8.835159989338878,165.7282602874002,3.81877624410996,8.890760890994338,165.7282602436684,3.81877593110831,8.890760950041496
529,165.7423095703125,3.809394121170044,8.904014587402347,165.8569935398937,3.825696144758961,9.252749184979608,165.72498196406139,3.813402252464542,8.837302185998638,165.74257444957388,3.8150406989913486,8.89266676427335,165.7425745116191,3.815040597576715,8.892666804701289
530,165.7536926269531,3.8094172477722146,8.907491683959961,165.86085219634833,3.825594464016515,9.254188134186787,165.74739973664077,3.8128117819350713,8.845661885557355,165.76251895106296,3.814515134784489,8.900104359442226,165.7625189999731,3.814515271853264,8.900104204197673
532,165.77963256835935,3.8085179328918435,8.913781166076653,165.86704739646555,3.8260098445864976,9.255797118785733,165.78339218756778,3.815224964255323,8.855009718172834,165.79454050556413,3.8166621407421233,8.908420828168301,165.79454051396627,3.8166622151551444,8.908420719055451
534,165.8031311035156,3.8067014217376673,8.921605110168446,165.87001526869585,3.8254240401722193,9.257526944650904,165.80063470682228,3.8118215313744237,8.865059302874831,165.80988074971717,3.8136342534061365,8.917361897410771,165.80988071885272,3.8136342726057046,8.917361563840183
536,165.82798767089847,3.8033590316772465,8.929967880249034,165.8760690831304,3.8252436932912994,9.258259884368494,165.83580583861217,3.810773725688041,8.869318047544702,165.84117151437175,3.812702082149807,8.921150293050758,165.84117152733504,3.8127020681132495,8.921150454247122
538,165.85269165039065,3.7997679710388166,8.942302703857425,165.88021808127718,3.824278371787732,9.25982065333548,165.85991048089585,3.8051654242683064,8.878385510465034,165.86261672481987,3.80771255888135,8.929217546342722,165.86261677822256,3.807712513421514,8.929217531739976
539,165.86547851562503,3.7989230155944815,8.949810028076177,165.881607743013,3.8227364457957664,9.260331923186563,165.86798371218376,3.79620729995197,8.881356480459758,165.86979956446504,3.799742700562938,8.93186018178491,165.86979931461553,3.7997427115391753,8.931860723709654
541,165.89227294921875,3.796659708023071,8.969314575195307,165.8871174845899,3.821729826477193,9.26599017203606,165.89999413861204,3.7903590070852067,8.914228677594485,165.89827814253422,3.7945397184539327,8.961106359549468,165.8982781286835,3.7945396429221208,8.961106231959992
543,165.92021179199216,3.7948124408721906,8.990856170654284,165.89114063923682,3.822083646680613,9.27150289484192,165.92336737813315,3.79241465829238,8.946256596698905,165.91907289707882,3.7963685331351456,8.989600346900556,165.91907267023635,3.796368500424186,8.989600608790678
545,165.9500732421875,3.7942759990692148,9.012910842895511,165.89689759346894,3.821783207125847,9.27499942508499,165.95681421953375,3.790669190228563,8.966570142117762,165.9488292601044,3.7948156306630354,9.007673101876168,165.94882942400974,3.794815604508776,9.007673022925514
547,165.98034667968753,3.793569803237917,9.03361129760742,165.90374164942205,3.822334269752084,9.278153863339364,165.99657628920082,3.793870718568868,8.98489662430321,165.9842046001361,3.797663945743373,9.023977662596039,165.98420466624663,3.797663918027533,9.023977600430861
548,165.99627685546872,3.7930126190185542,9.042529106140123,165.90751060626604,3.822875353239386,9.282096446581619,166.01847278852847,3.7970142675365883,9.007802197541654,166.00368546511376,3.8004606809658825,9.044355962211615,166.00368539183108,3.8004606488604007,9.044356071890437
550,166.02893066406253,3.7929284572601327,9.058168411254877,165.91310300568452,3.8209845720667093,9.284704239581085,166.0509632137464,3.786029359087962,9.02295281672017,166.03259128242115,3.7906876710186626,9.057835040220407,166.03259124789156,3.790687671734874,9.057835169632735
552,166.0626373291016,3.795241594314576,9.072150230407726,165.92084487534237,3.8229227548589337,9.287230374461247,166.09594175450815,3.7972896980286035,9.037628573605563,166.07260721354498,3.800705688958371,9.070892046323815,166.07260744393542,3.800705691949356,9.070891795185101
554,166.0986328125,3.798846006393437,9.084090232849116,165.92763967221632,3.822957313228722,9.28946413090722,166.13541762112024,3.7974904858534493,9.050606227532654,166.10772794480573,3.8008843131675487,9.082437816020292,166.10772805902428,3.80088432746812,9.082437664280471
556,166.13853454589847,3.801774501800536,9.09267520904541,165.93406832724867,3.824242270378132,9.290066633234002,166.17276641290604,3.8049559681696854,9.054106701069049,166.1409561736914,3.807525959056776,9.085552010998512,166.1409562729412,3.8075261659730852,9.085551941286939
557,166.16072082519534,3.8031048774719216,9.09657192230227,165.93928687996268,3.8244836942399694,9.290313479984981,166.20308452404532,3.8063582413469614,9.05554120678094,166.16792966397207,3.8087738230810912,9.08682790468077,166.16792947968563,3.8087737306432286,9.08682818237482
559,166.20758056640625,3.8030707836151083,9.101554870605476,165.94926001757992,3.823963216457101,9.292923861776023,166.26102590837684,3.8033344185968385,9.070706955596938,166.2194785023817,3.8060835939722,9.100320363553621,166.2194783684489,3.8060835170008653,9.100320740548007
561,166.25592041015628,3.8034434318542476,9.108431816101072,165.95684529009606,3.8245482706413036,9.294164275763773,166.3050946470636,3.806733529027488,9.07791304290339,166.25868501915053,3.8091076035426874,9.106731776157119,166.25868513809573,3.80910761398276,9.10673180230058
563,166.30113220214847,3.8038995265960693,9.114605903625485,165.96755773580418,3.8262917606449562,9.29448981809524,166.36733081422886,3.816862624606118,9.079804417058742,166.31405516984665,3.8181192995521487,9.1084144290678,166.31405497944954,3.818119197452498,9.10841450693508
565,166.34396362304688,3.80544638633728,9.1177225112915,165.9751948076557,3.8261234846331877,9.294951532693904,166.41170046230053,3.815885205804712,9.08248681475348,166.35352942538248,3.8172495198226595,9.110800924888007,166.35352946006992,3.817249614275463,9.11080096390328
566,166.3640899658203,3.8073494434356716,9.11796855926513,165.97862325009507,3.8260747669831265,9.296210932145264,166.43161878763203,3.8156020560185757,9.089803606195511,166.37125025027098,3.81699770957326,9.117310468955573,166.37125025753986,3.816997703538478,9.117310516143032
568,166.40122985839847,3.80941343307495,9.114233016967768,165.98432516367168,3.8274996934586145,9.294499815307933,166.46474521303188,3.823880425457114,9.079862545969975,166.4007221208966,3.824362824489911,9.108466102344696,166.40072194582902,3.8243627458178797,9.108466222661477
570,166.43466186523435,3.8122382164001505,9.104560852050763,165.99148541746467,3.827301978034533,9.293317057292551,166.5063445222775,3.8227316345605535,9.072991102420966,166.4377318143262,3.8233408792568024,9.102352700108352,166.4377317306257,3.823340697504359,9.10235288444497
572,166.46510314941406,3.8135547637939387,9.094206809997548,165.9975927278755,3.827279004997794,9.291158767678372,166.5418265855368,3.82259832251407,9.060451790513632,166.46929908729183,3.8232221369508097,9.091197000986128,166.4692991664602,3.823222093367881,9.09119699643613
574,166.49291992187503,3.814005851745603,9.08248805999758,166.0030700248379,3.82684596783175,9.29001516428021,166.57364852693445,3.8200826228204567,9.053807343546083,166.4976099666632,3.8209838681376755,9.085285979897371,166.497610290474,3.8209839431206247,9.085285610963115
575,166.5057373046875,3.813802242279054,9.076030731201152,166.00498306170786,3.8275070751722566,9.28983759749899,166.58476227992486,3.823923415071966,9.052776098252064,166.50749801115487,3.8244009788580056,9.084368178332468,166.50749789711742,3.824400992520121,9.084368139805626
577,166.53030395507812,3.810565948486332,9.061718940734862,166.0104650216758,3.8268284553557033,9.28616878507587,166.61661125563887,3.8199807512237642,9.031461180431718,166.53583299252193,3.8208933502051536,9.065404936671417,166.53583307283418,3.820893310705355,9.065404831621043
579,166.55380249023438,3.8069407939911004,9.043236732482908,166.01502509205,3.8262384735367005,9.283611016058796,166.64310405940154,3.816553187262892,9.01660124159147,166.5594029401028,3.8178438708316986,9.05218442104128,166.55940300665517,3.817843899384128,9.052184344345099
581,166.57794189453122,3.803652048110961,9.026299476623509,166.02026065899082,3.826306392690566,9.279885399614352,166.67352094426718,3.8169475675504057,8.994956792424475,166.5864643729811,3.8181949292068964,9.0329275725507,166.58646408972308,3.8181947689017623,9.03292786099861
583,166.60285949707028,3.8020348548889107,9.009739875793468,166.02443010708194,3.8253130394611636,9.276235892642301,166.69774457516013,3.8111767107450882,8.973753882447497,166.608015284455,3.8130605164401827,9.014064116294783,166.60801520157088,3.813060593062535,9.014064203174904
584,166.6148681640625,3.8022792339324853,9.002668380737303,166.02716303147918,3.8262909719648928,9.27590804591226,166.71362236509495,3.816858333843548,8.971848833348325,166.6221411376766,3.8181152230475712,9.012369552481605,166.62214124354588,3.8181153800766277,9.012369332311275
586,166.63952636718753,3.8034780025482218,8.989165306091333,166.0328490299462,3.8258444625099344,9.27353678479221,166.74665619980948,3.8142639641849674,8.958072992856108,166.6515307467869,3.8158073190934303,9.000113052973045,166.65153055639664,3.8158072392808218,9.000113338131172
588,166.66366577148438,3.805717229843143,8.978978157043425,166.03591057104677,3.8263619292816857,9.271035640853318,166.76444311077918,3.8172702929777733,8.943542038202008,166.66735514363515,3.818481984983256,8.987185219256776,166.66735509192677,3.8184818890206276,8.987185539223173
590,166.68609619140625,3.808917045593262,8.970075607299819,166.0407124398505,3.8267702502001164,9.269288634747182,166.79234065471164,3.819642679593205,8.933392214919762,166.692174891294,3.820592501237144,8.978155349327965,166.69217478523467,3.82059253748292,8.97815551487391
592,166.70965576171878,3.8107206821441664,8.964811325073255,166.0451656782274,3.826577765470984,9.267854857334324,166.81821281852066,3.8185242356042104,8.925062267646279,166.71519264902489,3.8195975922547167,8.970744485966062,166.71519255240824,3.8195974879955488,8.970744585184207
593,166.7220306396484,3.8110964298248255,8.963898658752449,166.04591943974856,3.8276872931780943,9.267636296761,166.8225919009143,3.8249701823493414,8.923792737543618,166.71908866774498,3.825332483988886,8.96961479698458,166.71908850404625,3.8253322731680557,8.9696151184516
595,166.74780273437503,3.811012506484986,8.966408729553228,166.05312603831626,3.8264167105172553,9.267494175944123,166.8644602210246,3.8175886495976905,8.922966914083247,166.756337906581,3.818765136501727,8.968880207399536,166.7563376205624,3.8187651223291943,8.96888040556567
597,166.77275085449216,3.8104629516601527,8.975053787231445,166.0576224850885,3.827280941270704,9.27071708447243,166.89058362611038,3.822609718446998,8.941691180055836,166.77957899849966,3.8232321450970113,8.985538675106584,166.77957891033176,3.8232322320224132,8.985538880590585
599,166.79978942871094,3.8090834617614724,8.98739910125733,166.06370625248834,3.826948348171407,9.272451861959569,166.92592900309108,3.820677594996777,8.95176950316937,166.81102458309425,3.8215130484004836,8.994505338136136,166.81102474006636,3.821513273838008,8.994505293165881
601,166.82551574707034,3.8084814548492396,9.00218486785888,166.07041692965063,3.8261364686853057,9.275629979160144,166.96491612964735,3.815960519376328,8.970233450804985,166.84571051904882,3.8173166313807485,9.010932289844497,166.84571053629364,3.8173166187312657,9.010932169979075
603,166.85298156738278,3.8082296848297026,9.016880035400405,166.07484141764638,3.826574595999961,9.28054979802658,166.99062123177174,3.8185059274898805,8.998816246283099,166.86857967271862,3.8195812099930984,9.036361694058497,166.86857967318682,3.81958119975943,9.036361513127233
604,166.86605834960938,3.808305740356447,9.024701118469238,166.0781315653167,3.8267216160080246,9.279730427478015,167.00973613257733,3.8193600880339913,8.994056122794708,166.8855856839771,3.8203411223626564,9.032126557471933,166.88558568549942,3.8203411233853903,9.032126559492045
606,166.89231872558588,3.807959794998161,9.03770637512205,166.0846196116316,3.8269465512324663,9.281926836684118,167.04743011889408,3.8206667488293187,9.0068164458487,166.91912089264625,3.8215037604392976,9.043479287935721,166.91912100969134,3.8215036242950045,9.04347907516427
608,166.91546630859375,3.807512044906621,9.04916667938231,166.08902123637694,3.8274365540147812,9.285754058594618,167.0730024106218,3.8235136351595758,9.029051552084491,166.9418718714701,3.824036471328813,9.063261311546942,166.94187198875238,3.824036422371083,9.063261050193223
610,166.935791015625,3.8072845935821538,9.058440208435046,166.09275897403344,3.8273333993345267,9.287102837949304,167.0947176281709,3.822914492843922,9.036887895495388,166.96119137169845,3.823503288678806,9.070232839633022,166.96119143282203,3.8235033815930732,9.070232833823523
612,166.95132446289062,3.807816267013554,9.06431579589846,166.09453281078925,3.827169095156292,9.288001089334106,167.1050232597371,3.8219598746946657,9.04210633490524,166.9703599230409,3.822654038436915,9.074875692992059,166.9703600756042,3.822654083542031,9.074875538787515
613,166.9581146240234,3.807959079742436,9.066008567810073,166.0955940947946,3.826721049773463,9.289610735362103,167.11118859414216,3.819356743532369,9.051458589360607,166.9758454542547,3.8203381956273583,9.083195580491708,166.97584520753716,3.820338147872394,9.08319598763712
615,166.9685516357422,3.8080792427062993,9.068656921386724,166.0990000543535,3.8268815209297613,9.288548359369614,167.13097650810494,3.82028888610716,9.045286143522068,166.99345007034145,3.8211676338666467,9.077704405049342,166.99344998152543,3.8211674500103014,9.077704528853399
617,166.9748840332031,3.8087699413299507,9.071730613708516,166.0988186426947,3.8272274474466035,9.289003548364311,167.12992261701865,3.822298774182413,9.047930464728697,166.99251239549486,3.822955647910238,9.08005717153408,166.99251236301663,3.8229555932867045,9.080057110195867
619,166.978515625,3.809657096862801,9.074970245361316,166.09982838256323,3.826905795883819,9.292005408749551,167.13578899863475,3.820430016052657,9.06537054818902,166.99773150700383,3.821293105481713,9.095573092587806,166.99773152470667,3.8212930095209265,9.095573082634061
621,166.9782257080078,3.8093442916870117,9.077887535095204,166.1009097073009,3.8278929218787927,9.291960174362355,167.14207102869088,3.826165097743381,9.065108008658761,167.00332062412122,3.8263953311159886,9.095339286517376,167.0033204776167,3.8263953572044413,9.095339508286514
622,166.9771270751953,3.809299945831298,9.078413009643537,166.10054837724857,3.8278245350008087,9.293520120387429,167.13997213029,3.8257679697826417,9.074170377679156,167.00145299277042,3.826041855183155,9.103402286213202,167.00145314425146,3.826042043155957,9.103402053873818
624,166.97726440429685,3.809518575668332,9.080686569213878,166.10203773822374,3.8270831687487865,9.292766042559135,167.14862449614466,3.8214606664611592,9.069790053925898,167.0091511546919,3.8222099047384135,9.099504632574916,167.0091509210672,3.8222099514247954,9.099504997831595
626,166.97747802734372,3.810848474502568,9.082556724548324,166.10019701742078,3.8280590473332072,9.292530047326045,167.13793071179748,3.8271303858613974,9.06841857833139,166.99963689520095,3.827253995112616,9.098284827875236,166.99963694921217,3.8272541480392523,9.098284832941186
628,166.97959899902344,3.8116853237152086,9.084106445312525,166.1025344324773,3.8277119659580716,9.291912235387546,167.1515102735055,3.825113829797974,9.064829402321923,167.01171845224644,3.8254600118739877,9.095091501059997,167.01171831944552,3.825460072433402,9.095091639733972
630,166.9812774658203,3.8123879432678267,9.085595130920403,166.10079182143082,3.8280319850723363,9.29421979467774,167.14138668882836,3.8269732620825385,9.078235129008558,167.00271129936303,3.8271141165542146,9.107018740564367,167.00271163887638,3.8271143592459413,9.107018353631705
631,166.98306274414062,3.812686920166012,9.086373329162596,166.10129863802422,3.828610788924668,9.293092558842307,167.14433075564293,3.8303359591325354,9.071686596926885,167.00533091694763,3.830105819606937,9.101192319616375,167.0053308958114,3.830106060224005,9.101192301048812
633,166.98532104492188,3.813386440277097,9.087430953979457,166.10144756293533,3.8279574168297037,9.293614176809983,167.14519610436105,3.8265398090599825,9.07471690962674,167.00610067531983,3.8267286905792135,9.103888442076453,167.0061007732544,3.826728727768516,9.10388828862462
635,166.9890899658203,3.813972949981686,9.088099479675293,166.10207127327985,3.827887627756435,9.291890654752379,167.1488194357736,3.8261344554096848,9.064704000032899,167.00932448962962,3.826367967023721,9.094979955755226,167.0093243536036,3.826368095545622,9.094980072695627
637,166.9927978515625,3.8144669532775968,9.088356971740753,166.1040553102045,3.8273158299224384,9.292029937607525,167.16034651196608,3.8228122707806262,9.065512940308377,167.0195795169593,3.823412476457072,9.09569987657341,167.01957968276545,3.8234124373771077,9.095699765066769
639,166.99562072753906,3.8156433105468737,9.087847709655776,166.10509283898725,3.82858011867644,9.292450109063896,167.16637429349308,3.8301577707224546,9.067953974592768,167.02494226292947,3.8299472921975526,9.09787164551314,167.0249424376083,3.8299475307957542,9.097871487510844
640,166.99699401855466,3.816180706024173,9.087616920471174,166.1045773715137,3.82857337848921,9.291700403669234,167.16337925390908,3.8301183685895164,9.063598661256087,167.02227793094912,3.8299124537308953,9.093996591971564,167.02227783157346,3.8299124757795284,9.093996682562494
642,166.99977111816406,3.8171372413635285,9.08740806579591,166.10410174717276,3.827155898778444,9.29240255419073,167.16061645444537,3.821883216221293,9.067677333331853,167.01981953889276,3.8225858294163064,9.097625845388192,167.01981984331735,3.822585882563365,9.097625367233416
644,167.00111389160156,3.817688703536992,9.086888313293462,166.1046664275236,3.826858210949575,9.293081393782602,167.16389659593526,3.8201537077875165,9.071622035984207,167.0227382408375,3.8210471499780168,9.101134610008767,167.02273809683754,3.821047185500868,9.101134862917313
646,167.00173950195312,3.8173260688781667,9.087064743042005,166.10494347071224,3.826658675516999,9.292560393814963,167.16550651378012,3.8189943863025873,9.068594744469538,167.02417021291203,3.8200157975425424,9.098441681847738,167.0241703973747,3.8200157684065577,9.098441563208578
648,167.0009918212891,3.8168883323669425,9.087279319763175,166.10555961825358,3.8268802900504397,9.292649217884794,167.16908599715495,3.8202820547046055,9.069110749765143,167.02735493684392,3.8211612717365235,9.09890079289166,167.02735496730597,3.821161372295479,9.098900639219469
649,167.00117492675778,3.8171477317810076,9.087264060974118,166.10458156818746,3.826813147736601,9.294076204937106,167.16340379790822,3.8198918849900254,9.077401459204438,167.02229962258363,3.820814228667496,9.106276558452649,167.0222996677083,3.820814248811155,9.106276660065118
651,167.00048828125,3.8177444934844926,9.086902618408214,166.10472465303215,3.82684850477942,9.292642700214632,167.16423508764387,3.820097323605877,9.069073039556297,167.02303919500523,3.8209969810325863,9.098867104564185,167.02303924379208,3.82099702201339,9.09886708946253
653,166.99978637695312,3.8182833194732697,9.086322784423839,166.10592029442606,3.827153852149944,9.292748925134457,167.17118124095862,3.821871408544854,9.069690290951325,167.02921918844115,3.822575250867621,9.09941615657142,167.02921904927456,3.8225753775917233,9.099416241400618
655,166.99851989746094,3.818830013275148,9.085626602172837,166.10290195959368,3.827167706905321,9.294982600339557,167.1536459261562,3.8219519405397175,9.08266676515176,167.013618114786,3.8226468628891883,9.110961506352638,167.01361835207675,3.822647024738111,9.110961060924966
657,166.99749755859375,3.819071769714352,9.085404396057132,166.10410726532757,3.82748559733637,9.29242758790962,167.16064827739726,3.82379869593954,9.067823105116915,167.0198480609569,3.824289964898909,9.097755238882932,167.01984815534036,3.8242900332677965,9.097755056463654
658,166.9966278076172,3.8192863464355478,9.086049079895052,166.10310130618265,3.8275380444838354,9.29480608195709,167.1548036832682,3.8241031113406696,9.08164179037231,167.01464849113253,3.8245610520565827,9.110049123718063,167.0146483773906,3.824560863449569,9.110049168475369
660,166.99542236328128,3.8194501399993874,9.086784362792974,166.10366861091416,3.826659741531052,9.293764399960365,167.1580998057318,3.8190007003735458,9.075589704100523,167.01758075789317,3.8200213075222784,9.104664910746761,167.0175808487526,3.8200213858653953,9.104664790355834
662,166.99441528320312,3.8196787834167476,9.087968826293938,166.10371080974093,3.827235850371009,9.292971740516,167.15834470993124,3.8223476352372243,9.070984924706615,167.0177988738548,3.8229990806802436,9.100567837671097,167.0177987334214,3.8229990636509075,9.10056804217671
664,166.99432373046875,3.8195905685424894,9.088696479797353,166.10372392678235,3.8269818059532548,9.293676036683062,167.15842104972853,3.8208716604195176,9.075076701875828,167.0178666728038,3.821685983925511,9.10420818143269,167.01786665088252,3.8216859286167137,9.104208386096232
666,166.99453735351562,3.819549083709716,9.089111328124972,166.10358872601796,3.827199462376149,9.29382680729813,167.15763558504256,3.8221362176107423,9.075952484882578,167.01716785136725,3.8228109995628383,9.104987479821153,167.01716784411096,3.8228109710839826,9.104987546644715
667,166.99468994140625,3.8195168972015376,9.089356422424324,166.1034873817398,3.8268926178642038,9.293962254297886,167.15704680482526,3.8203535780277806,9.076739363910104,167.01664402626636,3.821224991350557,9.105687573991265,167.01664402221272,3.821225004669349,9.105687611717862
669,166.9947814941406,3.8193488121032684,9.090088844299272,166.1030061302458,3.827108117048198,9.29434351528376,167.15425094096753,3.821605678036158,9.078954273363557,167.01415654875925,3.8223388567196595,9.10765822372127,167.01415661745597,3.8223389643166206,9.1076581569914
671,166.99481201171872,3.819267511367797,9.091062545776357,166.10362859231236,3.8272299959012943,9.294217967015342,167.15786686168624,3.8223135655883116,9.078225371113392,167.01737391100934,3.8229688202822736,9.107009293800743,167.0173736047105,3.8229687528020686,9.107009672295245
673,166.99557495117188,3.819049119949344,9.091746330261227,166.10422511830052,3.8270156294132,9.293876051914953,167.16133288153227,3.821068108649837,9.07623853644326,167.02045721567748,3.821860809555928,9.105242013839693,167.0204572291968,3.821860703315133,9.105242039012344
675,166.99623107910156,3.8187355995178245,9.092556953430192,166.10312224484025,3.8268477165895045,9.293813275568198,167.15492514611873,3.8200923644493736,9.075874275866415,167.01475671820396,3.820992907061469,9.1049175374433,167.01475643961663,3.8209926099854434,9.104917966189898
676,166.9967498779297,3.818774938583375,9.093241691589379,166.1039056379996,3.8274241448682655,9.294013476850584,167.1594768739127,3.823441674386525,9.07703681819687,167.01880589599855,3.823972331324624,9.105952331502216,167.01880598921645,3.823972400809843,9.105952248783709
678,166.9981536865234,3.8187348842620916,9.093953132629348,166.1042591606323,3.82709943223381,9.2957243289558,167.16153074094638,3.821555104221102,9.086976482098084,167.02063317260559,3.822293966925624,9.114795329774102,167.0206332593874,3.8222939701557674,9.11479529999313
680,166.99948120117188,3.818727970123291,9.094408035278311,166.10486105000157,3.8269571929559945,9.294681227366857,167.16502747939094,3.820728616944888,9.080916487774193,167.02374419934856,3.8215587650434273,9.10940377925942,167.0237442133833,3.821558666690768,9.109403886292672
682,167.00000000000003,3.818582534790037,9.095224380493145,166.10544327018337,3.8266498418653367,9.294117027112502,167.16840996360102,3.8189428473162144,9.077638713564063,167.02675356061695,3.8199701384431126,9.106487558822225,167.02675351846466,3.819969915558785,9.10648773887751
684,166.99977111816403,3.818309068679809,9.095199584960927,166.1059265790202,3.8263500821250496,9.294899370223419,167.17121786991794,3.817201524770145,9.082183798972828,167.02925167205277,3.8184207497745897,9.110531309159711,167.02925163707295,3.8184207077988397,9.11053137892614
685,166.9997100830078,3.818099498748774,9.095566749572734,166.1052542594097,3.8255680092932067,9.29562248971095,167.1673120780556,3.8126579950331685,9.086384551513095,167.0257766077057,3.8143783964470317,9.114268946305033,167.0257767592707,3.814378451789489,9.114268675297616
687,166.99995422363284,3.8177802562713605,9.095588684082047,166.10283143784378,3.826197208180383,9.29633417719331,167.15323566838103,3.8163132581713577,9.090519952147691,167.0132536041947,3.8176305797625916,9.117947494063452,167.01325335678604,3.8176304409348125,9.117947829839121
689,167.0009613037109,3.816869497299195,9.096354484558061,166.1034414376359,3.8255993596615427,9.296871009330955,167.15677976461686,3.8128400145883994,9.093638641131644,167.01640655183468,3.8145404392397273,9.120722255044257,167.01640644373308,3.8145403896843737,9.120722443414135
691,167.001220703125,3.817841768264773,9.096869468688983,166.10448125458848,3.8257885408583836,9.296678980056697,167.1628206983309,3.813939140194705,9.092523081682724,167.0217811248248,3.8155182730288897,9.119729700202594,167.02178089972242,3.8155182521270823,9.11972996022436
693,167.0016937255859,3.8183028697967543,9.097455024719212,166.10421765651404,3.8253440354181896,9.297025208964971,167.16128970324343,3.811356746030687,9.094534073089354,167.0204186474314,3.8132207273629035,9.121519277237455,167.02041881463637,3.8132207656061823,9.121519085104968
694,167.00183105468753,3.818201541900631,9.097673416137692,166.10495760307285,3.825834724177067,9.29575865713607,167.16558836660994,3.814207550290374,9.08717610351768,167.02424325981082,3.81575698390639,9.11497276418697,167.02424321963238,3.8157570493585293,9.114972897792564
696,167.00108337402344,3.818080902099609,9.097651481628418,166.1040437399345,3.8260764036007586,9.294643690488428,167.16027912219695,3.8156114819705516,9.080698351027532,167.01951971291356,3.8170061688707357,9.109209759828948,167.01951972790326,3.8170060895540256,9.109209815905526
698,167.0005950927734,3.8183484077453644,9.097976684570304,166.1036928923663,3.824977195326188,9.296457127696272,167.15824098511547,3.8092254805570294,9.09123369108487,167.01770626309533,3.811324615893223,9.118582996736013,167.017706452247,3.8113246361281905,9.118582824144196
700,167.00048828124997,3.8186116218566974,9.09760761260982,166.1041496836814,3.8246276835904824,9.297149154424487,167.1608947100206,3.8071948508786995,9.095254207583796,167.02006731160313,3.8095180706837177,9.122159922609988,167.02006739980672,3.809518039606285,9.122159769365048
702,167.0005645751953,3.818606138229366,9.09784221649172,166.1027806926399,3.8257248547940885,9.298161102654975,167.15294092947315,3.8135690887425633,9.101133720637426,167.0129913139892,3.8151890945132325,9.127390448630427,167.01299113551966,3.8151890273188864,9.127390613741323
704,166.99957275390628,3.8183445930480904,9.098804473876957,166.10354203189422,3.826030029988278,9.296875210789395,167.15736410405069,3.815341932799736,9.093663055626951,167.01692650025674,3.816766474408671,9.120743971409814,167.0169263147859,3.8167662789181063,9.120744164332908
705,166.9990539550781,3.8181724548339804,9.099309921264622,166.1031712885812,3.825037825631102,9.296867798719848,167.15521028451863,3.8095776371877257,9.093619865367437,167.01501021394162,3.8116379998964014,9.120705660139077,167.01501011956972,3.811637940395813,9.120705739122515
707,166.99882507324216,3.8178610801696746,9.099643707275405,166.10254138764927,3.825741388164167,9.296817078315028,167.15155041189539,3.813665214569588,9.093325641551553,167.01175440191932,3.8152745516737814,9.120443498114195,167.0117540294897,3.8152745478776677,9.120443976119587
709,166.99903869628906,3.818213224411012,9.09965419769287,166.10250783556654,3.825431095248065,9.297431375596089,167.15135593562033,3.8118625000958604,9.096894135958474,167.01158097897488,3.8136707194591195,9.123618658479188,167.01158100918678,3.8136707213735153,9.123618769462153
711,166.99890136718747,3.8186078071594287,9.099206924438432,166.10363759062145,3.825351539235853,9.296833343299095,167.15791958101445,3.8114002718307756,9.093419573483896,167.01742042118488,3.813259512858404,9.120527568049614,167.01742050767663,3.8132594893379848,9.120527544829372
713,166.99858093261716,3.818636417388918,9.09867572784425,166.1024461895344,3.8256142632175907,9.29770442533976,167.15099781967314,3.8129266659627064,9.098480270836625,167.01126234491295,3.8146174722690454,9.125029989361654,167.01126240307582,3.814617481077803,9.125029910934535
714,166.9981689453125,3.818571329116815,9.098649978637683,166.10338593131115,3.825774718235999,9.297110521298181,167.15645766688797,3.8138589999438923,9.095029383744913,167.0161196524982,3.8154468270953186,9.121960236928155,167.01611988206065,3.8154469535048237,9.121959749652099
716,166.99800109863278,3.8182153701782227,9.098570823669426,166.10371218748574,3.825887312542093,9.296311048814669,167.15835302580203,3.8145129737087453,9.09038508128226,167.0178059950986,3.816028800984923,9.117827948831145,167.01780613182763,3.8160287763460876,9.11782783886342
718,166.9979248046875,3.8178689479827854,9.098237037658667,166.10353584991793,3.8261058059213835,9.297164573851292,167.1573283732482,3.815782295173719,9.095344068320532,167.0168945470531,3.81715814265601,9.122239622055774,167.01689452605345,3.8171580574593658,9.122239716041776
720,166.9982452392578,3.8178498744964586,9.097643852233865,166.10212404343443,3.826047370327171,9.296612730084767,167.14912612107636,3.8154426871433795,9.092138012032787,167.00959724633626,3.816856102604118,9.11938726944221,167.00959720325574,3.8168559173434358,9.11938737413016
722,166.99819946289065,3.817607164382934,9.097490310668944,166.1042584372085,3.8267534476230516,9.295385467774324,167.16152650736217,3.819545052631839,9.085007687651117,167.0206294333957,3.8205056526080354,9.113043834812578,167.0206294928816,3.8205056814053546,9.113043716610797
723,166.9980010986328,3.8173997402191184,9.09783840179442,166.10241241028055,3.826595302754132,9.295273810941303,167.1508014685765,3.818626385726641,9.08435932119187,167.01108774777367,3.819688238409404,9.112466706504154,167.01108771479463,3.8196883682076646,9.112466882438275
725,166.99728393554685,3.8172976970672674,9.098004341125478,166.10268242006904,3.8262541890484516,9.294557581894932,167.1523701082776,3.8166445047898656,9.080198199753273,167.01248336583188,3.817925100671984,9.108764684453252,167.01248329127927,3.8179251421278835,9.108764844790336
727,166.99655151367188,3.8175513744354275,9.098076820373544,166.10257202257839,3.8268301826926754,9.295787071959262,167.15172906570723,3.819990786485069,9.087340729184415,167.01191274677242,3.8209022784098834,9.115119633826744,167.0119129729734,3.8209022388069993,9.115119360813427
729,166.9963836669922,3.818222522735597,9.098426818847676,166.1013696061986,3.8268582254286256,9.295003923769963,167.14474325681263,3.820153882807536,9.082791005698867,167.00569773500368,3.8210472248168754,9.111071722225567,167.00569788698976,3.8210473412114645,9.111071594392826
731,166.99684143066406,3.8183186054229714,9.098570823669444,166.10102277478254,3.826287892027281,9.294015942889132,167.14272775640578,3.816840045514695,9.077051658416437,167.0039050437456,3.8180993035634194,9.105965077884294,167.00390475057316,3.8180991094431147,9.105965451727279
732,166.99691772460938,3.818328380584713,9.09873008728026,166.10161273955066,3.82657154775806,9.295620144127193,167.14615574766782,3.8184882900806194,9.08637120356816,167.00695443498697,3.8195654543367326,9.114256822525864,167.0069545420527,3.8195655082315425,9.114256799990585
734,166.99684143066406,3.8182227611541784,9.09912967681882,166.10168032719028,3.8265035833157746,9.296410053140141,167.14654827316406,3.8180934052730366,9.090960355296732,167.0073037798418,3.819214161876181,9.118339679258572,167.00730376141252,3.8192141898559937,9.118339644656853
736,166.9962615966797,3.8181464672088574,9.099764823913585,166.10309785426352,3.825794294905018,9.296154580392662,167.15478362882476,3.813972669920224,9.089476382041198,167.0146306489621,3.8155480143632143,9.11701919979831,167.01463053549253,3.815548082620623,9.117019393627993
738,166.9950714111328,3.818020820617679,9.099870681762694,166.1021888447163,3.8258793503077673,9.296399549288916,167.14950250732807,3.8144665317552935,9.090899582663077,167.00993218915323,3.8159876460398716,9.118285387284438,167.00993206396444,3.815987458191196,9.118285576881838
740,166.9930877685547,3.8177874088287385,9.100073814392104,166.1017073556939,3.8262162214286377,9.295317506850987,167.1467054312249,3.81642389547686,9.084612993740564,167.00744348391675,3.8177288548390576,9.112692560540653,167.00744358070557,3.817728871965072,9.11269256807119
741,166.9919891357422,3.817783832550048,9.099944114685076,166.100927944894,3.826450076571175,9.295378226630895,167.14217713339093,3.817782508514508,9.084965779533372,167.0034148900159,3.8189375979063427,9.113006407019355,167.00341487610999,3.8189375933851433,9.113006432087396
743,166.98930358886716,3.8180620670318643,9.100034713745114,166.09954292569407,3.8257941070688086,9.296401253105694,167.13413071827645,3.8139716101914782,9.09090899650805,166.99625604656342,3.8155470434813545,9.118294193918736,166.99625619734414,3.8155471398085057,9.118293952126113
745,166.98731994628906,3.8184261322021475,9.099649429321277,166.0978801542991,3.8260901397122105,9.295118462657546,167.124470137853,3.815691426791753,9.083456689760723,166.9876615663466,3.817077167649333,9.1116637472065,166.98766143918667,3.817077214307824,9.11166383556987
747,166.98519897460938,3.819348335266122,9.098995208740194,166.0981772663098,3.824955990819534,9.293834973259576,167.1261962992346,3.80910226066388,9.075999851944907,166.98919726951408,3.8112150147096213,9.105029687784512,166.98919715846702,3.811215010708662,9.105029687844054
749,166.98568725585935,3.8205099105834996,9.098154067993155,166.0987967777898,3.8264837351224728,9.29407374764877,167.12979563083107,3.8179781391725034,9.07738700748947,166.9923993808657,3.8191115711621544,9.106263857298387,166.9923993868264,3.8191116407114896,9.106263802763626
750,166.98535156249997,3.8208172321319562,9.097607612609837,166.09952946812595,3.82631263446251,9.29255592638232,167.13405219677423,3.8169839812607282,9.068568994721137,166.99618648751076,3.818227191480381,9.098418590723135,166.99618633887889,3.8182271651988913,9.098418654351093
752,166.9848937988281,3.8209922313690257,9.09717178344724,166.09809254192044,3.8267661660374195,9.294565664221441,167.12570449868437,3.819619153490737,9.080244663659272,166.98875934876898,3.8205713911461183,9.108806460126988,166.98875961676603,3.8205716069433215,9.108806182475819
754,166.98416137695312,3.820964097976685,9.096978187561042,166.09864888381114,3.826065023768401,9.29347648802331,167.1289362405913,3.8155454214430256,9.073917553095075,166.9916349511445,3.816947349153024,9.103176760629012,166.9916348104811,3.816947317282283,9.103177122652173
756,166.98402404785153,3.820860624313357,9.096537590026845,166.09820704012546,3.825959435681481,9.294373795372152,167.12636957171136,3.8149321718087466,9.079130069528473,166.98935116347107,3.8164015887875777,9.107814734484823,166.98935131432182,3.816401725602928,9.107814558103573
758,166.98408508300784,3.821152687072755,9.096299171447738,166.09648854856837,3.8263135049070702,9.294803541609268,167.11638546849878,3.816989170718888,9.081626948439148,166.9804686786419,3.8182316906067073,9.110035993248555,166.98046872665424,3.818231782120018,9.11003596400726
759,166.98440551757815,3.8213362693786714,9.096321105957049,166.0983771112171,3.826886955344599,9.292089425151907,167.1273575018906,3.820320638383049,9.065858617179657,166.9902302215527,3.8211957230982474,9.096007353912073,166.99023024918853,3.8211956991547886,9.096007304466998
761,166.98529052734375,3.8213393688201904,9.095934867858867,166.09771981370727,3.8265525134180884,9.291646491690248,167.12353876835982,3.818377673056653,9.063285452915341,166.98683280296467,3.819467070242069,9.093717933439041,166.98683282483864,3.819467095245219,9.093718029539218
763,166.98583984375,3.8212521076202357,9.095260620117179,166.0991579293984,3.8276340703093186,9.291395338625712,167.13189406646543,3.8246613348386425,9.06182590863196,166.99426608988213,3.825057387307429,9.092419781419409,166.99426630848077,3.8250574998577958,9.092419512308794
765,166.9856414794922,3.8209152221679683,9.094896316528322,166.0983336912629,3.8269943016674506,9.29313714941427,167.12710549841265,3.820944502370823,9.071945373800496,166.99000579386617,3.8217505713779882,9.101422797954982,166.9900060484829,3.8217507341385097,9.101422527862105
767,166.98451232910153,3.8206465244293226,9.094217300415027,166.09758010390695,3.8270502188015527,9.292523227400256,167.12272705022832,3.821269317284317,9.068378850605004,166.98611067536578,3.822039594092884,9.098249577258432,166.98611066108384,3.8220397132168924,9.098249488253245
768,166.98358154296875,3.820396661758422,9.093833923339862,166.09885653729938,3.8268586407033767,9.292002536627578,167.13014305602053,3.820156156785389,9.065353512193317,166.99270826392947,3.821049371275881,9.095558247254548,166.9927084816582,3.821049364308302,9.095557926167617
770,166.98123168945312,3.8200170993804954,9.093166351318366,166.09769000114113,3.825420592817434,9.293822069820108,167.1233654116038,3.8118014671509375,9.075924959853012,166.98667870871546,3.8136164348277144,9.104962992894528,166.98667859400285,3.813616422006577,9.104963058367407
772,166.97837829589844,3.819937944412234,9.091813087463402,166.0980157385196,3.8271034912066053,9.293474161146646,167.125258007271,3.8215784878263106,9.07390367797144,166.98836236977883,3.822314946815882,9.103164733542473,166.98836238538354,3.8223147739193934,9.103164778328459
774,166.97471618652347,3.820569276809689,9.090384483337399,166.09649165167224,3.8267255271228207,9.293594833220821,167.1164033456071,3.8193825540454145,9.074604957470415,166.98048471786714,3.820361338009164,9.103788459544354,166.9804846314359,3.820361110790544,9.103788687807004
776,166.97016906738284,3.8220729827880784,9.090424537658699,166.09632462357249,3.827030318050141,9.293156677262717,167.11543310151782,3.8211535273679003,9.072059207607701,166.97962138830573,3.8219367317181607,9.10152373288065,166.97962143140697,3.8219366980475082,9.101523802733817
777,166.96722412109375,3.82242035865784,9.08937835693359,166.09556591940685,3.826323152442853,9.292842352030247,167.11102501019113,3.8170451751690972,9.070233064724604,166.97569982220136,3.8182815564846475,9.099899058556634,166.9756996713027,3.8182816077706714,9.099899132604985
779,166.9598846435547,3.822688817977901,9.087438583374038,166.09344208752736,3.827453246256409,9.292468557764538,167.0986861434575,3.823610584378505,9.068061477781978,166.96472222712876,3.824122749659604,9.097967002573752,166.96472211396514,3.8241226754794604,9.097967130202267
781,166.95016479492185,3.822884559631345,9.084521293640138,166.09213616962379,3.82682846895013,9.290883107615697,167.09109924557373,3.8199809107507976,9.05885008065486,166.95797223995606,3.8208934204715974,9.08977217796932,166.95797225530052,3.820893452632259,9.089771998323062
783,166.93792724609375,3.823248624801628,9.080126762390153,166.08971110436173,3.826587838386116,9.29054170937606,167.07701023184396,3.8185828684605303,9.056866740102961,166.9454376392994,3.81964965681999,9.088007569541777,166.9454376393275,3.8196496520683123,9.08800747366303
785,166.9226379394531,3.823024034500124,9.073184967041012,166.08460815796394,3.8262612535129246,9.289189889571297,167.04736321748194,3.8166854167879354,9.049013347458128,166.91906169129092,3.817961615252604,9.081020326073467,166.9190614893072,3.817961540430443,9.081020521788583
786,166.9136962890625,3.8227522373199494,9.069327354431145,166.0840107233394,3.8272971352253706,9.287888252122384,167.04389237098272,3.8227036570757984,9.041451110785662,166.9159736900918,3.823315847897912,9.074292463579528,166.9159735706776,3.823315806689855,9.074292603539334
788,166.89259338378903,3.8226191997528076,9.061868667602544,166.0801961460045,3.8270125282199814,9.287580068730684,167.02173096361378,3.821050163417034,9.039660179976568,166.89625702336335,3.821844780206466,9.0726995350079,166.89625716354513,3.8218447379249327,9.072699260644168
790,166.86924743652344,3.8224158287048353,9.054282188415538,166.07482936588565,3.8269020478235665,9.283741030883734,166.99055115611304,3.820408291367368,9.017356993348075,166.86851737995875,3.8212737326263766,9.052856437557928,166.86851732876104,3.8212736816536634,9.052856716323838
792,166.84492492675784,3.8224546909332258,9.047383308410646,166.07102633284634,3.8260261069782073,9.282503442484641,166.96845674566902,3.8153193521489204,9.010166441325996,166.84886038302017,3.8167461972782477,9.046459629767751,166.84886052698783,3.816746189521373,9.046459475895269
794,166.82069396972656,3.8225429058074933,9.039774894714338,166.06676990871213,3.8269838348486886,9.282024895807421,166.9437278612913,3.820883447011493,9.00738649671448,166.82685991252458,3.8216964708160845,9.043986132832059,166.82685990472564,3.8216964148300767,9.04398623406302
795,166.80894470214847,3.8222270011901873,9.03616905212401,166.06354093214722,3.826860779464283,9.282365694661479,166.92496842688757,3.8201687521400682,9.009366174821716,166.81017008054178,3.8210604260356327,9.045747643174366,166.81017014129492,3.8210605700560554,9.0457475003447
797,166.78707885742188,3.821544408798223,9.03125476837157,166.05984904848762,3.8261367224375866,9.279687613737797,166.9035195375927,3.815962059474563,8.993807476080331,166.7910875890029,3.817317942967517,9.03190526316508,166.79108764229852,3.8173179889151765,9.03190534520853
799,166.766357421875,3.82094097137451,9.029264450073248,166.05725844931732,3.825333721391632,9.280585005072451,166.88846853496887,3.8112967944796865,8.999021385198288,166.7776973819148,3.8131674165485157,9.0365436711241,166.77769717072135,3.813167428326285,9.036544019693864
801,166.74639892578125,3.822624444961548,9.031847953796388,166.05186090337952,3.8259635618141536,9.280621153630245,166.8571104637447,3.8149559719920045,8.999231150645763,166.74979871711787,3.8164229158116876,9.036730514646766,166.74979873950477,3.8164228999848224,9.036730642361634
803,166.72683715820312,3.8227491378784193,9.038043022155751,166.04731296264492,3.825083880489004,9.281388177731856,166.83068810264461,3.8098453559021443,9.00368729528697,166.72629146483473,3.811876046789875,9.04069508457328,166.72629147662303,3.8118761225239868,9.040695154205336
805,166.7076416015625,3.8209714889526376,9.047954559326152,166.04335482866207,3.826201415679554,9.284335266052443,166.80769236463598,3.816337825172293,9.02080923276435,166.70583278704274,3.817652327351285,9.05592790151087,166.70583278799637,3.817652297533737,9.05592808073301
806,166.69856262207028,3.8196725845336923,9.0544958114624,166.0425789004685,3.825829953923985,9.28389249548975,166.8031844254397,3.8141797176331016,9.01823650879529,166.70182219392717,3.815732327573072,9.053639323024862,166.7018221959323,3.815732287393135,9.053639197524058
808,166.67961120605472,3.816743135452271,9.070441246032711,166.04026965602964,3.824501111293981,9.286991183688652,166.78976816730878,3.8064594761084147,9.036239326220732,166.68988624427965,3.8088638477992154,9.069655724620574,166.68988611249227,3.808863796483341,9.069655819211597
810,166.66081237792972,3.815492630004883,9.090146064758311,166.03542171139213,3.8251290334751045,9.291872479026852,166.76160278598908,3.8101076363853665,9.064598728617703,166.6648283413078,3.8121094321168942,9.09488600963976,166.6648281314762,3.812109466404365,9.094886415553423
812,166.64042663574216,3.8161644935607884,9.11065864562991,166.03236114751132,3.824846752992813,9.293316702772461,166.7438217074411,3.808467655009042,9.072989322670747,166.64900899548215,3.8106503896844823,9.102350867676119,166.64900878489456,3.810650419153123,9.102351301049143
814,166.61926269531253,3.818635225296017,9.129797935485866,166.02929303566398,3.82547084838455,9.297928079626969,166.7259972347074,3.8120935076853772,9.099779355095949,166.63315063596573,3.813876194214164,9.12618600657042,166.63315083167484,3.8138762426028205,9.126185671204171
815,166.60836791992188,3.820425033569331,9.138310432434077,166.0263286548504,3.825510879317293,9.300414495849283,166.70877472005523,3.812325971156766,9.11422508508281,166.61782843813702,3.8140831048337263,9.139037716130876,166.6178284243442,3.8140830590910078,9.139037648021581
817,166.58663940429685,3.823683738708498,9.15424251556397,166.02197980850465,3.8251794319708745,9.303291337800431,166.68350897460732,3.8104002418755076,9.130939094147843,166.5953502586364,3.812369930268452,9.15390744585499,166.5953501712503,3.812369789626477,9.153907651629929
819,166.56475830078125,3.826105356216431,9.1677827835083,166.01736004416858,3.825155796071586,9.306221836620242,166.65666937661166,3.810262911307146,9.147964102751583,166.57147176679254,3.812247761779472,9.16905451550546,166.57147170394245,3.812247610319339,9.169054343149881
821,166.54280090332028,3.8279390335083074,9.181517601013162,166.01423118818556,3.8263392514305137,9.307777933507202,166.63849148474304,3.8171383962863983,9.157004935569725,166.55529943490802,3.8183647684230895,9.177097619897893,166.55529932323913,3.8183645440874616,9.1770977285582
823,166.5211181640625,3.828082323074341,9.193189620971696,166.00967474949255,3.8267625824991964,9.309116890375144,166.61202028580786,3.8195982735220015,9.164783291504211,166.53174825864602,3.8205528686670482,9.184018377825035,166.53174861065114,3.8205530305976203,9.184017922292854
824,166.510986328125,3.827756643295286,9.197126388549803,166.00821790070702,3.8261185777043356,9.310026517794059,166.60355574895644,3.815856462853025,9.17006876922154,166.52421814470244,3.8172241570439445,9.188720031269543,166.52421794023965,3.8172240424456496,9.18872026943307
826,166.48905944824222,3.827466011047363,9.204514503479018,166.0045155114634,3.826720087761392,9.313632057979195,166.58204606682276,3.819351122594406,9.191015454263347,166.50508135223325,3.8203332232097793,9.207356233387289,166.50508135549222,3.82033314707531,9.20735597083437
828,166.4659881591797,3.8282136917114262,9.210087776184073,165.99817588881936,3.826550090917326,9.314251872780138,166.5452148172607,3.8183636163416974,9.194616312689549,166.4723133111413,3.819454548896715,9.210559912534611,166.47231358494977,3.8194545893645953,9.210559557573042
830,166.44377136230472,3.82800221443176,9.210712432861346,165.99317188383756,3.8264335086776464,9.314859007874198,166.51614226162843,3.817686177844376,9.198144380386449,166.44644876839595,3.8188519623020727,9.21369805321386,166.44644851538604,3.818851890582968,9.213698384360754
832,166.4185638427735,3.8277933597564715,9.209840774536136,165.9899043752314,3.8268162434675004,9.31348458295627,166.49715914365092,3.8199097286764045,9.190158983810964,166.42955977321637,3.820830229783496,9.206593969151301,166.42955974670554,3.8208301238582374,9.206593992145244
833,166.40556335449216,3.8284869194030797,9.20846557617186,165.98698648932037,3.8256750798396073,9.314062253388585,166.48020695634912,3.8132799711973013,9.193515167897388,166.41447789677014,3.814931819302172,9.209579813818468,166.4144778423362,3.814931807227372,9.20957989871507
835,166.3786926269531,3.8286588191986137,9.205367088317859,165.98070106018557,3.8261999683170727,9.313064884506153,166.4436904564661,3.8163295263942265,9.187720535377894,166.3819899693756,3.81764484626985,9.20442464507134,166.38199009610418,3.8176449143344513,9.204424570263432
837,166.3515167236328,3.8285260200500497,9.201263427734379,165.97708540678929,3.826314052090156,9.312012501035953,166.4226843711512,3.8169921628272063,9.18160648027119,166.3633014944118,3.8182345188693407,9.198985118662264,166.36330154788007,3.818234444118185,9.198985060140842
839,166.32635498046872,3.827447652816773,9.19799613952637,165.97092900015068,3.825135544829312,9.309777245491755,166.38691736684288,3.8101455996870275,9.168620296256346,166.33148045441638,3.8121430877986597,9.187431600474275,166.33148060767027,3.8121432413311633,9.18743160205619
841,166.30206298828128,3.8269011974334712,9.194114685058603,165.96669465619453,3.8250491168679264,9.309737295007823,166.3623166048439,3.8096431963066446,9.168388357750583,166.30959411124698,3.8116963616843194,9.187225105675981,166.30959397243697,3.811696266577825,9.187225252615775
842,166.29168701171878,3.826977729797361,9.19132137298584,165.96539095406555,3.8259770334829453,9.309026517042184,166.35474250545323,3.815034038949373,9.164258708353888,166.30285557690004,3.8164925477474236,9.183551258998843,166.3028555002469,3.816492354053756,9.183551214795699
844,166.26954650878906,3.8264477252960236,9.184823989868159,165.96105098869512,3.8257758758697635,9.307115866609694,166.32952851606007,3.81386573430503,9.153157942668685,166.28042330110378,3.815452810636122,9.173675549449674,166.28042329312063,3.8154529448845116,9.173675162607854
846,166.25152587890625,3.8260829448699925,9.178148269653324,165.95681618844068,3.8260502636710076,9.306689793958833,166.30492543706214,3.8154598112689784,9.150683042441168,166.25853459943423,3.8168710576282656,9.171473278602432,166.25853459651574,3.816871152216676,9.171473310546492
848,166.23304748535156,3.825531005859376,9.17113971710204,165.95409926603259,3.8262638599436656,9.303830078045673,166.2891409999356,3.8167005212770007,9.134069097675138,166.24449145678827,3.817975087289415,9.156692069402018,166.24449160801944,3.8179749784874657,9.15669233144935
850,166.21438598632815,3.8253972530365004,9.16345787048339,165.94981530446233,3.8262238632086754,9.303548868778611,166.26425193823627,3.816468341854357,9.132435114278284,166.2223486516639,3.817768353430117,9.155238563833015,166.2223484803092,3.8177684147097954,9.155238620438864
851,166.20625305175784,3.825712203979488,9.159161567687992,165.9469634421024,3.8264364358839544,9.302806838027891,166.2476833401543,3.817703103824961,9.128124575087389,166.20760803566102,3.8188670923534938,9.151403178748412,166.20760784493527,3.818866949171927,9.151403649841855
853,166.1903381347656,3.8249692916870144,9.150175094604473,165.94449779468144,3.8266110054465563,9.302129703159096,166.23335883100276,3.818717611513664,9.12418990390925,166.19486367522438,3.8197694019895545,9.147903225446587,166.1948637150295,3.8197695293328575,9.147903078890332
855,166.17677307128906,3.824149847030643,9.141629219055167,165.94312449958474,3.8268333122841085,9.300892917430325,166.2253804424599,3.820008931392995,9.117004338533249,166.1877654309461,3.8209184545431394,9.14151056647339,166.1877655576718,3.820918381842777,9.141510274946441
857,166.1653594970703,3.823753833770752,9.133216857910158,165.93919679449078,3.8264937829438836,9.298694274362669,166.20256128000065,3.8180364659987234,9.104231347289474,166.16746403303316,3.8191635060237954,9.130146289696633,166.1674639635547,3.8191635325175177,9.130146488727032
859,166.15626525878903,3.823908090591433,9.123979568481435,165.93772592989845,3.8268067828548014,9.295651370189766,166.19401622651006,3.8198550066749726,9.086552458573191,166.15986147463042,3.8207813300676783,9.114418222810865,166.15986165965833,3.8207814391677135,9.114418057685754
860,166.1537322998047,3.8242068290710485,9.121000289916982,165.93738585941185,3.826374215091414,9.292238440519561,166.1920402578094,3.817341656625495,9.066724599821068,166.15810372905077,3.818545487488155,9.096777579833203,166.15810369353576,3.8185453793355486,9.09677774589445
862,166.14950561523438,3.8256702423095703,9.112224578857417,165.937126220202,3.826547316686608,9.290567702355304,166.19053198166574,3.8183475244604352,9.057018044790752,166.15676171411158,3.8194402095406925,9.088141921231118,166.15676182088202,3.819440272851334,9.088142085367775
864,166.14793395996097,3.8270695209503156,9.10146999359132,165.9362224712146,3.8268674313376962,9.292288248567129,166.18528119035136,3.820207398734725,9.067013303795367,166.15209044491797,3.8210948080286307,9.097035026094762,166.1520903333001,3.821094952890225,9.097034598043022
866,166.14846801757812,3.8293669223785414,9.091361999511708,165.93476474154735,3.8263309317929375,9.291334805589077,166.1768122676071,3.8170904556294367,9.061474247654704,166.1445557779009,3.8183217661434172,9.092106900173437,166.14455576087786,3.81832189257643,9.092106649010685
868,166.15159606933597,3.8306739330291726,9.079648971557626,165.93674068386676,3.8281507745642953,9.289604301335583,166.1882919006318,3.8276629469054626,9.051420875365926,166.15476896609093,3.827728111924656,9.083162324498844,166.15476888113142,3.8277279532535546,9.083162434512026
869,166.1539306640625,3.830747365951539,9.072206497192381,165.93757845290855,3.8281565539815743,9.286951695606172,166.19315931568156,3.8276966324881494,9.036009868156604,166.1590992002276,3.8277579843939695,9.069451619868289,166.15909928917844,3.8277579224090195,9.069451676553285
871,166.15882873535156,3.8319931030273424,9.058871269226076,165.9390200735106,3.828396140969281,9.283281220879736,166.2015349286469,3.8290886167027143,9.014685146975795,166.16655060321781,3.828996354041348,9.050479786146415,166.166550846404,3.828996333266211,9.05047964658299
873,166.1629638671875,3.832975149154665,9.043717384338384,165.93727782824573,3.827805535253259,9.28181110095835,166.19141254843245,3.8256571640160626,9.006144592894364,166.15754534097488,3.8259436498887083,9.04288107677543,166.1575452374129,3.825943462250416,9.04288134568977
875,166.16793823242188,3.8324041366577144,9.02835941314698,165.93762894812374,3.828498850599683,9.28022511526631,166.19345243739826,3.8296853058950067,8.996930164528816,166.1593601982995,3.829527236331748,9.03468348407224,166.1593600716734,3.8295271915664504,9.034683516999394
877,166.17367553710938,3.8306274414062518,9.011093139648445,165.93908833534562,3.827819683027001,9.27709066489368,166.20193112829006,3.825739752195508,8.978719552160676,166.1669034328325,3.826016776454335,9.018482236083607,166.16690333455335,3.826016938728835,9.018482025749101
878,166.17651367187503,3.83021259307861,9.000930786132821,165.93870858584347,3.827310411988548,9.276130272021202,166.19972491684226,3.8227807970777636,8.973139992745779,166.16494059561182,3.82338447241167,9.013518187767698,166.16494052766112,3.8233844360715374,9.013518042044794
880,166.18246459960943,3.830655336380004,8.980539321899421,165.94112169745677,3.8267658994772322,9.272315104342717,166.21374444189775,3.8196171637037493,8.950975508065198,166.17741341062677,3.820570013358252,8.99379846968982,166.1774133214326,3.8205698366834415,8.993798897111045
882,166.1886444091797,3.8325779438018803,8.959692955017097,165.9415789052479,3.8272158356467343,9.269274650256857,166.21640101813503,3.822231531706389,8.933310407419118,166.17977661180268,3.8228956292061875,8.978083066736495,166.1797768057457,3.8228957694672236,8.97808273294439
884,166.19477844238284,3.8336613178253187,8.939374923706056,165.94194018748047,3.8275311045719813,9.264288059639506,166.21849990613802,3.824063181172746,8.904339684251923,166.18164399598425,3.8245251812596,8.952308534807402,166.18164412986025,3.824525338654842,8.952308260981596
886,166.20051574707034,3.8353691101074205,8.920211791992195,165.94379340224899,3.8291408741380484,9.261340496312497,166.22926641549205,3.8334155724669956,8.887215018902658,166.19122283388936,3.8328457072989153,8.937073262671635,166.19122280319473,3.8328459092463167,8.937072907539793
887,166.20393371582028,3.836863756179813,8.911672592163077,165.94399560146965,3.828748037200241,9.259524166297117,166.23044095679688,3.8311327930276335,8.876663443021704,166.1922679548285,3.8308152241545392,8.927685073512436,166.1922677609528,3.830814981874655,8.927685454726227
889,166.2084503173828,3.84046459197998,8.896511077880865,165.94494310279356,3.828889615422503,9.256807203602913,166.23594601301136,3.831955721609792,8.860877594099385,166.19716536971566,3.8315470091936894,8.913641722636939,166.19716546116672,3.8315471192654207,8.913641210193251
891,166.21170043945312,3.84428310394287,8.88507556915283,165.9438870878377,3.829200219866259,9.251461400860029,166.22981070208883,3.833760151373662,8.829820535320096,166.19170707299835,3.833152451622642,8.886010506430086,166.1917070403174,3.833152471817005,8.886010581639937
893,166.21366882324222,3.8468618392944305,8.874462127685545,165.9452523875894,3.829618999655191,9.249368898710348,166.23774257942884,3.8361929501412497,8.817663894750343,166.19876399119025,3.8353170273557153,8.87519484747445,166.19876381791087,3.8353168673436353,8.875195146011404
895,166.2143707275391,3.8482275009155265,8.864750862121591,165.9450168935287,3.8299073980669003,9.248646333484619,166.23637486098355,3.8378685716659766,8.81346554344508,166.19754677693462,3.8368076919482794,8.871460075180007,166.1975469956549,3.8368076226748045,8.871459985954028
896,166.2135162353516,3.8487498760223353,8.86004924774171,165.94669089056327,3.8303377545946353,9.247468548248692,166.24610033279305,3.8403691549812793,8.806622757146215,166.2061992798825,3.839032105162873,8.865372376088889,166.20619948593043,3.8390323242874955,8.865372143320979
898,166.21060180664062,3.8498280048370352,8.853158950805662,165.94550823405527,3.8306106464283456,9.247526519332418,166.23922903303438,3.8419545329781277,8.806959565107118,166.2000864023143,3.8404426198453248,8.865672015193663,166.2000862756403,3.840442792382972,8.865671792290563
900,166.2053985595703,3.850902318954465,8.848781585693356,165.94383590977836,3.830677366537033,9.246751096732362,166.2295132440587,3.8423419599198425,8.802454875598542,166.19144254546333,3.840787480633714,8.861664035373924,166.1914423999212,3.840787475696165,8.861664091386107
902,166.19873046874997,3.851739406585695,8.845782279968253,165.94274652122732,3.8310093094433757,9.246281543477783,166.22318462982412,3.844270515725909,8.799726586315423,166.18581174836237,3.842503216633458,8.859237023356844,166.1858120023225,3.8425032598436735,8.859236805907994
904,166.1903381347656,3.8521156311035165,8.843128204345701,165.9408497652408,3.8304605268712906,9.24360948260421,166.21216495204,3.841082471219999,8.784202413135844,166.1760078559862,3.839666686624933,8.845425759592231,166.17600809185586,3.8396669425291385,8.845425367234082
906,166.18214416503906,3.8540048599243186,8.840258598327637,165.93919496600168,3.830163149597063,9.242973167169236,166.20255071389352,3.839354429907106,8.78050603433427,166.1674545819964,3.838129612371655,8.842136792489402,166.1674545631738,3.838129550724569,8.842136798590655
907,166.17691040039062,3.8542943000793453,8.838851928710938,165.93813276647435,3.8307036387653595,9.244369913098026,166.19637985801592,3.842494496606865,8.788620749374783,166.16196431866157,3.840923275696877,8.849356248687222,166.1619645189355,3.84092318347744,8.849356241960802
909,166.1652679443359,3.8555216789245623,8.834039688110343,165.93534348502666,3.8306039946283343,9.242679010742096,166.18017447385634,3.8419155878793214,8.778797145584978,166.14754716889948,3.8404082382317264,8.840616366048726,166.14754702520375,3.8404081439777014,8.840616446305972
911,166.15357971191406,3.8561391830444336,8.830240249633787,165.933307491376,3.8308495543869667,9.243103848411105,166.16834611814812,3.843342164104649,8.781265481041146,166.1370235892871,3.8416774797486366,8.842812253560812,166.1370236557729,3.8416773304149987,8.842812457867115
913,166.1427917480469,3.856120347976681,8.826317787170415,165.93063261255148,3.830831216357029,9.241713749223178,166.1528056898605,3.8432357911242416,8.773188834411997,166.12319776018668,3.8415826947192615,8.835627152827033,166.12319775536722,3.8415826932399004,8.835626882937035
915,166.13275146484375,3.855470180511475,8.822511672973631,165.929378169958,3.8305438968857395,9.24159927801713,166.14551743695975,3.8415665184085235,8.772524279042125,166.11671383696938,3.840097606919827,8.835035477676282,166.11671359309886,3.840097586273076,8.835035645926844
916,166.12783813476565,3.855547666549678,8.82096195220948,165.92867837177528,3.830644558361308,9.239976918320876,166.14145210616712,3.8421512679826373,8.763098772411976,166.11309674224697,3.8406179027722747,8.826649876170091,166.11309677780815,3.8406178222166623,8.826650026590665
918,166.11907958984375,3.856636762619016,8.818194389343269,165.92689365358174,3.8316703801949688,9.239781222178408,166.13108322207665,3.8481112205601242,8.761961494029961,166.10387194727312,3.8459201382341672,8.825638368135952,166.10387186095906,3.845920231470359,8.825638220651204
920,166.1114044189453,3.857754945755005,8.813350677490234,165.92500524504806,3.8321552246277863,9.237305464229307,166.12011225546354,3.850928034635807,8.74757794558731,166.09411120094742,3.8484261868098852,8.812841748721116,166.09411128750904,3.8484262750716556,8.812841565078571
922,166.10494995117185,3.8583717346191433,8.807997703552237,165.9232444260574,3.831978610306802,9.235521338681455,166.1098825874632,3.8499019279301527,8.737212594580825,166.08500993541782,3.8475133082913424,8.803620016995513,166.085010227465,3.847513375577808,8.803619791519129
924,166.09994506835932,3.8573825359344496,8.801774024963379,165.9232810835821,3.8311355510099228,9.23511185106915,166.1100952628386,3.8450041036055067,8.734833705900662,166.08519940967244,3.843155730051428,8.801503470371209,166.08519943901726,3.84315591321811,8.801503358345004
925,166.0972442626953,3.85748624801636,8.799907684326165,165.92187179447444,3.831966713740653,9.235493800672106,166.1019075304042,3.8498327684499456,8.737052671837994,166.07791512068832,3.8474518176963466,8.803477679403425,166.07791503403877,3.847451846251347,8.803477512562974
927,166.09268188476562,3.857547521591187,8.796918869018556,165.92106870130903,3.8324300929909794,9.233868966847435,166.09724176460122,3.852524790141798,8.727613316303753,166.07376411812507,3.849846917715439,8.795079289700503,166.0737640278944,3.8498468654305182,8.795079572229898
929,166.08790588378903,3.857191562652589,8.793310165405273,165.9196109509541,3.8317993472026077,9.234630899602413,166.08877307184932,3.848860392305092,8.732039824165387,166.06622934417828,3.846586738825888,8.799017543635493,166.0662296600902,3.8465867493900032,8.799017717029198
931,166.0837707519531,3.8564772605896036,8.789892196655263,165.9185357279766,3.831790375270151,9.233162040941071,166.08252575941452,3.848808376250076,8.723505819155575,166.06067176564585,3.8465403649850574,8.79142535342555,166.0606715945126,3.84654047210711,8.79142524266857
933,166.07994079589844,3.8550152778625497,8.785923957824703,165.91684014579843,3.831327308203103,9.234758378841398,166.07267550031585,3.8461181530104875,8.732779927667453,166.05190769409006,3.8441468785690263,8.799676454295636,166.05190808434756,3.8441470529624695,8.79967616717742
934,166.0776824951172,3.8547496795654292,8.784310340881346,165.9175563659339,3.8315738269526656,9.232374552461566,166.07683637026406,3.8475502268746617,8.718930780110854,166.05560967008256,3.845421076887936,8.787355007869575,166.05560989825128,3.8454211305009487,8.787354953676946
936,166.07243347167972,3.85466957092285,8.781080245971687,165.91550363817083,3.8313266566705253,9.233593517765366,166.06491053528705,3.8461143379664433,8.726012252005887,166.04499959571902,3.8441435109480366,8.793655557193581,166.04499980414096,3.8441436588205566,8.793655148454977
938,166.06782531738284,3.855267047882077,8.778647422790536,165.91572059754034,3.832016639116592,9.231072419358883,166.06617031477649,3.8501227799337463,8.711366202429996,166.04612100844878,3.847709870401081,8.780624583456095,166.04612059601564,3.847709861655898,8.780624952695597
940,166.0635223388672,3.855044126510621,8.77604389190674,165.91430204009916,3.832600449981406,9.232611187462398,166.05792940147884,3.853514575085974,8.720305648394415,166.03878881359535,3.850727453541624,8.788578119380524,166.03878887745577,3.8507274504316458,8.788578136951408
942,166.05897521972656,3.855301141738893,8.772946357727042,165.91292249898885,3.831892547044165,9.230698264191101,166.0499142745374,3.849401679301498,8.709192550450304,166.03165828511936,3.847068467220363,8.77869066205399,166.03165803493457,3.8470683178490357,8.778691113085028
943,166.0568542480469,3.8552691936492924,8.771574020385744,165.9120387857577,3.8317253771205704,9.230531396183121,166.04478046664244,3.848430613343637,8.708222614987424,166.02709057610926,3.8462044046044586,8.777828159969973,166.02709062434948,3.846204386625763,8.777828187632686
945,166.05307006835935,3.855240106582644,8.769152641296385,165.91172563203816,3.8325157272772845,9.229354253858412,166.0429612323274,3.8530223900042317,8.701383392516119,166.0254719570642,3.850289541507117,8.77174378393803,166.02547210058754,3.850289566623339,8.771743515641013
947,166.04908752441406,3.854703426361083,8.76624774932861,165.91100594879,3.832003339172318,9.229754418389197,166.03877985439433,3.8500455193869003,8.703708497774246,166.0217520810444,3.8476411260696035,8.773812141713323,166.02175204128218,3.8476411250286824,8.773812099153421
949,166.04499816894534,3.8543977737426744,8.763228416442871,165.9107910214907,3.8321525852604172,9.22851559377226,166.037531199325,3.850912644461996,8.696511036551485,166.02064117161476,3.848412544531272,8.767408944199442,166.02064114650437,3.84841258284861,8.76740871179513
951,166.04089355468744,3.853668689727785,8.75843429565429,165.90993405844688,3.832081244233918,9.228632709916365,166.03255275692166,3.8504981606695026,8.69719146921799,166.0162117281273,3.8480437992889898,8.768014290422396,166.01621196041182,3.848043827784161,8.76801407440842
952,166.03855895996097,3.853312492370605,8.75656986236573,165.90885575048625,3.831729031819425,9.22864600486358,166.02628769826288,3.8484518980610973,8.697268720379682,166.01063820403164,3.846223294896352,8.768083008925235,166.0106381064968,3.8462233230655016,8.768082802685917
954,166.03373718261716,3.8526108264923127,8.75291728973388,165.90766120899946,3.832380466189985,9.22651512671593,166.01934782700002,3.852236660180171,8.684889033805973,166.00446389576078,3.849590408275439,8.75706899332457,166.00446388998665,3.8495905239655595,8.757068929036276
956,166.0289306640625,3.8519270420074445,8.749493598937988,165.90730976376832,3.831610877870666,9.225754364577071,166.0173058049338,3.847765333367957,8.680469438224456,166.00264735676123,3.8456125845015094,8.753136790033167,166.00264715796416,3.8456125049533036,8.75313693390639
958,166.02481079101565,3.850744247436524,8.745425224304208,165.90662187745104,3.832096513506266,9.2251320603878,166.01330972474813,3.8505868336819953,8.676854283681687,165.99909183171246,3.848122722621154,8.74992024381416,165.9990919530729,3.8481227177746233,8.749920628297929
960,166.0218963623047,3.848656177520753,8.74062919616699,165.9061572359007,3.8310179117261196,9.222742658510258,166.01061024291567,3.8443204962718784,8.662971913812289,165.99669020715692,3.8425476798405382,8.737569978931806,165.99669029680763,3.8425477261890024,8.737569857800729
961,166.02015686035153,3.8473906517028835,8.738339424133295,165.90554637338212,3.8309525151430353,9.223058579276763,166.0070609843937,3.8439404699204163,8.664807468790407,165.9935328002837,3.8422096600494418,8.739202900201708,165.9935326171137,3.8422096269815937,8.739202901616952
963,166.01728820800778,3.8459746837616002,8.735219955444332,165.90403649138668,3.8305227590710316,9.22226047088133,165.9982894148865,3.8414438469684047,8.66017026975863,165.9857285699613,3.839988350451449,8.735077662760043,165.98572878801946,3.8399884487974347,8.735077310559365
965,166.01422119140625,3.84546947479248,8.731878280639647,165.90414147394333,3.8300679484935225,9.22087523190457,165.99889894834595,3.8388014750233186,8.652123000648663,165.9862712004811,3.837637539917512,8.727917683332068,165.9862710735182,3.8376376016604525,8.727917872016706
967,166.01092529296875,3.844531059265138,8.728507995605472,165.90407880628487,3.8299476305249827,9.219977172843697,165.9985349848291,3.838102212238936,8.646905672245811,165.98594728586932,3.8370156442056436,8.723275824050873,165.985947264982,3.837015486398549,8.723276155485713
969,166.00729370117185,3.8436107635498056,8.724966049194338,165.90377907924096,3.8297325773550472,9.219831966991228,165.99679360312157,3.8368528196091702,8.646061751391983,165.98439806620087,3.8359040841799095,8.722525288631392,165.98439800458772,3.8359039354330946,8.722525341836352
970,166.0055694580078,3.8432118892669704,8.723869323730462,165.90290965781028,3.8296577495723008,9.218049666176146,165.99174241229164,3.8364181968839555,8.635707113526287,165.97990422819714,3.835517316702171,8.713312988526837,165.9799040961798,3.8355172633027235,8.71331309946967
972,166.002456665039,3.8422703742980966,8.72138214111327,165.90304653016824,3.8302699277142973,9.219137990270115,165.99253777407847,3.839974786087888,8.642030005420356,165.98061168971364,3.8386815237281673,8.71893828369577,165.98061170813537,3.8386814649069048,8.718938406056147
974,165.99858093261716,3.8422136306762713,8.71895313262939,165.90162670941865,3.829592898486246,9.221427866449623,165.98428890867294,3.836041384133522,8.655333740462634,165.9732729651117,3.8351821164588764,8.730774123296687,165.97327291479934,3.8351820231495797,8.730774380735436
976,165.99516296386716,3.8425929546356197,8.716166496276855,165.8995923823756,3.8297755310027632,9.22208753704753,165.9724698480334,3.837102630466167,8.65916583130029,165.96275799980796,3.8361261016362205,8.734183807827293,165.9627578149407,3.8361261854229376,8.734183688721433
978,165.99194335937497,3.843596220016479,8.713743209838864,165.89824122011638,3.8298584157584696,9.221208716045208,165.96462023087997,3.8375840873427616,8.654060205464795,165.95577415504025,3.8365545137410675,8.729641385614913,165.95577422201924,3.836554524636131,8.729641350955475
979,165.99072265625,3.843773603439331,8.712872505187981,165.89998390842837,3.830501525377978,9.219291071198919,165.97474479384894,3.8413204360248803,8.642918924780485,165.9647817072911,3.839878598410109,8.719729523560833,165.96478177294827,3.8398786534055342,8.719729253664354
981,165.9893798828125,3.8439328670501722,8.711180686950685,165.9000582320735,3.8291857094248383,9.219291524423465,165.9751764551681,3.8336758372901327,8.642922054883243,165.96516586899824,3.833077450511782,8.719731866173532,165.96516581039543,3.833077459848217,8.719732038432456
983,165.98663330078122,3.844212293624877,8.710219383239748,165.89881010566162,3.829936292569126,9.21993180748545,165.96792496610618,3.8380364866982117,8.64664192578584,165.9587145926609,3.8369570409378673,8.723041341021416,165.9587143559241,3.8369570121555396,8.723041507365313
985,165.98481750488278,3.8446054458618164,8.70941734313965,165.89839270935767,3.8294119669193116,9.21869074691123,165.96550031671305,3.83499026188358,8.639431454744813,165.95655716784114,3.834246923095958,8.71662658636222,165.95655721067638,3.8342468679998705,8.716626545522182
987,165.98275756835938,3.845402002334593,8.707323074340824,165.89851364128015,3.8306140874611043,9.21840388303931,165.96620288179716,3.8419743931509753,8.637764884918248,165.95718223693882,3.840460405746658,8.7151438534504,165.9571822639054,3.8404604614437434,8.715143843243023
988,165.98181152343753,3.8460054397582994,8.705890655517589,165.89825700700644,3.8303387994466744,9.219104069863151,165.96471194596708,3.8403750557489946,8.641832822712555,165.95585575381838,3.839037505761058,8.718762956968671,165.95585581846154,3.8390375740415723,8.718762977912899
990,165.98092651367188,3.8465709686279292,8.702623367309569,165.897817890436,3.8309099049440265,9.218360470437728,165.96216079922644,3.8436928983875753,8.637512764365102,165.9535860619721,3.841989417799951,8.71491946376786,165.95358613193142,3.841989369258127,8.714919538378737
992,165.97988891601565,3.846891641616821,8.697218894958501,165.89835263662084,3.8305126012021162,9.216209188160114,165.96526747249888,3.841384729825145,8.625014212804794,165.956350041146,3.839935846779747,8.703799983945324,165.95635005545162,3.839935853867626,8.703799913752608
994,165.97796630859375,3.8469951152801527,8.69081497192383,165.89684571228292,3.830402841948437,9.216041981163412,165.95651215264303,3.840746861245005,8.624043298505233,165.94856109827043,3.839368526619429,8.702935729707121,165.94856068323443,3.839368359375346,8.702936117455641
996,165.9775085449219,3.847646474838256,8.683908462524414,165.89766902605632,3.831014343425457,9.214144115620705,165.96129565837566,3.844299894251466,8.613016708095035,165.95281661647286,3.8425292361208876,8.69312610229206,165.95281643942243,3.842529397126437,8.693126057011767
997,165.9778289794922,3.8472583293914795,8.679588317871094,165.89800362170206,3.83079887325466,9.213942387181577,165.96323981195258,3.843047927178402,8.6118445661514,165.95454606386815,3.841415520714281,8.692083414713654,165.95454610048648,3.8414155557481324,8.692083233900716
999,165.9798889160156,3.8477637767791766,8.669992446899405,165.8963984838129,3.8309869776364613,9.21368103508851,165.9539143473425,3.8441408136626167,8.610326414217676,165.94624947789399,3.8423877886959112,8.690732546277797,165.94624948584053,3.8423878674119916,8.690732575022608
1001,165.98474121093753,3.847291231155396,8.658241271972658,165.8983118669884,3.830995166725417,9.210760911561435,165.9650306370067,3.844188316670563,8.593360964869559,165.95613931235877,3.8424301162000036,8.675639104112408,165.95613934929426,3.8424301295584837,8.675638871767923
1003,165.99201965332034,3.846526384353637,8.645259857177738,165.9007174526622,3.8308653310494227,9.209555747250183,165.9790062796868,3.8434340406123684,8.586359733019354,165.96857322753564,3.8417590256627503,8.66940988892236,165.96857310209853,3.841759070468866,8.669410064396192
1005,166.0021057128906,3.845953941345216,8.632128715515135,165.90222082612368,3.830475728237709,9.20620265832436,165.9877406175159,3.8411704456497535,8.566879387900787,165.97634381675323,3.8397452589670773,8.652078548892352,165.9763438071717,3.8397452110093577,8.652078926123036
1007,166.01567077636724,3.846276521682739,8.620376586914071,165.90586383949284,3.8309531589304435,9.20232466763641,166.00890564981077,3.8439441741696814,8.544348746573636,165.99517370907986,3.8422129876374433,8.632034113229334,165.99517376624203,3.8422129225523767,8.632034021484687
1008,166.02371215820312,3.8461306095123273,8.614068984985353,165.90623646687703,3.830638044281724,9.201613413256226,166.01107039420265,3.8421136933163624,8.540216547899199,165.99709973372248,3.84058423300367,8.628357804075748,165.9970996810117,3.840584393048297,8.628357715640878
1010,166.0414581298828,3.844208478927611,8.599411010742188,165.9090638496625,3.8296874563365715,9.200966553156173,166.0274967553575,3.8365908899756542,8.53645833641027,166.01171382047457,3.835670864086137,8.625014334041442,166.01171377202323,3.835670903694248,8.625014136121216
1012,166.06034851074222,3.8423418998718253,8.583600997924801,165.9135763853891,3.830551950186513,9.195912508010343,166.05371347916366,3.8416133838910467,8.507095985003712,166.03503807247196,3.840139232566254,8.598891145278163,166.0350380849442,3.840139281230373,8.598891243063889
1014,166.0787048339844,3.8424603939056396,8.567750930786142,165.91665037841457,3.830955138380746,9.191245355820877,166.07157255481022,3.843955717587771,8.479980694431557,166.05092683043603,3.8422232189575847,8.574767716595893,166.0509268234433,3.842223192420484,8.57476749949761
1016,166.0968780517578,3.8419559001922603,8.550830841064462,165.9200735224465,3.83011140713535,9.18779030491668,166.0914601298699,3.8390539110648767,8.459908015219778,166.06862026908368,3.8378621675714197,8.556909358715668,166.06862026322477,3.8378621872062806,8.556909377538545
1017,166.1053466796875,3.841413021087649,8.542263031005852,165.92401105013155,3.8301989340159563,9.184014615295137,166.11433623903798,3.839562380490401,8.437972272408755,166.08897243769505,3.838314573744688,8.537393693570387,166.08897252129466,3.838314558756569,8.537393738084091
1019,166.11972045898438,3.841202735900878,8.526342391967777,165.92623685376202,3.8292888524741175,9.185045178390308,166.12726729026926,3.8342750341646576,8.44395939535621,166.10047710113014,3.8336105730439725,8.542720435514868,166.100476929227,3.833610549165784,8.542720320084008
1021,166.13124084472653,3.841153621673585,8.51086330413818,165.9275275059469,3.829404307591498,9.180248084896633,166.1347661173963,3.8349459327567437,8.416089299788055,166.10714818333864,3.8342073338045077,8.517925370327575,166.10714843371187,3.834207429569901,8.517925046846397
1023,166.13957214355472,3.8412210941314697,8.496253013610835,165.93195434827282,3.829991392817032,9.17494753602292,166.1604846573048,3.838356738080478,8.385294568647952,166.13002950599576,3.837241841357218,8.49052806088897,166.1300295258396,3.8372419311831263,8.490527804126852
1025,166.14662170410156,3.842548131942751,8.483932495117191,165.9322201535531,3.830168681211251,9.175450135879009,166.16202907407938,3.8393865999598873,8.388214635154956,166.13140339192483,3.838158204004186,8.493125883135148,166.13140355183907,3.8381581715539026,8.493125708634789
1026,166.14959716796872,3.843611001968386,8.477609634399407,165.9332000881797,3.8310516251716127,9.173395576316612,166.16772198533454,3.8445162486283504,8.376278661375817,166.13646844704164,3.842721936831732,8.482506340625086,166.13646838162208,3.8427218817872046,8.482506594305349
1028,166.15521240234378,3.8472070693969704,8.465859413146973,165.9340304021863,3.83139251270389,9.169827515561051,166.17254612419492,3.8464965875138146,8.355549155052772,166.14076014782808,3.844483905531216,8.464063860997992,166.14076028800923,3.8444837359454755,8.46406411095958
1030,166.15835571289065,3.8499402999877907,8.453911781311035,165.9356334320963,3.8305279280567825,9.165231974542515,166.18185892266644,3.8414738216564808,8.328850146843877,166.14904583814618,3.8400150677415787,8.440310573871997,166.1490456339329,3.840015116469931,8.44031072259771
1032,166.15855407714838,3.8508391380310063,8.441411018371564,165.93484414322532,3.8314594720158994,9.164681466876925,166.1772735648583,3.8468859223188234,8.325651498448122,166.14496618678362,3.844830002706175,8.437465127254708,166.14496616461545,3.844830116633245,8.437464971288037
1034,166.15649414062497,3.8518593311309837,8.430604934692376,165.9348324356584,3.8316651782601863,9.163613906669323,166.1772053039102,3.848080884374192,8.31944940965152,166.14490567308184,3.8458932506381243,8.431947155805165,166.1449054346888,3.845893242182958,8.431947139963075
1035,166.15396118164062,3.8522460460662846,8.425271034240723,165.93496668662766,3.831453819908097,9.162924034699483,166.17798575204594,3.846853124549459,8.315441058228473,166.14559958524737,3.844800788270061,8.42838136737815,166.14559977837078,3.844800937341377,8.428381017682518
1037,166.14709472656247,3.853615045547486,8.413600921630858,165.9334111544176,3.8319640250788076,9.159877240478544,166.1689483975561,3.8498171083333377,8.297740343815052,166.13755939953913,3.8474379206260036,8.41263319373508,166.13755948753743,3.8474379138674673,8.412633168906456
1039,166.13763427734375,3.8554892539978014,8.400470733642594,165.93273384702016,3.8324645242727815,9.158457260014814,166.16501323100118,3.852724677024314,8.289490889421115,166.1340585544767,3.850024885036253,8.40529364360763,166.13405847586253,3.8500246994051626,8.405293851563297
1041,166.1270751953125,3.85799765586853,8.386274337768558,165.92876504175302,3.833262510400505,9.156173957760346,166.14195591949516,3.857361013991615,8.27622526117533,166.11354471928794,3.8541494905044495,8.393491783102625,166.11354500695396,3.8541495235072087,8.393491779474292
1043,166.11599731445312,3.8580832481384277,8.371227264404292,165.9281872084939,3.833398519502914,9.151087510254198,166.13859856503709,3.858151095880743,8.246674640850165,166.11055803300675,3.854852490052977,8.367201114043757,166.110558059136,3.8548524380800386,8.367201388631837
1044,166.11083984374997,3.8573534488678014,8.363676071166992,165.925496480721,3.83266597882087,9.152421860941438,166.1229659520483,3.8538951214940145,8.25442696329198,166.09665028436297,3.851066156935314,8.374098063689704,166.09665014448507,3.8510660123193827,8.374098421069375
1046,166.10075378417972,3.8559083938598646,8.349166870117184,165.9225878025011,3.83251591119639,9.151552593609164,166.1060672638146,3.8530235180677206,8.249376592682566,166.0816160003395,3.850290492142373,8.369605022185027,166.0816158367954,3.850290570231036,8.369605242389547
1048,166.09054565429688,3.8543081283569327,8.334040641784654,165.92357843132638,3.831526413682186,9.147832431263971,166.11182273973574,3.8472745396437826,8.227763087271866,166.0867363312922,3.845176008674479,8.350376364670229,166.08673632867635,3.845175858998343,8.350376288869445
1050,166.08099365234375,3.8515336513519296,8.317976951599116,165.9202123414202,3.8316599834145295,9.142775451110404,166.09226628388305,3.848050422182622,8.198383874547932,166.06933779220614,3.845866399684132,8.324238005531747,166.06933747673338,3.8458661407917356,8.324238394752275
1052,166.07118225097656,3.8491489887237567,8.303551673889167,165.91882611316154,3.8316940607970795,9.139204564202897,166.0842129833713,3.848248655634432,8.1776377379589,166.06217269940916,3.846042537781682,8.30578091817982,166.062172672215,3.846042503753622,8.305781115906857
1053,166.0665588378906,3.8480370044708287,8.296879768371575,165.9166400619079,3.8316204341727174,9.138492500857124,166.0715125796549,3.8478209239435603,8.173500559929087,166.0508735068025,3.845661978813427,8.30210042767047,166.05087346516328,3.84566196239087,8.302100380064708
1055,166.0584869384766,3.8455436229705855,8.28555965423584,165.91577494101,3.8310573221330007,9.136860648653911,166.06648645388697,3.8445495150778113,8.16401988333811,166.04640189725671,3.8427513831056435,8.293665761594431,166.0464018564658,3.8427514780511287,8.293665677500595
1057,166.05047607421875,3.8425438404083265,8.275121688842784,165.9137495399794,3.8312259767545567,9.134232956743686,166.05471952848646,3.84552942875094,8.148753793658255,166.03593306844394,3.843623119781431,8.280083830724823,166.03593313992485,3.8436232808483273,8.280083848763907
1059,166.0438690185547,3.8409566879272496,8.267175674438477,165.91536444956682,3.830780968280335,9.130219632829432,166.06410149580435,3.8429438632225814,8.125437471469812,166.0442801620632,3.841322974049065,8.25933988896032,166.0442800235078,3.841322972850006,8.259339945028636
1061,166.03810119628903,3.8425576686859118,8.263372421264638,165.91420732506452,3.8303049890300445,9.129191593473536,166.05737911047805,3.84017838037589,8.119464940833332,166.03829925351877,3.8388627475485175,8.254026191639603,166.0382992983766,3.838862597260337,8.254026345414692
1062,166.03631591796872,3.8433227539062482,8.262615203857406,165.9134724010536,3.8314746152080263,9.128997723244566,166.05310958932304,3.8469739695200147,8.118338059855674,166.03450060152622,3.8449082743588803,8.253024121329425,166.03450082042113,3.844908449856251,8.25302378976579
1064,166.03692626953125,3.8441858291626008,8.262058258056639,165.91307024832093,3.831403464147521,9.129754833152418,166.05077304332147,3.846560576745437,8.122736600880177,166.03242196719586,3.8445405110068203,8.256937447084681,166.03242205838748,3.844540665441051,8.256937053223485
1066,166.04002380371097,3.8445539474487314,8.266828536987312,165.91354421351394,3.8317481899834536,9.130054788130927,166.0535265141978,3.8485631534873015,8.12448002169875,166.03487178350082,3.8463223190088875,8.258487844894347,166.03487174725072,3.846322304021098,8.258488127759954
1068,166.04411315917966,3.846060752868653,8.278159141540515,165.913202927621,3.8319544570967468,9.133879897740295,166.0515438103375,3.8497615409529775,8.146702639987158,166.03310775576733,3.8473884659428266,8.278258950510253,166.03310778903804,3.8473884770660844,8.27825899259853
1070,166.0496826171875,3.847468852996825,8.294715881347665,165.9139830643189,3.832367109554326,9.13850084901718,166.05607612894613,3.852159096255037,8.173549120203646,166.037140101667,3.8495213709193226,8.302143577376246,166.0371400708085,3.8495215174308535,8.302143582832823
1071,166.0528411865234,3.8474609851837154,8.304355621337892,165.91574469284495,3.8311146161873877,9.13828113192921,166.0663108508525,3.844882260393701,8.172272495381499,166.04624555149746,3.843047522802575,8.301007910638418,166.04624562717657,3.8430475125948873,8.301007804119411
1073,166.05903625488276,3.8467664718627925,8.325489997863752,165.9152036390275,3.831540075154642,9.144306523928536,166.06316762368735,3.847354368051109,8.207278202015482,166.04344896963167,3.845246621661392,8.332151766308375,166.0434491826428,3.8452468801818527,8.332151438296865
1075,166.06550598144534,3.8457245826721134,8.34772586822511,165.91824851081705,3.8302476741998266,9.147561396672362,166.08085742280633,3.839845596729381,8.226188218156977,166.05918720667214,3.8385665004661282,8.348975449642031,166.05918732037543,3.838566528614859,8.34897517024315
1077,166.0708770751953,3.8438141345977805,8.368254661560055,165.9184800991103,3.8309148973128484,9.15270994181298,166.0822027796672,3.8437220739243108,8.256100275405723,166.06038423292037,3.8420152221980803,8.375587086990695,166.06038424813212,3.842015325947204,8.375587121779805
1079,166.07415771484375,3.841489315032954,8.389739036560062,165.9193946037877,3.8306753716351265,9.155389468932814,166.0875158106615,3.8423303236605912,8.271667507091989,166.0651110957844,3.8407771694478114,8.389436942052933,166.0651111086806,3.840777123229777,8.38943686844717
1080,166.07514953613284,3.8403909206390354,8.399867057800325,165.9205091124953,3.830493508605546,9.158262498085278,166.09399066234954,3.8412737658638747,8.288359373955,166.0708717331564,3.8398371615702165,8.404286964303761,166.07087160980217,3.83983713222053,8.404287172734863
1082,166.07672119140622,3.8405010700225843,8.41951847076413,165.92075703113778,3.8294998152650557,9.163552409666636,166.09543125022708,3.8355007976728936,8.319091957235237,166.0721531671976,3.8347009908480656,8.431629292041947,166.072153262029,3.834701077938356,8.431629124177679
1084,166.0772705078125,3.84055995941162,8.43548679351809,165.9209154887349,3.8307918589666126,9.165542794488225,166.0963517361282,3.8430070074749887,8.330655750629848,166.0729721978159,3.8413792654839822,8.441917130180634,166.07297219353836,3.841379150590337,8.441917119645133
1086,166.07557678222656,3.8427639007568333,8.451591491699237,165.9219140854195,3.8309093067386017,9.168152318950446,166.1021534137696,3.843689480970106,8.345816364149082,166.07813371278812,3.841986325814664,8.455405157719383,166.07813378984514,3.8419863288738654,8.455405109083127
1088,166.07325744628903,3.842036962509154,8.465901374816896,165.92191094666106,3.830090081523601,9.169079575773653,166.10213511389372,3.8389298876661133,8.351203626079897,166.0781174892726,3.8377519404236335,8.460197933471424,166.07811750893856,3.8377518469294536,8.460198010896129
1089,166.07212829589847,3.840534925460821,8.471907615661646,165.91979724514457,3.830379383123485,9.169639560832026,166.08985517292433,3.8406107519943853,8.354456583468616,166.0671922557,3.8392472733866816,8.463092366536904,166.06719237626604,3.8392472666417015,8.46309207945382
1091,166.06971740722653,3.836940288543702,8.482232093811023,165.91981782037536,3.829049768130509,9.171854441715372,166.08997488826975,3.8328859608258914,8.367324473763343,166.0672986043025,3.832374801447513,8.474540572822027,166.06729888378388,3.832374728036375,8.474540294802386
1093,166.0668487548828,3.8356578350067125,8.489727020263679,165.91938706022358,3.8309269738914464,9.173050463096512,166.08747203691422,3.8437920563751757,8.374273165489985,166.0650721048487,3.84207764323573,8.48072253032398,166.06507216435688,3.842077587448489,8.48072235864155
1095,166.06382751464844,3.8367402553558336,8.493984222412138,165.91681989792923,3.8302593010931685,9.172861814801072,166.07255781926986,3.8399132904083597,8.373176818641763,166.05180303754386,3.838626597184843,8.479747450978733,166.05180338669115,3.8386267538574543,8.479746968385054
1097,166.059585571289,3.8396241664886492,8.49625968933104,165.91644976136826,3.83113151592645,9.175405044839886,166.07040731722586,3.8449805039897904,8.387952481379614,166.04988988738955,3.843134873639546,8.492892817997703,166.04989014295472,3.843134917275755,8.492892477483
1098,166.05818176269534,3.8409156799316384,8.497162818908707,165.91688570455742,3.831199317845176,9.176117128971029,166.07293966291658,3.8453743308899266,8.3920900153275,166.05214317676325,3.84348532605346,8.496573415941814,166.0521431026972,3.8434852944595477,8.496573529975871
1100,166.0565490722656,3.8439366817474347,8.498805999755868,165.9153949828949,3.831615680653881,9.174591952073577,166.06427875350295,3.847793166761855,8.383229400292393,166.04443798176393,3.845637408975549,8.48869012981359,166.0444377249071,3.845637267574054,8.48869047947425
1102,166.0573272705078,3.8458445072174046,8.499698638916017,165.91608961872524,3.831365620328711,9.175793287938287,166.06831466245353,3.84634058728313,8.39020857270963,166.04802839348258,3.844344905072608,8.494899556650195,166.04802836437756,3.844344946742708,8.494899661162723
1104,166.05914306640622,3.8480458259582506,8.50068378448485,165.9152202318238,3.832110429640288,9.177256053907445,166.06326393236174,3.850667697678817,8.398706594926374,166.04353473395255,3.848194651894722,8.50246025514541,166.04353486587596,3.8481946602942094,8.502460122601693
1106,166.06242370605466,3.849875211715701,8.500419616699208,165.9174223032354,3.832643536591164,9.176413856273378,166.07605725428905,3.853764974712031,8.393813831050373,166.05491673104518,3.850950158247934,8.498107130640996,166.0549167397568,3.8509502242334612,8.498107162386834
1108,166.06542968749997,3.850363492965695,8.500770568847651,165.91684903629886,3.8327799001673073,9.175650130481708,166.07272682534614,3.8545571849238005,8.389376297688083,166.0519536470276,3.8516549899890915,8.494159608914636,166.05195374684436,3.851655032317611,8.494159208496615
1109,166.0662841796875,3.850634336471559,8.500375747680673,165.91793421376434,3.8320642173690738,9.174264042928495,166.07903145444263,3.850399392389419,8.381323825288852,166.0575626780027,3.847955791368296,8.486995243391524,166.05756280551182,3.8479559563060786,8.486995140727672
1111,166.06912231445312,3.851313114166258,8.500535011291502,165.91678101355924,3.8322092279087276,9.176709738468519,166.07233160754697,3.851241695009315,8.395532597489519,166.05160205324174,3.84870531726107,8.499636477176763,166.05160213221515,3.848705330256304,8.499636302586085
1113,166.07177734375,3.8514678478240967,8.49987030029297,165.91795936725802,3.832123745045001,9.176380007724198,166.07917727378393,3.8507450868804503,8.393617362819978,166.05769269058555,3.848263476137628,8.497932175330138,166.05769253705157,3.8482635113821235,8.497932369894885
1115,166.07460021972656,3.852223873138426,8.499828338623054,165.91874635158186,3.8330870503352905,9.176246285222946,166.08374940491632,3.856341439199123,8.39284063617787,166.0617604302777,3.853242578066638,8.497240994693383,166.06176023895193,3.85324243528054,8.497241337125553
1117,166.07713317871088,3.8525526523590115,8.500279426574686,165.91869933069762,3.8325672858921047,9.174904612204857,166.08347638535255,3.8533217757843445,8.385045696741614,166.06151739021786,3.850556036045346,8.49030619761523,166.06151734080086,3.850555922086785,8.490306389496116
1118,166.07621765136722,3.8519127368927,8.498544692993162,165.9198031287168,3.8325594163364487,9.17527182857714,166.08988892553472,3.8532760199729212,8.38717925869409,166.06722266652218,3.85051536013487,8.492204253990533,166.06722240505425,3.8505152143739725,8.492204562089448
1120,166.07839965820315,3.8520538806915234,8.498863220214862,165.9188880200333,3.8325725526999,9.176340476279064,166.0845726497577,3.8533522908115634,8.393387886154933,166.06249268169066,3.8505832589549622,8.497727846446331,166.06249265770998,3.850583070484461,8.497728210687841
1122,166.083251953125,3.8526542186737056,8.500522613525387,165.92066929364537,3.831189494783262,9.176287741086451,166.09492130856435,3.845317234816505,8.39308100064245,166.07169967242072,3.843434552921601,8.497455270450015,166.0716995806689,3.843434497621129,8.497455182914539
1124,166.0854034423828,3.85255742073059,8.500864028930664,165.92184088086387,3.8320062217225126,9.175867504558719,166.1017277497909,3.8500620795755,8.390639968122745,166.0777553353952,3.847656025303917,8.495283165171486,166.07775508807023,3.847655858182366,8.495283462040458
1126,166.08709716796878,3.8527207374572767,8.501771926879888,165.92259655540317,3.8312534901012665,9.176012616443009,166.10611814170494,3.8456888622989798,8.39148309837543,166.081661242063,3.8437653298980528,8.496033214891208,166.08166110148386,3.8437651245810556,8.496033572313282
1127,166.08767700195315,3.8530993461608896,8.501663208007832,165.92285710087484,3.8315841117925165,9.178137252068284,166.1076319208921,3.8476099894497953,8.403826143070194,166.08300794125967,3.8454742368429953,8.507014964339575,166.08300787004714,3.8454742996541076,8.50701484667032
1129,166.0895233154297,3.8529355525970446,8.50251483917237,165.9225133598925,3.832555551168672,9.177164053578885,166.1056350732605,3.853253739053847,8.398171726676779,166.0812312237377,3.8504953819778667,8.50198472675579,166.08123132850216,3.850495391640495,8.501984264728785
1131,166.09048461914062,3.8528480529785156,8.503362655639647,165.9225032377695,3.83276793444217,9.178915829653487,166.10557636623176,3.8544875896743394,8.408349495399744,166.08117890482828,3.8515931419273053,8.511039251546809,166.0811790984402,3.851593115298984,8.511039151383839
1133,166.09109497070312,3.853797674179078,8.504320144653315,165.92374435468133,3.8333283610458695,9.176776950956981,166.11278672444212,3.8577436703913044,8.395923390023704,166.08759395068367,3.854489857238304,8.499983882962166,166.08759395990094,3.854489962597675,8.499983980176232
1135,166.09181213378906,3.8543651103973415,8.504465103149418,165.92286529112255,3.832437534569795,9.17692684513741,166.1076794495854,3.8525680820283528,8.396794285105479,166.08305027475305,3.849885381512753,8.500758651262977,166.08305015504519,3.8498853810557505,8.500758792069544
1136,166.0919189453125,3.8555490970611577,8.504277229309073,165.92403884670387,3.832837721083628,9.176363414619326,166.11449768316788,3.8548931288574835,8.393520122585926,166.08911611173914,3.8519538529133293,8.497846409414276,166.08911615378793,3.851953912585453,8.497845857878193
1138,166.09194946289062,3.856485366821289,8.504117012023922,165.92265175662055,3.833726396889355,9.17742028801542,166.10643889056524,3.8600560499253813,8.39966084844879,166.08194656437018,3.856547212321985,8.503309143210355,166.08194646310426,3.8565472243762104,8.503309096254059
1140,166.09225463867193,3.855844736099242,8.502942085266117,165.92448401005183,3.832739339559452,9.176240217530863,166.117083690268,3.854321165129635,8.392805286824291,166.09141705797796,3.8514453416015555,8.497209632198366,166.09141685464076,3.8514450518648524,8.497209887757949
1142,166.0928955078125,3.855450153350831,8.502474784851081,165.92414602122292,3.833181999342293,9.176721218044307,166.11512011529976,3.8568933169212745,8.395599428904259,166.08967007200488,3.8537333474921676,8.499695812445154,166.08966991488802,3.853733426022966,8.499695760695417
1144,166.0930633544922,3.8549458980560343,8.50192356109618,165.92590867173166,3.8335354147170158,9.176263958864174,166.1253608137432,3.858946520619792,8.39294274903244,166.09878080422718,3.855560069707607,8.497332345651396,166.09878078842013,3.855560106042513,8.49733218418146
1145,166.09364318847656,3.8544926643371573,8.50102233886718,165.92574553300054,3.833291213904304,9.175369473772463,166.12441327760536,3.8575277968973922,8.38774602667347,166.09793757791158,3.854297852267408,8.492708959389006,166.09793779104385,3.854297905765533,8.492708800292604
1147,166.09329223632812,3.853955507278441,8.50040340423584,165.92554699982196,3.8324756977312453,9.17570367547487,166.12325952485446,3.8527898663346134,8.3896879183395,166.0969114058949,3.8500826380551048,8.494436370582427,166.0969113283022,3.850082696578408,8.494436448995469
1149,166.0943145751953,3.8541948795318604,8.499005317687987,165.92402859707232,3.832268299911156,9.177028682336045,166.11443814637545,3.85158491113067,8.397385551521694,166.08906313376767,3.8490106467596266,8.501285024155637,166.08906318550754,3.849010680393613,8.50128482587199
1151,166.09503173828125,3.8545193672180167,8.496764183044442,165.9242116494649,3.8329222196969677,9.175008356672604,166.11550142897943,3.855383972816285,8.385648474031665,166.09000928918704,3.852390606674488,8.49084242874018,166.09000915939666,3.8523906032328084,8.490842664212925
1153,166.0955810546875,3.8551139831542964,8.4938325881958,165.92431579325265,3.8321775595343044,9.176454939705838,166.1161068746475,3.8510576834077064,8.394052060878948,166.09054758430463,3.8485416307685654,8.498319481387822,166.0905478080975,3.848541620091421,8.498319109047669
1154,166.09635925292966,3.855674505233764,8.492468833923345,165.92506632204703,3.8329523512694754,9.174414171526916,166.12046708292786,3.8555592413970925,8.382196106322096,166.09442689380862,3.852546349793841,8.487771223344641,166.09442696794537,3.852546534967612,8.487771185664668
1156,166.0988006591797,3.8557944297790545,8.488542556762692,165.926222798084,3.833201398218189,9.173592049376335,166.12718567457566,3.8570058738260458,8.37742007859499,166.10040445058604,3.8538336157885897,8.48352186436458,166.10040431794303,3.853833564868983,8.483522082456737
1158,166.103759765625,3.856700658798221,8.48309040069579,165.92664024018362,3.833076564800132,9.171528932516805,166.12961107525538,3.856280851718985,8.365433635654934,166.10256211211274,3.8531883807640184,8.472858091167641,166.1025621315902,3.8531885322316204,8.472858067074409
1160,166.11094665527344,3.856391906738278,8.475493431091316,165.92834387336202,3.83251699992025,9.170058557492595,166.1395086623473,3.8530296740691137,8.356891119951955,166.11136779742404,3.8502961195038417,8.46525806322924,166.1113677481959,3.8502960470596395,8.465258020979341
1162,166.12010192871097,3.8553416728973384,8.466485023498546,165.93112390760848,3.8320349835502183,9.171400020497167,166.15565990457995,3.8502292451768687,8.364684733732542,166.12573715054467,3.8478046885296395,8.472191774796155,166.12573707331376,3.847804580914649,8.47219178920864
1163,166.12397766113284,3.85535192489624,8.461901664733888,165.93165786697165,3.8318351908531714,9.169070438295485,166.15876230136476,3.8490686409705743,8.35115034483334,166.12849706281963,3.846772006353704,8.460150703963158,166.12849719215808,3.8467720226176954,8.460150608006405
1165,166.13351440429688,3.8552505970001185,8.451823234558105,165.93250873605015,3.832291216319365,9.16957492356528,166.16370544396415,3.8517181678419687,8.35408133401753,166.13289500801187,3.8491290963658646,8.462758271476094,166.132894972966,3.8491292352998676,8.462758230125992
1167,166.14218139648435,3.855475664138793,8.44036483764648,165.93323031816118,3.8327091424158417,9.166587688264803,166.1678980146028,3.854146329364318,8.336725940012357,166.13662469881413,3.8512892595603634,8.447317944098113,166.13662499012003,3.8512895051943317,8.447317603614598
1169,166.15036010742188,3.856918811798095,8.430434226989751,165.93576133770512,3.833275233988028,9.164289548549377,166.18260208970415,3.857434825742703,8.323375098644885,166.14970695261317,3.854215255781376,8.435439392193997,166.14970680962628,3.8542151918337453,8.435439719706778
1171,166.15637207031253,3.858766794204713,8.420402526855465,165.93467890985326,3.833273226181708,9.164486376123826,166.1763136578638,3.8574233167215617,8.32451813817124,166.1441121337541,3.8542048778955484,8.436456748337998,166.14411216122127,3.854204952567676,8.43645665118116
1172,166.1590576171875,3.8600161075592077,8.41499614715577,165.9369709267331,3.8335028360385657,9.161657549734983,166.1896295103797,3.85875720046576,8.308083585664868,166.1559590381392,3.8553916780644273,8.421835199934286,166.1559589164904,3.855391673001545,8.421835272544808
1174,166.16366577148435,3.8619484901428227,8.402358055114751,165.93737455171367,3.8342848549768327,9.15822911589934,166.19197452516784,3.86330048187617,8.288165454627453,166.15804528217802,3.859433752828572,8.404114419516477,166.15804521297534,3.859433708081439,8.404114647933117
1176,166.1686248779297,3.8640758991241464,8.387101173400877,165.9366899660894,3.834275931523079,9.157359647256163,166.1879973631586,3.863248516504913,8.283113633670212,166.15450681764682,3.8593876295629292,8.399620337482368,166.15450683907602,3.8593874758905207,8.399620178917896
1178,166.17001342773435,3.8665463924408003,8.370917320251445,165.9386765359502,3.8347345143339795,9.155453234371853,166.19953868623693,3.8659128057705456,8.272038139629714,166.1647749371368,3.861757937897559,8.389766530838259,166.1647748433084,3.861757822277165,8.389766610231556
1180,166.1677093505859,3.866919279098511,8.353261947631834,165.938979375816,3.8340826902432874,9.151513238418117,166.20129820642066,3.862125999751877,8.249147891093614,166.16634024626057,3.8583888101453754,8.36940160431778,166.16634024101634,3.8583888029746976,8.369401772746823
1181,166.16441345214844,3.8670251369476314,8.345019340515144,165.9380058549574,3.834140534533642,9.148655767482612,166.1956422577182,3.8624618718379042,8.232546741698942,166.16130834242514,3.8586877938845787,8.354631998886894,166.16130829582073,3.8586876193216155,8.354632177346883
1183,166.15846252441403,3.8663594722747794,8.327507972717283,165.93846653870568,3.834620531224218,9.14301421129308,166.19831875059873,3.8652506545738237,8.199770538014644,166.16368951001854,3.8611687856034647,8.325472101615421,166.1636894994348,3.861168724195058,8.325472071883436
1185,166.1514129638672,3.8660438060760485,8.30901813507081,165.93542384455574,3.8350697029072,9.139985558606831,166.1806416565859,3.867860421936331,8.182174654900196,166.14796252869283,3.8634904499976437,8.309817697363297,166.14796266509282,3.863490563913251,8.309817488690033
1187,166.14456176757812,3.8644914627075173,8.291197776794444,165.93467254943332,3.834065879183201,9.1388993703675,166.1762768237914,3.862028440647671,8.175864390675383,166.14407925821666,3.858301917669493,8.304203441932302,166.14407939093934,3.8583020072678194,8.304203416600714
1189,166.13824462890625,3.8625066280364995,8.273961067199705,165.9325760931334,3.8336497660662148,9.134754059629861,166.1640965983737,3.8596106007029,8.15178155078102,166.13324316117428,3.8561511253460647,8.282777290847918,166.13324297250693,3.8561509202028748,8.28277756271162
1190,166.13485717773438,3.861418485641482,8.264772415161135,165.93190019729963,3.8342600907874465,9.132856401002822,166.160170357208,3.8631568991932053,8.140755786718142,166.1297496121575,3.8593057524694054,8.272968732932034,166.12974990151034,3.859305966436363,8.272968237446701
1192,166.1315460205078,3.8606052398681636,8.249277114868171,165.9316483633298,3.8339548948112063,9.129800814490554,166.15870724144133,3.861383637715284,8.12300394354887,166.12844794069608,3.8577282651563585,8.257175113971513,166.12844820682747,3.8577283434691485,8.257174900793908
1194,166.13090515136716,3.860077619552612,8.2350616455078,165.93172280259844,3.834269822201356,9.127595540668574,166.15913917227272,3.863213291711112,8.110192185224786,166.12883270003437,3.8593560518939563,8.245776564361435,166.12883248405242,3.8593561373403933,8.245776624547489
1196,166.1307830810547,3.8598699569702126,8.223950386047362,165.93063207311232,3.8339877107598546,9.124729721009107,166.15280224628538,3.861574022836476,8.093542826022357,166.12319497195057,3.8578978831942377,8.230963806310077,166.1231946917112,3.8578977239827097,8.230964138180308
1198,166.13124084472653,3.859509468078613,8.215718269348136,165.93015170588518,3.8341252922104943,9.122982591161673,166.1500120102663,3.8623736019137476,8.08339182003541,166.120712065014,3.8586090098465897,8.221933296791157,166.1207122938909,3.858609087947987,8.221933061610532
1200,166.13214111328128,3.857986450195311,8.208079338073727,165.93143268726666,3.8328162716905254,9.122031947939446,166.1574539280618,3.854768360577263,8.07786907564974,166.1273331610797,3.851842985968394,8.217019642159231,166.1273331676766,3.8518429096076594,8.217019624707191
