{
  "embedding_margin": 0.889933061538612,
  "id_switch_rate": 0.06591722023505366,
  "majority_association_accuracy": 0.9430428134556575,
  "negative_embedding_cosine": 0.07707775453388857,
  "num_id_switches": 258,
  "num_temporal_pairs": 3914,
  "num_valid_assignments": 5232,
  "positive_embedding_cosine": 0.9670108160725005
}