ply
format ascii 1.0
element vertex 6890
property float x
property float y
property float z
property uchar red
property uchar green
property uchar blue
element face 13776
property list uchar int vertex_indices
end_header
-0.0495861 -0.7748255 8.7740927 169 207 216
-0.0461468 -0.7574164 8.7772341 169 207 216
-0.0538117 -0.7582853 8.7644520 169 207 216
-0.0577274 -0.7715005 8.7577753 169 207 216
-0.0524708 -0.7466118 8.7680206 169 207 216
-0.0440410 -0.7444026 8.7776060 169 207 216
-0.0581624 -0.7556984 8.7508392 169 207 216
-0.0619382 -0.7652090 8.7420673 169 207 216
-0.0609491 -0.7233217 8.7267103 169 207 216
-0.0628095 -0.7223083 8.7161779 169 207 216
-0.0630208 -0.7339798 8.7213726 169 207 216
-0.0601593 -0.7320951 8.7309904 169 207 216
-0.0593392 -0.6991882 8.7177248 169 207 216
-0.0548359 -0.6870394 8.7235212 169 207 216
-0.0547293 -0.6808976 8.7118483 169 207 216
-0.0576106 -0.6929077 8.7051411 169 207 216
-0.0290066 -0.6913407 8.7572289 169 207 216
-0.0341355 -0.6854869 8.7530251 169 207 216
-0.0377723 -0.6928464 8.7530880 169 207 216
-0.0320318 -0.6979014 8.7570658 169 207 216
-0.0219468 -0.6986136 8.7687244 169 207 216
-0.0222631 -0.7051357 8.7667427 169 207 216
-0.0192500 -0.7070189 8.7744074 169 207 216
-0.0200243 -0.6996186 8.7768631 169 207 216
-0.0238436 -0.6853790 8.7573404 169 207 216
-0.0289881 -0.6794116 8.7526236 169 207 216
-0.0250896 -0.6961570 8.7617750 169 207 216
-0.0235490 -0.6909566 8.7632799 169 207 216
-0.0242070 -0.6814482 8.7726269 169 207 216
-0.0251622 -0.6867994 8.7721405 169 207 216
-0.0240066 -0.6856692 8.7799635 169 207 216
-0.0225343 -0.6800722 8.7781973 169 207 216
-0.0242658 -0.6835282 8.7623930 169 207 216
-0.0253938 -0.6859020 8.7659750 169 207 216
-0.0238651 -0.6811572 8.7678757 169 207 216
-0.0215157 -0.6796092 8.7644520 169 207 216
-0.0221326 -0.6934439 8.7704821 169 207 216
-0.0215212 -0.6931388 8.7786646 169 207 216
-0.0198052 -0.6921872 8.7870293 169 207 216
-0.0216342 -0.6829599 8.7877312 169 207 216
-0.0430411 -0.6744533 8.7405319 169 207 216
-0.0391098 -0.6798537 8.7476072 169 207 216
-0.0341070 -0.6743424 8.7478285 169 207 216
-0.0381077 -0.6698895 8.7424049 169 207 216
-0.0213193 -0.6776781 8.7599554 169 207 216
-0.0246003 -0.6615868 8.7549019 169 207 216
-0.0250646 -0.6655619 8.7560186 169 207 216
-0.0204159 -0.6647242 8.7617207 169 207 216
-0.0204147 -0.6611615 8.7601833 169 207 216
-0.0455030 -0.6629041 8.7266521 169 207 216
-0.0413269 -0.6597111 8.7321234 169 207 216
-0.0408395 -0.6534790 8.7275438 169 207 216
-0.0437680 -0.6558272 8.7207909 169 207 216
-0.0376187 -0.6477823 8.7256298 169 207 216
-0.0409914 -0.6486479 8.7165356 169 207 216
-0.0310117 -0.6329048 8.7154245 169 207 216
-0.0358829 -0.6399813 8.7154665 169 207 216
-0.0331996 -0.6415790 8.7254763 169 207 216
-0.0283008 -0.6348542 8.7283401 169 207 216
-0.0189137 -0.6361892 8.7404203 169 207 216
-0.0139078 -0.6339134 8.7440348 169 207 216
-0.0171769 -0.6226752 8.7371798 169 207 216
-0.0228708 -0.6275605 8.7332764 169 207 216
-0.0225621 -0.6569265 8.7488956 169 207 216
-0.0256149 -0.6581209 8.7451916 169 207 216
-0.0267630 -0.6588372 8.7477913 169 207 216
-0.0236617 -0.6586887 8.7522840 169 207 216
-0.0285969 -0.6588523 8.7423220 169 207 216
-0.0301428 -0.6589669 8.7410336 169 207 216
-0.0304172 -0.6598319 8.7427158 169 207 216
-0.0287296 -0.6593686 8.7430391 169 207 216
-0.0268851 -0.6586607 8.7440434 169 207 216
-0.0258592 -0.6564944 8.7440691 169 207 216
-0.0278309 -0.6577756 8.7427711 169 207 216
-0.0232008 -0.6544310 8.7474451 169 207 216
-0.0129790 -0.6491872 8.7574568 169 207 216
-0.0165436 -0.6500838 8.7553425 169 207 216
-0.0149718 -0.6547860 8.7561636 169 207 216
-0.0120655 -0.6542785 8.7580767 169 207 216
-0.0292603 -0.6610115 8.7455435 169 207 216
-0.0319887 -0.6629595 8.7448587 169 207 216
-0.0293724 -0.6643064 8.7499609 169 207 216
-0.0278720 -0.6615027 8.7489777 169 207 216
-0.0345303 -0.6653824 8.7440624 169 207 216
-0.0325922 -0.6615525 8.7418451 169 207 216
-0.0354281 -0.6629199 8.7405024 169 207 216
-0.0293817 -0.6571608 8.7406387 169 207 216
-0.0315728 -0.6563478 8.7378073 169 207 216
-0.0327280 -0.6587132 8.7395048 169 207 216
-0.0294964 -0.6526166 8.7378788 169 207 216
-0.0270437 -0.6546212 8.7417202 169 207 216
-0.0243156 -0.6515112 8.7447033 169 207 216
-0.0208696 -0.6483489 8.7487335 169 207 216
-0.0219311 -0.6447105 8.7435694 169 207 216
-0.0261868 -0.6485212 8.7401314 169 207 216
-0.0310344 -0.6690003 8.7496462 169 207 216
-0.0364209 -0.6590457 8.7362833 169 207 216
-0.0400626 -0.6658061 8.7372599 169 207 216
-0.0357213 -0.6545465 8.7337151 169 207 216
-0.0331529 -0.6499029 8.7326097 169 207 216
-0.0291972 -0.6449925 8.7338610 169 207 216
-0.0241289 -0.6401864 8.7370653 169 207 216
-0.0156388 -0.6170368 8.7233553 169 207 216
-0.0232751 -0.6236880 8.7201185 169 207 216
-0.0415540 -0.7374926 8.7730198 169 207 216
-0.0492345 -0.7384707 8.7677517 169 207 216
-0.0481182 -0.7324020 8.7601004 169 207 216
-0.0500999 -0.7349787 8.7603254 169 207 216
-0.0455550 -0.7348741 8.7652159 169 207 216
-0.0453028 -0.7314732 8.7638073 169 207 216
-0.0558585 -0.7319143 8.7386265 169 207 216
-0.0525899 -0.7317004 8.7448845 169 207 216
-0.0520035 -0.7285990 8.7420797 169 207 216
-0.0567872 -0.7256912 8.7353449 169 207 216
-0.0463117 -0.7184274 8.7483292 169 207 216
-0.0495758 -0.7210013 8.7443800 169 207 216
-0.0473801 -0.7260920 8.7502632 169 207 216
-0.0451366 -0.7243599 8.7530994 169 207 216
-0.0417797 -0.7230743 8.7552338 169 207 216
-0.0382901 -0.7223027 8.7577801 169 207 216
-0.0381103 -0.7174581 8.7554245 169 207 216
-0.0422897 -0.7176391 8.7520819 169 207 216
-0.0396847 -0.7352605 8.7683001 169 207 216
-0.0325819 -0.7337314 8.7700891 169 207 216
-0.0336081 -0.7311354 8.7677841 169 207 216
-0.0399842 -0.7317326 8.7669611 169 207 216
-0.0216021 -0.7265002 8.7631540 169 207 216
-0.0234461 -0.7283373 8.7648773 169 207 216
-0.0203159 -0.7288673 8.7677479 169 207 216
-0.0189431 -0.7250890 8.7653933 169 207 216
-0.0207967 -0.7225130 8.7633305 169 207 216
-0.0227984 -0.7248962 8.7624779 169 207 216
-0.0426759 -0.7939330 8.7837715 169 207 216
-0.0377335 -0.7760801 8.7849588 169 207 216
-0.0533547 -0.7920914 8.7639818 169 207 216
-0.0601981 -0.7864794 8.7476301 169 207 216
-0.0645070 -0.7762313 8.7325230 169 207 216
-0.0505078 -0.6703665 8.7195835 169 207 216
-0.0494255 -0.6635137 8.7107868 169 207 216
-0.0538784 -0.6755024 8.7005434 169 207 216
-0.0504909 -0.6661241 8.6940441 169 207 216
-0.0456914 -0.6539495 8.7053480 169 207 216
-0.0312690 -0.6331308 8.7029104 169 207 216
-0.0398687 -0.6431670 8.7028980 169 207 216
-0.0455238 -0.6555966 8.6885347 169 207 216
-0.0508959 -0.6736279 8.6761675 169 207 216
-0.0544774 -0.6800171 8.6844254 169 207 216
-0.0518034 -0.6929862 8.6684322 169 207 216
-0.0440605 -0.6675490 8.6671143 169 207 216
-0.0459327 -0.6943032 8.6615448 169 207 216
-0.0238531 -0.6327165 8.6720619 169 207 216
-0.0237368 -0.6246988 8.6683788 169 207 216
-0.0369887 -0.6350796 8.6560230 169 207 216
-0.0361822 -0.6438358 8.6591110 169 207 216
-0.0566662 -0.6865275 8.6933098 169 207 216
-0.0635012 -0.7467847 8.7181959 169 207 216
-0.0623676 -0.7433070 8.7286606 169 207 216
-0.0643671 -0.7351022 8.7098627 169 207 216
-0.0637046 -0.8073131 8.7221861 169 207 216
-0.0653301 -0.7985138 8.7377491 169 207 216
-0.0667157 -0.7864351 8.7242899 169 207 216
-0.0681289 -0.7979732 8.7112503 169 207 216
-0.0407138 -0.8336954 8.7496929 169 207 216
-0.0469220 -0.8157088 8.7691870 169 207 216
-0.0563989 -0.8093159 8.7545834 169 207 216
-0.0519813 -0.8214968 8.7394781 169 207 216
-0.0664976 -0.8029802 8.6990585 169 207 216
-0.0617068 -0.8102828 8.6835566 169 207 216
-0.0593077 -0.8275025 8.6843596 169 207 216
-0.0616695 -0.8194355 8.7044125 169 207 216
-0.0462045 -0.8488506 8.6883421 169 207 216
-0.0507315 -0.8388461 8.7135811 169 207 216
-0.0415260 -0.6836340 8.6508179 169 207 216
-0.0405978 -0.7030882 8.6515293 169 207 216
-0.0366126 -0.6535120 8.6647587 169 207 216
-0.0410273 -0.6668037 8.6495886 169 207 216
-0.0280843 -0.8646790 8.6943207 169 207 216
-0.0331500 -0.8530767 8.7240458 169 207 216
-0.0412590 -0.8048935 8.6290007 169 207 216
-0.0448850 -0.8187399 8.6453304 169 207 216
-0.0544790 -0.8020914 8.6525002 169 207 216
-0.0492933 -0.7900826 8.6366625 169 207 216
-0.0273388 -0.8170789 8.6232920 169 207 216
-0.0351765 -0.8341663 8.6408758 169 207 216
-0.0255465 -0.7477313 8.6114559 169 207 216
-0.0200454 -0.7278684 8.6152868 169 207 216
-0.0109271 -0.7324978 8.6030703 169 207 216
-0.0139383 -0.7535018 8.5990181 169 207 216
-0.0569807 -0.7464685 8.7572975 169 207 216
-0.0542163 -0.7385253 8.7605639 169 207 216
-0.0560813 -0.7380064 8.7526007 169 207 216
-0.0588898 -0.7441922 8.7473793 169 207 216
-0.0607976 -0.7505691 8.7391310 169 207 216
-0.0624948 -0.7575579 8.7292538 169 207 216
-0.0659901 -0.7775321 8.7119265 169 207 216
-0.0671254 -0.7890180 8.7011967 169 207 216
-0.0628797 -0.7967376 8.6790218 169 207 216
-0.0662129 -0.7922499 8.6919785 169 207 216
-0.0579173 -0.7872584 8.6529198 169 207 216
-0.0536054 -0.7794173 8.6441078 169 207 216
-0.0379313 -0.7191654 8.6392164 169 207 216
-0.0353839 -0.6958431 8.6369429 169 207 216
-0.0272664 -0.7027715 8.6257038 169 207 216
-0.0296500 -0.7246355 8.6260900 169 207 216
-0.0098718 -0.7109318 8.6055679 169 207 216
-0.0189598 -0.7074066 8.6148119 169 207 216
-0.0382070 -0.6621987 8.6319857 169 207 216
-0.0408452 -0.6502920 8.6276064 169 207 216
-0.0363183 -0.6571649 8.6131105 169 207 216
-0.0312042 -0.6682713 8.6188612 169 207 216
-0.0300308 -0.6587243 8.6006308 169 207 216
-0.0218459 -0.6595479 8.5911455 169 207 216
-0.0165114 -0.6758147 8.5977926 169 207 216
-0.0237446 -0.6730256 8.6068697 169 207 216
0.0015136 -0.6101972 8.6796322 169 207 216
0.0024483 -0.6037964 8.6746807 169 207 216
-0.0111983 -0.6094567 8.6713943 169 207 216
-0.0100486 -0.6165012 8.6755629 169 207 216
-0.0451273 -0.6413507 8.6226969 169 207 216
-0.0422793 -0.6483166 8.6076765 169 207 216
-0.0347658 -0.7413166 8.6259489 169 207 216
-0.0418547 -0.7388369 8.6340961 169 207 216
-0.0373713 -0.6483192 8.5945807 169 207 216
-0.0209153 -0.6884377 8.6122856 169 207 216
-0.0283491 -0.6835672 8.6228371 169 207 216
0.0012294 -0.7153983 8.6003380 169 207 216
0.0003638 -0.7351531 8.5930071 169 207 216
-0.0265907 -0.7022142 8.7609625 169 207 216
-0.0287026 -0.7193733 8.7600489 169 207 216
-0.0295815 -0.7231230 8.7613201 169 207 216
-0.0256308 -0.7240338 8.7621975 169 207 216
-0.0243559 -0.7206692 8.7619228 169 207 216
-0.0234324 -0.7520579 8.7924166 169 207 216
-0.0209236 -0.7356532 8.7860670 169 207 216
-0.0337367 -0.7408607 8.7837210 169 207 216
-0.0357537 -0.7550176 8.7866726 169 207 216
-0.0528600 -0.6952555 8.7371445 169 207 216
-0.0456307 -0.6978849 8.7474346 169 207 216
-0.0435179 -0.6876559 8.7472191 169 207 216
-0.0479770 -0.6826422 8.7389297 169 207 216
-0.0510060 -0.7314668 8.7491245 169 207 216
-0.0530457 -0.7336123 8.7495556 169 207 216
-0.0509156 -0.7322252 8.7524662 169 207 216
-0.0446087 -0.6692104 8.7340775 169 207 216
-0.0500227 -0.6765174 8.7294903 169 207 216
-0.0634302 -0.7215947 8.7039051 169 207 216
-0.0595503 -0.7395152 8.7383556 169 207 216
-0.0201501 -0.8421671 8.7635431 169 207 216
-0.0274295 -0.8189895 8.7849283 169 207 216
-0.0048629 -0.8761529 8.7009592 169 207 216
-0.0119706 -0.8613716 8.7335796 169 207 216
-0.0123103 -0.8454130 8.6417532 169 207 216
-0.0065968 -0.8275312 8.6241083 169 207 216
0.0174833 -0.8318030 8.6252022 169 207 216
0.0151194 -0.8513442 8.6468897 169 207 216
0.0006053 -0.7571629 8.5885544 169 207 216
-0.0120267 -0.6605164 8.5857840 169 207 216
-0.0055201 -0.6786168 8.5918579 169 207 216
-0.0283210 -0.7932080 8.7934008 169 207 216
-0.0256386 -0.7726613 8.7932634 169 207 216
-0.0652007 -0.7671725 8.7198410 169 207 216
-0.0606710 -0.7135415 8.7272911 169 207 216
-0.0573260 -0.7185378 8.7351933 169 207 216
-0.0559791 -0.7128469 8.7381678 169 207 216
-0.0589723 -0.7053556 8.7296944 169 207 216
-0.0613690 -0.7091975 8.7157431 169 207 216
-0.0603007 -0.7068036 8.7020369 169 207 216
-0.0594350 -0.7045416 8.6859922 169 207 216
-0.0554743 -0.6963145 8.6752672 169 207 216
-0.0573837 -0.8108662 8.6664104 169 207 216
-0.0509234 -0.8284630 8.6647854 169 207 216
-0.0404962 -0.8472987 8.6629486 169 207 216
-0.0227483 -0.8628050 8.6648254 169 207 216
-0.0599049 -0.7991244 8.6656456 169 207 216
0.0048238 -0.8696932 8.6683893 169 207 216
-0.0196810 -0.6695832 8.7626209 169 207 216
-0.0250305 -0.6721455 8.7561359 169 207 216
-0.0180728 -0.6736746 8.7645388 169 207 216
-0.0168193 -0.6460665 8.7520533 169 207 216
-0.0129368 -0.6448812 8.7542305 169 207 216
-0.0122160 -0.6409909 8.7487211 169 207 216
-0.0169014 -0.6423088 8.7465792 169 207 216
-0.0115299 -0.6182438 8.7090435 169 207 216
-0.0209656 -0.6245865 8.7055798 169 207 216
-0.0004319 -0.6156451 8.6852818 169 207 216
-0.0105666 -0.6231129 8.6803999 169 207 216
-0.0197238 -0.6802602 8.7721834 169 207 216
-0.0181301 -0.6801684 8.7731237 169 207 216
-0.0172394 -0.6799837 8.7706985 169 207 216
-0.0192896 -0.6804059 8.7698088 169 207 216
-0.0277760 -0.6593128 8.7453299 169 207 216
-0.0161288 -0.6600397 8.7633657 169 207 216
-0.0131084 -0.6593604 8.7646265 169 207 216
-0.0126067 -0.6567019 8.7616425 169 207 216
-0.0155607 -0.6572464 8.7602997 169 207 216
-0.0337908 -0.6423893 8.6851158 169 207 216
-0.0264777 -0.6391084 8.6772881 169 207 216
-0.0417637 -0.6406562 8.6435728 169 207 216
-0.0407296 -0.6527873 8.6463881 169 207 216
-0.0367418 -0.6772168 8.6350985 169 207 216
-0.0117550 -0.6940393 8.6030874 169 207 216
-0.0026156 -0.6950942 8.5951395 169 207 216
0.0238133 -0.7019391 8.5920458 169 207 216
0.0294830 -0.7198611 8.5941849 169 207 216
0.0151923 -0.7180622 8.5948858 169 207 216
0.0117055 -0.7012528 8.5929575 169 207 216
-0.0187084 -0.6270537 8.6935329 169 207 216
-0.0082701 -0.6202332 8.6976910 169 207 216
-0.0045892 -0.6198227 8.6906462 169 207 216
-0.0141567 -0.6275052 8.6860170 169 207 216
-0.0144064 -0.6764708 8.7734756 169 207 216
-0.0133683 -0.6749084 8.7749100 169 207 216
-0.0129481 -0.6739454 8.7712488 169 207 216
-0.0147666 -0.6763326 8.7710257 169 207 216
-0.0195340 -0.6795989 8.7669811 169 207 216
-0.0171499 -0.6781602 8.7674522 169 207 216
-0.0173544 -0.6764894 8.7662468 169 207 216
-0.0213337 -0.6801230 8.7722597 169 207 216
-0.0210163 -0.6800512 8.7690306 169 207 216
-0.0179088 -0.6783041 8.7781382 169 207 216
-0.0203886 -0.6791979 8.7758484 169 207 216
-0.0193608 -0.6764129 8.7827845 169 207 216
-0.0157617 -0.6780800 8.7722597 169 207 216
-0.0159089 -0.6775973 8.7701283 169 207 216
-0.0186323 -0.6800150 8.7682686 169 207 216
-0.0169747 -0.6792483 8.7688513 169 207 216
-0.0177574 -0.6792192 8.7762575 169 207 216
-0.0192657 -0.6797477 8.7745571 169 207 216
-0.0180685 -0.7003554 8.7849932 169 207 216
-0.0126278 -0.6997522 8.7895947 169 207 216
-0.0137421 -0.6910965 8.7917414 169 207 216
-0.0146506 -0.6812878 8.7921133 169 207 216
-0.0137616 -0.6744781 8.7873926 169 207 216
0.0050159 -0.6155108 8.6937981 169 207 216
0.0089613 -0.6113807 8.6880264 169 207 216
-0.0095698 -0.7697506 8.7973938 169 207 216
-0.0106747 -0.7490168 8.7950592 169 207 216
-0.0279097 -0.6590072 8.7430382 169 207 216
-0.0327143 -0.7357470 8.7746534 169 207 216
-0.0512593 -0.7085584 8.7439451 169 207 216
-0.0327144 -0.7051468 8.7564688 169 207 216
-0.0389532 -0.7015066 8.7526789 169 207 216
-0.0384099 -0.7100732 8.7537384 169 207 216
-0.0329631 -0.7120838 8.7569113 169 207 216
-0.0236837 -0.7326343 8.7760344 169 207 216
-0.0156872 -0.7263852 8.7815399 169 207 216
-0.0174012 -0.7278533 8.7735548 169 207 216
-0.0162551 -0.7220573 8.7706089 169 207 216
-0.0160370 -0.7177668 8.7789974 169 207 216
-0.0183243 -0.7133250 8.7708178 169 207 216
-0.0184391 -0.7183213 8.7660074 169 207 216
-0.0497190 -0.7327048 8.7561693 169 207 216
-0.0522381 -0.7346139 8.7552233 169 207 216
-0.0221766 -0.7108022 8.7643766 169 207 216
-0.0270069 -0.7082251 8.7597961 169 207 216
-0.0275536 -0.7141031 8.7595348 169 207 216
-0.0225491 -0.7159494 8.7622032 169 207 216
-0.0444251 -0.7085297 8.7494860 169 207 216
-0.0561343 -0.7360129 8.7450914 169 207 216
-0.0513204 -0.7246636 8.7421045 169 207 216
-0.0432707 -0.7419682 8.6438351 169 207 216
-0.0405808 -0.7283361 8.6465483 169 207 216
-0.0545981 -0.7106899 8.6585884 169 207 216
-0.0536892 -0.7056367 8.6619940 169 207 216
-0.0463312 -0.7096549 8.6602821 169 207 216
-0.0504622 -0.7143211 8.6550131 169 207 216
-0.0598533 -0.7703315 8.6630602 169 207 216
-0.0601435 -0.7786165 8.6643085 169 207 216
-0.0613024 -0.7768308 8.6714945 169 207 216
-0.0595851 -0.7704659 8.6667099 169 207 216
-0.0602985 -0.7707356 8.6744967 169 207 216
-0.0607580 -0.7721063 8.6782351 169 207 216
-0.0606112 -0.7644129 8.6754885 169 207 216
-0.0594926 -0.7661430 8.6726255 169 207 216
-0.0628806 -0.7824738 8.6848555 169 207 216
-0.0620481 -0.7759529 8.6926165 169 207 216
-0.0596437 -0.7665062 8.6846323 169 207 216
-0.0634662 -0.7526615 8.7042618 169 207 216
-0.0608668 -0.7470722 8.6879349 169 207 216
-0.0600052 -0.7582198 8.6888056 169 207 216
-0.0622543 -0.7671334 8.6994524 169 207 216
-0.0563620 -0.7083139 8.6667194 169 207 216
-0.0569385 -0.7146312 8.6732159 169 207 216
-0.0421401 -0.7162690 8.6531134 169 207 216
0.0337994 -0.8378643 8.6254883 169 207 216
0.0279316 -0.8650812 8.6437016 169 207 216
-0.0366068 -0.7867866 8.6174965 169 207 216
-0.0222127 -0.7966981 8.6092625 169 207 216
-0.0450179 -0.7761153 8.6279860 169 207 216
-0.0483215 -0.7678181 8.6387424 169 207 216
-0.0041417 -0.8054343 8.6039619 169 207 216
0.0139426 -0.8135622 8.6010971 169 207 216
-0.0643116 -0.7356019 8.6963902 169 207 216
-0.0595025 -0.7355009 8.6842928 169 207 216
-0.0297838 -0.7676226 8.6124840 169 207 216
-0.0171485 -0.7766600 8.6014919 169 207 216
-0.0393284 -0.7592232 8.6247149 169 207 216
-0.0447878 -0.7552242 8.6347790 169 207 216
0.0001372 -0.7819269 8.5959558 169 207 216
0.0188223 -0.7592688 8.5833941 169 207 216
0.0169362 -0.7841516 8.5906782 169 207 216
-0.0567285 -0.7219573 8.6624765 169 207 216
-0.0564400 -0.7184359 8.6669226 169 207 216
-0.0547567 -0.7135750 8.6632261 169 207 216
-0.0574339 -0.7163379 8.6606989 169 207 216
-0.0626037 -0.7210844 8.6908083 169 207 216
-0.0582849 -0.7242880 8.6788149 169 207 216
-0.0172344 -0.7084599 8.7826014 169 207 216
-0.0104680 -0.7167546 8.7858477 169 207 216
-0.0116421 -0.7084938 8.7878141 169 207 216
-0.0098421 -0.7258247 8.7862778 169 207 216
0.0110105 -0.8627537 8.7419128 169 207 216
0.0025666 -0.8434098 8.7716084 169 207 216
0.0291430 -0.8784853 8.6747561 169 207 216
0.0204048 -0.8770570 8.7085457 169 207 216
-0.0093843 -0.6329558 8.7464781 169 207 216
-0.0108288 -0.6202531 8.7400036 169 207 216
-0.0155334 -0.6681504 8.7663593 169 207 216
-0.0125452 -0.6670992 8.7672968 169 207 216
-0.0129907 -0.6629632 8.7660961 169 207 216
-0.0160987 -0.6638741 8.7651062 169 207 216
-0.0255260 -0.7316447 8.7696686 169 207 216
0.0175094 -0.7379594 8.5864639 169 207 216
0.0059578 -0.6807225 8.5877533 169 207 216
-0.0001852 -0.6626799 8.5820475 169 207 216
-0.0292069 -0.6469575 8.5842237 169 207 216
-0.0180185 -0.6461760 8.5777874 169 207 216
-0.0124409 -0.6708202 8.7690115 169 207 216
-0.0149842 -0.6719683 8.7676973 169 207 216
-0.0164967 -0.6790673 8.7748842 169 207 216
-0.0197319 -0.6580750 8.7572088 169 207 216
-0.0150993 -0.6746953 8.7689228 169 207 216
-0.0158095 -0.6768037 8.7692852 169 207 216
-0.0110265 -0.6731038 8.7721214 169 207 216
-0.0108089 -0.6703533 8.7693148 169 207 216
-0.0333844 -0.7181776 8.7580099 169 207 216
-0.0340866 -0.7225097 8.7594528 169 207 216
-0.0154225 -0.6749918 8.7788095 169 207 216
-0.0156557 -0.6770228 8.7765608 169 207 216
-0.0121828 -0.6736003 8.7799320 169 207 216
-0.0259747 -0.6164794 8.6645050 169 207 216
-0.0385356 -0.6251160 8.6526594 169 207 216
-0.0109488 -0.6590885 8.7651730 169 207 216
-0.0104131 -0.6563249 8.7622414 169 207 216
-0.0042589 -0.8197080 8.7929640 169 207 216
0.0389020 -0.7569083 8.5895147 169 207 216
0.0383318 -0.7818636 8.5946522 169 207 216
-0.0590404 -0.7436196 8.6780663 169 207 216
-0.0579790 -0.7421916 8.6713552 169 207 216
-0.0588990 -0.7507738 8.6722116 169 207 216
-0.0588456 -0.7526455 8.6793156 169 207 216
0.0110829 -0.6060369 8.6813812 169 207 216
-0.0442518 -0.6327605 8.6380749 169 207 216
-0.0056759 -0.6476334 8.5719862 169 207 216
-0.0502984 -0.7300013 8.7478123 169 207 216
-0.0491512 -0.7280697 8.7483320 169 207 216
-0.0277822 -0.7300546 8.7667284 169 207 216
0.0348170 -0.8113861 8.6150513 169 207 216
-0.0200361 -0.6518853 8.7518139 169 207 216
-0.0184244 -0.6556700 8.7532301 169 207 216
0.0189203 -0.6832719 8.5883694 169 207 216
0.0004987 -0.6162894 8.7002115 169 207 216
-0.0121496 -0.6738971 8.7758331 169 207 216
0.0344266 -0.7372838 8.5908937 169 207 216
-0.0597014 -0.7599010 8.6670036 169 207 216
-0.0615294 -0.7572471 8.6687794 169 207 216
-0.0610055 -0.7539389 8.6672277 169 207 216
-0.0593589 -0.7548256 8.6667023 169 207 216
-0.0634143 -0.7590837 8.6731892 169 207 216
-0.0638178 -0.7564139 8.6700859 169 207 216
-0.0651407 -0.7601341 8.6695833 169 207 216
-0.0646916 -0.7631694 8.6724987 169 207 216
-0.0604093 -0.7592642 8.6781540 169 207 216
-0.0618109 -0.7547415 8.6735086 169 207 216
-0.0658782 -0.7629648 8.6682281 169 207 216
-0.0664766 -0.7649677 8.6703053 169 207 216
-0.0641031 -0.7671444 8.6711750 169 207 216
-0.0597375 -0.7688744 8.6692944 169 207 216
-0.0679510 -0.7675025 8.6666689 169 207 216
-0.0646411 -0.7702200 8.6672821 169 207 216
-0.0693194 -0.7692235 8.6607981 169 207 216
-0.0650928 -0.7719210 8.6613750 169 207 216
-0.0689774 -0.7694465 8.6534214 169 207 216
-0.0635665 -0.7719659 8.6538219 169 207 216
-0.0574086 -0.7251359 8.6704998 169 207 216
-0.0567122 -0.7284157 8.6638365 169 207 216
-0.0679676 -0.7660234 8.6471167 169 207 216
-0.0610463 -0.7679350 8.6469202 169 207 216
-0.0659561 -0.7597448 8.6420746 169 207 216
-0.0593855 -0.7615644 8.6399632 169 207 216
-0.0642484 -0.7517370 8.6391563 169 207 216
-0.0588921 -0.7491031 8.6357956 169 207 216
-0.0640097 -0.7437158 8.6388273 169 207 216
-0.0582606 -0.7424585 8.6384344 169 207 216
-0.0623813 -0.7357635 8.6410894 169 207 216
-0.0566454 -0.7322111 8.6396837 169 207 216
-0.0653156 -0.7675972 8.6602783 169 207 216
-0.0651786 -0.7664628 8.6546726 169 207 216
-0.0572256 -0.7671603 8.6595383 169 207 216
-0.0656210 -0.7664537 8.6654081 169 207 216
-0.0579255 -0.7508917 8.6598692 169 207 216
-0.0554231 -0.7547977 8.6604853 169 207 216
-0.0557690 -0.7532953 8.6599045 169 207 216
-0.0545388 -0.7527143 8.6575727 169 207 216
-0.0573057 -0.7349161 8.6680450 169 207 216
-0.0572877 -0.7366767 8.6641378 169 207 216
-0.0577168 -0.7415262 8.6670284 169 207 216
-0.0560681 -0.7327920 8.6625042 169 207 216
-0.0546190 -0.7345582 8.6624441 169 207 216
-0.0542687 -0.7379290 8.6643448 169 207 216
-0.0540204 -0.7425083 8.6662121 169 207 216
-0.0555461 -0.7344022 8.6590843 169 207 216
-0.0568777 -0.7325277 8.6593351 169 207 216
-0.0533703 -0.7357160 8.6604757 169 207 216
-0.0529787 -0.7358000 8.6619205 169 207 216
-0.0518316 -0.7385353 8.6624594 169 207 216
-0.0519375 -0.7431751 8.6614799 169 207 216
-0.0582649 -0.7341557 8.6747398 169 207 216
-0.0502663 -0.7424897 8.6488895 169 207 216
-0.0478914 -0.7319186 8.6491356 169 207 216
-0.0608439 -0.7279717 8.6452274 169 207 216
-0.0568736 -0.7220545 8.6434851 169 207 216
-0.0593901 -0.7141788 8.6553984 169 207 216
-0.0588733 -0.7152493 8.6485472 169 207 216
-0.0551995 -0.7628720 8.6548100 169 207 216
-0.0540371 -0.7575295 8.6500282 169 207 216
-0.0476537 -0.7222321 8.6521511 169 207 216
-0.0521044 -0.7505517 8.6476994 169 207 216
-0.0604558 -0.7391952 8.6448679 169 207 216
-0.0590019 -0.7340182 8.6482601 169 207 216
-0.0622981 -0.7451247 8.6430626 169 207 216
-0.0581151 -0.7285708 8.6583986 169 207 216
-0.0578699 -0.7220898 8.6562748 169 207 216
-0.0595454 -0.7238592 8.6504202 169 207 216
-0.0577106 -0.7303257 8.6525574 169 207 216
-0.0609211 -0.7408271 8.6495094 169 207 216
-0.0588076 -0.7372835 8.6517649 169 207 216
-0.0589164 -0.7429888 8.6528702 169 207 216
-0.0563261 -0.7401928 8.6545467 169 207 216
-0.0551324 -0.7366492 8.6572113 169 207 216
-0.0573293 -0.7342820 8.6553097 169 207 216
-0.0516703 -0.7427768 8.6562490 169 207 216
-0.0549111 -0.7461832 8.6553850 169 207 216
-0.0523117 -0.7381719 8.6589184 169 207 216
-0.0609640 -0.7457974 8.6521635 169 207 216
-0.0617738 -0.7506112 8.6514940 169 207 216
-0.0612932 -0.7511744 8.6566544 169 207 216
-0.0582351 -0.7480026 8.6559544 169 207 216
-0.0624182 -0.7516450 8.6430635 169 207 216
-0.0627607 -0.7507668 8.6470995 169 207 216
-0.0614683 -0.7456610 8.6476440 169 207 216
-0.0633299 -0.7565658 8.6485653 169 207 216
-0.0628579 -0.7585115 8.6452904 169 207 216
-0.0620938 -0.7554526 8.6517467 169 207 216
-0.0618360 -0.7551280 8.6551332 169 207 216
-0.0642263 -0.7637644 8.6558266 169 207 216
-0.0639142 -0.7611489 8.6516829 169 207 216
-0.0643284 -0.7638385 8.6494722 169 207 216
-0.0632450 -0.7588104 8.6539278 169 207 216
-0.0633107 -0.7609966 8.6570139 169 207 216
-0.0621478 -0.7587082 8.6574297 169 207 216
-0.0622063 -0.7578950 8.6551437 169 207 216
-0.0636134 -0.7631207 8.6675014 169 207 216
-0.0627619 -0.7605865 8.6688919 169 207 216
-0.0637873 -0.7646061 8.6645222 169 207 216
-0.0623221 -0.7651165 8.6664143 169 207 216
-0.0620950 -0.7624978 8.6639252 169 207 216
-0.0609937 -0.7636788 8.6670122 169 207 216
-0.0613779 -0.7598866 8.6641684 169 207 216
-0.0600617 -0.7560213 8.6641722 169 207 216
0.0029776 -0.5884916 8.6691294 169 207 216
0.0026928 -0.5967695 8.6710749 169 207 216
0.0164309 -0.5937554 8.6711483 169 207 216
0.0183706 -0.5863372 8.6671143 169 207 216
-0.0620358 -0.7590407 8.6608677 169 207 216
-0.0628818 -0.7619436 8.6605663 169 207 216
-0.0642493 -0.7651238 8.6602201 169 207 216
-0.0604111 -0.7534453 8.6603537 169 207 216
-0.0613882 -0.7534587 8.6585312 169 207 216
-0.0617330 -0.7557753 8.6581802 169 207 216
-0.0610582 -0.7559946 8.6610336 169 207 216
-0.0577610 -0.7461812 8.6678419 169 207 216
-0.0554388 -0.7462035 8.6644831 169 207 216
-0.0545337 -0.7462559 8.6599827 169 207 216
-0.0364032 -0.5836365 8.6663218 169 207 216
-0.0554943 -0.5928137 8.6599779 169 207 216
-0.0507326 -0.5998261 8.6530132 169 207 216
-0.0344251 -0.5913534 8.6604633 169 207 216
-0.0358186 -0.5616888 8.6873264 169 207 216
-0.0305106 -0.5443782 8.6990232 169 207 216
-0.0533087 -0.5488555 8.7029133 169 207 216
-0.0661129 -0.5698167 8.6847258 169 207 216
-0.0425631 -0.5316690 8.7156868 169 207 216
-0.0230451 -0.5275894 8.7094002 169 207 216
-0.0209912 -0.4819467 8.7420235 169 207 216
-0.0271425 -0.4976002 8.7343397 169 207 216
-0.0096536 -0.4963102 8.7286253 169 207 216
-0.0036113 -0.4810346 8.7372131 169 207 216
-0.0263745 -0.4125591 8.7720280 169 207 216
-0.0136580 -0.4144365 8.7706738 169 207 216
-0.0063041 -0.3993287 8.7684622 169 207 216
-0.0207296 -0.3956085 8.7688923 169 207 216
-0.1022772 -0.4911592 8.7395153 169 207 216
-0.1106428 -0.4787750 8.7376289 169 207 216
-0.1164732 -0.4926809 8.7332935 169 207 216
-0.1090890 -0.5062135 8.7341251 169 207 216
-0.1032728 -0.6067431 8.6504126 169 207 216
-0.0919545 -0.6113783 8.6406889 169 207 216
-0.0781486 -0.5972207 8.6570330 169 207 216
-0.0878699 -0.5906864 8.6685867 169 207 216
-0.0880914 -0.4180039 8.7458830 169 207 216
-0.0797300 -0.4267856 8.7533875 169 207 216
-0.0725232 -0.4171836 8.7580109 169 207 216
-0.0793529 -0.4082803 8.7521982 169 207 216
-0.0572839 -0.3224356 8.7605639 169 207 216
-0.0363757 -0.3235057 8.7683287 169 207 216
-0.0356479 -0.2972193 8.7714338 169 207 216
-0.0575355 -0.2967415 8.7630033 169 207 216
-0.1232224 -0.3384061 8.7089930 169 207 216
-0.1225281 -0.3178681 8.7144184 169 207 216
-0.1349354 -0.3150754 8.6877155 169 207 216
-0.1367607 -0.3334003 8.6830854 169 207 216
-0.0524413 -0.4804692 8.7487469 169 207 216
-0.0597475 -0.4955381 8.7414265 169 207 216
-0.0442068 -0.4971488 8.7385340 169 207 216
-0.0375824 -0.4817431 8.7458010 169 207 216
-0.1614480 -0.3390737 8.7377853 169 207 216
-0.1562882 -0.3645031 8.7349329 169 207 216
-0.1455500 -0.3581742 8.7228432 169 207 216
-0.1519065 -0.3333019 8.7252913 169 207 216
-0.1203532 -0.2155310 8.7185621 169 207 216
-0.1226908 -0.1952929 8.7198095 169 207 216
-0.1372751 -0.2006659 8.6946707 169 207 216
-0.1330874 -0.2202611 8.6944027 169 207 216
-0.1603784 -0.4961325 8.7315598 169 207 216
-0.1806371 -0.5058105 8.7259932 169 207 216
-0.1784678 -0.5263938 8.7225647 169 207 216
-0.1591939 -0.5152111 8.7301216 169 207 216
-0.0987512 -0.4577528 8.7425375 169 207 216
-0.1046343 -0.4681278 8.7403078 169 207 216
-0.0957817 -0.4779307 8.7431278 169 207 216
-0.0896160 -0.4658085 8.7465429 169 207 216
-0.1467369 -0.3665200 8.6733141 169 207 216
-0.1514040 -0.3830663 8.6678953 169 207 216
-0.1414464 -0.3871848 8.6867256 169 207 216
-0.1359997 -0.3712181 8.6948404 169 207 216
-0.1292732 -0.3553571 8.7020998 169 207 216
-0.1412801 -0.3500232 8.6784649 169 207 216
-0.0787976 -0.4715513 8.7484341 169 207 216
-0.0858700 -0.4856065 8.7426224 169 207 216
-0.0739830 -0.4912644 8.7428150 169 207 216
-0.0662661 -0.4765103 8.7493696 169 207 216
0.0011337 -0.3846957 8.7647963 169 207 216
-0.0167413 -0.3802491 8.7654877 169 207 216
-0.1021113 -0.1889802 8.7402287 169 207 216
-0.1014451 -0.2099495 8.7389421 169 207 216
-0.0787693 -0.2037007 8.7535925 169 207 216
-0.0784334 -0.1824272 8.7545652 169 207 216
-0.0166088 -0.3474384 8.7648735 169 207 216
-0.0360771 -0.3460223 8.7628059 169 207 216
-0.0337704 -0.3646241 8.7608881 169 207 216
-0.0162531 -0.3658348 8.7622728 169 207 216
-0.0526964 -0.1772245 8.7642269 169 207 216
-0.0542307 -0.1986878 8.7631931 169 207 216
-0.0297781 -0.1954407 8.7706184 169 207 216
-0.0289595 -0.1716380 8.7717829 169 207 216
-0.0344266 -0.5143874 8.7258930 169 207 216
-0.0160258 -0.5119435 8.7192984 169 207 216
-0.0499506 -0.4114271 8.7679892 169 207 216
-0.0388795 -0.4115111 8.7710295 169 207 216
-0.0345938 -0.3946218 8.7678776 169 207 216
-0.0471473 -0.3953871 8.7652779 169 207 216
-0.1248430 -0.4497454 8.7188606 169 207 216
-0.1292154 -0.4556869 8.7144346 169 207 216
-0.1238315 -0.4746316 8.7269297 169 207 216
-0.1186599 -0.4643513 8.7306261 169 207 216
-0.1397958 -0.1808859 8.6961021 169 207 216
-0.1239178 -0.1753501 8.7212934 169 207 216
-0.0526404 -0.1545779 8.7623844 169 207 216
-0.0292244 -0.1480646 8.7699499 169 207 216
-0.1661813 -0.4395408 8.6548185 169 207 216
-0.1582601 -0.4426325 8.6661215 169 207 216
-0.1570623 -0.4389621 8.6660318 169 207 216
-0.1662384 -0.4364227 8.6554003 169 207 216
0.0247555 -0.4149155 8.7573576 169 207 216
0.0166325 -0.3959832 8.7616749 169 207 216
0.0049185 -0.4082449 8.7662878 169 207 216
0.0099488 -0.4230583 8.7625360 169 207 216
-0.0472931 -0.3794518 8.7610283 169 207 216
-0.0329819 -0.3787518 8.7641859 169 207 216
-0.0501875 -0.3649646 8.7574549 169 207 216
0.0389749 -0.4054833 8.7485609 169 207 216
0.0294974 -0.3794113 8.7553291 169 207 216
0.0029256 -0.5083086 8.7128181 169 207 216
0.0089274 -0.4937278 8.7222567 169 207 216
-0.0019683 -0.5236691 8.7042656 169 207 216
-0.0070415 -0.5392737 8.6952295 169 207 216
0.0147002 -0.5360541 8.6912279 169 207 216
0.0182534 -0.5200649 8.6989126 169 207 216
-0.0108099 -0.5556296 8.6863995 169 207 216
0.0111146 -0.5508466 8.6833286 169 207 216
-0.0149916 -0.5760876 8.6689339 169 207 216
-0.0149938 -0.5845981 8.6654320 169 207 216
-0.1127461 -0.4560138 8.7329493 169 207 216
-0.1073668 -0.4473396 8.7347422 169 207 216
-0.0776590 -0.1610811 8.7535925 169 207 216
-0.1457178 -0.5273544 8.5679941 169 207 216
-0.1611876 -0.5295850 8.5827780 169 207 216
-0.1577608 -0.5123459 8.5751381 169 207 216
-0.1431873 -0.5084885 8.5613108 169 207 216
-0.1022467 -0.5888847 8.6804075 169 207 216
-0.1152132 -0.6046244 8.6588478 169 207 216
-0.1845367 -0.4525608 8.6134872 169 207 216
-0.1819178 -0.4454592 8.6163816 169 207 216
-0.1783213 -0.4409959 8.6110373 169 207 216
-0.1809805 -0.4506443 8.6068201 169 207 216
-0.1792789 -0.4387906 8.6366606 169 207 216
-0.1836986 -0.4402706 8.6310301 169 207 216
-0.1859020 -0.4302507 8.6306200 169 207 216
-0.1808833 -0.4278495 8.6351557 169 207 216
-0.1443141 -0.2055575 8.6689558 169 207 216
-0.1393732 -0.2245929 8.6682491 169 207 216
-0.1444902 -0.3400456 8.6090631 169 207 216
-0.1507162 -0.3590248 8.6096935 169 207 216
-0.1525145 -0.3524924 8.6318083 169 207 216
-0.1477148 -0.3336767 8.6329184 169 207 216
-0.0517671 -0.4986083 8.5175104 169 207 216
-0.0694451 -0.5040655 8.5212460 169 207 216
-0.0703950 -0.4864565 8.5198317 169 207 216
-0.0520841 -0.4821655 8.5162821 169 207 216
-0.1110223 -0.5351524 8.5436354 169 207 216
-0.0907422 -0.5281025 8.5315914 169 207 216
-0.0893830 -0.5442878 8.5358658 169 207 216
-0.1103807 -0.5528313 8.5494757 169 207 216
-0.1286042 -0.5230985 8.5521965 169 207 216
-0.1268849 -0.5032859 8.5462008 169 207 216
-0.1541076 -0.3666647 8.6517372 169 207 216
-0.1587837 -0.3829081 8.6489077 169 207 216
-0.1647212 -0.4050776 8.6458645 169 207 216
-0.1664240 -0.4135471 8.6452465 169 207 216
-0.1592723 -0.4135974 8.6596270 169 207 216
-0.1575490 -0.4053570 8.6614485 169 207 216
-0.0818760 -0.6167314 8.6321659 169 207 216
-0.1009279 -0.6184068 8.6195412 169 207 216
-0.0879484 -0.6233011 8.6100550 169 207 216
-0.0704580 -0.5967754 8.5541830 169 207 216
-0.0787890 -0.6019827 8.5631876 169 207 216
-0.0860442 -0.5953437 8.5615101 169 207 216
-0.0732713 -0.5897061 8.5501375 169 207 216
-0.0761578 -0.4057203 8.5255289 169 207 216
-0.0782658 -0.3810440 8.5322390 169 207 216
-0.0559164 -0.3818482 8.5244036 169 207 216
-0.0559823 -0.4055974 8.5189972 169 207 216
-0.1725723 -0.4229465 8.6329193 169 207 216
-0.1745419 -0.4270177 8.6234188 169 207 216
-0.1770418 -0.4333563 8.6255751 169 207 216
-0.1742588 -0.4286015 8.6332541 169 207 216
-0.1730456 -0.4200275 8.6212721 169 207 216
-0.1707580 -0.4157111 8.6325302 169 207 216
-0.1690199 -0.4073795 8.6318569 169 207 216
-0.1707419 -0.4120410 8.6191387 169 207 216
-0.1569432 -0.3771419 8.6117020 169 207 216
-0.1633618 -0.3920172 8.6148453 169 207 216
-0.1620478 -0.3867796 8.6313543 169 207 216
-0.1573999 -0.3707102 8.6314840 169 207 216
-0.0533294 -0.3107269 8.5441494 169 207 216
-0.0543143 -0.3329304 8.5384026 169 207 216
-0.0743343 -0.3317265 8.5457277 169 207 216
-0.0722228 -0.3089563 8.5515165 169 207 216
-0.1436250 -0.4412527 8.6858215 169 207 216
-0.1429897 -0.4266751 8.6810589 169 207 216
-0.1311192 -0.4311050 8.6934767 169 207 216
-0.1326290 -0.4434806 8.6979408 169 207 216
-0.2042901 -0.4341707 8.6309328 169 207 216
-0.2089206 -0.4385140 8.6328182 169 207 216
-0.2136174 -0.4296314 8.6379452 169 207 216
-0.2093643 -0.4260261 8.6349154 169 207 216
-0.1524327 -0.4019313 8.6658926 169 207 216
-0.1534026 -0.3807043 8.6638031 169 207 216
-0.1430219 -0.3867590 8.6765223 169 207 216
-0.1418102 -0.4081520 8.6777611 169 207 216
-0.1393703 -0.6036810 8.6415825 169 207 216
-0.1270635 -0.6087322 8.6345806 169 207 216
-0.1272976 -0.6029179 8.6684208 169 207 216
-0.1677269 -0.4139418 8.6473980 169 207 216
-0.1751599 -0.4139539 8.6383944 169 207 216
-0.1785216 -0.3975467 8.6360874 169 207 216
-0.1689995 -0.3962473 8.6435146 169 207 216
-0.1777421 -0.3441896 8.7449198 169 207 216
-0.1733884 -0.3695479 8.7409859 169 207 216
-0.1670989 -0.3560747 8.6532040 169 207 216
-0.1622120 -0.3768055 8.6516705 169 207 216
-0.1725172 -0.3760751 8.6424437 169 207 216
-0.1800765 -0.3552938 8.6459417 169 207 216
-0.1423443 -0.3166927 8.6348886 169 207 216
-0.1376892 -0.3218018 8.6103954 169 207 216
-0.1370922 -0.2108882 8.6199150 169 207 216
-0.1318055 -0.2314385 8.6196337 169 207 216
-0.1385493 -0.2287684 8.6425419 169 207 216
-0.1439092 -0.2091560 8.6429968 169 207 216
-0.1474352 -0.1856023 8.6690912 169 207 216
-0.1409023 -0.1894933 8.6205082 169 207 216
-0.1476770 -0.1885212 8.6435976 169 207 216
-0.0628821 -0.6327105 8.6040373 169 207 216
-0.0751267 -0.6275465 8.6058216 169 207 216
-0.0698021 -0.6254855 8.5855608 169 207 216
-0.0575522 -0.6322377 8.5871477 169 207 216
-0.1605943 -0.0610522 8.6719418 169 207 216
-0.1503894 -0.0584877 8.7020779 169 207 216
-0.1530155 -0.0263305 8.7017689 169 207 216
-0.1605348 -0.0287221 8.6687374 169 207 216
-0.0441623 -0.6129705 8.5572529 169 207 216
-0.0344264 -0.6239753 8.5628643 169 207 216
-0.0467166 -0.6279627 8.5739403 169 207 216
-0.0580827 -0.6189721 8.5697136 169 207 216
-0.1593203 -0.0899414 8.6735754 169 207 216
-0.1485176 -0.0855347 8.7018042 169 207 216
-0.0603014 -0.6265970 8.6219130 169 207 216
-0.0713607 -0.6213236 8.6266212 169 207 216
-0.0547604 -0.6162084 8.6364803 169 207 216
-0.0633587 -0.6098276 8.6410522 169 207 216
-0.0452948 -0.6076672 8.6492119 169 207 216
-0.1369300 -0.0487898 8.7285566 169 207 216
-0.1408534 -0.0187834 8.7310734 169 207 216
-0.0455603 -0.6399524 8.5898685 169 207 216
-0.0366870 -0.6370553 8.5778618 169 207 216
-0.0262412 -0.6353071 8.5689688 169 207 216
-0.0128032 -0.6356874 8.5625734 169 207 216
0.0019458 -0.6358333 8.5577593 169 207 216
0.0074822 -0.6483612 8.5681515 169 207 216
-0.1399107 -0.1615599 8.6970577 169 207 216
-0.1497805 -0.1656754 8.6700096 169 207 216
-0.1425487 0.0805328 8.5900631 169 207 216
-0.1394522 0.0981393 8.6041107 169 207 216
-0.1141194 0.1007881 8.5827246 169 207 216
-0.1206199 0.0829231 8.5703468 169 207 216
-0.0616080 0.0746155 8.5413570 169 207 216
-0.0941706 0.0826399 8.5548763 169 207 216
-0.0850387 0.0969838 8.5691080 169 207 216
-0.0514710 0.0905762 8.5573492 169 207 216
-0.0831577 -0.0603637 8.5195665 169 207 216
-0.0815883 -0.0826664 8.5249834 169 207 216
-0.1071222 -0.0828120 8.5372143 169 207 216
-0.1091948 -0.0602216 8.5315647 169 207 216
-0.1501296 -0.1684544 8.6440277 169 207 216
-0.1440615 -0.1691323 8.6208849 169 207 216
-0.1226030 -0.1559103 8.7210464 169 207 216
-0.1368129 0.1191659 8.7512608 169 207 216
-0.1386043 0.1520991 8.7480907 169 207 216
-0.1575644 0.1461659 8.7119484 169 207 216
-0.1584359 0.1120171 8.7149725 169 207 216
-0.1528504 0.1429717 8.6436415 169 207 216
-0.1311398 0.1454582 8.6165428 169 207 216
-0.1347341 0.1197290 8.6122093 169 207 216
-0.1562150 0.1142143 8.6413574 169 207 216
-0.0057194 -0.1426274 8.7759886 169 207 216
-0.0060090 -0.1202231 8.7708664 169 207 216
-0.0293396 -0.1261149 8.7657881 169 207 216
0.0573999 -0.1310969 8.7676420 169 207 216
0.0566679 -0.1096168 8.7622223 169 207 216
0.0377078 -0.1120471 8.7688036 169 207 216
0.0375636 -0.1342289 8.7754412 169 207 216
0.0486406 0.0099920 8.7484436 169 207 216
0.0438942 -0.0162241 8.7493544 169 207 216
0.0582977 -0.0155601 8.7444992 169 207 216
0.0602817 0.0096151 8.7437248 169 207 216
-0.1164895 -0.0389666 8.7504330 169 207 216
-0.1118165 -0.0673779 8.7457438 169 207 216
-0.0845403 -0.0562514 8.7572355 169 207 216
-0.0865604 -0.0288370 8.7621384 169 207 216
-0.0731776 0.1108940 8.5797262 169 207 216
-0.0415506 0.1018535 8.5757332 169 207 216
-0.1054327 0.1215304 8.7770100 169 207 216
-0.1093068 0.1564091 8.7751207 169 207 216
-0.0728968 0.1589405 8.7859354 169 207 216
-0.0692547 0.1226791 8.7868032 169 207 216
-0.0356920 0.1250773 8.7803078 169 207 216
-0.0377591 0.1590898 8.7785044 169 207 216
0.0416335 0.1039623 8.7118654 169 207 216
0.0383693 0.1088675 8.7075224 169 207 216
0.0371341 0.0919494 8.7358789 169 207 216
0.0435077 0.0813834 8.7371540 169 207 216
-0.0737943 0.0322777 8.5194798 169 207 216
-0.1041098 0.0377845 8.5312672 169 207 216
-0.1003429 0.0618973 8.5407619 169 207 216
-0.0693430 0.0534026 8.5275698 169 207 216
-0.1332402 -0.1685993 8.6003857 169 207 216
-0.1297129 -0.1895224 8.6004858 169 207 216
-0.1151362 -0.1892759 8.5839367 169 207 216
-0.1108649 -0.2133482 8.5845366 169 207 216
-0.1258665 -0.2117305 8.6004877 169 207 216
-0.1131225 -0.3408040 8.5701542 169 207 216
-0.1227088 -0.3601628 8.5669374 169 207 216
-0.1359865 -0.3482913 8.5876751 169 207 216
-0.1273981 -0.3307480 8.5893240 169 207 216
-0.0906699 -0.5096954 8.5276508 169 207 216
-0.0901245 -0.4914871 8.5248184 169 207 216
-0.1003016 0.1406845 8.5963717 169 207 216
-0.1043423 0.1695986 8.6003399 169 207 216
-0.0687805 0.1670485 8.5921841 169 207 216
-0.0565982 0.1319852 8.5888376 169 207 216
-0.1508427 0.1730385 8.6448565 169 207 216
-0.1624579 0.1413761 8.6762352 169 207 216
-0.1599139 0.1746263 8.6742649 169 207 216
-0.1380976 0.1849971 8.7461023 169 207 216
-0.1554198 0.1787495 8.7099848 169 207 216
-0.0738405 0.1933830 8.7842779 169 207 216
-0.0398834 0.1934143 8.7756538 169 207 216
0.0187251 0.1604497 8.7029629 169 207 216
0.0130287 0.1878907 8.6961555 169 207 216
0.0031526 0.1896730 8.7254429 169 207 216
0.0075685 0.1608946 8.7312870 169 207 216
0.0119798 0.0189002 8.7619123 169 207 216
0.0029154 0.0430446 8.7669878 169 207 216
-0.0266710 0.0208784 8.7709551 169 207 216
-0.0248491 -0.0024562 8.7662392 169 207 216
0.0379910 -0.1592665 8.7795086 169 207 216
0.0548021 -0.1549764 8.7731676 169 207 216
-0.0052696 -0.1673261 8.7785225 169 207 216
0.0179005 -0.1634125 8.7817640 169 207 216
0.0172154 -0.1380706 8.7781744 169 207 216
0.0396611 -0.2688054 8.7794828 169 207 216
0.0410475 -0.2399994 8.7789621 169 207 216
0.0171058 -0.2424855 8.7815542 169 207 216
0.0147511 -0.2703328 8.7816296 169 207 216
0.0114505 -0.2993034 8.7788639 169 207 216
0.0365702 -0.2986355 8.7755718 169 207 216
0.0291497 -0.3529401 8.7570868 169 207 216
0.0051453 -0.3497404 8.7630453 169 207 216
0.0050880 -0.3693633 8.7611523 169 207 216
0.0227114 -0.5045447 8.7068882 169 207 216
0.0272716 -0.4891755 8.7149153 169 207 216
-0.1188814 -0.0090075 8.7561550 169 207 216
-0.0175239 0.1400996 8.5993576 169 207 216
-0.0318180 0.1698563 8.5981665 169 207 216
-0.0055947 0.1750172 8.6160545 169 207 216
0.0044325 0.1486208 8.6220350 169 207 216
-0.1327459 -0.0763038 8.7262058 169 207 216
-0.1021458 -0.1684408 8.7407122 169 207 216
-0.1008928 -0.1487790 8.7389679 169 207 216
-0.1008914 -0.3488401 8.7318821 169 207 216
-0.1021766 -0.3214292 8.7355633 169 207 216
-0.0045047 -0.4166518 8.7686644 169 207 216
-0.0045937 -0.4274449 8.7667112 169 207 216
-0.1656625 0.1101288 8.6759691 169 207 216
-0.0742429 0.2267535 8.7803869 169 207 216
-0.0420077 0.2269180 8.7703638 169 207 216
-0.0430802 0.2598526 8.7647753 169 207 216
-0.0735595 0.2589519 8.7748785 169 207 216
0.0041853 0.2130690 8.6623907 169 207 216
-0.0078576 0.2435974 8.6584187 169 207 216
-0.0048251 0.2462463 8.6845732 169 207 216
0.0047091 0.2165668 8.6892500 169 207 216
-0.0170436 0.2747766 8.6570492 169 207 216
-0.0241117 0.3060521 8.6547022 169 207 216
-0.0184746 0.3104130 8.6775780 169 207 216
-0.0119543 0.2788575 8.6819696 169 207 216
-0.1100073 0.1896698 8.7737923 169 207 216
-0.1331849 0.2506059 8.7448730 169 207 216
-0.1357184 0.2177087 8.7456875 169 207 216
-0.1086831 0.2234831 8.7706470 169 207 216
-0.1073015 0.2563626 8.7678671 169 207 216
-0.1310196 0.1717054 8.6194525 169 207 216
0.0219199 0.1591097 8.6759586 169 207 216
0.0147083 0.1846977 8.6690769 169 207 216
-0.0334630 0.2387878 8.6163321 169 207 216
-0.0197778 0.2064047 8.6142321 169 207 216
-0.0457338 0.2035756 8.5987616 169 207 216
-0.0579377 0.2367592 8.6025267 169 207 216
-0.1518753 0.2342213 8.6501150 169 207 216
-0.1508510 0.2040388 8.6470909 169 207 216
-0.1576969 0.2057590 8.6774464 169 207 216
-0.1568299 0.2372481 8.6796970 169 207 216
-0.1511898 0.2108077 8.7120857 169 207 216
-0.1483459 0.2433484 8.7126617 169 207 216
-0.1282901 0.3139580 8.7422466 169 207 216
-0.1308877 0.2826886 8.7437811 169 207 216
-0.1051289 0.2884276 8.7640800 169 207 216
-0.1019328 0.3194474 8.7601109 169 207 216
-0.1445056 0.3062669 8.7127562 169 207 216
-0.1461696 0.2745478 8.7129612 169 207 216
-0.1544747 0.2985687 8.6844454 169 207 216
-0.1551270 0.2678255 8.6823750 169 207 216
-0.1505346 0.2937588 8.6588545 169 207 216
-0.1513952 0.2640036 8.6546764 169 207 216
-0.1392162 0.2917408 8.6372137 169 207 216
-0.1383614 0.2629988 8.6315336 169 207 216
-0.1181633 0.2635152 8.6150408 169 207 216
-0.1210317 0.2922966 8.6220121 169 207 216
-0.0986793 0.2935658 8.6149578 169 207 216
-0.0932510 0.2646970 8.6071672 169 207 216
-0.0534592 0.2996087 8.6212044 169 207 216
-0.0445415 0.2698808 8.6193047 169 207 216
-0.0676625 0.2674010 8.6078901 169 207 216
-0.0752216 0.2962233 8.6132669 169 207 216
-0.0881370 0.4107077 8.6248245 169 207 216
-0.0780914 0.3824847 8.6227980 169 207 216
-0.0972804 0.3781111 8.6257162 169 207 216
-0.1055743 0.4064894 8.6285820 169 207 216
-0.1231191 0.4027227 8.6307716 169 207 216
-0.1151317 0.3753102 8.6300468 169 207 216
-0.1318224 0.3737656 8.6368103 169 207 216
-0.1387790 0.4004603 8.6382799 169 207 216
-0.1496607 0.3778101 8.6690626 169 207 216
-0.1557526 0.4053553 8.6709623 169 207 216
-0.1502542 0.4011396 8.6517220 169 207 216
-0.1433036 0.3741571 8.6501160 169 207 216
-0.1555632 0.3831337 8.6915598 169 207 216
-0.1587497 0.4108655 8.6931076 169 207 216
-0.1453694 0.3915858 8.7149820 169 207 216
-0.1444725 0.4197430 8.7147188 169 207 216
-0.1218943 0.4007291 8.7353783 169 207 216
-0.1229362 0.4285145 8.7354622 169 207 216
-0.0383055 0.3997597 8.6577663 169 207 216
-0.0444700 0.3941829 8.6393490 169 207 216
-0.0554756 0.4216173 8.6362238 169 207 216
-0.0467227 0.4277706 8.6525927 169 207 216
-0.0438418 0.4075742 8.7059441 169 207 216
-0.0530442 0.4349912 8.6981764 169 207 216
-0.0559959 0.4370344 8.7264662 169 207 216
-0.0500335 0.4094299 8.7345524 169 207 216
-0.1253973 0.3440068 8.7396173 169 207 216
-0.1425154 0.3355510 8.7128248 169 207 216
-0.1531649 0.3278620 8.6863489 169 207 216
-0.1483185 0.3227090 8.6627340 169 207 216
-0.0617416 0.3275760 8.6214523 169 207 216
-0.0831223 0.3237029 8.6173210 169 207 216
-0.0247922 0.3416789 8.6721544 169 207 216
-0.0304134 0.3366377 8.6503773 169 207 216
-0.0688441 0.3814988 8.7562618 169 207 216
-0.0975020 0.3782679 8.7545767 169 207 216
-0.0989831 0.3489967 8.7563620 169 207 216
-0.0700312 0.3518826 8.7581692 169 207 216
-0.1442391 0.3637144 8.7139206 169 207 216
-0.1533552 0.3555543 8.6888351 169 207 216
-0.1470805 0.3503568 8.6665735 169 207 216
-0.1268581 0.3469861 8.6334000 169 207 216
-0.1399333 0.3470955 8.6473103 169 207 216
-0.1096467 0.3484801 8.6263142 169 207 216
-0.0699708 0.3548346 8.6221046 169 207 216
-0.0903148 0.3510770 8.6210632 169 207 216
-0.0318187 0.3713437 8.6651802 169 207 216
-0.0369783 0.3660646 8.6449614 169 207 216
-0.0741677 0.4369935 8.7487488 169 207 216
-0.1012523 0.4343202 8.7507915 169 207 216
-0.0986555 0.4072958 8.7540426 169 207 216
-0.0699674 0.4107448 8.7550211 169 207 216
-0.0824843 0.4597477 8.7365227 169 207 216
-0.0681012 0.4604293 8.7181807 169 207 216
-0.1480044 0.4294965 8.6390200 169 207 216
-0.1334750 0.4313252 8.6298180 169 207 216
-0.1588839 0.4308785 8.6524057 169 207 216
-0.1467254 0.4492559 8.7177019 169 207 216
-0.1628990 0.4400234 8.6946535 169 207 216
-0.1243812 0.4571454 8.7338457 169 207 216
-0.1032469 0.4577263 8.7426186 169 207 216
-0.0804498 0.4802736 8.6360483 169 207 216
-0.0712299 0.4851493 8.6514912 169 207 216
-0.0594976 0.4547509 8.6519804 169 207 216
-0.0692272 0.4496639 8.6374035 169 207 216
-0.1093524 0.4714846 8.6200304 169 207 216
-0.0987364 0.4405158 8.6275654 169 207 216
-0.1159123 0.4359465 8.6272230 169 207 216
-0.1279171 0.4661995 8.6175079 169 207 216
-0.1614916 0.4606000 8.6341572 169 207 216
-0.1461828 0.4620619 8.6229782 169 207 216
-0.1728147 0.4607987 8.6502819 169 207 216
-0.1687837 0.4715254 8.6964846 169 207 216
-0.1773210 0.4640641 8.6721268 169 207 216
-0.1657668 0.4335867 8.6717215 169 207 216
-0.1507260 0.4801193 8.7217855 169 207 216
-0.1283835 0.5220243 8.7294884 169 207 216
-0.1569697 0.5132205 8.7234764 169 207 216
-0.1218349 0.4896765 8.7310810 169 207 216
-0.1235483 0.6287891 8.7050428 169 207 216
-0.1301278 0.6656094 8.6995821 169 207 216
-0.1489655 0.6615882 8.7097130 169 207 216
-0.1446560 0.6249340 8.7170191 169 207 216
-0.0861853 0.5132931 8.6298666 169 207 216
-0.0779009 0.5168792 8.6486950 169 207 216
-0.1384312 0.4989620 8.6090536 169 207 216
-0.1177125 0.5046309 8.6105947 169 207 216
-0.1876678 0.5373954 8.6979399 169 207 216
-0.1980838 0.5309252 8.6715374 169 207 216
-0.1888718 0.4966215 8.6731596 169 207 216
-0.1789776 0.5039179 8.6992435 169 207 216
-0.0947034 0.6214068 8.6364441 169 207 216
-0.0860094 0.5861052 8.6390352 169 207 216
-0.0962236 0.5828878 8.6183319 169 207 216
-0.1042167 0.6187345 8.6179953 169 207 216
-0.1451627 0.5339847 8.6024275 169 207 216
-0.1512138 0.5700336 8.5993729 169 207 216
-0.1300595 0.5749669 8.5991001 169 207 216
-0.1234040 0.5394698 8.6031332 169 207 216
-0.1940705 0.6115658 8.6907530 169 207 216
-0.2043595 0.6071116 8.6666727 169 207 216
-0.2035371 0.5675545 8.6690559 169 207 216
-0.1928262 0.5733328 8.6949892 169 207 216
-0.1343717 0.5546159 8.7268953 169 207 216
-0.1406418 0.5890092 8.7225780 169 207 216
-0.1691314 0.5808244 8.7163315 169 207 216
-0.1637886 0.5462820 8.7207975 169 207 216
-0.1114888 0.5586741 8.7142811 169 207 216
-0.1177636 0.5927905 8.7108536 169 207 216
-0.1258874 0.6954191 8.6268206 169 207 216
-0.1179471 0.7002720 8.6412954 169 207 216
-0.1073383 0.6598561 8.6389656 169 207 216
-0.1162184 0.6557766 8.6232290 169 207 216
-0.1573233 0.6075687 8.6020813 169 207 216
-0.1615598 0.6473137 8.6080761 169 207 216
-0.1439983 0.6501017 8.6079588 169 207 216
-0.1370043 0.6115962 8.6007471 169 207 216
-0.1939241 0.6934316 8.6819468 169 207 216
-0.2012170 0.6906474 8.6620970 169 207 216
-0.2033883 0.6485700 8.6646137 169 207 216
-0.1945080 0.6518190 8.6859179 169 207 216
-0.1540056 0.7014666 8.7021570 169 207 216
-0.1771182 0.6973083 8.6985445 169 207 216
-0.1749601 0.6562888 8.7057610 169 207 216
-0.1374646 0.7047118 8.6934643 169 207 216
-0.1435858 0.7435849 8.6902742 169 207 216
-0.1578171 0.7408710 8.6965818 169 207 216
-0.1338756 0.7339877 8.6295338 169 207 216
-0.1278210 0.7377579 8.6439552 169 207 216
-0.1534798 0.7290794 8.6151571 169 207 216
-0.1496102 0.6902640 8.6130333 169 207 216
-0.1649106 0.6875055 8.6123600 169 207 216
-0.1676747 0.7262383 8.6141024 169 207 216
-0.1943576 0.6886313 8.6297979 169 207 216
-0.1942668 0.7273329 8.6311188 169 207 216
-0.1827548 0.7256114 8.6194582 169 207 216
-0.1812126 0.6868867 8.6180792 169 207 216
-0.1990267 0.7292725 8.6599112 169 207 216
-0.1985565 0.7281787 8.6440086 169 207 216
-0.2012362 0.6890330 8.6441746 169 207 216
-0.1933556 0.7317520 8.6786795 169 207 216
-0.1779930 0.7366288 8.6937590 169 207 216
0.0057288 0.1163691 8.6187344 169 207 216
-0.0055997 0.1213951 8.6091032 169 207 216
0.0120017 0.1317706 8.6323462 169 207 216
0.0200494 0.1235631 8.6431065 169 207 216
-0.0093412 0.2522146 8.7147865 169 207 216
-0.0029917 0.2201084 8.7199554 169 207 216
-0.0192750 0.3163675 8.7032146 169 207 216
-0.0142586 0.2850196 8.7099810 169 207 216
-0.0262568 0.3467962 8.6969061 169 207 216
-0.0398756 0.4048433 8.6804466 169 207 216
-0.0342848 0.3756070 8.6893034 169 207 216
-0.0477986 0.4326122 8.6748800 169 207 216
-0.0591208 0.4606755 8.6725988 169 207 216
-0.0699953 0.4900612 8.6728239 169 207 216
-0.0827996 0.5529408 8.6686430 169 207 216
-0.0789512 0.5203553 8.6715984 169 207 216
-0.0816496 0.5510904 8.6438923 169 207 216
-0.0959491 0.6246691 8.6619053 169 207 216
-0.0876830 0.5880923 8.6649675 169 207 216
-0.1181514 0.7040707 8.6601105 169 207 216
-0.1066888 0.6641207 8.6607380 169 207 216
-0.1285691 0.7414223 8.6614599 169 207 216
-0.0067128 0.1017672 8.7631226 169 207 216
-0.0049722 0.0789342 8.7650633 169 207 216
0.0172036 0.0931660 8.7478848 169 207 216
0.0142859 0.1110073 8.7424212 169 207 216
0.0336476 0.1123635 8.6755419 169 207 216
0.0317200 0.1138435 8.6706057 169 207 216
0.0363388 0.1140546 8.6875467 169 207 216
0.0379627 0.1119295 8.6911993 169 207 216
-0.1236036 0.3726735 8.7370949 169 207 216
-0.1395962 0.3199920 8.6423645 169 207 216
-0.1043672 0.3210405 8.6211138 169 207 216
-0.1238334 0.3197413 8.6285257 169 207 216
-0.0350989 0.3803214 8.7155676 169 207 216
-0.0470413 0.3814087 8.7403288 169 207 216
-0.0459061 0.3531764 8.7455273 169 207 216
-0.0324068 0.3510467 8.7226572 169 207 216
-0.1049845 0.5286925 8.7175684 169 207 216
-0.0888716 0.5250047 8.6952362 169 207 216
-0.0959204 0.5565327 8.6915827 169 207 216
-0.0984887 0.5017895 8.7218676 169 207 216
-0.1862195 0.4927499 8.6484232 169 207 216
-0.1754023 0.4922690 8.6290159 169 207 216
-0.1674530 0.5292941 8.6097755 169 207 216
-0.1587333 0.4947200 8.6161604 169 207 216
-0.1856831 0.5266834 8.6238403 169 207 216
-0.0235911 0.2914415 8.7363405 169 207 216
-0.0274517 0.3216672 8.7293673 169 207 216
-0.0450120 0.3228690 8.7507677 169 207 216
-0.0430285 0.2919138 8.7578545 169 207 216
-0.1251891 -0.2507340 8.6193113 169 207 216
-0.1311962 -0.2473460 8.6419096 169 207 216
-0.0747722 -0.3879669 8.7505465 169 207 216
-0.0614728 -0.3826897 8.7566252 169 207 216
-0.0672986 -0.3672236 8.7514553 169 207 216
-0.0841315 -0.3720711 8.7424126 169 207 216
-0.0976105 -0.3810873 8.7346621 169 207 216
-0.0866772 -0.3962309 8.7444820 169 207 216
-0.1079777 -0.3928177 8.7268600 169 207 216
-0.0962699 -0.4065463 8.7371578 169 207 216
-0.1297655 -0.4401523 8.7019701 169 207 216
-0.1336349 -0.4452014 8.6974182 169 207 216
0.0526509 -0.3502067 8.7487869 169 207 216
0.0567202 -0.3241383 8.7592659 169 207 216
0.0325535 -0.3267454 8.7676487 169 207 216
0.0170013 -0.1154933 8.7720995 169 207 216
0.0037802 -0.0213244 8.7573557 169 207 216
0.0265785 -0.0172072 8.7532320 169 207 216
0.0340136 0.0131546 8.7533970 169 207 216
0.0565778 0.0844154 8.7266836 169 207 216
0.0573054 0.0968437 8.7103643 169 207 216
0.0459443 0.1089136 8.6902437 169 207 216
0.0381417 0.1116059 8.6752157 169 207 216
-0.0893548 -0.3051246 8.5630226 169 207 216
-0.0925282 -0.3275658 8.5577526 169 207 216
-0.0507612 -0.5153828 8.5189228 169 207 216
-0.0699479 -0.5207162 8.5240402 169 207 216
-0.0669903 -0.5514159 8.5300188 169 207 216
-0.0475789 -0.5454229 8.5244045 169 207 216
-0.0443313 -0.5586698 8.5274744 169 207 216
-0.0636826 -0.5643595 8.5331593 169 207 216
-0.0192562 -0.6227750 8.5547295 169 207 216
-0.0271169 -0.6078440 8.5485411 169 207 216
0.0250945 0.1098597 8.6529799 169 207 216
0.0208580 0.1114051 8.6434221 169 207 216
0.0300249 0.1153508 8.6636648 169 207 216
0.0240863 0.1371898 8.7101402 169 207 216
0.0280439 0.1197076 8.7176838 169 207 216
0.0325029 0.1252085 8.6921434 169 207 216
0.0280084 0.1392656 8.6842842 169 207 216
-0.1561599 0.0782943 8.7189951 169 207 216
-0.1322741 0.0854311 8.7549753 169 207 216
-0.1064931 0.1178188 8.5911198 169 207 216
-0.1968265 -0.3094530 8.6582146 169 207 216
-0.1886393 -0.3332016 8.6517467 169 207 216
-0.2042532 -0.3336659 8.6497993 169 207 216
-0.2115321 -0.3098938 8.6582098 169 207 216
-0.0980044 -0.4072555 8.5345163 169 207 216
-0.1037444 -0.3791668 8.5467100 169 207 216
-0.0705080 -0.6042266 8.6479654 169 207 216
-0.1521715 -0.5914080 8.6902275 169 207 216
-0.1395765 -0.5985109 8.6786337 169 207 216
-0.1271887 -0.5844996 8.7016125 169 207 216
-0.1368900 -0.5787557 8.7106647 169 207 216
-0.1757793 -0.5457015 8.6076212 169 207 216
-0.1643367 -0.5473663 8.5941000 169 207 216
-0.1637487 -0.5653094 8.6085272 169 207 216
-0.1739760 -0.5617348 8.6219940 169 207 216
-0.1096831 -0.0363069 8.5252075 169 207 216
-0.0829053 -0.0374777 8.5145082 169 207 216
-0.0726657 -0.2410616 8.5583715 169 207 216
-0.0707315 -0.2648711 8.5572615 169 207 216
-0.0881865 -0.2616830 8.5682802 169 207 216
-0.0911822 -0.2385434 8.5697412 169 207 216
-0.1246921 -0.3943502 8.5552197 169 207 216
-0.1346947 -0.3780152 8.5715647 169 207 216
0.0420141 -0.4286762 8.7428579 169 207 216
0.0260946 -0.4344974 8.7513609 169 207 216
0.0234950 -0.4506253 8.7449131 169 207 216
0.0401295 -0.4468367 8.7366285 169 207 216
-0.2223852 -0.3738926 8.6497135 169 207 216
-0.2108779 -0.3617106 8.6437159 169 207 216
-0.1988964 -0.3828754 8.6364832 169 207 216
-0.2084863 -0.3909900 8.6379585 169 207 216
-0.1597244 0.0885887 8.6336079 169 207 216
-0.1676004 0.0736432 8.6728630 169 207 216
-0.1342815 -0.2791541 8.6651325 169 207 216
-0.1317346 -0.2612412 8.6661062 169 207 216
-0.1303480 -0.2650823 8.6401100 169 207 216
-0.1329531 -0.2826609 8.6386547 169 207 216
-0.1449764 -0.3316842 8.6576166 169 207 216
-0.1409428 -0.3146189 8.6605043 169 207 216
-0.1492693 -0.3495413 8.6545458 169 207 216
-0.1735461 -0.4386692 8.6438951 169 207 216
-0.1727055 -0.4371442 8.6444931 169 207 216
-0.1769975 -0.4396212 8.6359396 169 207 216
0.0111260 0.1333746 8.7372580 169 207 216
0.0236744 0.0674382 8.7552567 169 207 216
0.0334644 0.0548498 8.7563543 169 207 216
0.0284018 0.1095131 8.6607265 169 207 216
0.0310333 0.1097792 8.6620684 169 207 216
-0.0410051 -0.6167003 8.6494932 169 207 216
-0.0478890 -0.6243125 8.6354675 169 207 216
-0.1608078 -0.3978405 8.6544771 169 207 216
-0.1607730 -0.4165998 8.6585360 169 207 216
-0.1612321 -0.4206221 8.6580334 169 207 216
-0.1644198 -0.4268786 8.6556520 169 207 216
-0.1543664 -0.4298979 8.6688232 169 207 216
-0.1506996 -0.4240630 8.6721392 169 207 216
-0.1682657 -0.4205983 8.6447592 169 207 216
-0.1709352 -0.4264621 8.6435089 169 207 216
-0.0927718 -0.5005498 8.7380590 169 207 216
-0.1002485 -0.5164129 8.7314482 169 207 216
-0.0894886 -0.5225536 8.7279034 169 207 216
-0.0816779 -0.5067663 8.7353334 169 207 216
-0.0679689 -0.5117913 8.7338266 169 207 216
-0.0768425 -0.5278523 8.7241211 169 207 216
-0.0614580 -0.5314754 8.7204914 169 207 216
-0.0521425 -0.5140636 8.7300949 169 207 216
-0.0598478 -0.5847334 8.6704903 169 207 216
-0.0372378 -0.5754102 8.6774206 169 207 216
-0.0134586 -0.5676758 8.6776552 169 207 216
0.0082613 -0.5626278 8.6760921 169 207 216
-0.0348274 -0.5952159 8.5428667 169 207 216
-0.0561247 -0.6001476 8.5517168 169 207 216
-0.0566807 -0.5873414 8.5428514 169 207 216
-0.0389587 -0.5830694 8.5368290 169 207 216
-0.0216006 -0.5799062 8.5309267 169 207 216
-0.0170661 -0.5934068 8.5360594 169 207 216
-0.0319320 -0.6000332 8.6583538 169 207 216
-0.0144433 -0.5934736 8.6657391 169 207 216
0.0041383 -0.5801399 8.6674767 169 207 216
-0.1961952 -0.3460534 8.7443180 169 207 216
-0.1930032 -0.3707583 8.7395220 169 207 216
-0.0505255 -0.6396585 8.6043406 169 207 216
-0.0512724 -0.6333640 8.6203365 169 207 216
-0.2150907 -0.3457719 8.7382221 169 207 216
-0.2120237 -0.3712831 8.7328310 169 207 216
-0.1018720 -0.5659217 8.7042675 169 207 216
-0.1140022 -0.5636934 8.7132387 169 207 216
-0.1154387 -0.5875951 8.6913137 169 207 216
-0.0291286 -0.6085736 8.6604414 169 207 216
-0.0132230 -0.6017631 8.6684599 169 207 216
-0.1513031 0.0457010 8.7260427 169 207 216
-0.1266537 0.0541001 8.7576504 169 207 216
-0.1174763 -0.2349717 8.7172661 169 207 216
-0.1001303 -0.2304867 8.7375069 169 207 216
0.0825200 -0.2626064 8.7597036 169 207 216
0.0821540 -0.2365076 8.7613916 169 207 216
0.0624321 -0.2368674 8.7715502 169 207 216
0.0620965 -0.2659574 8.7713385 169 207 216
0.0759416 -0.3458649 8.7381277 169 207 216
0.0794935 -0.3199445 8.7482948 169 207 216
0.0134947 -0.6000504 8.6755362 169 207 216
0.0400853 -0.1861536 8.7792759 169 207 216
0.0410473 -0.2128769 8.7779913 169 207 216
0.0619580 -0.2092083 8.7708941 169 207 216
0.0608132 -0.1809398 8.7710342 169 207 216
0.0659795 -0.1525614 8.7649384 169 207 216
0.0670089 -0.1398021 8.7642860 169 207 216
0.0542018 0.0329986 8.7481527 169 207 216
0.0626208 0.0319710 8.7441797 169 207 216
-0.1461990 -0.4322580 8.7293119 169 207 216
-0.1640098 -0.4391261 8.7335491 169 207 216
-0.1616755 -0.4595804 8.7325449 169 207 216
-0.1449196 -0.4506171 8.7292204 169 207 216
-0.0054436 -0.1928417 8.7776890 169 207 216
0.0184106 -0.1901989 8.7813387 169 207 216
-0.1191871 -0.4429344 8.7202959 169 207 216
-0.1271820 -0.4332850 8.7050028 169 207 216
0.0523295 -0.3742011 8.7428179 169 207 216
0.0094826 -0.4384607 8.7575054 169 207 216
0.0064595 -0.4529187 8.7516260 169 207 216
-0.0066421 -0.4407900 8.7615843 169 207 216
-0.0103503 -0.4540877 8.7557840 169 207 216
0.0238809 0.1056338 8.6486692 169 207 216
0.0240756 0.1049177 8.6500120 169 207 216
-0.2269273 -0.4498006 8.6608191 169 207 216
-0.2251247 -0.4438401 8.6543531 169 207 216
-0.2224052 -0.4555754 8.6458673 169 207 216
-0.2250304 -0.4623675 8.6528234 169 207 216
0.0170954 0.1549333 8.6495380 169 207 216
0.0237149 0.1377489 8.6583462 169 207 216
-0.0248588 0.1091543 8.5945272 169 207 216
-0.0055633 0.1090923 8.6031380 169 207 216
-0.0074456 0.0966489 8.5951624 169 207 216
-0.0126289 0.0927826 8.5833111 169 207 216
-0.0145001 0.1932821 8.7532148 169 207 216
-0.0115509 0.1602871 8.7572403 169 207 216
-0.0180314 0.2262997 8.7481585 169 207 216
-0.0206443 0.2592989 8.7427931 169 207 216
-0.0648910 0.4623544 8.6945887 169 207 216
-0.0785953 0.4929206 8.7000303 169 207 216
-0.1020606 0.5913390 8.6882868 169 207 216
-0.1091911 0.6274678 8.6846180 169 207 216
-0.1176154 0.6660003 8.6810932 169 207 216
-0.1346965 0.7437407 8.6774883 169 207 216
-0.1268729 0.7061359 8.6779442 169 207 216
-0.2283258 -0.3415039 8.7270966 169 207 216
-0.2379764 -0.3350591 8.7135296 169 207 216
-0.2352573 -0.3617667 8.7046843 169 207 216
-0.2259550 -0.3690062 8.7200098 169 207 216
-0.1572834 -0.3596127 8.6650314 169 207 216
-0.1638925 -0.3382300 8.6682768 169 207 216
-0.1539166 -0.3421148 8.6807461 169 207 216
-0.1477452 -0.3646730 8.6784506 169 207 216
-0.1708844 -0.3151519 8.6714993 169 207 216
-0.1750902 -0.3349507 8.6579762 169 207 216
-0.1831514 -0.3116130 8.6629486 169 207 216
-0.2251747 -0.3138464 8.6637239 169 207 216
-0.2188681 -0.3371922 8.6535654 169 207 216
-0.2305201 -0.3441822 8.6619043 169 207 216
-0.2358485 -0.3184546 8.6728411 169 207 216
-0.2428104 -0.3289153 8.6988401 169 207 216
-0.2418824 -0.3233015 8.6844883 169 207 216
-0.2379131 -0.3492660 8.6751089 169 207 216
-0.2390145 -0.3543642 8.6901817 169 207 216
-0.1489144 -0.3278036 8.7105322 169 207 216
-0.1418966 -0.3520002 8.7084703 169 207 216
-0.1454293 -0.3465963 8.6940966 169 207 216
-0.1523760 -0.3231546 8.6964750 169 207 216
-0.1841431 -0.4441526 8.7307978 169 207 216
-0.1821652 -0.4656101 8.7294502 169 207 216
-0.1310933 -0.4584615 8.7066021 169 207 216
-0.1326891 -0.4559013 8.7009649 169 207 216
-0.1265590 -0.4587931 8.7167807 169 207 216
-0.1277754 -0.4679869 8.7202768 169 207 216
-0.1689508 -0.3951482 8.7369022 169 207 216
-0.1895961 -0.3965328 8.7353363 169 207 216
-0.1860147 -0.4210587 8.7325859 169 207 216
-0.1657135 -0.4181335 8.7342901 169 207 216
-0.1360660 -0.3755119 8.7061558 169 207 216
-0.1291464 -0.3982588 8.7050600 169 207 216
-0.1328104 -0.3920481 8.6907072 169 207 216
-0.1387642 -0.3695155 8.6919136 169 207 216
-0.1856132 -0.3782987 8.6378641 169 207 216
-0.1946903 -0.3569745 8.6422625 169 207 216
-0.1312287 -0.4417035 8.7209024 169 207 216
-0.1324519 -0.4249697 8.7194662 169 207 216
-0.1145376 -0.4354690 8.7216320 169 207 216
-0.1487629 -0.4172918 8.6748953 169 207 216
-0.1468438 -0.4092416 8.6774445 169 207 216
-0.0586999 -0.3972768 8.7619314 169 207 216
-0.0596879 -0.4107417 8.7644138 169 207 216
-0.1294093 -0.3946339 8.7047749 169 207 216
-0.1230063 -0.3803147 8.7140255 169 207 216
-0.0669903 -0.4100276 8.7607327 169 207 216
-0.0694133 -0.4010248 8.7574968 169 207 216
-0.0153285 -0.3244282 8.7728205 169 207 216
0.0054791 -0.5713118 8.6696911 169 207 216
-0.1346238 -0.4068007 8.7191248 169 207 216
-0.1477245 -0.4131433 8.7298155 169 207 216
-0.1983367 -0.4058917 8.6331701 169 207 216
-0.1891279 -0.4007539 8.6333103 169 207 216
-0.1832431 -0.4161871 8.6329603 169 207 216
-0.1906692 -0.4191689 8.6308422 169 207 216
-0.1548205 -0.4200938 8.5726128 169 207 216
-0.1590120 -0.4090435 8.5852489 169 207 216
-0.1465057 -0.3931367 8.5780296 169 207 216
-0.1409487 -0.4063089 8.5632849 169 207 216
-0.2272815 -0.4538841 8.6787319 169 207 216
-0.2252362 -0.4698317 8.6731634 169 207 216
-0.2219688 -0.4724122 8.6872997 169 207 216
-0.2238695 -0.4532879 8.6918564 169 207 216
-0.2140118 -0.4725276 8.7032452 169 207 216
-0.2011661 -0.4702075 8.7201281 169 207 216
-0.2027094 -0.4466969 8.7218018 169 207 216
-0.2158511 -0.4501937 8.7067537 169 207 216
-0.1568166 0.0070381 8.6984911 169 207 216
-0.1622394 0.0007897 8.6650219 169 207 216
-0.0523183 -0.1330206 8.7588940 169 207 216
-0.0767615 -0.1404738 8.7509022 169 207 216
-0.0250656 -0.0323070 8.7628059 169 207 216
0.0378985 0.1118339 8.7029123 169 207 216
0.0344492 0.0990558 8.7307396 169 207 216
0.0087579 0.1805649 8.6415348 169 207 216
-0.1445074 0.0156166 8.7298508 169 207 216
-0.0172732 0.2409594 8.6358624 169 207 216
-0.0039331 0.2099511 8.6375256 169 207 216
-0.0869462 0.2345424 8.6005545 169 207 216
-0.0783396 0.2019695 8.5955706 169 207 216
-0.1086465 0.2016877 8.6048317 169 207 216
-0.1136255 0.2336457 8.6087227 169 207 216
-0.1338714 0.2029520 8.6223421 169 207 216
-0.1368185 0.2334755 8.6259022 169 207 216
-0.0717981 0.3207459 8.7623196 169 207 216
-0.1732913 0.5661470 8.6071320 169 207 216
-0.1932309 0.6043342 8.6235199 169 207 216
-0.1770745 0.6052663 8.6093445 169 207 216
-0.1910928 0.5639296 8.6217957 169 207 216
-0.1961716 0.5270803 8.6453552 169 207 216
-0.2016204 0.5644088 8.6434574 169 207 216
-0.1719770 0.6175830 8.7118435 169 207 216
-0.1794772 0.6457973 8.6144171 169 207 216
-0.1940620 0.6464420 8.6270895 169 207 216
-0.2029121 0.6045851 8.6437683 169 207 216
-0.2028602 0.6466905 8.6445551 169 207 216
0.0289648 0.1265480 8.6673698 169 207 216
-0.0196693 0.0883305 8.5707121 169 207 216
-0.0963580 0.0582655 8.7769566 169 207 216
-0.1007148 0.0894499 8.7779140 169 207 216
-0.0028258 0.0610444 8.7658367 169 207 216
-0.0297141 0.0450210 8.7742701 169 207 216
-0.0555215 -0.2204119 8.7627916 169 207 216
-0.0314810 -0.2185636 8.7704163 169 207 216
-0.0571028 -0.2704792 8.7632256 169 207 216
-0.0564952 -0.2442935 8.7627497 169 207 216
-0.0786761 -0.2481987 8.7520533 169 207 216
-0.0792040 -0.2721467 8.7522583 169 207 216
-0.1171286 -0.2753139 8.7171984 169 207 216
-0.1159662 -0.2546711 8.7169209 169 207 216
-0.1270699 -0.2573475 8.6925516 169 207 216
-0.1292359 -0.2766783 8.6921186 169 207 216
-0.1330120 -0.2430793 8.6672554 169 207 216
-0.1291089 -0.2387584 8.6929741 169 207 216
-0.1022331 -0.2791912 8.5805368 169 207 216
-0.1042690 -0.2998641 8.5777016 169 207 216
-0.1168692 -0.2935224 8.5947447 169 207 216
-0.1150048 -0.2742762 8.5976286 169 207 216
0.0438903 0.0413612 8.7520514 169 207 216
0.0351996 0.1155584 8.6813641 169 207 216
-0.0084244 0.1287266 8.7617092 169 207 216
-0.0338842 0.0951222 8.7780514 169 207 216
-0.0663301 0.0915970 8.7854242 169 207 216
-0.1530520 -0.4211477 8.6700678 169 207 216
-0.1750449 -0.4348232 8.6047249 169 207 216
-0.1760740 -0.4456204 8.5992050 169 207 216
-0.2058546 -0.4240880 8.7241640 169 207 216
-0.2194668 -0.4279425 8.7091093 169 207 216
-0.1247557 -0.4183688 8.7060251 169 207 216
-0.1605287 -0.4777087 8.7320538 169 207 216
-0.1431548 -0.4834321 8.7309818 169 207 216
-0.1439102 -0.4672941 8.7299242 169 207 216
-0.0561372 -0.0180464 8.7654390 169 207 216
-0.0575528 0.0085934 8.7739191 169 207 216
-0.0889668 0.0002404 8.7709837 169 207 216
0.0040062 0.1079702 8.6153803 169 207 216
-0.0010732 0.1009975 8.6097803 169 207 216
0.0205534 0.0801071 8.7534962 169 207 216
-0.0359129 0.3030243 8.6351519 169 207 216
-0.0271208 0.2722492 8.6359863 169 207 216
-0.0433761 0.3320284 8.6326704 169 207 216
-0.0510848 0.3600727 8.6300087 169 207 216
-0.0593609 0.3877777 8.6270199 169 207 216
-0.0705258 0.4155764 8.6266012 169 207 216
-0.0832386 0.4438963 8.6298332 169 207 216
-0.0938777 0.4754968 8.6257515 169 207 216
-0.0905374 0.5478266 8.6234283 169 207 216
-0.0997684 0.5090942 8.6177807 169 207 216
-0.1053379 0.5438977 8.6102734 169 207 216
-0.1115260 0.5793031 8.6057491 169 207 216
-0.1289456 0.6529132 8.6130266 169 207 216
-0.1187749 0.6154696 8.6061316 169 207 216
-0.1366378 0.6920652 8.6180086 169 207 216
-0.1431782 0.7320479 8.6207228 169 207 216
0.0193492 0.1069288 8.6408472 169 207 216
0.0121382 0.1070313 8.6283264 169 207 216
-0.0875545 -0.5666984 8.6943703 169 207 216
-0.1391872 -0.4317872 8.6863003 169 207 216
-0.1428001 -0.4365678 8.6825628 169 207 216
-0.1240304 -0.4347920 8.7090969 169 207 216
-0.0265857 0.0761594 8.5568686 169 207 216
-0.0327115 0.0625341 8.5409212 169 207 216
-0.2339801 -0.3785194 8.6798840 169 207 216
-0.2324599 -0.3871169 8.6941957 169 207 216
-0.1304470 -0.4136728 8.6914034 169 207 216
-0.1380720 -0.4508310 8.6921692 169 207 216
-0.1410327 -0.4529879 8.6879692 169 207 216
-0.1469596 -0.2038638 8.8156185 169 207 216
-0.1315109 -0.1919729 8.8234501 169 207 216
-0.1414810 -0.1846234 8.8266973 169 207 216
-0.1579203 -0.1960517 8.8182974 169 207 216
-0.1364888 -0.2081006 8.8081131 169 207 216
-0.1220333 -0.1954212 8.8154526 169 207 216
-0.1238827 -0.1760675 8.7522621 169 207 216
-0.1136373 -0.1616556 8.7651634 169 207 216
-0.1095093 -0.1738381 8.7727165 169 207 216
-0.1202903 -0.1884514 8.7610092 169 207 216
-0.1016136 -0.1824777 8.8129101 169 207 216
-0.1146837 -0.1952997 8.8047438 169 207 216
-0.1106737 -0.1910516 8.7934017 169 207 216
-0.0981750 -0.1777136 8.8022184 169 207 216
-0.1455673 -0.1525607 8.7509098 169 207 216
-0.1552071 -0.1656698 8.7359896 169 207 216
-0.1690323 -0.1598634 8.7426310 169 207 216
-0.1582143 -0.1480524 8.7580786 169 207 216
-0.1666338 -0.2362412 8.7172546 169 207 216
-0.1715774 -0.2475904 8.7151842 169 207 216
-0.1738202 -0.2380390 8.7036486 169 207 216
-0.1692037 -0.2254862 8.7067947 169 207 216
-0.1780860 -0.2293418 8.7995224 169 207 216
-0.1624670 -0.2164682 8.8076420 169 207 216
-0.1745759 -0.2080366 8.8088131 169 207 216
-0.1912307 -0.2201184 8.7985554 169 207 216
-0.1474039 -0.2346215 8.7671909 169 207 216
-0.1609165 -0.2482984 8.7594290 169 207 216
-0.1577369 -0.2411748 8.7450542 169 207 216
-0.1440634 -0.2275511 8.7525949 169 207 216
-0.2061437 -0.2318810 8.7859335 169 207 216
-0.1944400 -0.2419685 8.7905092 169 207 216
-0.1225925 -0.2055157 8.7841206 169 207 216
-0.1346156 -0.2202065 8.7755995 169 207 216
-0.1319879 -0.2133932 8.7616367 169 207 216
-0.1205972 -0.1981953 8.7718420 169 207 216
-0.1225013 -0.1302126 8.7803764 169 207 216
-0.1345133 -0.1409470 8.7658443 169 207 216
-0.1461371 -0.1375491 8.7734623 169 207 216
-0.1326559 -0.1278971 8.7880373 169 207 216
-0.0972557 -0.1701010 8.7924232 169 207 216
-0.1091929 -0.1837642 8.7822886 169 207 216
-0.0982504 -0.1599616 8.7836857 169 207 216
-0.1391580 -0.1539745 8.8278484 169 207 216
-0.1568864 -0.1633492 8.8169241 169 207 216
-0.1502743 -0.1745808 8.8239937 169 207 216
-0.1331141 -0.1645428 8.8338232 169 207 216
-0.1446869 -0.2074153 8.7290449 169 207 216
-0.1339071 -0.1917410 8.7399359 169 207 216
-0.1315936 -0.2036369 8.7496471 169 207 216
-0.1432664 -0.2185558 8.7398138 169 207 216
-0.1657657 -0.2351523 8.7927570 169 207 216
-0.1511718 -0.2215585 8.8004007 169 207 216
-0.1745135 -0.1733404 8.8052864 169 207 216
-0.1916522 -0.1839369 8.7924805 169 207 216
-0.1841529 -0.1968304 8.8027573 169 207 216
-0.1674055 -0.1856016 8.8136797 169 207 216
-0.2080617 -0.1834867 8.7631493 169 207 216
-0.1935773 -0.1725306 8.7788849 169 207 216
-0.1893875 -0.1648840 8.7649431 169 207 216
-0.2025924 -0.1758315 8.7485924 169 207 216
-0.1610932 -0.2100218 8.7125845 169 207 216
-0.1560673 -0.2224397 8.7218428 169 207 216
-0.1643396 -0.1805117 8.7214088 169 207 216
-0.1725301 -0.1959630 8.7081184 169 207 216
-0.1883024 -0.1872825 8.7114019 169 207 216
-0.1795171 -0.1729912 8.7268038 169 207 216
-0.1892238 -0.2744949 8.7664595 169 207 216
-0.1804040 -0.2642774 8.7692499 169 207 216
-0.1934030 -0.2614593 8.7789049 169 207 216
-0.2033861 -0.2721043 8.7736483 169 207 216
-0.2077152 -0.2536725 8.7804413 169 207 216
-0.2182889 -0.2650094 8.7720509 169 207 216
-0.2397653 -0.2758541 8.7433729 169 207 216
-0.2357242 -0.2666745 8.7510395 169 207 216
-0.2415648 -0.2594589 8.7340822 169 207 216
-0.2442713 -0.2685126 8.7271309 169 207 216
-0.2360178 -0.2053628 8.7280474 169 207 216
-0.2225650 -0.1942720 8.7460556 169 207 216
-0.2153024 -0.1874568 8.7309504 169 207 216
-0.2275285 -0.2003195 8.7125196 169 207 216
-0.2178575 -0.2126717 8.6882505 169 207 216
-0.2132070 -0.1993572 8.7023859 169 207 216
-0.1951906 -0.2027596 8.6975870 169 207 216
-0.1987952 -0.2163102 8.6873884 169 207 216
-0.2001007 -0.2695054 8.6694860 169 207 216
-0.2054711 -0.2532553 8.6722355 169 207 216
-0.1902003 -0.2575486 8.6772699 169 207 216
-0.1860499 -0.2725734 8.6756287 169 207 216
-0.1695718 -0.2717910 8.7005301 169 207 216
-0.1670422 -0.2781789 8.7138109 169 207 216
-0.1620536 -0.2891505 8.7129755 169 207 216
-0.1655898 -0.2842434 8.6990623 169 207 216
-0.2038516 -0.3054092 8.7547665 169 207 216
-0.2029799 -0.2985264 8.7578096 169 207 216
-0.2205186 -0.2972331 8.7575092 169 207 216
-0.2219545 -0.3052690 8.7511435 169 207 216
-0.2462902 -0.2155021 8.7119093 169 207 216
-0.2365494 -0.2136105 8.6937447 169 207 216
-0.1727671 -0.2614730 8.7022934 169 207 216
-0.1748275 -0.2498572 8.7023907 169 207 216
-0.1723379 -0.2594722 8.7149992 169 207 216
-0.1702265 -0.2693458 8.7147675 169 207 216
-0.1795177 -0.2828766 8.7381544 169 207 216
-0.1791119 -0.2732118 8.7390757 169 207 216
-0.1848650 -0.2798779 8.7522802 169 207 216
-0.1871587 -0.2879107 8.7511740 169 207 216
-0.2004337 -0.2920384 8.7613106 169 207 216
-0.1956512 -0.2835017 8.7643805 169 207 216
-0.2108379 -0.2817741 8.7694836 169 207 216
-0.2167526 -0.2905994 8.7639456 169 207 216
-0.2497249 -0.2241813 8.7031288 169 207 216
-0.2498612 -0.2330280 8.6953096 169 207 216
-0.2526197 -0.2419971 8.7075834 169 207 216
-0.2528172 -0.2339768 8.7165871 169 207 216
-0.1980439 -0.2291072 8.6812811 169 207 216
-0.2159005 -0.2252208 8.6796789 169 207 216
-0.1767768 -0.2626241 8.7394657 169 207 216
-0.1742320 -0.2668135 8.7275753 169 207 216
-0.1738448 -0.2556378 8.7271891 169 207 216
-0.2252985 -0.2752456 8.7647314 169 207 216
-0.2136667 -0.2682795 8.6687632 169 207 216
-0.2062137 -0.2858209 8.6642246 169 207 216
-0.2196262 -0.2869474 8.6660461 169 207 216
-0.2262282 -0.2691946 8.6714563 169 207 216
-0.1920984 -0.2869973 8.6670160 169 207 216
-0.1790514 -0.2905954 8.6741619 169 207 216
-0.1557693 -0.3053693 8.7123232 169 207 216
-0.1595223 -0.3003981 8.6985617 169 207 216
-0.1585590 -0.3103871 8.7264109 169 207 216
-0.1649370 -0.2941014 8.7271786 169 207 216
-0.1727350 -0.2983324 8.7389441 169 207 216
-0.1666395 -0.3155504 8.7388191 169 207 216
-0.2007907 -0.3231018 8.7488356 169 207 216
-0.2187118 -0.3227818 8.7441216 169 207 216
-0.2337926 -0.3003697 8.7409811 169 207 216
-0.2314556 -0.3175668 8.7336454 169 207 216
-0.1776829 -0.2643875 8.6885471 169 207 216
-0.1808615 -0.2519674 8.6898108 169 207 216
-0.1775690 -0.1619443 8.7933884 169 207 216
-0.1607291 -0.1524145 8.8069096 169 207 216
-0.1595799 -0.1446768 8.7948732 169 207 216
-0.1749232 -0.1545344 8.7804890 169 207 216
-0.1545725 -0.1395432 8.7834730 169 207 216
-0.1398355 -0.1303820 8.7976227 169 207 216
-0.1410632 -0.2229789 8.7896519 169 207 216
-0.1277879 -0.2088816 8.7971306 169 207 216
-0.1078560 -0.1839010 8.8229694 169 207 216
-0.1803757 -0.2703088 8.7530041 169 207 216
-0.1728000 -0.2601080 8.7548037 169 207 216
-0.2494609 -0.2600258 8.7132645 169 207 216
-0.2492798 -0.2696640 8.7076273 169 207 216
-0.2457051 -0.2773843 8.7210073 169 207 216
-0.2477988 -0.2267940 8.7289762 169 207 216
-0.2404565 -0.2461539 8.7413712 169 207 216
-0.2285338 -0.2327203 8.7592363 169 207 216
-0.2375859 -0.2175257 8.7456207 169 207 216
-0.2467977 -0.2440104 8.6886988 169 207 216
-0.2423635 -0.2572920 8.6833534 169 207 216
-0.2487248 -0.2628533 8.6943130 169 207 216
-0.2512519 -0.2511427 8.7005215 169 207 216
-0.1863164 -0.3025028 8.7489271 169 207 216
-0.1878462 -0.2947522 8.7493916 169 207 216
-0.2458922 -0.3050334 8.7070713 169 207 216
-0.2401693 -0.3100096 8.7206888 169 207 216
-0.2410032 -0.2940419 8.7282238 169 207 216
-0.2459326 -0.2884116 8.7150135 169 207 216
-0.2412628 -0.2841557 8.7356215 169 207 216
-0.2457306 -0.3001142 8.6931944 169 207 216
-0.2482125 -0.2826658 8.7009554 169 207 216
-0.1813871 -0.3203858 8.7474117 169 207 216
-0.2370052 -0.2727727 8.6778688 169 207 216
-0.2315069 -0.2907811 8.6715631 169 207 216
-0.2409180 -0.2952732 8.6811934 169 207 216
-0.2450287 -0.2772534 8.6882496 169 207 216
-0.1683990 -0.1497994 8.7683077 169 207 216
-0.1809497 -0.1604228 8.7526169 169 207 216
-0.1823164 -0.2259025 8.6929197 169 207 216
-0.1785294 -0.2118568 8.6980247 169 207 216
-0.1827566 -0.2385069 8.6906033 169 207 216
-0.1330486 -0.1626064 8.7481804 169 207 216
-0.1227652 -0.1495270 8.7625370 169 207 216
-0.1513871 -0.1933660 8.7220116 169 207 216
-0.1422066 -0.1776643 8.7348299 169 207 216
-0.2078301 -0.1948564 8.7781315 169 207 216
-0.2252980 -0.2375763 8.6769228 169 207 216
-0.2312926 -0.2256814 8.6814766 169 207 216
-0.2109887 -0.2380350 8.6749277 169 207 216
-0.1677510 -0.2960329 8.6853428 169 207 216
-0.1741964 -0.2780694 8.6863527 169 207 216
-0.2450909 -0.2222291 8.6922636 169 207 216
-0.1603413 -0.3188300 8.6829996 169 207 216
-0.2297900 -0.2558966 8.7596807 169 207 216
-0.2333839 -0.2912696 8.7489424 169 207 216
-0.2306026 -0.2841127 8.7571001 169 207 216
-0.1251407 -0.1743062 8.8355999 169 207 216
-0.1547347 -0.2370184 8.7816744 169 207 216
-0.1702533 -0.2523808 8.7407818 169 207 216
-0.1677303 -0.2448313 8.7287207 169 207 216
-0.2192077 -0.2520722 8.6729059 169 207 216
-0.2313808 -0.2531542 8.6760998 169 207 216
-0.2366747 -0.2395594 8.6805887 169 207 216
-0.1698729 -0.2842190 8.7271309 169 207 216
-0.1770454 -0.2892082 8.7383032 169 207 216
-0.1119320 -0.1376629 8.7765436 169 207 216
-0.1733172 -0.2763927 8.7275581 169 207 216
-0.2191624 -0.2437792 8.7722559 169 207 216
-0.0502431 -0.5305060 8.5216246 169 207 216
-0.0345923 -0.5128157 8.5135431 169 207 216
-0.0327264 -0.5278835 8.5159826 169 207 216
-0.1132156 -0.3656763 8.7216806 169 207 216
-0.0549317 -0.3454017 8.7573624 169 207 216
-0.0755587 -0.3460551 8.7471189 169 207 216
-0.1371356 -0.4249729 8.6897650 169 207 216
-0.1349207 -0.4166394 8.6932888 169 207 216
-0.1492427 -0.4474793 8.6757011 169 207 216
-0.1468684 -0.4441710 8.6780529 169 207 216
-0.1155768 -0.4048541 8.7185841 169 207 216
-0.0580655 -0.7761091 8.6567564 169 207 216
-0.0535599 -0.7714068 8.6510353 169 207 216
-0.0605351 -0.7888371 8.6648359 169 207 216
0.0687290 -0.1664084 8.7648659 169 207 216
0.0773037 -0.1379767 8.7572947 169 207 216
0.0767673 -0.1248047 8.7563686 169 207 216
-0.0586036 -0.7531102 8.6627960 169 207 216
-0.0547931 -0.7504807 8.6561623 169 207 216
-0.0598547 -0.7515364 8.6590843 169 207 216
-0.0593418 -0.7541151 8.6653843 169 207 216
-0.0588167 -0.7531987 8.6647377 169 207 216
-0.0628069 -0.7867128 8.6748180 169 207 216
-0.0494221 -0.7635072 8.6470165 169 207 216
-0.0482830 -0.7533902 8.6437340 169 207 216
-0.0604870 -0.7722951 8.6722832 169 207 216
-0.0837545 -0.1636403 8.5589600 169 207 216
-0.0900913 -0.1461855 8.5548935 169 207 216
-0.0672128 -0.1460060 8.5423870 169 207 216
-0.0615616 -0.1622417 8.5483141 169 207 216
-0.0471340 -0.1302549 8.5244312 169 207 216
-0.0425991 -0.1469462 8.5311270 169 207 216
-0.0726801 -0.1267088 8.5369291 169 207 216
-0.1597054 -0.0870202 8.6149206 169 207 216
-0.1567489 -0.1110461 8.6166735 169 207 216
-0.1597100 -0.1128874 8.6445999 169 207 216
-0.1623473 -0.0891751 8.6440802 169 207 216
-0.1518202 -0.1310015 8.6726809 169 207 216
-0.1565833 -0.1111204 8.6736393 169 207 216
-0.1544747 -0.1333199 8.6448259 169 207 216
-0.1412264 -0.1264790 8.6999464 169 207 216
-0.1454985 -0.1067592 8.7011433 169 207 216
-0.1250106 -0.1189678 8.7228861 169 207 216
-0.1299347 -0.0981738 8.7249146 169 207 216
-0.1093570 -0.0893393 8.7432709 169 207 216
-0.0836511 -0.0796579 8.7556267 169 207 216
-0.0558403 -0.0446985 8.7619982 169 207 216
-0.0546428 -0.0701869 8.7606945 169 207 216
-0.0266429 -0.0617388 8.7613211 169 207 216
-0.0001881 -0.0530994 8.7595434 169 207 216
0.0224964 -0.0476097 8.7570887 169 207 216
0.0413045 -0.0445117 8.7528114 169 207 216
0.0575116 -0.0426346 8.7480392 169 207 216
0.0713956 -0.0409971 8.7416010 169 207 216
0.0702239 -0.0141813 8.7389383 169 207 216
-0.0730314 -0.5483460 8.7075977 169 207 216
-0.1005699 -0.6139892 8.5956612 169 207 216
-0.1139281 -0.6139314 8.6283340 169 207 216
-0.1147057 -0.6084365 8.6024561 169 207 216
-0.1490098 -0.5464271 8.5771589 169 207 216
-0.1312335 -0.5424899 8.5592232 169 207 216
-0.1318902 -0.5604748 8.5674305 169 207 216
-0.1500675 -0.5660542 8.5902767 169 207 216
-0.0957606 -0.6037742 8.5767765 169 207 216
-0.0867284 -0.6075680 8.5745325 169 207 216
-0.1074553 -0.5983692 8.5786686 169 207 216
-0.0947931 -0.5880406 8.5602303 169 207 216
-0.0779719 -0.5816488 8.5467758 169 207 216
-0.1644089 -0.5912778 8.6640625 169 207 216
-0.1751878 -0.5808034 8.6767941 169 207 216
-0.1800696 -0.5712675 8.6518202 169 207 216
-0.1711835 -0.5785525 8.6402073 169 207 216
-0.1745494 -0.5291787 8.5964499 169 207 216
-0.1855863 -0.5278171 8.6066895 169 207 216
-0.1834343 -0.5133203 8.5986042 169 207 216
-0.1719940 -0.5137975 8.5888786 169 207 216
-0.1945894 -0.5324020 8.7046909 169 207 216
-0.1979678 -0.5113833 8.7112379 169 207 216
-0.2076370 -0.5122434 8.6920815 169 207 216
-0.2023545 -0.5311228 8.6843176 169 207 216
-0.1845975 -0.5426559 8.6180439 169 207 216
-0.1181956 -0.4146731 8.5426559 169 207 216
-0.1351234 -0.4233600 8.5515623 169 207 216
-0.1493282 -0.4335317 8.5622902 169 207 216
-0.1773402 -0.4573782 8.5950899 169 207 216
-0.1708493 -0.4381439 8.5908289 169 207 216
-0.1707125 -0.4520056 8.5857334 169 207 216
-0.1825194 -0.4614746 8.6031933 169 207 216
-0.1867029 -0.4623851 8.6106596 169 207 216
-0.1424308 -0.5008787 8.7313328 169 207 216
-0.1306817 -0.4837703 8.7295942 169 207 216
-0.1309868 -0.4699858 8.7272062 169 207 216
-0.1926765 -0.4521673 8.6238871 169 207 216
-0.1899604 -0.4475990 8.6249352 169 207 216
-0.1860285 -0.4518238 8.6217184 169 207 216
-0.1878263 -0.4565669 8.6201572 169 207 216
-0.1509783 -0.5986867 8.6518145 169 207 216
-0.2152315 -0.5091357 8.6731434 169 207 216
-0.2176414 -0.5009772 8.6595335 169 207 216
-0.2111699 -0.5164440 8.6499882 169 207 216
-0.2079526 -0.5255536 8.6646404 169 207 216
-0.2182340 -0.4952450 8.6461964 169 207 216
-0.2162918 -0.4885441 8.6364346 169 207 216
-0.2101478 -0.4988234 8.6276445 169 207 216
-0.2116994 -0.5079077 8.6372538 169 207 216
-0.1972630 -0.4564756 8.6240444 169 207 216
-0.1900462 -0.4629659 8.6186008 169 207 216
-0.1810873 -0.4856054 8.7287922 169 207 216
-0.1697533 -0.5658967 8.7121277 169 207 216
-0.1624502 -0.5809933 8.7023697 169 207 216
-0.1447046 -0.5677017 8.7192135 169 207 216
-0.1503739 -0.5526283 8.7248001 169 207 216
-0.1525339 -0.4372241 8.6738510 169 207 216
-0.1607565 -0.4321650 8.6624231 169 207 216
-0.1681088 -0.4289292 8.6510963 169 207 216
-0.1809193 -0.4430358 8.6286469 169 207 216
-0.1747082 -0.4266243 8.6414719 169 207 216
-0.1246967 -0.4474566 8.7122164 169 207 216
-0.1313197 -0.4563219 8.7230597 169 207 216
-0.1292819 -0.5463371 8.7246208 169 207 216
-0.1344842 -0.5327973 8.7284079 169 207 216
-0.2002628 -0.4910993 8.7165060 169 207 216
-0.2118588 -0.4926598 8.6981535 169 207 216
-0.1998672 -0.4297802 8.6305599 169 207 216
-0.1940069 -0.4378828 8.6279593 169 207 216
-0.1980355 -0.4427545 8.6272669 169 207 216
-0.1793325 -0.4387015 8.6199551 169 207 216
-0.1833639 -0.4470181 8.6240940 169 207 216
-0.1831843 -0.5672289 8.6886282 169 207 216
-0.2229605 -0.4861827 8.6666918 169 207 216
-0.2190497 -0.4908562 8.6811275 169 207 216
-0.2038825 -0.5177069 8.6279755 169 207 216
-0.1949734 -0.5238651 8.6174879 169 207 216
-0.1939658 -0.5373210 8.6296892 169 207 216
-0.2028318 -0.5284927 8.6395798 169 207 216
-0.2188966 -0.4671130 8.6376534 169 207 216
-0.2224416 -0.4753120 8.6448631 169 207 216
-0.1930074 -0.5109138 8.6082458 169 207 216
-0.2023780 -0.5061358 8.6178608 169 207 216
-0.2027030 -0.4478419 8.6276560 169 207 216
-0.1230883 -0.5573684 8.7198429 169 207 216
-0.1011027 -0.5406634 8.7191820 169 207 216
-0.1109257 -0.5351877 8.7242403 169 207 216
-0.1177309 -0.5251178 8.7286205 169 207 216
-0.1233964 -0.5117762 8.7315216 169 207 216
-0.1276860 -0.4962539 8.7318621 169 207 216
-0.0885757 -0.5448025 8.7135382 169 207 216
-0.2420820 -0.2288503 8.6856003 169 207 216
-0.1959733 -0.4239145 8.6302032 169 207 216
-0.2061868 -0.4201483 8.6338596 169 207 216
-0.2030647 -0.4131093 8.6335926 169 207 216
-0.2318033 -0.3744526 8.6653557 169 207 216
-0.0099603 -0.6444153 8.7553644 169 207 216
-0.0088862 -0.6403434 8.7503433 169 207 216
-0.0108140 -0.6665337 8.7673435 169 207 216
-0.0109249 -0.6626711 8.7663059 169 207 216
-0.2495145 -0.2516318 8.7198400 169 207 216
-0.2490098 -0.2435463 8.7259436 169 207 216
-0.2226546 -0.2061232 8.7623243 169 207 216
-0.2151672 -0.2200168 8.7757473 169 207 216
-0.2002550 -0.2081510 8.7900105 169 207 216
-0.1800665 -0.2485694 8.7854509 169 207 216
-0.1680942 -0.2512605 8.7742472 169 207 216
-0.1554647 -0.2322361 8.7327976 169 207 216
-0.2033875 -0.1850899 8.7198982 169 207 216
-0.0847399 -0.1616679 8.8483505 169 207 216
-0.0688294 -0.1521219 8.8568830 169 207 216
-0.0761599 -0.1471403 8.8633184 169 207 216
-0.0925234 -0.1558665 8.8536901 169 207 216
-0.0530144 -0.1438256 8.8651066 169 207 216
-0.0635716 -0.1518563 8.8477345 169 207 216
-0.0488403 -0.1430628 8.8550472 169 207 216
-0.0610674 -0.1473952 8.8378973 169 207 216
-0.0468869 -0.1385508 8.8454113 169 207 216
-0.0470870 -0.1310613 8.8371439 169 207 216
-0.0600815 -0.1408314 8.8289404 169 207 216
-0.0612195 -0.1325142 8.8223772 169 207 216
-0.0488822 -0.1222443 8.8317347 169 207 216
-0.0757319 -0.1347175 8.8060980 169 207 216
-0.0807227 -0.1245717 8.8025198 169 207 216
-0.0691565 -0.1139129 8.8159056 169 207 216
-0.0642110 -0.1231915 8.8181906 169 207 216
-0.0703767 -0.0918100 8.8346415 169 207 216
-0.0839573 -0.1009700 8.8220758 169 207 216
-0.0908364 -0.1004828 8.8299646 169 207 216
-0.0763587 -0.0912082 8.8419018 169 207 216
-0.1119319 -0.1182418 8.8355227 169 207 216
-0.0967906 -0.1087156 8.8484173 169 207 216
-0.0952198 -0.1029586 8.8392048 169 207 216
-0.1102074 -0.1125997 8.8258505 169 207 216
-0.0826835 -0.0992982 8.8602314 169 207 216
-0.0935922 -0.1170073 8.8547544 169 207 216
-0.0793236 -0.1084322 8.8660831 169 207 216
-0.0931264 -0.1730590 8.8309259 169 207 216
-0.1006754 -0.1712642 8.8397160 169 207 216
-0.1162436 -0.1809390 8.8310738 169 207 216
-0.0729495 -0.1525402 8.8200264 169 207 216
-0.0746615 -0.1586743 8.8291378 169 207 216
-0.0882764 -0.1705002 8.8206644 169 207 216
-0.0858604 -0.1649301 8.8107777 169 207 216
-0.1032409 -0.1482506 8.7775030 169 207 216
-0.0922461 -0.1362062 8.7904177 169 207 216
-0.0870610 -0.1469913 8.7945938 169 207 216
-0.0735202 -0.1442507 8.8123455 169 207 216
-0.0855790 -0.1568255 8.8022156 169 207 216
-0.0885264 -0.1157503 8.8031769 169 207 216
-0.0762903 -0.1056442 8.8169718 169 207 216
-0.0995396 -0.1462169 8.8534040 169 207 216
-0.0832111 -0.1375792 8.8635893 169 207 216
-0.0886464 -0.1268979 8.8599510 169 207 216
-0.1047861 -0.1360171 8.8492737 169 207 216
-0.1003895 -0.1264350 8.7899990 169 207 216
-0.1159869 -0.1552872 8.8435354 169 207 216
-0.1216357 -0.1449555 8.8386049 169 207 216
-0.1095253 -0.1261417 8.8432035 169 207 216
-0.1261477 -0.1347320 8.8314743 169 207 216
-0.0681560 -0.1296478 8.8738308 169 207 216
-0.0604630 -0.1384370 8.8722591 169 207 216
-0.1089413 -0.1650429 8.8446054 169 207 216
-0.0972892 -0.1104285 8.8080597 169 207 216
-0.1100664 -0.1203721 8.7945070 169 207 216
-0.1189264 -0.1186126 8.8019619 169 207 216
-0.1052890 -0.1096068 8.8161678 169 207 216
-0.1434789 -0.1356135 8.8084831 169 207 216
-0.1274199 -0.1268961 8.8220892 169 207 216
-0.1248597 -0.1214662 8.8116236 169 207 216
-0.0809165 -0.0929710 8.8507090 169 207 216
-0.1433754 -0.1434633 8.8193989 169 207 216
0.0170702 -0.0926916 8.8865919 169 207 216
0.0259134 -0.0979367 8.8891182 169 207 216
0.0229991 -0.1013209 8.8779182 169 207 216
0.0131161 -0.0954597 8.8761415 169 207 216
0.0152390 -0.1132471 8.8560696 169 207 216
0.0259788 -0.1177281 8.8622379 169 207 216
0.0207133 -0.1283756 8.8611956 169 207 216
0.0092602 -0.1249470 8.8548603 169 207 216
0.0311213 -0.1040102 8.8935251 169 207 216
0.0296927 -0.1066158 8.8814793 169 207 216
0.0297402 -0.1106588 8.8977118 169 207 216
0.0330390 -0.1023017 8.9052458 169 207 216
0.0312202 -0.1069396 8.9129839 169 207 216
0.0354297 -0.1027273 8.9239769 169 207 216
0.0290281 -0.1003805 8.9311819 169 207 216
0.0215400 -0.1108124 8.9205389 169 207 216
-0.0001521 -0.0914509 8.9252071 169 207 216
0.0143280 -0.0833751 8.9317341 169 207 216
0.0065258 -0.0743973 8.9293280 169 207 216
-0.0070155 -0.0825224 8.9220276 169 207 216
-0.0050312 -0.0619160 8.9149647 169 207 216
-0.0167546 -0.0701831 8.9089947 169 207 216
-0.0119249 -0.0759878 8.9157925 169 207 216
0.0019036 -0.0677032 8.9223013 169 207 216
0.0038989 -0.0831729 8.8846836 169 207 216
0.0086797 -0.0875697 8.8853893 169 207 216
0.0034075 -0.0897685 8.8761044 169 207 216
-0.0024170 -0.0853328 8.8754568 169 207 216
0.0333185 -0.1195748 8.8970156 169 207 216
0.0353236 -0.1174749 8.8949547 169 207 216
0.0270227 -0.1145225 8.9048567 169 207 216
0.0219968 -0.1189364 8.9037838 169 207 216
-0.0224511 -0.0807825 8.8493223 169 207 216
-0.0196541 -0.0883827 8.8503590 169 207 216
-0.0276468 -0.0953606 8.8453760 169 207 216
-0.0320471 -0.0867490 8.8433990 169 207 216
-0.0108002 -0.1187828 8.8481913 169 207 216
-0.0167417 -0.1312627 8.8577080 169 207 216
-0.0241528 -0.1295065 8.8541946 169 207 216
-0.0195580 -0.1147965 8.8474302 169 207 216
-0.0016129 -0.1217428 8.8506317 169 207 216
0.0027745 -0.1340084 8.8634901 169 207 216
-0.0081259 -0.1325449 8.8599796 169 207 216
0.0154069 -0.1355616 8.8685579 169 207 216
-0.0398236 -0.0784077 8.8446436 169 207 216
-0.0335349 -0.0715542 8.8483276 169 207 216
0.0781071 -0.0840407 8.9345493 169 207 216
0.0732480 -0.0860814 8.9352722 169 207 216
0.0729232 -0.0824299 8.9302235 169 207 216
0.0778142 -0.0803057 8.9297028 169 207 216
-0.0483188 -0.0697659 8.8647423 169 207 216
-0.0524621 -0.0735764 8.8590813 169 207 216
-0.0550935 -0.0769936 8.8686132 169 207 216
-0.0496886 -0.0746120 8.8746901 169 207 216
-0.0428590 -0.0637452 8.8713751 169 207 216
-0.0424990 -0.0709331 8.8817530 169 207 216
0.0792400 -0.0760382 8.9469948 169 207 216
0.0734966 -0.0773079 8.9480457 169 207 216
0.0733470 -0.0823412 8.9459143 169 207 216
0.0790198 -0.0813276 8.9445047 169 207 216
0.0222993 -0.0908278 8.8958197 169 207 216
0.0301902 -0.0961052 8.8987780 169 207 216
0.0411677 -0.0892753 8.9147120 169 207 216
0.0419636 -0.0951078 8.9168568 169 207 216
0.0357811 -0.0956004 8.9080210 169 207 216
0.0301345 -0.0884057 8.9049149 169 207 216
0.0158753 -0.0743478 8.8989544 169 207 216
0.0222328 -0.0789684 8.9027748 169 207 216
0.0139727 -0.0825174 8.8951149 169 207 216
0.0077132 -0.0774135 8.8917608 169 207 216
0.0029636 -0.0680194 8.8849277 169 207 216
0.0022418 -0.0630058 8.8821764 169 207 216
0.0086086 -0.0602791 8.8881960 169 207 216
0.0101964 -0.0652140 8.8922939 169 207 216
0.0283487 -0.0643157 8.9063015 169 207 216
0.0259441 -0.0606373 8.9032907 169 207 216
0.0326541 -0.0580561 8.9075642 169 207 216
0.0352506 -0.0607682 8.9105988 169 207 216
-0.0575352 -0.0768838 8.8543596 169 207 216
-0.0612642 -0.0801798 8.8639078 169 207 216
-0.0142059 -0.0517589 8.8992338 169 207 216
-0.0041316 -0.0469952 8.9012871 169 207 216
-0.0065585 -0.0429595 8.8919144 169 207 216
-0.0163326 -0.0470693 8.8888683 169 207 216
-0.0473332 -0.0817634 8.8839674 169 207 216
-0.0536518 -0.0841868 8.8783960 169 207 216
0.0793970 -0.0701065 8.9455252 169 207 216
0.0733804 -0.0711212 8.9470282 169 207 216
0.0113233 -0.1356479 8.8805466 169 207 216
-0.0028195 -0.1343357 8.8766918 169 207 216
-0.0143452 -0.1335840 8.8730345 169 207 216
-0.0223407 -0.1334824 8.8700361 169 207 216
-0.0285662 -0.1350426 8.8671284 169 207 216
0.0322842 -0.0827787 8.9089699 169 207 216
0.0145268 -0.0868259 8.8918018 169 207 216
0.0006637 -0.0797891 8.8828506 169 207 216
-0.0089197 -0.0555052 8.8695230 169 207 216
-0.0045815 -0.0611847 8.8726530 169 207 216
-0.0086516 -0.0646078 8.8666086 169 207 216
-0.0157368 -0.0565450 8.8639660 169 207 216
-0.0128949 -0.0467389 8.8799124 169 207 216
-0.0041517 -0.0441421 8.8841362 169 207 216
0.0006968 -0.0475845 8.8811636 169 207 216
-0.0067295 -0.0494197 8.8764219 169 207 216
0.0323550 -0.1229998 8.8969345 169 207 216
0.0192283 -0.1235563 8.8987045 169 207 216
-0.0428664 -0.0675479 8.8550730 169 207 216
-0.0472316 -0.0728996 8.8505154 169 207 216
-0.0521001 -0.0789387 8.8471870 169 207 216
-0.0110980 -0.0861115 8.8622646 169 207 216
-0.0078081 -0.0892737 8.8635530 169 207 216
-0.0129588 -0.0978716 8.8510828 169 207 216
-0.0174795 -0.0931448 8.8510962 169 207 216
0.0096800 -0.0986100 8.8634100 169 207 216
0.0204415 -0.1046048 8.8659639 169 207 216
0.0040114 -0.1073541 8.8525734 169 207 216
-0.0242633 -0.1033784 8.8461428 169 207 216
-0.0313162 -0.1098138 8.8438911 169 207 216
-0.0351664 -0.1007255 8.8427734 169 207 216
-0.0398391 -0.0911269 8.8411341 169 207 216
-0.0461353 -0.0831424 8.8423882 169 207 216
-0.0386904 -0.1147964 8.8392849 169 207 216
-0.0427218 -0.1056198 8.8381157 169 207 216
-0.0478260 -0.0960568 8.8373575 169 207 216
-0.0536684 -0.0881479 8.8388681 169 207 216
-0.0706632 -0.0925738 8.8680458 169 207 216
-0.0610931 -0.0876373 8.8730974 169 207 216
-0.0696932 -0.0854156 8.8587399 169 207 216
-0.0342261 -0.1325454 8.8515110 169 207 216
-0.0354605 -0.1241620 8.8436718 169 207 216
-0.0274993 -0.1198062 8.8469944 169 207 216
-0.0360525 -0.1372837 8.8617287 169 207 216
0.0336260 -0.1213379 8.8672915 169 207 216
0.0341867 -0.1148291 8.8745604 169 207 216
0.0414673 -0.1167567 8.8768950 169 207 216
0.0418967 -0.1225379 8.8710909 169 207 216
0.0367746 -0.1005271 8.9151955 169 207 216
0.0420898 -0.0982591 8.9245758 169 207 216
0.0406689 -0.0975918 8.9328899 169 207 216
-0.0280617 -0.0647826 8.8531818 169 207 216
-0.0184187 -0.0729518 8.8544703 169 207 216
0.0410549 -0.0841460 8.9165936 169 207 216
0.0666353 -0.0795011 8.9484310 169 207 216
0.0544617 -0.0833878 8.9482727 169 207 216
0.0552061 -0.0897153 8.9439344 169 207 216
0.0670447 -0.0850229 8.9457903 169 207 216
0.0462241 -0.0784386 8.9242802 169 207 216
0.0538137 -0.0770074 8.9271908 169 207 216
0.0537192 -0.0831904 8.9257793 169 207 216
0.0466317 -0.0843799 8.9228477 169 207 216
0.0232573 -0.0566142 8.8990459 169 207 216
0.0285304 -0.0549920 8.9022436 169 207 216
0.0306874 -0.0747356 8.9345922 169 207 216
0.0202956 -0.0941840 8.9339848 169 207 216
0.0326955 -0.0851981 8.9391088 169 207 216
0.0122556 -0.0695962 8.8956156 169 207 216
0.0182378 -0.0626929 8.8983555 169 207 216
0.0205101 -0.0667209 8.9013805 169 207 216
0.0342814 -0.0800612 8.9121408 169 207 216
0.0290495 -0.0767553 8.9084082 169 207 216
0.0358207 -0.0756172 8.9143200 169 207 216
0.0401704 -0.0801706 8.9176111 169 207 216
-0.0219333 -0.0506713 8.8719215 169 207 216
-0.0260742 -0.0528638 8.8838511 169 207 216
0.0732843 -0.0857232 8.9410152 169 207 216
0.0785508 -0.0841284 8.9399815 169 207 216
-0.0649993 -0.0826720 8.8499289 169 207 216
-0.0593358 -0.0837424 8.8431692 169 207 216
0.0045136 -0.0728987 8.8884420 169 207 216
0.0082942 -0.1016741 8.9264545 169 207 216
-0.0017520 -0.0759488 8.8796997 169 207 216
0.0152726 -0.0481549 8.9098339 169 207 216
0.0222836 -0.0447490 8.9103260 169 207 216
0.0232788 -0.0464014 8.9038038 169 207 216
0.0173526 -0.0482658 8.9021263 169 207 216
0.0653955 -0.0731617 8.9292641 169 207 216
0.0722056 -0.0703581 8.9298639 169 207 216
0.0724626 -0.0763747 8.9285145 169 207 216
0.0657476 -0.0795729 8.9278231 169 207 216
0.0467847 -0.0891855 8.9225206 169 207 216
0.0544255 -0.0885594 8.9264669 169 207 216
0.0551605 -0.0924720 8.9302387 169 207 216
0.0471130 -0.0940126 8.9245214 169 207 216
0.0472229 -0.0955692 8.9323835 169 207 216
0.0553248 -0.0926884 8.9373541 169 207 216
0.0656139 -0.0681824 8.9344187 169 207 216
0.0542806 -0.0718836 8.9332809 169 207 216
0.0530015 -0.0713669 8.9410467 169 207 216
0.0654504 -0.0678962 8.9422474 169 207 216
-0.0271179 -0.0783127 8.9021053 169 207 216
-0.0207656 -0.0639303 8.9017582 169 207 216
-0.0308324 -0.0715974 8.8956289 169 207 216
0.0089142 -0.0552308 8.9174519 169 207 216
0.0047370 -0.0514877 8.9074059 169 207 216
-0.0099309 -0.0565194 8.9070654 169 207 216
-0.0238892 -0.0586651 8.8942432 169 207 216
0.0404606 -0.0702938 8.9303207 169 207 216
0.0374910 -0.0673421 8.9346809 169 207 216
0.0420693 -0.0738852 8.9369698 169 207 216
-0.0036795 -0.0699627 8.8749447 169 207 216
0.0669486 -0.0881877 8.9403086 169 207 216
-0.0324901 -0.1242620 8.8908339 169 207 216
-0.0249890 -0.1213145 8.8955355 169 207 216
-0.0321924 -0.1093005 8.9006872 169 207 216
-0.0394988 -0.1144518 8.8947945 169 207 216
0.0666667 -0.0850402 8.9294872 169 207 216
0.0671871 -0.0887506 8.9340582 169 207 216
0.0218645 -0.0527980 8.8961678 169 207 216
0.0220355 -0.0499892 8.8954630 169 207 216
0.0253690 -0.0485456 8.8985662 169 207 216
0.0263447 -0.0515452 8.8994904 169 207 216
-0.0337467 -0.0654893 8.8884239 169 207 216
0.0043151 -0.0426608 8.9012938 169 207 216
0.0021723 -0.0403867 8.8923845 169 207 216
-0.0400831 -0.0777262 8.8895149 169 207 216
-0.0435817 -0.0902625 8.8910332 169 207 216
-0.0364641 -0.0851775 8.8960371 169 207 216
0.0202302 -0.0602036 8.9243221 169 207 216
-0.0228988 -0.0841759 8.9079399 169 207 216
-0.0322587 -0.0918998 8.9014225 169 207 216
-0.0394923 -0.0989355 8.8963814 169 207 216
-0.0460602 -0.1037670 8.8921452 169 207 216
-0.0499965 -0.0940721 8.8863297 169 207 216
0.0659001 -0.0726335 8.9476461 169 207 216
0.0728599 -0.0661352 8.9418945 169 207 216
-0.0672897 -0.1028157 8.8745947 169 207 216
-0.0574746 -0.0980114 8.8805532 169 207 216
-0.0623696 -0.1128005 8.8790483 169 207 216
-0.0533853 -0.1080484 8.8866148 169 207 216
-0.0217113 -0.1064129 8.9080000 169 207 216
-0.0273092 -0.0987632 8.9058399 169 207 216
-0.0116431 -0.0988351 8.9164085 169 207 216
-0.0180253 -0.0907833 8.9132042 169 207 216
0.0217108 -0.0668483 8.9333124 169 207 216
0.0870572 -0.0632819 8.9335623 169 207 216
0.0865633 -0.0654746 8.9286137 169 207 216
0.0783404 -0.0679746 8.9294338 169 207 216
0.0789623 -0.0648535 8.9346743 169 207 216
0.0725181 -0.0663130 8.9349546 169 207 216
0.0791231 -0.0652395 8.9409084 169 207 216
-0.0020847 -0.1088500 8.9158840 169 207 216
0.0415091 -0.0735728 8.9201851 169 207 216
-0.0116038 -0.1178711 8.9031315 169 207 216
0.0051301 -0.1227689 8.9035368 169 207 216
0.0105793 -0.1169401 8.9136505 169 207 216
-0.0073836 -0.1295192 8.8899975 169 207 216
-0.0192161 -0.1296845 8.8854389 169 207 216
-0.0331307 -0.1333909 8.8777990 169 207 216
-0.0273471 -0.1308245 8.8812819 169 207 216
-0.0406285 -0.1369092 8.8725662 169 207 216
0.0069543 -0.1305712 8.8920927 169 207 216
0.0845923 -0.0772536 8.9276800 169 207 216
0.0849276 -0.0814591 8.9323301 169 207 216
-0.0389865 -0.1276212 8.8862276 169 207 216
-0.0477770 -0.1317993 8.8801193 169 207 216
0.0287920 -0.1103190 8.8706627 169 207 216
-0.0072249 -0.0793133 8.8707914 169 207 216
-0.0088326 -0.0749176 8.8663540 169 207 216
-0.0130824 -0.0682698 8.8606014 169 207 216
-0.0218665 -0.0599037 8.8584423 169 207 216
-0.0559279 -0.1233498 8.8826561 169 207 216
-0.0522690 -0.1129535 8.8291168 169 207 216
-0.0576392 -0.1038156 8.8286123 169 207 216
-0.0741113 -0.1188074 8.8701630 169 207 216
0.0857483 -0.0820937 8.9375219 169 207 216
0.0344369 -0.0553788 8.9141712 169 207 216
0.0361888 -0.0563906 8.9150639 169 207 216
0.0296818 -0.1297538 8.8661175 169 207 216
0.0394506 -0.1295139 8.8710670 169 207 216
0.0358022 -0.1329986 8.8858242 169 207 216
0.0238022 -0.1356749 8.8828793 169 207 216
0.0262212 -0.1358508 8.8724012 169 207 216
0.0373092 -0.1335203 8.8771152 169 207 216
-0.0127478 -0.0831268 8.8604898 169 207 216
-0.0145334 -0.0788541 8.8581953 169 207 216
-0.0350871 -0.0586747 8.8780880 169 207 216
-0.0311970 -0.0554794 8.8663254 169 207 216
0.0464506 -0.0930497 8.9399061 169 207 216
0.0447481 -0.0867841 8.9448957 169 207 216
0.0373700 -0.0918600 8.9394569 169 207 216
0.0531669 -0.0764110 8.9465866 169 207 216
0.0461335 -0.0739097 8.9307051 169 207 216
0.0430337 -0.0722987 8.9267349 169 207 216
-0.0006707 -0.0934923 8.8636475 169 207 216
-0.0055408 -0.1024244 8.8514738 169 207 216
0.0373070 -0.1154251 8.8874159 169 207 216
0.0323699 -0.1120214 8.8845367 169 207 216
0.0238299 -0.0718112 8.9046326 169 207 216
0.0322618 -0.0555070 8.9288912 169 207 216
0.0328991 -0.0607162 8.9358444 169 207 216
0.0309091 -0.0697255 8.9098606 169 207 216
0.0867634 -0.0796479 8.9418697 169 207 216
0.0871932 -0.0746392 8.9444160 169 207 216
0.0425287 -0.0797566 8.9435797 169 207 216
0.0161477 -0.0583117 8.8942270 169 207 216
0.0344807 -0.0543864 8.9218102 169 207 216
0.0273058 -0.0538187 8.9210043 169 207 216
0.0023329 -0.0433580 8.8859739 169 207 216
-0.0467324 -0.1186138 8.8896236 169 207 216
0.0776024 -0.0738423 8.9274321 169 207 216
0.0850070 -0.0711273 8.9256754 169 207 216
0.0868904 -0.0643131 8.9386511 169 207 216
0.0868070 -0.0686199 8.9430866 169 207 216
-0.0377639 -0.0618819 8.8606663 169 207 216
-0.0054323 -0.0821698 8.8736839 169 207 216
-0.0640570 -0.0962171 8.8303137 169 207 216
0.0199815 -0.1302461 8.8920088 169 207 216
0.0335241 -0.1279905 8.8928461 169 207 216
0.0369260 -0.0673191 8.9140377 169 207 216
0.0109383 -0.0464775 8.9035940 169 207 216
0.0306326 -0.0498252 8.9207993 169 207 216
0.0251369 -0.0456440 8.9181318 169 207 216
0.0181881 -0.0497658 8.9183035 169 207 216
0.0345643 -0.0524026 8.9176607 169 207 216
0.0935531 -0.0670786 8.9412260 169 207 216
0.0935210 -0.0629210 8.9369020 169 207 216
0.0940744 -0.0730527 8.9425526 169 207 216
0.0928479 -0.0778507 8.9398556 169 207 216
0.0912184 -0.0800648 8.9359598 169 207 216
0.0934488 -0.0619181 8.9321136 169 207 216
0.0925398 -0.0639166 8.9276991 169 207 216
0.0904245 -0.0689522 8.9249630 169 207 216
0.0989167 -0.0609385 8.9304667 169 207 216
0.1001005 -0.0616112 8.9349384 169 207 216
0.1063920 -0.0712180 8.9377985 169 207 216
0.1073768 -0.0680409 8.9378853 169 207 216
0.1039447 -0.0682078 8.9390430 169 207 216
0.1011455 -0.0708188 8.9404125 169 207 216
0.1109109 -0.0701090 8.9353409 169 207 216
0.1116543 -0.0670368 8.9361572 169 207 216
0.1071314 -0.0639286 8.9368305 169 207 216
0.1030381 -0.0651048 8.9382086 169 207 216
0.1116580 -0.0627589 8.9352932 169 207 216
0.1109511 -0.0600106 8.9324532 169 207 216
0.1065342 -0.0613468 8.9337940 169 207 216
0.1031001 -0.0626347 8.9356031 169 207 216
0.0995109 -0.0657619 8.9394627 169 207 216
0.1146799 -0.0679640 8.9330673 169 207 216
0.1162625 -0.0634680 8.9307747 169 207 216
0.1153425 -0.0622513 8.9336319 169 207 216
0.1144961 -0.0660092 8.9347754 169 207 216
0.0988326 -0.0760091 8.9380007 169 207 216
0.1049420 -0.0742420 8.9352503 169 207 216
0.1100662 -0.0724179 8.9325724 169 207 216
0.1138821 -0.0694636 8.9301548 169 207 216
0.1042557 -0.0754143 8.9315138 169 207 216
0.1094860 -0.0727982 8.9292336 169 207 216
0.1126024 -0.0699810 8.9274492 169 207 216
0.1038145 -0.0745198 8.9272785 169 207 216
0.1092107 -0.0716027 8.9261484 169 207 216
0.0968758 -0.0781597 8.9342012 169 207 216
0.0957162 -0.0776275 8.9296875 169 207 216
0.1114901 -0.0696726 8.9258614 169 207 216
0.1154125 -0.0647894 8.9279747 169 207 216
0.1054383 -0.0598491 8.9312611 169 207 216
0.1103148 -0.0591573 8.9294891 169 207 216
0.1046361 -0.0599593 8.9282427 169 207 216
0.1097480 -0.0596648 8.9268675 169 207 216
0.1141768 -0.0594759 8.9316654 169 207 216
0.1143083 -0.0595750 8.9290657 169 207 216
0.0900041 -0.0795591 8.9311314 169 207 216
0.0896573 -0.0750106 8.9266453 169 207 216
0.0951328 -0.0734762 8.9254313 169 207 216
0.1032650 -0.0707701 8.9231491 169 207 216
0.0958834 -0.0678038 8.9239407 169 207 216
0.0980967 -0.0628568 8.9264536 169 207 216
0.1041123 -0.0617217 8.9253483 169 207 216
0.1032398 -0.0654850 8.9226379 169 207 216
0.1091036 -0.0616367 8.9244289 169 207 216
0.1086267 -0.0646386 8.9228563 169 207 216
0.1088709 -0.0684989 8.9234991 169 207 216
0.1122811 -0.0628569 8.9245548 169 207 216
0.1134301 -0.0608747 8.9264917 169 207 216
0.1134802 -0.0660926 8.9258537 169 207 216
0.1116103 -0.0671938 8.9244308 169 207 216
0.1111962 -0.0647333 8.9236670 169 207 216
0.0748968 -0.0563156 8.9171963 169 207 216
0.0680554 -0.0590604 8.9195499 169 207 216
0.0666540 -0.0552319 8.9154291 169 207 216
0.0735675 -0.0522280 8.9127083 169 207 216
0.0752199 -0.0518700 8.9312935 169 207 216
0.0685178 -0.0536425 8.9339561 169 207 216
0.0691841 -0.0581439 8.9299126 169 207 216
0.0758308 -0.0562235 8.9269457 169 207 216
0.0733297 -0.0455245 8.9295330 169 207 216
0.0665150 -0.0469663 8.9324675 169 207 216
0.0605594 -0.0566468 8.9361944 169 207 216
0.0473211 -0.0624660 8.9363432 169 207 216
0.0483852 -0.0658702 8.9308748 169 207 216
0.0614937 -0.0610673 8.9315796 169 207 216
0.0435774 -0.0535468 8.9153500 169 207 216
0.0437655 -0.0584291 8.9140005 169 207 216
0.0688518 -0.0597080 8.9243765 169 207 216
0.0756962 -0.0575891 8.9217243 169 207 216
0.0565269 -0.0486059 8.9145651 169 207 216
0.0647846 -0.0452558 8.9128265 169 207 216
0.0654628 -0.0502321 8.9125538 169 207 216
0.0573245 -0.0536308 8.9140272 169 207 216
0.0452700 -0.0639541 8.9163284 169 207 216
0.0473995 -0.0684302 8.9208736 169 207 216
0.0484131 -0.0680385 8.9261427 169 207 216
0.0564130 -0.0448188 8.9192314 169 207 216
0.0435287 -0.0498358 8.9211483 169 207 216
0.0434118 -0.0499249 8.9293280 169 207 216
0.0570636 -0.0447779 8.9271278 169 207 216
0.0611832 -0.0629815 8.9259396 169 207 216
0.0585768 -0.0587980 8.9168682 169 207 216
0.0602387 -0.0627318 8.9208508 169 207 216
0.0582365 -0.0493407 8.9349356 169 207 216
0.0652167 -0.0426514 8.9248037 169 207 216
0.0813588 -0.0382038 8.9140205 169 207 216
0.0813960 -0.0396878 8.9087582 169 207 216
0.0718598 -0.0425531 8.9105644 169 207 216
0.0720532 -0.0403791 8.9157333 169 207 216
0.0648573 -0.0423777 8.9173632 169 207 216
0.0722026 -0.0412646 8.9227934 169 207 216
0.0834580 -0.0485943 8.9090338 169 207 216
0.0844722 -0.0528956 8.9136820 169 207 216
0.0853222 -0.0544446 8.9180908 169 207 216
0.0445434 -0.0547479 8.9366970 169 207 216
0.0852070 -0.0532407 8.9226856 169 207 216
0.0844443 -0.0494749 8.9272928 169 207 216
0.0724001 -0.0473517 8.9095535 169 207 216
0.0820066 -0.0439598 8.9064798 169 207 216
0.0813736 -0.0392137 8.9201117 169 207 216
0.0822619 -0.0433388 8.9260731 169 207 216
0.0900943 -0.0411863 8.9227772 169 207 216
0.0889249 -0.0374121 8.9174547 169 207 216
0.0921878 -0.0470103 8.9242954 169 207 216
0.0921081 -0.0508958 8.9203234 169 207 216
0.0914529 -0.0521716 8.9161358 169 207 216
0.0887485 -0.0365711 8.9123821 169 207 216
0.0884138 -0.0378516 8.9077740 169 207 216
0.0882120 -0.0419697 8.9054413 169 207 216
0.0956429 -0.0349149 8.9103432 169 207 216
0.0970062 -0.0353011 8.9147425 169 207 216
0.1107583 -0.0422500 8.9154787 169 207 216
0.1108364 -0.0392165 8.9168549 169 207 216
0.1060878 -0.0404692 8.9184341 169 207 216
0.1058186 -0.0437365 8.9185019 169 207 216
0.1025988 -0.0407042 8.9197655 169 207 216
0.1000986 -0.0439938 8.9214287 169 207 216
0.1050813 -0.0349803 8.9165573 169 207 216
0.1012042 -0.0378689 8.9183216 169 207 216
0.1104283 -0.0346019 8.9158478 169 207 216
0.1090506 -0.0322016 8.9125204 169 207 216
0.1037691 -0.0345844 8.9141102 169 207 216
0.1004595 -0.0358534 8.9154253 169 207 216
0.1149583 -0.0394063 8.9131260 169 207 216
0.1143847 -0.0378020 8.9153481 169 207 216
0.0970699 -0.0389824 8.9200764 169 207 216
0.0980878 -0.0484497 8.9182644 169 207 216
0.1048599 -0.0465021 8.9155598 169 207 216
0.1106792 -0.0439354 8.9125671 169 207 216
0.1145005 -0.0407611 8.9100733 169 207 216
0.1039054 -0.0478296 8.9113998 169 207 216
0.1099240 -0.0447620 8.9091768 169 207 216
0.1129215 -0.0413190 8.9073067 169 207 216
0.1027889 -0.0466389 8.9067345 169 207 216
0.1088555 -0.0433643 8.9055662 169 207 216
0.0966020 -0.0499878 8.9141750 169 207 216
0.0950709 -0.0490324 8.9097319 169 207 216
0.1114839 -0.0410962 8.9054766 169 207 216
0.1151534 -0.0362913 8.9082203 169 207 216
0.1160552 -0.0348442 8.9111595 169 207 216
0.1151592 -0.0334551 8.9145565 169 207 216
0.1028526 -0.0339245 8.9113932 169 207 216
0.1086610 -0.0323478 8.9096012 169 207 216
0.1023666 -0.0332433 8.9082928 169 207 216
0.1083618 -0.0323353 8.9069471 169 207 216
0.1130349 -0.0311466 8.9116983 169 207 216
0.1132687 -0.0318387 8.9093447 169 207 216
0.0902895 -0.0506103 8.9116945 169 207 216
0.0891048 -0.0468459 8.9075470 169 207 216
0.0938885 -0.0453697 8.9056845 169 207 216
0.1015247 -0.0426121 8.9030342 169 207 216
0.0933110 -0.0402305 8.9040298 169 207 216
0.0945159 -0.0360156 8.9064522 169 207 216
0.1014513 -0.0343246 8.9051018 169 207 216
0.1008019 -0.0376062 8.9025116 169 207 216
0.1075964 -0.0336442 8.9046450 169 207 216
0.1069742 -0.0361308 8.9026699 169 207 216
0.1076664 -0.0400855 8.9027281 169 207 216
0.1114513 -0.0344165 8.9047775 169 207 216
0.1127477 -0.0329323 8.9067440 169 207 216
0.1134260 -0.0373868 8.9057369 169 207 216
0.1111252 -0.0385839 8.9039669 169 207 216
0.1100649 -0.0360122 8.9034815 169 207 216
0.0618083 -0.0460421 8.9013634 169 207 216
0.0556779 -0.0472768 8.9037170 169 207 216
0.0534987 -0.0458489 8.8991156 169 207 216
0.0595584 -0.0446416 8.8963127 169 207 216
0.0617742 -0.0388911 8.9114990 169 207 216
0.0548702 -0.0402229 8.9150829 169 207 216
0.0567231 -0.0439661 8.9126549 169 207 216
0.0630196 -0.0423741 8.9098244 169 207 216
0.0594879 -0.0348717 8.9090958 169 207 216
0.0519037 -0.0359064 8.9124422 169 207 216
0.0477996 -0.0423672 8.9176579 169 207 216
0.0378807 -0.0460406 8.9196119 169 207 216
0.0403131 -0.0498896 8.9159527 169 207 216
0.0502287 -0.0463497 8.9146690 169 207 216
0.0569956 -0.0464227 8.9084997 169 207 216
0.0631312 -0.0449068 8.9061785 169 207 216
0.0430180 -0.0418880 8.8968601 169 207 216
0.0501746 -0.0395206 8.8952188 169 207 216
0.0515696 -0.0428315 8.8960791 169 207 216
0.0446199 -0.0452343 8.8980618 169 207 216
0.0354533 -0.0523843 8.9025393 169 207 216
0.0381373 -0.0538874 8.9070168 169 207 216
0.0398505 -0.0525531 8.9113598 169 207 216
0.0421196 -0.0380743 8.9003096 169 207 216
0.0310776 -0.0424442 8.9025936 169 207 216
0.0311567 -0.0401278 8.9092703 169 207 216
0.0420197 -0.0359734 8.9075918 169 207 216
0.0505285 -0.0487671 8.9100513 169 207 216
0.0467874 -0.0485280 8.9005833 169 207 216
0.0491827 -0.0498186 8.9052410 169 207 216
0.0441621 -0.0379304 8.9147797 169 207 216
0.0497329 -0.0342930 8.9053907 169 207 216
0.0667208 -0.0319657 8.8942442 169 207 216
0.0667152 -0.0344518 8.8902912 169 207 216
0.0565543 -0.0376085 8.8925943 169 207 216
0.0563911 -0.0343748 8.8964596 169 207 216
0.0493330 -0.0359874 8.8982744 169 207 216
0.0574459 -0.0331023 8.9029398 169 207 216
0.0687295 -0.0422611 8.8928528 169 207 216
0.0706074 -0.0441782 8.8976135 169 207 216
0.0717831 -0.0429280 8.9023638 169 207 216
0.0338786 -0.0414249 8.9169683 169 207 216
0.0320703 -0.0462252 8.8987885 169 207 216
0.0721156 -0.0408853 8.9055862 169 207 216
0.0714352 -0.0376184 8.9072628 169 207 216
0.0575811 -0.0414163 8.8930092 169 207 216
0.0670140 -0.0386102 8.8896523 169 207 216
0.0675048 -0.0314754 8.9000263 169 207 216
0.0691662 -0.0334327 8.9055042 169 207 216
0.0761916 -0.0324804 8.9027557 169 207 216
0.0742897 -0.0300752 8.8976660 169 207 216
0.0786215 -0.0366915 8.9044857 169 207 216
0.0787642 -0.0397445 8.9024038 169 207 216
0.0778342 -0.0417334 8.8994856 169 207 216
0.0735675 -0.0306184 8.8923769 169 207 216
0.0735378 -0.0328644 8.8890715 169 207 216
0.0729781 -0.0369743 8.8883743 169 207 216
0.0786563 -0.0295674 8.8904953 169 207 216
0.0806779 -0.0293770 8.8951292 169 207 216
0.0955027 -0.0348813 8.8966732 169 207 216
0.0951245 -0.0326770 8.8968124 169 207 216
0.0906883 -0.0339198 8.8980742 169 207 216
0.0910398 -0.0360313 8.8988190 169 207 216
0.0872782 -0.0340604 8.8996305 169 207 216
0.0850353 -0.0357573 8.9015751 169 207 216
0.0892611 -0.0305706 8.8970432 169 207 216
0.0853131 -0.0315225 8.8986034 169 207 216
0.0935987 -0.0291225 8.8954992 169 207 216
0.0915089 -0.0273570 8.8920021 169 207 216
0.0871462 -0.0289954 8.8936110 169 207 216
0.0840794 -0.0298845 8.8957138 169 207 216
0.0987030 -0.0326065 8.8944798 169 207 216
0.0978186 -0.0312646 8.8955469 169 207 216
0.0816698 -0.0320708 8.9001017 169 207 216
0.0840052 -0.0389259 8.9001570 169 207 216
0.0903361 -0.0381553 8.8973579 169 207 216
0.0952883 -0.0367116 8.8948488 169 207 216
0.0982445 -0.0343665 8.8921299 169 207 216
0.0890346 -0.0394458 8.8944092 169 207 216
0.0941374 -0.0375865 8.8920746 169 207 216
0.0966609 -0.0355173 8.8898220 169 207 216
0.0875205 -0.0399767 8.8909111 169 207 216
0.0927935 -0.0376804 8.8891563 169 207 216
0.0826789 -0.0406903 8.8970881 169 207 216
0.0807024 -0.0414285 8.8934526 169 207 216
0.0949894 -0.0358409 8.8883972 169 207 216
0.0979640 -0.0306512 8.8888664 169 207 216
0.0984899 -0.0288758 8.8916759 169 207 216
0.0972842 -0.0279075 8.8941879 169 207 216
0.0853925 -0.0282393 8.8911018 169 207 216
0.0903884 -0.0271345 8.8892889 169 207 216
0.0842283 -0.0287687 8.8883028 169 207 216
0.0898669 -0.0278820 8.8869734 169 207 216
0.0948335 -0.0265166 8.8916378 169 207 216
0.0949031 -0.0267347 8.8894997 169 207 216
0.0761030 -0.0425190 8.8956938 169 207 216
0.0741255 -0.0407713 8.8913822 169 207 216
0.0788596 -0.0398054 8.8896942 169 207 216
0.0859250 -0.0379618 8.8870850 169 207 216
0.0774922 -0.0359356 8.8870525 169 207 216
0.0780065 -0.0320503 8.8878088 169 207 216
0.0838830 -0.0308582 8.8859997 169 207 216
0.0840222 -0.0342390 8.8853312 169 207 216
0.0895544 -0.0298564 8.8851414 169 207 216
0.0897504 -0.0326330 8.8845634 169 207 216
0.0912182 -0.0358124 8.8860397 169 207 216
0.0935368 -0.0301121 8.8854818 169 207 216
0.0942683 -0.0280235 8.8871698 169 207 216
0.0963802 -0.0325397 8.8872700 169 207 216
0.0943581 -0.0340415 8.8864231 169 207 216
0.0928378 -0.0320811 8.8849602 169 207 216
0.0333740 -0.0493680 8.9000702 169 207 216
0.0410508 -0.0401147 8.8841801 169 207 216
0.0360870 -0.0415734 8.8864918 169 207 216
0.0339962 -0.0411808 8.8829002 169 207 216
0.0387324 -0.0397084 8.8805265 169 207 216
0.0402349 -0.0315476 8.8915548 169 207 216
0.0344461 -0.0331684 8.8947420 169 207 216
0.0367726 -0.0369900 8.8936911 169 207 216
0.0424293 -0.0352688 8.8908625 169 207 216
0.0368840 -0.0289914 8.8888893 169 207 216
0.0307763 -0.0305113 8.8921280 169 207 216
0.0277700 -0.0361145 8.8978786 169 207 216
0.0174810 -0.0413460 8.9018869 169 207 216
0.0214170 -0.0444502 8.8989363 169 207 216
0.0303815 -0.0398997 8.8960743 169 207 216
0.0075143 -0.0434996 8.8859482 169 207 216
0.0139941 -0.0417469 8.8847322 169 207 216
0.0173205 -0.0447900 8.8849955 169 207 216
0.0108359 -0.0465878 8.8856077 169 207 216
0.0372187 -0.0401152 8.8903522 169 207 216
0.0425026 -0.0383797 8.8879070 169 207 216
0.0234901 -0.0385034 8.8820724 169 207 216
0.0293915 -0.0363328 8.8798084 169 207 216
0.0317219 -0.0392499 8.8805408 169 207 216
0.0263985 -0.0415247 8.8824816 169 207 216
0.0148818 -0.0499202 8.8873215 169 207 216
0.0203215 -0.0469519 8.8870687 169 207 216
0.0220488 -0.0474222 8.8909645 169 207 216
0.0186744 -0.0509425 8.8911009 169 207 216
0.0227233 -0.0465819 8.8944921 169 207 216
0.0212867 -0.0351118 8.8844585 169 207 216
0.0114161 -0.0389442 8.8870764 169 207 216
0.0099655 -0.0369297 8.8925447 169 207 216
0.0212801 -0.0327384 8.8892317 169 207 216
0.0312670 -0.0425553 8.8924761 169 207 216
0.0287386 -0.0434909 8.8846312 169 207 216
0.0306475 -0.0437285 8.8885946 169 207 216
0.0237259 -0.0332878 8.8957424 169 207 216
0.0283077 -0.0305172 8.8866005 169 207 216
0.0402771 -0.0294154 8.8763695 169 207 216
0.0409043 -0.0323211 8.8747845 169 207 216
0.0344694 -0.0346964 8.8772717 169 207 216
0.0333271 -0.0312681 8.8791780 169 207 216
0.0278050 -0.0327918 8.8819170 169 207 216
0.0342804 -0.0290382 8.8836098 169 207 216
0.0447916 -0.0377410 8.8778706 169 207 216
0.0475706 -0.0380966 8.8812389 169 207 216
0.0489336 -0.0364833 8.8847990 169 207 216
0.0124235 -0.0382510 8.9002542 169 207 216
0.0492919 -0.0336237 8.8874016 169 207 216
0.0476132 -0.0301324 8.8880272 169 207 216
0.0364794 -0.0377857 8.8780880 169 207 216
0.0425895 -0.0354725 8.8755989 169 207 216
0.0413957 -0.0275179 8.8803787 169 207 216
0.0440391 -0.0275659 8.8854017 169 207 216
0.0498803 -0.0262696 8.8831758 169 207 216
0.0472434 -0.0259459 8.8783607 169 207 216
0.0531783 -0.0291694 8.8856277 169 207 216
0.0541730 -0.0321243 8.8850431 169 207 216
0.0532910 -0.0351671 8.8824625 169 207 216
0.0456521 -0.0281956 8.8744268 169 207 216
0.0458819 -0.0308405 8.8734198 169 207 216
0.0470695 -0.0336558 8.8744669 169 207 216
0.0508651 -0.0268424 8.8729391 169 207 216
0.0532128 -0.0248498 8.8765011 169 207 216
0.0673474 -0.0276600 8.8792191 169 207 216
0.0663084 -0.0258771 8.8794088 169 207 216
0.0633633 -0.0268740 8.8804350 169 207 216
0.0635796 -0.0287497 8.8812857 169 207 216
0.0598127 -0.0270498 8.8817396 169 207 216
0.0584081 -0.0284690 8.8832693 169 207 216
0.0609674 -0.0246404 8.8792133 169 207 216
0.0575378 -0.0255415 8.8802910 169 207 216
0.0647227 -0.0232754 8.8777199 169 207 216
0.0625057 -0.0229815 8.8737240 169 207 216
0.0588878 -0.0238965 8.8753300 169 207 216
0.0563318 -0.0245384 8.8773632 169 207 216
0.0698972 -0.0258356 8.8768234 169 207 216
0.0687950 -0.0246521 8.8780079 169 207 216
0.0545118 -0.0257764 8.8814802 169 207 216
0.0586110 -0.0315155 8.8830776 169 207 216
0.0637026 -0.0307093 8.8807640 169 207 216
0.0683824 -0.0292722 8.8778820 169 207 216
0.0702363 -0.0272748 8.8746395 169 207 216
0.0624586 -0.0324900 8.8786983 169 207 216
0.0668694 -0.0308253 8.8758879 169 207 216
0.0686671 -0.0289848 8.8732557 169 207 216
0.0602366 -0.0336980 8.8764448 169 207 216
0.0648125 -0.0316845 8.8740902 169 207 216
0.0571520 -0.0336544 8.8812418 169 207 216
0.0549206 -0.0352084 8.8786850 169 207 216
0.0668676 -0.0300691 8.8726692 169 207 216
0.0688444 -0.0255304 8.8720322 169 207 216
0.0690105 -0.0236487 8.8737345 169 207 216
0.0677561 -0.0223066 8.8760443 169 207 216
0.0574243 -0.0242405 8.8730288 169 207 216
0.0618567 -0.0235560 8.8712597 169 207 216
0.0560264 -0.0259936 8.8711224 169 207 216
0.0617461 -0.0252216 8.8697023 169 207 216
0.0654631 -0.0221424 8.8733139 169 207 216
0.0658250 -0.0231248 8.8715296 169 207 216
0.0515812 -0.0364685 8.8794785 169 207 216
0.0492670 -0.0359590 8.8767252 169 207 216
0.0525929 -0.0348236 8.8754930 169 207 216
0.0579550 -0.0334525 8.8736563 169 207 216
0.0507727 -0.0325760 8.8730230 169 207 216
0.0501854 -0.0296885 8.8720264 169 207 216
0.0557110 -0.0284872 8.8703508 169 207 216
0.0562564 -0.0313209 8.8710995 169 207 216
0.0614803 -0.0274894 8.8692875 169 207 216
0.0619158 -0.0296954 8.8699951 169 207 216
0.0631526 -0.0314285 8.8719091 169 207 216
0.0655764 -0.0270022 8.8698244 169 207 216
0.0659198 -0.0249691 8.8701296 169 207 216
0.0677954 -0.0275385 8.8712397 169 207 216
0.0661902 -0.0293222 8.8712444 169 207 216
0.0649499 -0.0285780 8.8701258 169 207 216
0.0058656 -0.0406484 8.8886147 169 207 216
0.0450615 -0.1216452 8.9005680 169 207 216
0.0457219 -0.1181892 8.8991623 169 207 216
0.0497515 -0.1154417 8.8876686 169 207 216
0.0522870 -0.1169692 8.8795977 169 207 216
0.0533581 -0.1225102 8.8748293 169 207 216
0.0523992 -0.1280231 8.8771286 169 207 216
0.0508872 -0.1309782 8.8828869 169 207 216
0.0475985 -0.1163633 8.8948917 169 207 216
0.0458886 -0.1263762 8.8974094 169 207 216
0.0482766 -0.1299169 8.8901806 169 207 216
0.0600505 -0.1275918 8.8943892 169 207 216
0.0568335 -0.1246961 8.9018335 169 207 216
0.0623813 -0.1280612 8.8866234 169 207 216
0.0629640 -0.1257752 8.8804884 169 207 216
0.0621379 -0.1211358 8.8777189 169 207 216
0.0547813 -0.1199656 8.9045334 169 207 216
0.0546902 -0.1162246 8.9020147 169 207 216
0.0558185 -0.1143897 8.8960838 169 207 216
0.0648832 -0.1178583 8.9076691 169 207 216
0.0703562 -0.1215299 8.9066572 169 207 216
0.0876549 -0.1235516 8.8943806 169 207 216
0.0866666 -0.1250289 8.8984671 169 207 216
0.0818451 -0.1249822 8.8964005 169 207 216
0.0820042 -0.1241480 8.8919783 169 207 216
0.0780692 -0.1248014 8.8962164 169 207 216
0.0746740 -0.1253935 8.8917665 169 207 216
0.0805617 -0.1247696 8.9029512 169 207 216
0.0770508 -0.1242289 8.9014721 169 207 216
0.0790337 -0.1223882 8.9091005 169 207 216
0.0759714 -0.1231484 8.9063873 169 207 216
0.0855517 -0.1253971 8.9050436 169 207 216
0.0904139 -0.1248159 8.9009457 169 207 216
0.0899948 -0.1245774 8.9061575 169 207 216
0.0919643 -0.1229960 8.8990049 169 207 216
0.0717956 -0.1250533 8.8990850 169 207 216
0.0726869 -0.1236107 8.8844833 169 207 216
0.0814758 -0.1220081 8.8877335 169 207 216
0.0883057 -0.1209618 8.8917637 169 207 216
0.0921571 -0.1196664 8.8977776 169 207 216
0.0806049 -0.1174583 8.8859453 169 207 216
0.0871184 -0.1168775 8.8919582 169 207 216
0.0900776 -0.1164887 8.8977470 169 207 216
0.0780463 -0.1135537 8.8884811 169 207 216
0.0847728 -0.1141336 8.8945589 169 207 216
0.0704145 -0.1191249 8.8805780 169 207 216
0.0673370 -0.1151379 8.8832607 169 207 216
0.0879783 -0.1144934 8.8984108 169 207 216
0.0922081 -0.1183307 8.9048338 169 207 216
0.0930339 -0.1218029 8.9060163 169 207 216
0.0769736 -0.1194353 8.9112625 169 207 216
0.0838667 -0.1228649 8.9105043 169 207 216
0.0831439 -0.1192704 8.9124975 169 207 216
0.0742642 -0.1160170 8.9109764 169 207 216
0.0823278 -0.1157569 8.9118795 169 207 216
0.0881011 -0.1230485 8.9104252 169 207 216
0.0888681 -0.1201136 8.9112902 169 207 216
0.0598805 -0.1167760 8.8812895 169 207 216
0.0578757 -0.1144017 8.8885670 169 207 216
0.0647105 -0.1131259 8.8906860 169 207 216
0.0749145 -0.1117325 8.8954830 169 207 216
0.0635760 -0.1125169 8.8986340 169 207 216
0.0631209 -0.1142946 8.9054499 169 207 216
0.0733522 -0.1131143 8.9084129 169 207 216
0.0734776 -0.1112219 8.9027719 169 207 216
0.0816750 -0.1132545 8.9091234 169 207 216
0.0815591 -0.1121106 8.9049511 169 207 216
0.0829777 -0.1124716 8.8995810 169 207 216
0.0869682 -0.1144306 8.9075108 169 207 216
0.0885074 -0.1167462 8.9099426 169 207 216
0.0898889 -0.1157296 8.9032593 169 207 216
0.0871148 -0.1139304 8.9019442 169 207 216
0.0855437 -0.1133308 8.9051895 169 207 216
0.0064439 -0.0466586 8.8839588 169 207 216
0.0108776 -0.0512404 8.8856802 169 207 216
0.0044185 -0.0517793 8.8823156 169 207 216
-0.0023780 -0.0534672 8.8762417 169 207 216
-0.0125885 -0.0511831 8.8709621 169 207 216
0.0006043 -0.0584828 8.8793135 169 207 216
0.0071542 -0.0563984 8.8855410 169 207 216
0.0151854 -0.0540183 8.8906736 169 207 216
-0.0019177 -0.0649376 8.8768167 169 207 216
-0.0444194 -0.7308227 8.7617922 169 207 216
-0.0469230 -0.7312531 8.7586956 169 207 216
-0.0465756 -0.7278553 8.7527304 169 207 216
-0.0443760 -0.7267232 8.7547417 169 207 216
-0.0418586 -0.7255169 8.7567225 169 207 216
-0.0382029 -0.7250894 8.7583809 169 207 216
-0.0342736 -0.7299937 8.7653828 169 207 216
-0.0400310 -0.7305162 8.7644739 169 207 216
-0.0231845 -0.7265791 8.7623711 169 207 216
-0.0252680 -0.7277915 8.7626619 169 207 216
-0.0238895 -0.7257173 8.7619038 169 207 216
-0.0301184 -0.7251543 8.7610922 169 207 216
-0.0262956 -0.7256510 8.7615318 169 207 216
-0.0492220 -0.7316209 8.7530622 169 207 216
-0.0495980 -0.7312235 8.7511187 169 207 216
-0.0484125 -0.7314372 8.7557096 169 207 216
-0.0342422 -0.7249826 8.7599144 169 207 216
-0.0491564 -0.7302785 8.7503357 169 207 216
-0.0481103 -0.7291131 8.7509489 169 207 216
-0.0290708 -0.7293081 8.7644968 169 207 216
-0.0427356 -0.7273587 8.7581844 169 207 216
-0.0390020 -0.7267717 8.7600985 169 207 216
-0.0347943 -0.7285614 8.7634878 169 207 216
-0.0398542 -0.7287954 8.7623854 169 207 216
-0.0306784 -0.7267334 8.7621584 169 207 216
-0.0280517 -0.7266115 8.7621603 169 207 216
-0.0452648 -0.7280155 8.7561731 169 207 216
-0.0347776 -0.7268624 8.7615213 169 207 216
-0.0436694 -0.7292717 8.7600985 169 207 216
-0.0277621 -0.7273624 8.7628193 169 207 216
-0.0302226 -0.7280949 8.7635775 169 207 216
-0.0491578 -0.7306870 8.7515793 169 207 216
-0.0488301 -0.7303596 8.7514410 169 207 216
0.0327562 -0.5323824 8.6842899 169 207 216
0.0367935 -0.5160147 8.6922054 169 207 216
-0.0461534 -0.7297705 8.7574224 169 207 216
-0.0480947 -0.7296523 8.7523603 169 207 216
-0.0470030 -0.7288265 8.7540998 169 207 216
-0.0475221 -0.7301779 8.7550087 169 207 216
-0.0485350 -0.7305590 8.7530193 169 207 216
-0.1511624 -0.3902015 8.7316113 169 207 216
-0.1401987 -0.3832015 8.7207527 169 207 216
-0.2090421 -0.3984972 8.7276478 169 207 216
-0.2253983 -0.4011929 8.7101898 169 207 216
0.0182189 -0.2160439 8.7803574 169 207 216
-0.1243905 -0.2697025 8.6174374 169 207 216
-0.1267061 -0.2874418 8.6149406 169 207 216
-0.0707539 -0.2864791 8.5553827 169 207 216
-0.0875753 -0.2835035 8.5663671 169 207 216
-0.0998423 -0.2741175 8.7375126 169 207 216
-0.0995577 -0.2518558 8.7371454 169 207 216
-0.0341566 -0.2704267 8.7714186 169 207 216
-0.0326829 -0.2429527 8.7703819 169 207 216
-0.0789679 -0.2254015 8.7524757 169 207 216
-0.1074164 -0.2365025 8.5834093 169 207 216
-0.1031769 -0.2585085 8.5829010 169 207 216
-0.1157050 -0.2547995 8.5999775 169 207 216
-0.1210051 -0.2339904 8.5998020 169 207 216
-0.0507623 -0.2668314 8.5518551 169 207 216
-0.0518424 -0.2870724 8.5483837 169 207 216
-0.1196852 -0.2963506 8.7167473 169 207 216
-0.1315469 -0.2962757 8.6905174 169 207 216
-0.1374401 -0.3001098 8.6367092 169 207 216
-0.1318513 -0.3052459 8.6127024 169 207 216
-0.1084658 -0.3206525 8.5739603 169 207 216
-0.1218387 -0.3129630 8.5921240 169 207 216
-0.0130259 -0.2986602 8.7772684 169 207 216
0.0077720 -0.3259170 8.7731600 169 207 216
-0.1011910 -0.2975979 8.7378521 169 207 216
0.0601485 -0.2957471 8.7674551 169 207 216
-0.0767299 -0.3558124 8.5389585 169 207 216
-0.0963719 -0.3513123 8.5509510 169 207 216
-0.1370888 -0.2973536 8.6632996 169 207 216
0.0332309 -0.4760329 8.7232780 169 207 216
0.0367423 -0.4613839 8.7300615 169 207 216
0.0188652 -0.4648384 8.7382469 169 207 216
0.0145021 -0.4793939 8.7309027 169 207 216
0.0016767 -0.4666342 8.7446861 169 207 216
-0.0151219 -0.4675701 8.7494011 169 207 216
-0.0312150 -0.4676652 8.7526979 169 207 216
-0.0718158 -0.4591024 8.7535934 169 207 216
-0.0594238 -0.4632501 8.7547092 169 207 216
-0.0933064 -0.4476319 8.7453661 169 207 216
-0.0828939 -0.4541627 8.7508507 169 207 216
-0.1018997 -0.4378203 8.7364616 169 207 216
-0.1097718 -0.4269985 8.7242746 169 207 216
-0.1202596 -0.4155363 8.7122478 169 207 216
-0.1238977 -0.4253480 8.7078600 169 207 216
-0.1039977 -0.4168832 8.7294683 169 207 216
-0.0956248 -0.4281533 8.7403364 169 207 216
-0.0866943 -0.4371085 8.7493639 169 207 216
0.0571806 -0.4239466 8.7323885 169 207 216
0.0542495 -0.3990828 8.7368984 169 207 216
0.0293462 -0.5476903 8.6763020 169 207 216
-0.1928954 -0.1721206 8.7363520 169 207 216
-0.0782030 -0.1620437 8.8394899 169 207 216
-0.0608242 -0.5762724 8.5372419 169 207 216
-0.0408507 -0.5716519 8.5304470 169 207 216
-0.0285680 -0.5555447 8.5238485 169 207 216
-0.0264420 -0.5679481 8.5269308 169 207 216
-0.1285779 -0.6012592 8.6064501 169 207 216
-0.1185822 -0.5897050 8.5792418 169 207 216
-0.1013374 -0.5791136 8.5579529 169 207 216
-0.0825693 -0.5707852 8.5432377 169 207 216
-0.0795147 -0.3217081 8.7508421 169 207 216
-0.0692135 -0.5364256 8.5269575 169 207 216
-0.0865720 -0.5586143 8.5397034 169 207 216
-0.1075883 -0.5676799 8.5544558 169 207 216
-0.1289559 -0.5780075 8.5765333 169 207 216
-0.1460086 -0.5890367 8.6091890 169 207 216
-0.1602982 -0.5849121 8.6272573 169 207 216
-0.1831126 -0.5575596 8.6329851 169 207 216
-0.1913238 -0.5498602 8.6446238 169 207 216
-0.1888295 -0.5604695 8.6640120 169 207 216
-0.1962599 -0.5473796 8.6746292 169 207 216
-0.2000569 -0.5387212 8.6551104 169 207 216
-0.2264411 -0.4340380 8.6936445 169 207 216
-0.2296268 -0.4174432 8.6914606 169 207 216
-0.2319270 -0.4056108 8.6826982 169 207 216
-0.2310879 -0.3975786 8.6714926 169 207 216
-0.2272071 -0.3940037 8.6592751 169 207 216
-0.2203995 -0.3958744 8.6475353 169 207 216
-0.2116493 -0.4032139 8.6388855 169 207 216
-0.1900076 -0.4336816 8.6289272 169 207 216
-0.1866057 -0.4434763 8.6271896 169 207 216
-0.1765858 -0.4330514 8.6161652 169 207 216
-0.1742441 -0.4264396 8.6123037 169 207 216
-0.1525725 -0.3843258 8.5947914 169 207 216
-0.1618522 -0.3993930 8.5996170 169 207 216
-0.1441298 -0.3662795 8.5901251 169 207 216
-0.1298078 -0.1280293 8.5787754 169 207 216
-0.1240797 -0.1484753 8.5814104 169 207 216
-0.1372619 -0.1501528 8.5995207 169 207 216
-0.1420596 -0.1297384 8.5966644 169 207 216
-0.0580531 -0.1872304 8.5500498 169 207 216
-0.0796978 -0.1878336 8.5588522 169 207 216
-0.1385401 -0.1434811 8.6984196 169 207 216
-0.1494872 -0.1477834 8.6710539 169 207 216
-0.1511653 -0.1497452 8.6444254 169 207 216
-0.1464329 -0.1506270 8.6204529 169 207 216
-0.1214086 -0.1378522 8.7205591 169 207 216
-0.0046239 -0.0991373 8.7684393 169 207 216
-0.0284197 -0.1055572 8.7648554 169 207 216
0.0573436 -0.0891556 8.7587681 169 207 216
0.0388889 -0.0914269 8.7642336 169 207 216
-0.1008933 -0.1301059 8.7375879 169 207 216
0.0183767 -0.0946581 8.7677069 169 207 216
-0.0528937 -0.1131182 8.7589188 169 207 216
-0.0777760 -0.1214056 8.7501650 169 207 216
-0.1189585 -0.1674388 8.5835609 169 207 216
-0.1025918 -0.1662491 8.5702105 169 207 216
-0.0985696 -0.1886896 8.5699196 169 207 216
-0.0739239 -0.4281540 8.5200491 169 207 216
-0.0937038 -0.4308375 8.5272446 169 207 216
-0.1121256 -0.4347093 8.5346212 169 207 216
-0.1273546 -0.4624250 8.5422163 169 207 216
-0.1425269 -0.4700920 8.5540190 169 207 216
-0.1452243 -0.4507570 8.5559139 169 207 216
-0.1307335 -0.4424110 8.5442715 169 207 216
-0.1682353 -0.4814927 8.5815678 169 207 216
-0.1784402 -0.4845867 8.5920057 169 207 216
-0.1769413 -0.4705335 8.5922899 169 207 216
-0.1690915 -0.4664930 8.5820904 169 207 216
-0.1846372 -0.4728884 8.6016312 169 207 216
-0.1898152 -0.4725135 8.6106892 169 207 216
-0.1947897 -0.4695300 8.6185293 169 207 216
-0.2027097 -0.4621020 8.6239033 169 207 216
-0.2135370 -0.4790552 8.6297245 169 207 216
-0.2061149 -0.4885136 8.6216040 169 207 216
-0.1693437 -0.4975233 8.5841417 169 207 216
-0.1562061 -0.4943008 8.5706339 169 207 216
-0.0712674 -0.4679289 8.5183668 169 207 216
-0.0530884 -0.4644946 8.5151711 169 207 216
-0.1331948 -0.4059536 8.6982985 169 207 216
-0.1446750 -0.3985431 8.6812496 169 207 216
-0.1545741 -0.3949270 8.6638517 169 207 216
-0.1614859 -0.3948361 8.6471014 169 207 216
-0.1661310 -0.3978068 8.6317749 169 207 216
-0.1677369 -0.4028179 8.6171131 169 207 216
-0.1673420 -0.4101444 8.6037216 169 207 216
-0.1713527 -0.4189368 8.6077957 169 207 216
-0.1658246 -0.4186014 8.5919514 169 207 216
-0.1709629 -0.4269899 8.5983391 169 207 216
-0.1635101 -0.4299053 8.5819826 169 207 216
-0.1607794 -0.4435602 8.5736580 169 207 216
-0.1577047 -0.4593154 8.5686684 169 207 216
-0.1556119 -0.4767362 8.5680914 169 207 216
-0.1262348 -0.4829677 8.5425863 169 207 216
-0.1419772 -0.4890624 8.5566435 169 207 216
-0.1088675 -0.4973696 8.5335560 169 207 216
-0.1103356 -0.5169407 8.5385866 169 207 216
-0.1095117 -0.4553305 8.5311136 169 207 216
-0.1086878 -0.4765185 8.5312405 169 207 216
-0.0842002 -0.6172522 8.5854292 169 207 216
-0.0698193 -0.6101592 8.5664148 169 207 216
-0.2175864 -0.4200971 8.6431599 169 207 216
-0.2196232 -0.4093779 8.6461830 169 207 216
-0.2129590 -0.4128837 8.6393013 169 207 216
-0.2133718 -0.4199683 8.6387014 169 207 216
-0.2247998 -0.4093167 8.6544266 169 207 216
-0.2252228 -0.4257912 8.6557732 169 207 216
-0.2284393 -0.4128399 8.6632538 169 207 216
-0.2221097 -0.4220711 8.6490889 169 207 216
-0.2301120 -0.4195022 8.6718721 169 207 216
-0.2280748 -0.4312451 8.6629553 169 207 216
-0.2297190 -0.4286201 8.6783314 169 207 216
-0.2289816 -0.4382667 8.6689320 169 207 216
-0.2290972 -0.4438901 8.6729488 169 207 216
-0.2288629 -0.4401123 8.6811180 169 207 216
-0.2232174 -0.4816948 8.6542406 169 207 216
-0.2263497 -0.4677037 8.6620502 169 207 216
-0.2282584 -0.4536121 8.6684523 169 207 216
-0.2085671 -0.4530062 8.6294413 169 207 216
-0.2146421 -0.4432168 8.6364069 169 207 216
-0.2190281 -0.4329070 8.6432161 169 207 216
-0.2232413 -0.4374633 8.6486387 169 207 216
-0.2192045 -0.4486346 8.6405554 169 207 216
-0.2142837 -0.4595579 8.6324177 169 207 216
-0.0725741 -0.4492304 8.5170937 169 207 216
-0.0902848 -0.4516747 8.5230598 169 207 216
-0.1871506 -0.4850886 8.6017914 169 207 216
-0.1935591 -0.4837673 8.6106310 169 207 216
-0.2002689 -0.4792261 8.6185246 169 207 216
-0.2079077 -0.4702446 8.6252756 169 207 216
-0.1988992 -0.4944618 8.6128473 169 207 216
-0.1903204 -0.4980086 8.6038513 169 207 216
-0.1808101 -0.4988160 8.5941324 169 207 216
-0.0898558 -0.4718100 8.5229025 169 207 216
-0.0547630 -0.4475352 8.5137196 169 207 216
-0.1388042 -0.5164763 8.7312241 169 207 216
-0.1551339 -0.5342449 8.7283134 169 207 216
-0.1745576 -0.5465287 8.7182798 169 207 216
-0.1889843 -0.5505916 8.6978607 169 207 216
-0.0110694 -0.6073393 8.5416269 169 207 216
-0.1944273 -0.2432530 8.6789656 169 207 216
-0.0376705 -0.3825329 8.5179234 169 207 216
-0.0389951 -0.4060290 8.5127649 169 207 216
-0.0337599 -0.3113981 8.5386906 169 207 216
-0.0347150 -0.3336500 8.5323076 169 207 216
-0.0753972 -0.2149078 8.5596685 169 207 216
-0.0548589 -0.2167010 8.5518732 169 207 216
-0.0526372 -0.2430596 8.5521765 169 207 216
-0.0374405 -0.1618157 8.5391521 169 207 216
-0.0347990 -0.1873597 8.5442305 169 207 216
-0.0310487 -0.2436723 8.5491390 169 207 216
-0.0299652 -0.2678136 8.5493860 169 207 216
-0.0555323 -0.3570918 8.5311441 169 207 216
-0.0557904 -0.4277723 8.5150299 169 207 216
-0.0393993 -0.4471456 8.5086813 169 207 216
-0.0381446 -0.4644156 8.5103531 169 207 216
-0.0372382 -0.4811142 8.5114288 169 207 216
-0.0347742 -0.4406876 8.7655821 169 207 216
-0.0398962 -0.4529314 8.7598829 169 207 216
-0.0258060 -0.4540299 8.7585440 169 207 216
-0.0212872 -0.4417202 8.7647057 169 207 216
-0.0593515 -0.4371864 8.7624416 169 207 216
-0.0652429 -0.4480557 8.7578945 169 207 216
-0.0530865 -0.4511501 8.7597017 169 207 216
-0.0477283 -0.4391671 8.7645149 169 207 216
-0.0762042 -0.4433737 8.7548208 169 207 216
-0.0700406 -0.4332871 8.7586584 169 207 216
-0.0304666 -0.4273182 8.7704678 169 207 216
-0.0430249 -0.4264624 8.7691431 169 207 216
-0.0173823 -0.4282506 8.7692165 169 207 216
-0.0641313 -0.4220926 8.7627363 169 207 216
-0.0541647 -0.4248613 8.7665138 169 207 216
-0.0035741 -0.6148800 8.7110329 169 207 216
-0.0076522 -0.6145093 8.7255926 169 207 216
-0.0102671 -0.6487727 8.7585545 169 207 216
-0.0096444 -0.6539619 8.7588654 169 207 216
0.0140431 -0.6143612 8.6949472 169 207 216
0.0172368 -0.6093537 8.6884031 169 207 216
-0.0050822 -0.6328328 8.7479067 169 207 216
-0.0040455 -0.6192619 8.7414684 169 207 216
-0.0099727 -0.6729571 8.7723227 169 207 216
-0.0093785 -0.6702161 8.7694283 169 207 216
-0.0092229 -0.6590278 8.7655106 169 207 216
-0.0086737 -0.6561221 8.7624807 169 207 216
0.0203238 -0.6044844 8.6812496 169 207 216
0.0096468 -0.6156313 8.7019777 169 207 216
0.0280911 -0.5931227 8.6692019 169 207 216
0.0311790 -0.5857006 8.6642284 169 207 216
0.0202369 -0.5783015 8.6654291 169 207 216
0.0222934 -0.5692893 8.6657858 169 207 216
0.0561546 -0.4426464 8.7273321 169 207 216
0.0444638 -0.4813859 8.7056026 169 207 216
0.0504715 -0.4713931 8.7149096 169 207 216
0.0409743 -0.4993000 8.6992502 169 207 216
0.0250615 -0.5591005 8.6700602 169 207 216
0.0242718 -0.5995731 8.6746635 169 207 216
-0.0073847 -0.6445204 8.7561636 169 207 216
-0.0059610 -0.6402427 8.7513685 169 207 216
-0.0092204 -0.6664504 8.7675753 169 207 216
-0.0092192 -0.6627501 8.7665024 169 207 216
0.0488110 -0.5300595 8.6765966 169 207 216
0.0534226 -0.5134701 8.6846638 169 207 216
0.0534574 -0.4574122 8.7215519 169 207 216
0.0702897 -0.4200219 8.7213326 169 207 216
0.0711140 -0.3948273 8.7245588 169 207 216
0.0445260 -0.5455225 8.6694899 169 207 216
0.0736870 -0.3708268 8.7301464 169 207 216
-0.1652773 0.0543949 8.6399202 169 207 216
-0.1588280 0.0698514 8.6145821 169 207 216
-0.1561738 0.0527372 8.5972223 169 207 216
-0.1627707 0.0407093 8.6151705 169 207 216
-0.1632514 -0.0032957 8.6336870 169 207 216
-0.1633866 -0.0313096 8.6383123 169 207 216
-0.1632200 -0.0609233 8.6417561 169 207 216
-0.1434309 0.0603398 8.5769358 169 207 216
-0.1282644 0.0401234 8.5477619 169 207 216
-0.1256489 0.0637586 8.5579376 169 207 216
-0.1613310 -0.0605313 8.6121035 169 207 216
-0.1621429 -0.0322859 8.6087122 169 207 216
-0.1607266 0.0315714 8.6000509 169 207 216
-0.1624944 0.0173529 8.6023903 169 207 216
-0.1655359 0.0218330 8.6267042 169 207 216
-0.1453579 0.0395806 8.5666552 169 207 216
-0.1554092 0.0362797 8.5859528 169 207 216
-0.0966591 -0.1256518 8.5500345 169 207 216
-0.1019703 -0.1045355 8.5450783 169 207 216
-0.0775074 -0.1046872 8.5319662 169 207 216
-0.1504463 -0.1323033 8.6195059 169 207 216
-0.1475911 -0.1092110 8.5939617 169 207 216
-0.0384202 0.0454560 8.5252914 169 207 216
-0.1569561 0.0173964 8.5812902 169 207 216
-0.1294580 0.0155967 8.5411215 169 207 216
-0.1460905 0.0169436 8.5607786 169 207 216
-0.1299670 -0.0601726 8.5465689 169 207 216
-0.1450589 -0.0598079 8.5647039 169 207 216
-0.1465480 -0.0336186 8.5601349 169 207 216
-0.1313477 -0.0356764 8.5414095 169 207 216
-0.1553129 -0.0596976 8.5860100 169 207 216
-0.1521340 -0.0858794 8.5899906 169 207 216
-0.1262882 -0.0833789 8.5522203 169 207 216
-0.1414527 -0.0846534 8.5691996 169 207 216
-0.1354565 -0.1070623 8.5747957 169 207 216
-0.1565306 -0.0320479 8.5823374 169 207 216
-0.1310451 -0.0095811 8.5387297 169 207 216
-0.1078234 -0.0104906 8.5225487 169 207 216
-0.0799203 -0.0127123 8.5133333 169 207 216
-0.0523171 -0.0134679 8.5061312 169 207 216
-0.0548966 -0.0378141 8.5031548 169 207 216
-0.1207709 -0.1060469 8.5585318 169 207 216
-0.1085722 -0.1474169 8.5673275 169 207 216
-0.1148295 -0.1270096 8.5642176 169 207 216
-0.0939032 -0.2144283 8.5714626 169 207 216
-0.0727520 0.2913021 8.7681236 169 207 216
0.0148228 0.1140151 8.6321087 169 207 216
0.0262307 0.1182141 8.6544352 169 207 216
-0.1223901 0.0207584 8.7570667 169 207 216
-0.1636252 0.0386326 8.6898909 169 207 216
-0.1653087 0.0281959 8.6566982 169 207 216
0.0353523 0.1164955 8.6983671 169 207 216
0.0316695 0.1071215 8.7248325 169 207 216
-0.0912504 0.0289664 8.7754526 169 207 216
-0.0324809 0.0683891 8.7765656 169 207 216
0.0327679 0.1194044 8.6749592 169 207 216
-0.1623309 -0.0056300 8.6060495 169 207 216
-0.1568523 -0.0053576 8.5811834 169 207 216
-0.1468925 -0.0077378 8.5590057 169 207 216
-0.1065556 0.0138428 8.5248451 169 207 216
-0.0776551 0.0107590 8.5142946 169 207 216
-0.0484351 0.0079759 8.5096502 169 207 216
0.0522471 0.0600301 8.7455263 169 207 216
0.0632621 0.0499882 8.7422705 169 207 216
0.0573644 0.0470624 8.7464247 169 207 216
0.0710421 0.0338604 8.7390337 169 207 216
0.0701604 0.0522837 8.7356939 169 207 216
0.0599093 0.0675720 8.7364750 169 207 216
0.0672835 0.0691678 8.7294235 169 207 216
0.0629373 0.0826560 8.7207336 169 207 216
-0.0030011 -0.0769581 8.7639408 169 207 216
-0.0277823 -0.0837778 8.7622089 169 207 216
0.0578056 -0.0675765 8.7535210 169 207 216
0.0401859 -0.0692958 8.7588577 169 207 216
-0.1045386 -0.1102612 8.7399693 169 207 216
0.0200882 -0.0721616 8.7625589 169 207 216
-0.0532690 -0.0922285 8.7580099 169 207 216
-0.0802460 -0.1009845 8.7510662 169 207 216
-0.0523344 -0.0842366 8.5114288 169 207 216
-0.0496843 -0.1078741 8.5183868 169 207 216
0.0732172 -0.0661910 8.7461510 169 207 216
-0.0004422 -0.6133846 8.7272053 169 207 216
0.0047062 -0.6140376 8.7126865 169 207 216
-0.0079785 -0.7926441 8.7990637 169 207 216
0.0140449 -0.6645586 8.5799522 169 207 216
-0.0102952 -0.7348623 8.7904625 169 207 216
-0.0079075 -0.6537553 8.7590971 169 207 216
-0.0110477 -0.6737425 8.7758760 169 207 216
0.0330102 -0.5777942 8.6600885 169 207 216
0.0350154 -0.5674574 8.6585131 169 207 216
0.0163421 0.1030175 8.6361942 169 207 216
0.0392681 -0.5570492 8.6629028 169 207 216
0.0082326 0.1024288 8.6245947 169 207 216
-0.0319714 -0.2878611 8.5441093 169 207 216
-0.1353860 0.7714483 8.6484070 169 207 216
-0.1402075 0.7684510 8.6334085 169 207 216
-0.1439622 0.7999465 8.6388311 169 207 216
-0.1372543 0.8021486 8.6527309 169 207 216
-0.1691757 0.7611331 8.6145744 169 207 216
-0.1555248 0.7640760 8.6170292 169 207 216
-0.1834609 0.7599531 8.6197071 169 207 216
-0.1928445 0.7609009 8.6312895 169 207 216
-0.1898992 0.7929225 8.6311302 169 207 216
-0.1833449 0.7923937 8.6188984 169 207 216
-0.1967111 0.7622150 8.6441135 169 207 216
-0.1968897 0.7955910 8.6564837 169 207 216
-0.1973433 0.7636642 8.6578789 169 207 216
-0.1915791 0.7657102 8.6764669 169 207 216
-0.1903122 0.7964324 8.6742172 169 207 216
-0.1777347 0.7713110 8.6917067 169 207 216
-0.1770771 0.8010279 8.6888332 169 207 216
-0.1597750 0.7753626 8.6947889 169 207 216
-0.1350144 0.7748817 8.6651421 169 207 216
-0.1345438 0.8044633 8.6692801 169 207 216
-0.1706576 0.7931855 8.6142797 169 207 216
-0.1585272 0.7961818 8.6190519 169 207 216
-0.1503070 0.7980821 8.6289644 169 207 216
-0.1469646 0.7664480 8.6234980 169 207 216
-0.1431693 0.8305346 8.6425352 169 207 216
-0.1320238 0.8311921 8.6562357 169 207 216
-0.1704006 0.8246939 8.6128044 169 207 216
-0.1594421 0.8270711 8.6239843 169 207 216
-0.1871139 0.8245782 8.6296473 169 207 216
-0.1834663 0.8234820 8.6156416 169 207 216
-0.2004921 0.8257885 8.6556273 169 207 216
-0.1951617 0.8251810 8.6418695 169 207 216
-0.1945185 0.7940129 8.6430607 169 207 216
-0.1931388 0.8266864 8.6732340 169 207 216
-0.1789914 0.8286397 8.6918955 169 207 216
-0.1300267 0.8316044 8.6751213 169 207 216
-0.1510958 0.8295107 8.6328812 169 207 216
-0.1344075 0.9357539 8.8449726 169 207 216
-0.1333935 0.9307779 8.8445101 169 207 216
-0.1287797 0.9306133 8.8435421 169 207 216
-0.1272760 0.9362656 8.8431759 169 207 216
-0.0900414 0.9381273 8.8417606 169 207 216
-0.0874628 0.9268622 8.8444834 169 207 216
-0.0800791 0.9282269 8.8388376 169 207 216
-0.0798539 0.9410449 8.8348598 169 207 216
-0.1074726 0.9378424 8.8460817 169 207 216
-0.1102912 0.9413505 8.8431053 169 207 216
-0.1153096 0.9413323 8.8443584 169 207 216
-0.1155287 0.9378780 8.8487911 169 207 216
-0.1688626 0.9294760 8.8233976 169 207 216
-0.1700034 0.9339631 8.8206511 169 207 216
-0.1750004 0.9336069 8.8207674 169 207 216
-0.1754832 0.9299093 8.8227835 169 207 216
-0.1472533 0.9346989 8.8358736 169 207 216
-0.1486055 0.9387369 8.8328142 169 207 216
-0.1533268 0.9380757 8.8333387 169 207 216
-0.1544042 0.9349191 8.8357754 169 207 216
-0.0995332 0.9198006 8.8230038 169 207 216
-0.0869703 0.9177843 8.8158255 169 207 216
-0.0819942 0.9246992 8.8291626 169 207 216
-0.0934075 0.9230225 8.8359680 169 207 216
-0.0775857 0.9341011 8.8221397 169 207 216
-0.0832945 0.9287484 8.8079996 169 207 216
-0.0905261 0.9378108 8.8077917 169 207 216
-0.0854770 0.9395981 8.8212261 169 207 216
-0.1009639 0.9382455 8.8151608 169 207 216
-0.0957204 0.9399035 8.8268709 169 207 216
-0.1055920 0.9316489 8.8227081 169 207 216
-0.1017270 0.9330072 8.8365469 169 207 216
-0.1248164 0.9300702 8.8307590 169 207 216
-0.1202559 0.9218327 8.8307180 169 207 216
-0.1166910 0.9275652 8.8425865 169 207 216
-0.1228668 0.9346610 8.8431158 169 207 216
-0.1091611 0.9229506 8.8284512 169 207 216
-0.1084501 0.9277744 8.8406353 169 207 216
-0.1056880 0.9339489 8.8249102 169 207 216
-0.1123925 0.9386405 8.8229332 169 207 216
-0.1101941 0.9405134 8.8356476 169 207 216
-0.1033064 0.9356165 8.8377781 169 207 216
-0.1216910 0.9377990 8.8256254 169 207 216
-0.1193793 0.9405730 8.8380251 169 207 216
-0.1405719 0.9210687 8.8301830 169 207 216
-0.1294886 0.9224912 8.8282890 169 207 216
-0.1287950 0.9278982 8.8377199 169 207 216
-0.1365112 0.9275234 8.8395319 169 207 216
-0.1245780 0.9363493 8.8350925 169 207 216
-0.1264437 0.9331086 8.8255310 169 207 216
-0.1327533 0.9376701 8.8244019 169 207 216
-0.1306090 0.9395964 8.8349209 169 207 216
-0.1422656 0.9364365 8.8268299 169 207 216
-0.1381997 0.9397075 8.8370972 169 207 216
-0.1454405 0.9283925 8.8307714 169 207 216
-0.1411895 0.9338001 8.8404570 169 207 216
-0.1659000 0.9268030 8.8231468 169 207 216
-0.1619594 0.9191970 8.8235559 169 207 216
-0.1575482 0.9256040 8.8316536 169 207 216
-0.1608331 0.9323368 8.8309155 169 207 216
-0.1526995 0.9202490 8.8238602 169 207 216
-0.1506655 0.9257412 8.8312798 169 207 216
-0.1456013 0.9306635 8.8297062 169 207 216
-0.1487099 0.9267788 8.8235445 169 207 216
-0.1527912 0.9352064 8.8200502 169 207 216
-0.1488546 0.9380143 8.8272963 169 207 216
-0.1623146 0.9348181 8.8200779 169 207 216
-0.1572466 0.9381396 8.8282948 169 207 216
-0.1834285 0.9176527 8.8128529 169 207 216
-0.1788739 0.9220710 8.8196898 169 207 216
-0.1813457 0.9280888 8.8183565 169 207 216
-0.1861832 0.9248393 8.8098249 169 207 216
-0.1745806 0.9176186 8.8148708 169 207 216
-0.1720026 0.9216503 8.8201017 169 207 216
-0.1680962 0.9266944 8.8181515 169 207 216
-0.1710973 0.9236873 8.8144188 169 207 216
-0.1729257 0.9323231 8.8101578 169 207 216
-0.1700441 0.9342124 8.8153419 169 207 216
-0.1812240 0.9313437 8.8088665 169 207 216
-0.1782551 0.9341093 8.8158970 169 207 216
-0.1093725 0.9171319 8.8111563 169 207 216
-0.0932410 0.9110814 8.8026867 169 207 216
-0.0839362 0.9406338 8.8310747 169 207 216
-0.0903904 0.9239413 8.7947197 169 207 216
-0.0897761 0.9408741 8.8342352 169 207 216
-0.1111666 0.9362396 8.8058653 169 207 216
-0.0983991 0.9345543 8.7952623 169 207 216
-0.1075940 0.9301734 8.8169127 169 207 216
-0.1138562 0.9317173 8.8484125 169 207 216
-0.1313946 0.9355464 8.8114605 169 207 216
-0.1276401 0.9300951 8.8207512 169 207 216
-0.1087583 0.9316757 8.8471031 169 207 216
-0.1285859 0.9176269 8.8159122 169 207 216
-0.1494319 0.9176213 8.8139553 169 207 216
-0.1301068 0.9402399 8.8409252 169 207 216
-0.1342901 0.9405025 8.8420610 169 207 216
-0.1522837 0.9342597 8.8116951 169 207 216
-0.1495999 0.9253731 8.8223677 169 207 216
-0.1538944 0.9298275 8.8360033 169 207 216
-0.1717365 0.9323798 8.8067961 169 207 216
-0.1711038 0.9234127 8.8151770 169 207 216
-0.1499157 0.9298140 8.8356256 169 207 216
-0.1709039 0.9147252 8.8095417 169 207 216
-0.1747347 0.9261283 8.8225632 169 207 216
-0.1866716 0.9306568 8.7995033 169 207 216
-0.1931125 0.9221926 8.7987680 169 207 216
-0.1710385 0.9255670 8.8231878 169 207 216
-0.1879281 0.9133765 8.8028793 169 207 216
-0.1390479 0.8059137 8.6838741 169 207 216
-0.1389336 0.7772255 8.6793108 169 207 216
-0.1474004 0.7777519 8.6894712 169 207 216
-0.1488342 0.8060496 8.6931829 169 207 216
-0.1609100 0.8043084 8.6951675 169 207 216
-0.1362818 0.8315593 8.6915941 169 207 216
-0.1484374 0.8307127 8.7009411 169 207 216
-0.1619211 0.8307116 8.7002659 169 207 216
-0.1987819 0.8508514 8.6719503 169 207 216
-0.2048567 0.8493948 8.6525879 169 207 216
-0.1956434 0.8491668 8.6386423 169 207 216
-0.1894582 0.8486034 8.6246395 169 207 216
-0.1847644 0.8474749 8.6103268 169 207 216
-0.1297533 0.8550880 8.6805573 169 207 216
-0.1339056 0.8517064 8.7016573 169 207 216
-0.1463615 0.8491197 8.7135115 169 207 216
-0.1638650 0.8504220 8.7112780 169 207 216
-0.0963431 0.9027535 8.7856922 169 207 216
-0.1143371 0.9014548 8.7938614 169 207 216
-0.1179241 0.8894006 8.7740707 169 207 216
-0.1045557 0.8998792 8.7648344 169 207 216
-0.1331706 0.9050721 8.7967358 169 207 216
-0.1379322 0.8897429 8.7772512 169 207 216
-0.1533902 0.9063461 8.7953444 169 207 216
-0.1576258 0.8933935 8.7753248 169 207 216
-0.1738536 0.9071949 8.7913971 169 207 216
-0.1763949 0.8981204 8.7708178 169 207 216
-0.1920252 0.9093148 8.7871733 169 207 216
-0.1940026 0.9045335 8.7656536 169 207 216
-0.2010092 0.9194967 8.7840242 169 207 216
-0.2048899 0.9160875 8.7624378 169 207 216
-0.0936180 0.9205893 8.7772150 169 207 216
-0.1032542 0.9167891 8.7574186 169 207 216
-0.1045707 0.9338474 8.7770109 169 207 216
-0.1140881 0.9314898 8.7578850 169 207 216
-0.1216060 0.9336351 8.7822123 169 207 216
-0.1304064 0.9316705 8.7616014 169 207 216
-0.1999419 0.9292749 8.7629309 169 207 216
-0.1939551 0.9309357 8.7842131 169 207 216
-0.1415347 0.9327929 8.7850990 169 207 216
-0.1498534 0.9299431 8.7638702 169 207 216
-0.1612419 0.9329275 8.7858658 169 207 216
-0.1688384 0.9307560 8.7642097 169 207 216
-0.1789081 0.9326406 8.7851105 169 207 216
-0.1857280 0.9313096 8.7635727 169 207 216
-0.1221129 0.8799486 8.7487679 169 207 216
-0.1414921 0.8740486 8.7550278 169 207 216
-0.1604814 0.8790839 8.7518673 169 207 216
-0.1786267 0.8872337 8.7456026 169 207 216
-0.1952772 0.8990576 8.7392206 169 207 216
-0.2069228 0.9123677 8.7365541 169 207 216
-0.1865705 0.8735800 8.7171316 169 207 216
-0.1980205 0.8962620 8.7107353 169 207 216
-0.2063408 0.9113369 8.7096090 169 207 216
-0.2066699 0.9097409 8.6837740 169 207 216
-0.2028764 0.8940520 8.6841650 169 207 216
-0.2070013 0.8932104 8.6399736 169 207 216
-0.2053924 0.8926418 8.6598463 169 207 216
-0.2099822 0.9084884 8.6593313 169 207 216
-0.2118121 0.9106839 8.6383305 169 207 216
-0.1969685 0.8738708 8.6890717 169 207 216
-0.2008256 0.8721105 8.6651030 169 207 216
-0.2007951 0.8710895 8.6461039 169 207 216
-0.2023824 0.9108824 8.6096478 169 207 216
-0.2016674 0.8920357 8.6104145 169 207 216
-0.2058055 0.8933204 8.6249514 169 207 216
-0.2098192 0.9114184 8.6229563 169 207 216
-0.1859103 0.9123302 8.5994482 169 207 216
-0.1871063 0.8932303 8.5982838 169 207 216
-0.1661185 0.8957199 8.6027479 169 207 216
-0.1653341 0.9139656 8.6020288 169 207 216
-0.1956802 0.8694496 8.6178541 169 207 216
-0.1977705 0.8709637 8.6314955 169 207 216
-0.1860316 0.8695871 8.6051722 169 207 216
-0.1674005 0.8714538 8.6081905 169 207 216
-0.1533068 0.8963299 8.6191998 169 207 216
-0.1568657 0.8733939 8.6226540 169 207 216
-0.1515242 0.9144883 8.6177273 169 207 216
-0.1138564 0.8970364 8.7401886 169 207 216
-0.1161443 0.9112401 8.7355595 169 207 216
-0.1637363 0.8633252 8.7305326 169 207 216
-0.1437180 0.8603455 8.7326088 169 207 216
-0.1274029 0.8694639 8.7175636 169 207 216
-0.1208391 0.8932946 8.7124243 169 207 216
-0.1265462 0.9091955 8.7096195 169 207 216
-0.1263555 0.8947561 8.6856194 169 207 216
-0.1336715 0.9093353 8.6852303 169 207 216
-0.1255206 0.9224310 8.7354240 169 207 216
-0.1363677 0.9172074 8.7100763 169 207 216
-0.1424869 0.9170709 8.6857185 169 207 216
-0.1333806 0.8956684 8.6638632 169 207 216
-0.1379603 0.9106104 8.6635151 169 207 216
-0.1413090 0.8955188 8.6471415 169 207 216
-0.1420783 0.9119116 8.6463766 169 207 216
-0.1457631 0.9133354 8.6323109 169 207 216
-0.1472889 0.8959901 8.6338882 169 207 216
-0.1426526 0.8750346 8.6465769 169 207 216
-0.1495804 0.8742757 8.6350765 169 207 216
-0.1341510 0.8755900 8.6632156 169 207 216
-0.1277092 0.8742555 8.6861858 169 207 216
-0.2034077 0.9262953 8.7370644 169 207 216
-0.2043817 0.9234059 8.7101946 169 207 216
-0.2038723 0.9210604 8.6841440 169 207 216
-0.2059282 0.9219512 8.6594772 169 207 216
-0.2056081 0.9238399 8.6394377 169 207 216
-0.2026577 0.9241164 8.6258221 169 207 216
-0.1960733 0.9232978 8.6143541 169 207 216
-0.1824525 0.9226434 8.6072817 169 207 216
-0.1677918 0.9237026 8.6087151 169 207 216
-0.1570726 0.9253600 8.6207781 169 207 216
-0.1512543 0.9260465 8.6334181 169 207 216
-0.1455187 0.9204434 8.6638584 169 207 216
-0.1473582 0.9245902 8.6469469 169 207 216
-0.1319992 0.8555573 8.6599751 169 207 216
-0.1408883 0.8545036 8.6439676 169 207 216
-0.1494146 0.8529162 8.6344328 169 207 216
-0.1686573 0.8490144 8.6122313 169 207 216
-0.1585201 0.8511488 8.6253567 169 207 216
-0.1399914 0.9269632 8.7369566 169 207 216
-0.1582549 0.9266185 8.7385874 169 207 216
-0.1761240 0.9277351 8.7386389 169 207 216
-0.1914464 0.9288470 8.7378788 169 207 216
-0.1945998 0.9268321 8.7109365 169 207 216
-0.1811073 0.9259895 8.7111921 169 207 216
-0.1643824 0.9252384 8.7108316 169 207 216
-0.1484477 0.9220794 8.7107468 169 207 216
-0.1948252 0.9260781 8.6850624 169 207 216
-0.1827745 0.9261899 8.6856661 169 207 216
-0.1674920 0.9257426 8.6847668 169 207 216
-0.1532779 0.9231569 8.6856546 169 207 216
-0.1552607 0.9269500 8.6633215 169 207 216
-0.1682131 0.9281722 8.6615629 169 207 216
-0.1822899 0.9277987 8.6623068 169 207 216
-0.1943352 0.9269748 8.6608753 169 207 216
-0.1936441 0.9276714 8.6420250 169 207 216
-0.1818094 0.9281656 8.6441879 169 207 216
-0.1689854 0.9289289 8.6442900 169 207 216
-0.1577704 0.9286788 8.6461315 169 207 216
-0.1920288 0.9275804 8.6303711 169 207 216
-0.1804108 0.9268154 8.6152372 169 207 216
-0.1881571 0.9271218 8.6213608 169 207 216
-0.1708473 0.9279548 8.6155367 169 207 216
-0.1644678 0.9286697 8.6243639 169 207 216
-0.1605208 0.9290956 8.6345806 169 207 216
-0.1718359 0.9283658 8.6262836 169 207 216
-0.1703276 0.9287196 8.6341515 169 207 216
-0.1816413 0.9279875 8.6334705 169 207 216
-0.1806809 0.9276513 8.6257410 169 207 216
-0.1738334 0.9278967 8.6205826 169 207 216
-0.1783417 0.9275185 8.6204453 169 207 216
-0.1819476 0.8540938 8.6953611 169 207 216
-0.0033321 -0.6230341 8.5492401 169 207 216
-0.0307474 -0.5419248 8.5194969 169 207 216
-0.0805723 0.4768827 8.7150469 169 207 216
-0.0918186 0.4797295 8.7278118 169 207 216
-0.1053551 0.4765972 8.7357826 169 207 216
-0.0585097 0.0351771 8.7805471 169 207 216
-0.0066197 -0.2178704 8.7772999 169 207 216
-0.0104889 -0.2705420 8.7783852 169 207 216
-0.0081511 -0.2430980 8.7772465 169 207 216
-0.0622039 0.0626007 8.7832451 169 207 216
-0.0795057 -0.2971996 8.7523651 169 207 216
-0.0444273 0.0265456 8.5147676 169 207 216
-0.0357705 -0.4973530 8.5122366 169 207 216
-0.0460931 -0.4662329 8.7544794 169 207 216
-0.0540817 -0.0617924 8.5068398 169 207 216
-0.0618063 -0.7533729 8.6696167 169 207 216
-0.0590672 -0.7526114 8.6680517 169 207 216
-0.0582287 -0.7493860 8.6657324 169 207 216
-0.0556975 -0.7497385 8.6617031 169 207 216
-0.0540830 -0.7500558 8.6580067 169 207 216
-0.0547269 -0.7498881 8.6552162 169 207 216
-0.0591313 -0.7507865 8.6635361 169 207 216
-0.0566481 -0.7547867 8.6627808 169 207 216
-0.0588542 -0.7527446 8.6654072 169 207 216
-0.0600429 -0.7519970 8.6658058 169 207 216
0.0571713 -0.4956904 8.6908073 169 207 216
0.0608089 -0.4793027 8.6972446 169 207 216
0.0646959 -0.4696092 8.7071829 169 207 216
0.0664661 -0.4544231 8.7126484 169 207 216
-0.0079977 -0.6487045 8.7590284 169 207 216
0.0778150 -0.1523975 8.7568960 169 207 216
0.0783117 -0.1685354 8.7567730 169 207 216
-0.0324596 -0.2176012 8.5478802 169 207 216
0.0745836 -0.1073073 8.7524500 169 207 216
0.0809727 -0.1864514 8.7599401 169 207 216
-0.0365625 -0.3582852 8.5243692 169 207 216
0.0691565 -0.4389742 8.7171564 169 207 216
0.0741593 -0.0877960 8.7503386 169 207 216
-0.0392587 -0.4276370 8.5095940 169 207 216
0.0817410 -0.2109426 8.7597675 169 207 216
0.0701217 0.0112447 8.7392054 169 207 216
0.0822245 -0.2914989 8.7559414 169 207 216
0.0366429 -0.7665995 8.7906151 169 207 216
0.0508513 -0.7611362 8.7816830 169 207 216
0.0435962 -0.7490516 8.7858582 169 207 216
0.0298179 -0.7507646 8.7925119 169 207 216
0.0384905 -0.7384992 8.7885971 169 207 216
0.0266324 -0.7385039 8.7926769 169 207 216
0.0602860 -0.7541362 8.7705431 169 207 216
0.0529077 -0.7454162 8.7767382 169 207 216
0.0622710 -0.7147368 8.7577963 169 207 216
0.0599376 -0.7233300 8.7608938 169 207 216
0.0676955 -0.7237481 8.7534571 169 207 216
0.0691129 -0.7126977 8.7485123 169 207 216
0.0624822 -0.6898791 8.7466927 169 207 216
0.0675967 -0.6852938 8.7337656 169 207 216
0.0598247 -0.6740917 8.7389040 169 207 216
0.0544917 -0.6800450 8.7501583 169 207 216
0.0165012 -0.6887481 8.7684984 169 207 216
0.0201568 -0.6948849 8.7698088 169 207 216
0.0261340 -0.6891890 8.7687969 169 207 216
0.0219303 -0.6821858 8.7669706 169 207 216
0.0061561 -0.6975276 8.7753849 169 207 216
0.0001937 -0.6989543 8.7816229 169 207 216
0.0020159 -0.7058969 8.7790337 169 207 216
0.0082847 -0.7034626 8.7740479 169 207 216
0.0112201 -0.6832298 8.7660313 169 207 216
0.0169594 -0.6767757 8.7641401 169 207 216
0.0091281 -0.6891342 8.7714834 169 207 216
0.0116671 -0.6941884 8.7707720 169 207 216
0.0031655 -0.6796578 8.7795506 169 207 216
-0.0011149 -0.6787281 8.7832823 169 207 216
-0.0004854 -0.6843402 8.7855768 169 207 216
0.0046300 -0.6850519 8.7799520 169 207 216
0.0088231 -0.6815342 8.7705832 169 207 216
0.0048223 -0.6777644 8.7708101 169 207 216
0.0054123 -0.6793280 8.7750158 169 207 216
0.0078010 -0.6839108 8.7745266 169 207 216
0.0046186 -0.6912878 8.7774086 169 207 216
-0.0006909 -0.6918603 8.7839375 169 207 216
-0.0065474 -0.6912329 8.7898560 169 207 216
-0.0069199 -0.6820052 8.7905340 169 207 216
0.0343000 -0.6703862 8.7596722 169 207 216
0.0287258 -0.6659777 8.7596407 169 207 216
0.0232224 -0.6710740 8.7624731 169 207 216
0.0283175 -0.6761583 8.7641163 169 207 216
0.0065469 -0.6762404 8.7661600 169 207 216
0.0098365 -0.6597937 8.7633753 169 207 216
0.0033219 -0.6600641 8.7656364 169 207 216
0.0031568 -0.6641428 8.7668142 169 207 216
0.0103470 -0.6639388 8.7645798 169 207 216
0.0427543 -0.6587358 8.7475281 169 207 216
0.0445418 -0.6519493 8.7407894 169 207 216
0.0363235 -0.6497581 8.7462530 169 207 216
0.0356857 -0.6554610 8.7509823 169 207 216
0.0348466 -0.6440918 8.7422132 169 207 216
0.0433365 -0.6444994 8.7345848 169 207 216
0.0338418 -0.6283876 8.7291908 169 207 216
0.0251211 -0.6321551 8.7398033 169 207 216
0.0307265 -0.6384321 8.7400122 169 207 216
0.0397439 -0.6367506 8.7308655 169 207 216
0.0107754 -0.6352900 8.7471476 169 207 216
0.0179350 -0.6260194 8.7413797 169 207 216
0.0103110 -0.6212277 8.7431412 169 207 216
0.0045424 -0.6333599 8.7480011 169 207 216
0.0101944 -0.6550322 8.7576275 169 207 216
0.0096617 -0.6568718 8.7608967 169 207 216
0.0146365 -0.6567788 8.7586689 169 207 216
0.0147599 -0.6553060 8.7562475 169 207 216
0.0198680 -0.6554184 8.7548094 169 207 216
0.0195546 -0.6558442 8.7557411 169 207 216
0.0212068 -0.6565344 8.7562943 169 207 216
0.0218408 -0.6553191 8.7545595 169 207 216
0.0176131 -0.6553818 8.7552948 169 207 216
0.0186902 -0.6544529 8.7543812 169 207 216
0.0160753 -0.6534083 8.7546511 169 207 216
0.0120671 -0.6519161 8.7562265 169 207 216
-0.0026794 -0.6488901 8.7594233 169 207 216
-0.0035519 -0.6539658 8.7596798 169 207 216
-0.0001306 -0.6541553 8.7594261 169 207 216
0.0015005 -0.6492944 8.7593222 169 207 216
0.0189927 -0.6577088 8.7582808 169 207 216
0.0153004 -0.6588850 8.7605705 169 207 216
0.0165740 -0.6620374 8.7619696 169 207 216
0.0210879 -0.6597090 8.7593536 169 207 216
0.0242819 -0.6626011 8.7597971 169 207 216
0.0277928 -0.6587859 8.7564039 169 207 216
0.0238283 -0.6574085 8.7566833 169 207 216
0.0209806 -0.6537505 8.7531834 169 207 216
0.0251219 -0.6550584 8.7539949 169 207 216
0.0245918 -0.6524615 8.7515965 169 207 216
0.0221774 -0.6495607 8.7505283 169 207 216
0.0184383 -0.6517273 8.7530966 169 207 216
0.0143944 -0.6494021 8.7541895 169 207 216
0.0180961 -0.6464039 8.7507658 169 207 216
0.0125285 -0.6433976 8.7516336 169 207 216
0.0090378 -0.6468557 8.7557812 169 207 216
0.0190359 -0.6662194 8.7626171 169 207 216
0.0297284 -0.6547852 8.7530375 169 207 216
0.0328291 -0.6609173 8.7554502 169 207 216
0.0297477 -0.6506331 8.7495365 169 207 216
0.0276911 -0.6466385 8.7471724 169 207 216
0.0176655 -0.6384826 8.7465105 169 207 216
0.0234869 -0.6424432 8.7462320 169 207 216
0.0259280 -0.6205957 8.7295475 169 207 216
0.0164724 -0.6152031 8.7297211 169 207 216
0.0345630 -0.7322832 8.7859478 169 207 216
0.0250746 -0.7333411 8.7870808 169 207 216
0.0361210 -0.7261150 8.7799311 169 207 216
0.0317618 -0.7263540 8.7816505 169 207 216
0.0322027 -0.7290139 8.7825718 169 207 216
0.0379123 -0.7285665 8.7804108 169 207 216
0.0527121 -0.7238319 8.7655096 169 207 216
0.0549196 -0.7176920 8.7632666 169 207 216
0.0480727 -0.7211665 8.7671423 169 207 216
0.0469053 -0.7245449 8.7694330 169 207 216
0.0390732 -0.7118140 8.7695103 169 207 216
0.0360937 -0.7180278 8.7728672 169 207 216
0.0397611 -0.7192955 8.7718000 169 207 216
0.0440778 -0.7137461 8.7680006 169 207 216
0.0320329 -0.7173042 8.7737160 169 207 216
0.0338389 -0.7115483 8.7708597 169 207 216
0.0285315 -0.7123365 8.7718506 169 207 216
0.0276750 -0.7173343 8.7742424 169 207 216
0.0249157 -0.7297251 8.7836065 169 207 216
0.0259137 -0.7267840 8.7821531 169 207 216
0.0197076 -0.7271920 8.7800064 169 207 216
0.0175898 -0.7303944 8.7817020 169 207 216
0.0112985 -0.7240617 8.7706680 169 207 216
0.0079784 -0.7234069 8.7713146 169 207 216
0.0080559 -0.7269691 8.7736702 169 207 216
0.0119839 -0.7257648 8.7725868 169 207 216
0.0128111 -0.7219585 8.7707968 169 207 216
0.0105662 -0.7201010 8.7706251 169 207 216
0.0292329 -0.7878476 8.7948904 169 207 216
0.0443300 -0.7828647 8.7863989 169 207 216
0.0214567 -0.7688116 8.7965574 169 207 216
0.0602025 -0.7734772 8.7763014 169 207 216
0.0673545 -0.7644562 8.7623463 169 207 216
0.0635743 -0.6676811 8.7283525 169 207 216
0.0539294 -0.6580113 8.7345810 169 207 216
0.0510330 -0.6651421 8.7432852 169 207 216
0.0642861 -0.6597755 8.7178068 169 207 216
0.0535836 -0.6494462 8.7263746 169 207 216
0.0432058 -0.6311039 8.7134590 169 207 216
0.0504572 -0.6401756 8.7187195 169 207 216
0.0736869 -0.6740777 8.7089043 169 207 216
0.0723248 -0.6687847 8.6964397 169 207 216
0.0616396 -0.6518683 8.7058830 169 207 216
0.0786743 -0.6870221 8.6901512 169 207 216
0.0788653 -0.6864246 8.6782122 169 207 216
0.0710021 -0.6639860 8.6790848 169 207 216
0.0581376 -0.6281337 8.6663513 169 207 216
0.0697569 -0.6371030 8.6556330 169 207 216
0.0709839 -0.6272306 8.6444130 169 207 216
0.0619355 -0.6196364 8.6577415 169 207 216
0.0725334 -0.6806737 8.7203989 169 207 216
0.0718106 -0.7365024 8.7501965 169 207 216
0.0751796 -0.7246962 8.7426157 169 207 216
0.0638512 -0.7334577 8.7598696 169 207 216
0.0782379 -0.8012856 8.7526531 169 207 216
0.0855723 -0.7853329 8.7441568 169 207 216
0.0781045 -0.7750570 8.7545786 169 207 216
0.0690638 -0.7879285 8.7671881 169 207 216
0.0466566 -0.8312755 8.7688484 169 207 216
0.0652782 -0.8183526 8.7628117 169 207 216
0.0546426 -0.8000115 8.7776756 169 207 216
0.0368323 -0.8102314 8.7873201 169 207 216
0.0937218 -0.7934823 8.7311821 169 207 216
0.0873246 -0.8117219 8.7372780 169 207 216
0.0949583 -0.8163192 8.7158632 169 207 216
0.0998928 -0.7980632 8.7162676 169 207 216
0.0756119 -0.8313969 8.7403889 169 207 216
0.0851578 -0.8384012 8.7138777 169 207 216
0.0816583 -0.6936051 8.6678095 169 207 216
0.0782072 -0.6751877 8.6605740 169 207 216
0.0761177 -0.6596304 8.6520920 169 207 216
0.0683820 -0.6493787 8.6669397 169 207 216
0.0670566 -0.8560318 8.7090950 169 207 216
0.0572226 -0.8477780 8.7417011 169 207 216
0.0991094 -0.7920618 8.6619043 169 207 216
0.1027158 -0.7775486 8.6715002 169 207 216
0.1036057 -0.7878251 8.6868839 169 207 216
0.1001082 -0.8047184 8.6778612 169 207 216
0.0909050 -0.8049898 8.6517363 169 207 216
0.0892756 -0.8236399 8.6680183 169 207 216
0.0865110 -0.7382238 8.6327963 169 207 216
0.0794079 -0.7466943 8.6197844 169 207 216
0.0668357 -0.7276536 8.6186008 169 207 216
0.0749602 -0.7183368 8.6287432 169 207 216
0.0470666 -0.7368078 8.7818384 169 207 216
0.0526743 -0.7345138 8.7740126 169 207 216
0.0463701 -0.7300225 8.7766676 169 207 216
0.0416811 -0.7312998 8.7819242 169 207 216
0.0665013 -0.7464197 8.7604227 169 207 216
0.0595222 -0.7402407 8.7673044 169 207 216
0.0826114 -0.7630128 8.7438240 169 207 216
0.0901387 -0.7713922 8.7357960 169 207 216
0.1020783 -0.7834442 8.7138472 169 207 216
0.0970487 -0.7788165 8.7256889 169 207 216
0.1041228 -0.7664665 8.6786413 169 207 216
0.1050878 -0.7731082 8.6891174 169 207 216
0.0836109 -0.7066745 8.6563969 169 207 216
0.0792299 -0.7129439 8.6396618 169 207 216
0.0725830 -0.6943966 8.6339169 169 207 216
0.0784907 -0.6862600 8.6466026 169 207 216
0.0581867 -0.7075777 8.6143551 169 207 216
0.0650097 -0.7009467 8.6224365 169 207 216
0.0725954 -0.6559349 8.6254597 169 207 216
0.0662362 -0.6635492 8.6126575 169 207 216
0.0652133 -0.6504837 8.5995340 169 207 216
0.0704935 -0.6439489 8.6134634 169 207 216
0.0556980 -0.6549114 8.5880404 169 207 216
0.0576312 -0.6689494 8.6016808 169 207 216
0.0477980 -0.6723416 8.5930929 169 207 216
0.0442503 -0.6567596 8.5803461 169 207 216
0.0387398 -0.6079906 8.6743536 169 207 216
0.0496021 -0.6134819 8.6670027 169 207 216
0.0535830 -0.6062839 8.6598387 169 207 216
0.0418880 -0.6023017 8.6670475 169 207 216
0.0693440 -0.6335863 8.5998631 169 207 216
0.0647407 -0.6412113 8.5849915 169 207 216
0.0907427 -0.7295240 8.6442003 169 207 216
0.0909054 -0.7291209 8.6592274 169 207 216
0.0547647 -0.6440498 8.5731077 169 207 216
0.0683252 -0.6781751 8.6235323 169 207 216
0.0602166 -0.6839502 8.6134043 169 207 216
0.0512259 -0.7124906 8.6059160 169 207 216
0.0592653 -0.7331254 8.6086912 169 207 216
0.0143569 -0.6998491 8.7708368 169 207 216
0.0184718 -0.7155926 8.7720356 169 207 216
0.0141558 -0.7176199 8.7713270 169 207 216
0.0151733 -0.7204792 8.7721262 169 207 216
0.0188878 -0.7190721 8.7732353 169 207 216
0.0017606 -0.7485424 8.7970753 169 207 216
0.0155963 -0.7506841 8.7975674 169 207 216
0.0139424 -0.7368326 8.7940063 169 207 216
0.0010498 -0.7340834 8.7906570 169 207 216
0.0470038 -0.6887875 8.7620611 169 207 216
0.0403517 -0.6776023 8.7602873 169 207 216
0.0329910 -0.6833322 8.7659864 169 207 216
0.0361349 -0.6927696 8.7678728 169 207 216
0.0432729 -0.7246801 8.7721071 169 207 216
0.0417491 -0.7253740 8.7748690 169 207 216
0.0446418 -0.7266512 8.7733059 169 207 216
0.0392567 -0.6646831 8.7540207 169 207 216
0.0465045 -0.6712760 8.7522306 169 207 216
0.0754156 -0.7119212 8.7355223 169 207 216
0.0567987 -0.7300981 8.7664433 169 207 216
0.0257517 -0.8395370 8.7724190 169 207 216
0.0178404 -0.8160449 8.7913208 169 207 216
0.0348475 -0.8581048 8.7424536 169 207 216
0.0465401 -0.8691953 8.7077236 169 207 216
0.0797635 -0.8408180 8.6597166 169 207 216
0.0716131 -0.8553736 8.6453180 169 207 216
0.0612389 -0.8318013 8.6333780 169 207 216
0.0774180 -0.8201944 8.6430616 169 207 216
0.0709335 -0.7543700 8.6076651 169 207 216
0.0383132 -0.6761180 8.5891151 169 207 216
0.0342167 -0.6590117 8.5789242 169 207 216
0.0113386 -0.7906023 8.7977448 169 207 216
0.0057525 -0.7691382 8.7991362 169 207 216
0.0745371 -0.7530224 8.7503281 169 207 216
0.0613773 -0.7058327 8.7567768 169 207 216
0.0565301 -0.6968573 8.7580757 169 207 216
0.0509378 -0.7053602 8.7651587 169 207 216
0.0545683 -0.7113088 8.7633171 169 207 216
0.0674482 -0.7013372 8.7455730 169 207 216
0.0732496 -0.6982601 8.7314186 169 207 216
0.0790607 -0.6968073 8.7143354 169 207 216
0.0799300 -0.6896421 8.7013702 169 207 216
0.0986598 -0.8162171 8.6954508 169 207 216
0.1028141 -0.7974827 8.7006445 169 207 216
0.0771142 -0.8547870 8.6809797 169 207 216
0.0960977 -0.8368992 8.6899586 169 207 216
0.1034261 -0.7852445 8.7008514 169 207 216
0.0588052 -0.8742300 8.6744585 169 207 216
0.0027529 -0.6688024 8.7673807 169 207 216
0.0010273 -0.6731071 8.7684546 169 207 216
0.0111974 -0.6703906 8.7647409 169 207 216
0.0037473 -0.6452847 8.7565079 169 207 216
0.0067157 -0.6413264 8.7520494 169 207 216
0.0013649 -0.6403748 8.7519035 169 207 216
-0.0011286 -0.6447197 8.7566500 169 207 216
0.0217195 -0.6163813 8.7136822 169 207 216
0.0325127 -0.6224588 8.7131796 169 207 216
0.0348084 -0.6126611 8.6823912 169 207 216
0.0463008 -0.6192538 8.6756525 169 207 216
-0.0007385 -0.6791251 8.7762537 169 207 216
0.0000508 -0.6793251 8.7739935 169 207 216
-0.0020880 -0.6797961 8.7742958 169 207 216
-0.0024826 -0.6794388 8.7763329 169 207 216
0.0179965 -0.6566161 8.7570181 169 207 216
-0.0021619 -0.6596917 8.7661572 169 207 216
-0.0011742 -0.6568291 8.7633801 169 207 216
-0.0044735 -0.6564410 8.7631445 169 207 216
-0.0052944 -0.6592182 8.7660437 169 207 216
0.0545846 -0.6408126 8.6936626 169 207 216
0.0557655 -0.6364870 8.6774540 169 207 216
0.0729011 -0.6358856 8.6288376 169 207 216
0.0748418 -0.6466891 8.6407566 169 207 216
0.0750517 -0.6701856 8.6369448 169 207 216
0.0534132 -0.6884042 8.6044626 169 207 216
0.0449026 -0.6936822 8.5981483 169 207 216
0.0350360 -0.6977183 8.5943136 169 207 216
0.0419197 -0.7167885 8.5982180 169 207 216
0.0389841 -0.6256622 8.6977549 169 207 216
0.0433128 -0.6246115 8.6855392 169 207 216
0.0314697 -0.6175677 8.6904526 169 207 216
0.0267270 -0.6187813 8.7003479 169 207 216
-0.0067012 -0.6763811 8.7752705 169 207 216
-0.0051519 -0.6761868 8.7730198 169 207 216
-0.0070910 -0.6737578 8.7723265 169 207 216
-0.0083342 -0.6745657 8.7758446 169 207 216
0.0015782 -0.6781758 8.7721424 169 207 216
-0.0001605 -0.6757057 8.7700214 169 207 216
-0.0007053 -0.6778004 8.7708883 169 207 216
0.0020496 -0.6785166 8.7743998 169 207 216
0.0007603 -0.6787554 8.7772722 169 207 216
-0.0052761 -0.6776828 8.7805967 169 207 216
-0.0070378 -0.6761215 8.7854557 169 207 216
-0.0018801 -0.6782117 8.7797852 169 207 216
-0.0046320 -0.6783868 8.7749166 169 207 216
-0.0038527 -0.6780294 8.7727327 169 207 216
-0.0015215 -0.6795022 8.7719879 169 207 216
0.0003511 -0.6792241 8.7725906 169 207 216
-0.0045191 -0.6786034 8.7786398 169 207 216
-0.0023733 -0.6788747 8.7778463 169 207 216
-0.0059206 -0.6994020 8.7873497 169 207 216
0.0254073 -0.6100982 8.6863508 169 207 216
0.0213962 -0.6145033 8.6931305 169 207 216
0.0190228 -0.6556524 8.7551069 169 207 216
0.0152567 -0.7334099 8.7861376 169 207 216
0.0439453 -0.7020669 8.7676144 169 207 216
0.0223660 -0.7015693 8.7702913 169 207 216
0.0231226 -0.7079360 8.7708864 169 207 216
0.0293650 -0.7051859 8.7703829 169 207 216
0.0285626 -0.6971648 8.7694912 169 207 216
0.0070669 -0.7310289 8.7826252 169 207 216
0.0030082 -0.7267020 8.7776003 169 207 216
-0.0024231 -0.7256243 8.7831974 169 207 216
0.0033596 -0.7210177 8.7747231 169 207 216
0.0071852 -0.7168159 8.7719288 169 207 216
0.0042621 -0.7120663 8.7757902 169 207 216
-0.0019977 -0.7166986 8.7811251 169 207 216
0.0416456 -0.7275434 8.7771158 169 207 216
0.0392523 -0.7256948 8.7774696 169 207 216
0.0102248 -0.7088498 8.7723312 169 207 216
0.0123014 -0.7136531 8.7710094 169 207 216
0.0175573 -0.7108254 8.7710924 169 207 216
0.0162860 -0.7053852 8.7706814 169 207 216
0.0361118 -0.7028455 8.7691679 169 207 216
0.0500371 -0.7278668 8.7705545 169 207 216
0.0471357 -0.7171444 8.7669058 169 207 216
0.0876658 -0.7178837 8.6721449 169 207 216
0.0939074 -0.7301795 8.6724701 169 207 216
0.0854793 -0.7037286 8.6891203 169 207 216
0.0865882 -0.7072222 8.6869030 169 207 216
0.0810725 -0.7010906 8.6822805 169 207 216
0.0818970 -0.6990570 8.6878138 169 207 216
0.1011693 -0.7580807 8.6989765 169 207 216
0.0986592 -0.7565404 8.7024107 169 207 216
0.0997217 -0.7615904 8.7067995 169 207 216
0.1018936 -0.7644144 8.6995325 169 207 216
0.0969963 -0.7560507 8.7098837 169 207 216
0.0966400 -0.7531221 8.7081146 169 207 216
0.0955461 -0.7513059 8.7107620 169 207 216
0.0961934 -0.7580220 8.7133818 169 207 216
0.0926870 -0.7523564 8.7188997 169 207 216
0.0922655 -0.7600335 8.7274885 169 207 216
0.0980197 -0.7665545 8.7199488 169 207 216
0.0791945 -0.7402803 8.7363319 169 207 216
0.0857543 -0.7520450 8.7323713 169 207 216
0.0878073 -0.7447050 8.7207718 169 207 216
0.0839629 -0.7365210 8.7195969 169 207 216
0.0827957 -0.7050492 8.7019205 169 207 216
0.0836075 -0.6994363 8.6948109 169 207 216
0.0832188 -0.7078953 8.6763687 169 207 216
0.0897940 -0.7869334 8.6393108 169 207 216
0.0959520 -0.7756436 8.6491861 169 207 216
0.1016902 -0.7643546 8.6602192 169 207 216
0.1021235 -0.7557068 8.6703100 169 207 216
0.0777378 -0.7988529 8.6285295 169 207 216
0.0561330 -0.8051302 8.6218710 169 207 216
0.0802094 -0.7263244 8.7292795 169 207 216
0.0840560 -0.7249784 8.7147226 169 207 216
0.0937936 -0.7577339 8.6390514 169 207 216
0.0893868 -0.7675828 8.6262255 169 207 216
0.0989674 -0.7486637 8.6515179 169 207 216
0.0990986 -0.7430682 8.6637926 169 207 216
0.0757559 -0.7774020 8.6164017 169 207 216
0.0565554 -0.7813809 8.6063061 169 207 216
0.0543097 -0.7583733 8.6009970 169 207 216
0.0909925 -0.7097180 8.6935854 169 207 216
0.0916061 -0.7040857 8.6925917 169 207 216
0.0877901 -0.7029872 8.6927204 169 207 216
0.0876375 -0.7073108 8.6963882 169 207 216
0.0837118 -0.7145561 8.7084208 169 207 216
0.0800394 -0.7123034 8.7210779 169 207 216
-0.0040391 -0.7075807 8.7851524 169 207 216
0.0025605 -0.6196861 8.7428064 169 207 216
-0.0006536 -0.6328608 8.7484818 169 207 216
-0.0031676 -0.6676197 8.7684441 169 207 216
-0.0023852 -0.6634957 8.7677488 169 207 216
-0.0056963 -0.6627306 8.7674828 169 207 216
-0.0061602 -0.6667274 8.7685328 169 207 216
0.0119007 -0.7297441 8.7777557 169 207 216
0.0488670 -0.7367268 8.5995512 169 207 216
0.0289736 -0.6792437 8.5874233 169 207 216
0.0241184 -0.6615869 8.5787792 169 207 216
0.0420028 -0.6436421 8.5664301 169 207 216
0.0305153 -0.6438715 8.5653334 169 207 216
-0.0067719 -0.6706122 8.7700233 169 207 216
-0.0038391 -0.6715044 8.7696714 169 207 216
-0.0049086 -0.6788259 8.7771654 169 207 216
0.0037989 -0.6568658 8.7628269 169 207 216
-0.0035059 -0.6767877 8.7716913 169 207 216
-0.0040478 -0.6744794 8.7709064 169 207 216
-0.0092001 -0.6729301 8.7724714 169 207 216
-0.0083287 -0.6702223 8.7698126 169 207 216
0.0234319 -0.7139033 8.7725201 169 207 216
0.0233903 -0.7180805 8.7740269 169 207 216
-0.0068274 -0.6768768 8.7783375 169 207 216
-0.0084482 -0.6747444 8.7801600 169 207 216
0.0647322 -0.6113226 8.6482668 169 207 216
0.0709706 -0.6183254 8.6328869 169 207 216
-0.0067046 -0.6563027 8.7628670 169 207 216
-0.0073810 -0.6589845 8.7657423 169 207 216
0.0872261 -0.7333363 8.7083473 169 207 216
0.0899388 -0.7404138 8.7110863 169 207 216
0.0928169 -0.7379283 8.7035971 169 207 216
0.0901935 -0.7321943 8.7012405 169 207 216
0.0286575 -0.6050391 8.6787853 169 207 216
0.0710899 -0.6258312 8.6155710 169 207 216
0.0194879 -0.6467204 8.5668106 169 207 216
0.0423007 -0.7212253 8.7706928 169 207 216
0.0435494 -0.7231715 8.7707262 169 207 216
0.0150181 -0.7273556 8.7760019 169 207 216
0.0068739 -0.6503625 8.7583332 169 207 216
0.0048190 -0.6544861 8.7589922 169 207 216
0.0168731 -0.6160380 8.7014914 169 207 216
-0.0101969 -0.6737508 8.7760906 169 207 216
0.0962264 -0.7495353 8.6995811 169 207 216
0.0959581 -0.7460986 8.6983194 169 207 216
0.0982375 -0.7437636 8.7003851 169 207 216
0.0983578 -0.7464635 8.7026320 169 207 216
0.0982448 -0.7471606 8.7100515 169 207 216
0.1000468 -0.7508621 8.7107534 169 207 216
0.1017823 -0.7483275 8.7072821 169 207 216
0.1000656 -0.7456632 8.7058563 169 207 216
0.0941668 -0.7465856 8.7125969 169 207 216
0.0956673 -0.7432923 8.7076845 169 207 216
0.1029770 -0.7528119 8.7107620 169 207 216
0.1029312 -0.7509652 8.7076750 169 207 216
0.0973735 -0.7546934 8.7063465 169 207 216
0.1000138 -0.7546642 8.7096977 169 207 216
0.1024915 -0.7581223 8.7067595 169 207 216
0.1067117 -0.7552367 8.7084732 169 207 216
0.1067288 -0.7604336 8.7016211 169 207 216
0.1111177 -0.7566597 8.7041464 169 207 216
0.1092434 -0.7584535 8.6950092 169 207 216
0.1140691 -0.7556810 8.6974964 169 207 216
0.0874749 -0.7149382 8.7006216 169 207 216
0.0899483 -0.7183062 8.6944351 169 207 216
0.1100000 -0.7540761 8.6897821 169 207 216
0.1158733 -0.7522775 8.6916685 169 207 216
0.1097525 -0.7474644 8.6850557 169 207 216
0.1161127 -0.7464594 8.6870346 169 207 216
0.1090147 -0.7410042 8.6824112 169 207 216
0.1147222 -0.7395111 8.6837101 169 207 216
0.1072616 -0.7309299 8.6800251 169 207 216
0.1126430 -0.7314395 8.6826258 169 207 216
0.1041283 -0.7206271 8.6804276 169 207 216
0.1094496 -0.7227876 8.6839390 169 207 216
0.1103493 -0.7533761 8.6963282 169 207 216
0.1074362 -0.7547456 8.7008753 169 207 216
0.1010469 -0.7552952 8.6953783 169 207 216
0.1045267 -0.7538439 8.7050076 169 207 216
0.0973844 -0.7441036 8.6882420 169 207 216
0.0965715 -0.7400475 8.6885138 169 207 216
0.0984689 -0.7389895 8.6926050 169 207 216
0.0965839 -0.7426949 8.6912584 169 207 216
0.0930547 -0.7318367 8.6971445 169 207 216
0.0944595 -0.7263628 8.6947927 169 207 216
0.0910875 -0.7248058 8.6983490 169 207 216
0.0928310 -0.7228914 8.6924496 169 207 216
0.0917290 -0.7277985 8.6925974 169 207 216
0.0924596 -0.7248868 8.6912851 169 207 216
0.0903086 -0.7312964 8.6938477 169 207 216
0.0933478 -0.7236826 8.6895790 169 207 216
0.0939264 -0.7215009 8.6904840 169 207 216
0.0923755 -0.7250259 8.6891632 169 207 216
0.0916699 -0.7257586 8.6901054 169 207 216
0.0907162 -0.7276940 8.6897850 169 207 216
0.0906884 -0.7311463 8.6888285 169 207 216
0.0875315 -0.7243640 8.7049465 169 207 216
0.0919025 -0.7226124 8.6820011 169 207 216
0.0964076 -0.7310301 8.6823921 169 207 216
0.1048360 -0.7157917 8.6859045 169 207 216
0.1007602 -0.7115315 8.6826954 169 207 216
0.0943828 -0.7021965 8.6908216 169 207 216
0.0979120 -0.7046561 8.6870365 169 207 216
0.1002945 -0.7512265 8.6917019 169 207 216
0.1006247 -0.7468505 8.6864519 169 207 216
0.0880457 -0.7143219 8.6852961 169 207 216
0.0985463 -0.7393104 8.6836586 169 207 216
0.1065488 -0.7260506 8.6853466 169 207 216
0.1025848 -0.7208562 8.6864796 169 207 216
0.1103970 -0.7321824 8.6853409 169 207 216
0.0936609 -0.7172499 8.6913624 169 207 216
0.0981289 -0.7179989 8.6888399 169 207 216
0.1004995 -0.7120671 8.6896925 169 207 216
0.0957827 -0.7099468 8.6925316 169 207 216
0.0995306 -0.7246035 8.6866312 169 207 216
0.1038118 -0.7281644 8.6870489 169 207 216
0.0965991 -0.7271950 8.6855917 169 207 216
0.1002416 -0.7306851 8.6856995 169 207 216
0.0945575 -0.7246433 8.6877222 169 207 216
0.0960229 -0.7220840 8.6881981 169 207 216
0.0925530 -0.7293257 8.6849833 169 207 216
0.0961354 -0.7343066 8.6851053 169 207 216
0.0923469 -0.7263213 8.6876822 169 207 216
0.1031883 -0.7340097 8.6878386 169 207 216
0.1001407 -0.7378223 8.6868305 169 207 216
0.1030643 -0.7399580 8.6914053 169 207 216
0.1062058 -0.7375019 8.6909466 169 207 216
0.1074210 -0.7326353 8.6877728 169 207 216
0.1103672 -0.7372764 8.6893730 169 207 216
0.1117403 -0.7388572 8.6863356 169 207 216
0.1112535 -0.7426753 8.6910124 169 207 216
0.1124776 -0.7451056 8.6887293 169 207 216
0.1080408 -0.7412492 8.6925936 169 207 216
0.1054035 -0.7414553 8.6941557 169 207 216
0.1120376 -0.7503216 8.6922359 169 207 216
0.1105012 -0.7473234 8.6936035 169 207 216
0.1089957 -0.7505145 8.6967592 169 207 216
0.1084435 -0.7447916 8.6947546 169 207 216
0.1067565 -0.7474003 8.6970205 169 207 216
0.1064516 -0.7434477 8.6953754 169 207 216
0.1049427 -0.7447463 8.6966953 169 207 216
0.1004753 -0.7511758 8.7044888 169 207 216
0.0991488 -0.7487437 8.7042131 169 207 216
0.1028610 -0.7523839 8.7023077 169 207 216
0.1016327 -0.7498707 8.7006721 169 207 216
0.0999013 -0.7501529 8.7021265 169 207 216
0.0985369 -0.7491063 8.7013359 169 207 216
0.1005681 -0.7475145 8.6996050 169 207 216
0.0987578 -0.7471738 8.6965847 169 207 216
0.0505740 -0.5863830 8.6559734 169 207 216
0.0399704 -0.5857717 8.6609955 169 207 216
0.0361033 -0.5933934 8.6661224 169 207 216
0.0460972 -0.5949492 8.6613626 169 207 216
0.1041443 -0.7490946 8.6986027 169 207 216
0.1027190 -0.7458417 8.6982870 169 207 216
0.1058377 -0.7521895 8.6995735 169 207 216
0.1011742 -0.7444474 8.6928473 169 207 216
0.1014555 -0.7447734 8.6956272 169 207 216
0.1034547 -0.7428578 8.6951065 169 207 216
0.1026597 -0.7424415 8.6931458 169 207 216
0.0926786 -0.7358533 8.6979122 169 207 216
0.0918255 -0.7359306 8.6935034 169 207 216
0.0936424 -0.7343282 8.6890821 169 207 216
0.0831427 -0.5773919 8.6171780 169 207 216
0.0753640 -0.5857720 8.6211529 169 207 216
0.0844942 -0.5928283 8.6017189 169 207 216
0.0935424 -0.5857000 8.5970926 169 207 216
0.1051565 -0.5549368 8.6214638 169 207 216
0.1236603 -0.5636697 8.5962219 169 207 216
0.1297465 -0.5404642 8.6147394 169 207 216
0.1113716 -0.5367656 8.6307335 169 207 216
0.1328052 -0.5217351 8.6299591 169 207 216
0.1158283 -0.5199817 8.6413937 169 207 216
0.1394899 -0.4736424 8.6595850 169 207 216
0.1250646 -0.4744635 8.6703014 169 207 216
0.1219696 -0.4893568 8.6615038 169 207 216
0.1373845 -0.4885145 8.6507721 169 207 216
0.1628461 -0.4024075 8.6660786 169 207 216
0.1564412 -0.3862973 8.6689596 169 207 216
0.1481940 -0.3910954 8.6799097 169 207 216
0.1547449 -0.4055984 8.6748257 169 207 216
0.1881470 -0.4794408 8.5920258 169 207 216
0.1879434 -0.4965894 8.5828896 169 207 216
0.1919274 -0.4824468 8.5747795 169 207 216
0.1914028 -0.4667705 8.5837927 169 207 216
0.1203735 -0.6022573 8.5439644 169 207 216
0.1242607 -0.5852695 8.5682945 169 207 216
0.1079951 -0.5905434 8.5713034 169 207 216
0.1074449 -0.6055011 8.5488472 169 207 216
0.1805561 -0.4064312 8.6084270 169 207 216
0.1781774 -0.3958825 8.6166544 169 207 216
0.1793174 -0.4053768 8.6263552 169 207 216
0.1813363 -0.4158802 8.6199121 169 207 216
0.1609518 -0.3139456 8.6411858 169 207 216
0.1600934 -0.2905340 8.6419420 169 207 216
0.1543332 -0.2916128 8.6641827 169 207 216
0.1558415 -0.3151999 8.6619692 169 207 216
0.1607214 -0.3301086 8.5594444 169 207 216
0.1493844 -0.3257926 8.5343246 169 207 216
0.1469556 -0.3089828 8.5389366 169 207 216
0.1584076 -0.3109108 8.5644484 169 207 216
0.1634075 -0.4682141 8.6379719 169 207 216
0.1524345 -0.4714001 8.6486492 169 207 216
0.1512724 -0.4862581 8.6397314 169 207 216
0.1630453 -0.4827246 8.6287947 169 207 216
0.1949977 -0.3347153 8.4890041 169 207 216
0.1786974 -0.3306746 8.4932928 169 207 216
0.1791917 -0.3535781 8.5029831 169 207 216
0.1947371 -0.3580904 8.4981537 169 207 216
0.1552453 -0.2136599 8.5692167 169 207 216
0.1429129 -0.2195367 8.5463581 169 207 216
0.1467093 -0.2022789 8.5438566 169 207 216
0.1588838 -0.1954012 8.5686693 169 207 216
0.2140775 -0.4966150 8.5245657 169 207 216
0.2134293 -0.5163906 8.5304108 169 207 216
0.2149586 -0.5311263 8.5095720 169 207 216
0.2184950 -0.5098066 8.5048704 169 207 216
0.1888684 -0.4449442 8.5990992 169 207 216
0.1860980 -0.4535137 8.6089172 169 207 216
0.1879653 -0.4656782 8.6007357 169 207 216
0.1909147 -0.4547683 8.5922022 169 207 216
0.1527830 -0.3571199 8.5222692 169 207 216
0.1609725 -0.3618588 8.5428267 169 207 216
0.1610982 -0.3763839 8.5344276 169 207 216
0.1539159 -0.3731804 8.5153484 169 207 216
0.1611490 -0.3460145 8.5509195 169 207 216
0.1509687 -0.3414046 8.5284014 169 207 216
0.1800138 -0.4601161 8.6181765 169 207 216
0.1725165 -0.4644497 8.6278992 169 207 216
0.1736486 -0.4787603 8.6182241 169 207 216
0.1818615 -0.4741687 8.6089220 169 207 216
0.1504880 -0.3722762 8.6715126 169 207 216
0.1401645 -0.3782867 8.6847019 169 207 216
0.1650345 -0.1881641 8.5945082 169 207 216
0.1652633 -0.1813295 8.6198359 169 207 216
0.1638250 -0.2025085 8.6191730 169 207 216
0.1626505 -0.2082680 8.5938959 169 207 216
0.1461983 -0.3402275 8.6764011 169 207 216
0.1462615 -0.3590430 8.6732349 169 207 216
0.1544237 -0.3555746 8.6575785 169 207 216
0.1535746 -0.3370822 8.6584415 169 207 216
0.1602107 -0.1751266 8.6452332 169 207 216
0.1520885 -0.1700452 8.6707716 169 207 216
0.1515767 -0.1937507 8.6696129 169 207 216
0.1593423 -0.1973099 8.6444788 169 207 216
0.1352888 -0.5044584 8.6410713 169 207 216
0.1191406 -0.5045663 8.6519365 169 207 216
0.1725805 -0.3989306 8.6459646 169 207 216
0.1680621 -0.3834412 8.6459761 169 207 216
0.1630965 -0.3841089 8.6575842 169 207 216
0.1687037 -0.4004016 8.6560221 169 207 216
0.1824996 -0.4378323 8.5627785 169 207 216
0.1899705 -0.4518599 8.5737629 169 207 216
0.1904452 -0.4650553 8.5635796 169 207 216
0.1809290 -0.4445011 8.5538960 169 207 216
0.1505211 -0.1848717 8.5428953 169 207 216
0.1615310 -0.1774593 8.5685272 169 207 216
0.1594175 -0.1527420 8.6453266 169 207 216
0.1511325 -0.1468845 8.6706362 169 207 216
0.1442603 -0.4367370 8.4822121 169 207 216
0.1473306 -0.4302827 8.4880190 169 207 216
0.1557308 -0.4293090 8.5040598 169 207 216
0.1514011 -0.4383122 8.4970913 169 207 216
0.1228387 -0.4095365 8.6988735 169 207 216
0.1361071 -0.4168127 8.6903448 169 207 216
0.1407593 -0.4012781 8.6879501 169 207 216
0.1297446 -0.3901433 8.6952028 169 207 216
0.1636869 -0.3684005 8.6443233 169 207 216
0.1614147 -0.3538874 8.6420727 169 207 216
0.1582649 -0.3695606 8.6576509 169 207 216
0.1075647 -0.4011516 8.7061825 169 207 216
0.1161631 -0.3750113 8.7029543 169 207 216
0.1030871 -0.5027436 8.6624842 169 207 216
0.1066179 -0.4885231 8.6718092 169 207 216
0.0991993 -0.5176717 8.6535635 169 207 216
0.0834122 -0.5157219 8.6658516 169 207 216
0.0781560 -0.5317736 8.6592226 169 207 216
0.0938726 -0.5333419 8.6458092 169 207 216
0.0717714 -0.5473348 8.6546164 169 207 216
0.0873835 -0.5496395 8.6407375 169 207 216
0.0696217 -0.5716767 8.6348238 169 207 216
0.0636376 -0.5810511 8.6378593 169 207 216
0.1892496 -0.4425580 8.5818710 169 207 216
0.1874855 -0.4342964 8.5876493 169 207 216
0.1651198 -0.1603961 8.6202574 169 207 216
0.0723119 -0.5268865 8.4613047 169 207 216
0.0642547 -0.5066900 8.4589014 169 207 216
0.0849848 -0.5103364 8.4539919 169 207 216
0.0920490 -0.5291098 8.4565792 169 207 216
0.1337227 -0.6029476 8.5391855 169 207 216
0.1415230 -0.5863991 8.5630093 169 207 216
0.1267938 -0.4557111 8.4486094 169 207 216
0.1199959 -0.4487066 8.4500513 169 207 216
0.1217942 -0.4373912 8.4548473 169 207 216
0.1268338 -0.4465917 8.4527950 169 207 216
0.1336100 -0.4409907 8.4631853 169 207 216
0.1281130 -0.4341503 8.4593143 169 207 216
0.1272558 -0.4389904 8.4525070 169 207 216
0.1317312 -0.4465977 8.4572792 169 207 216
0.1298973 -0.2073791 8.5244789 169 207 216
0.1254587 -0.2241090 8.5276232 169 207 216
0.0951563 -0.3351499 8.4844427 169 207 216
0.1155335 -0.3286251 8.4967155 169 207 216
0.1210919 -0.3455993 8.4924717 169 207 216
0.1030802 -0.3537759 8.4803047 169 207 216
-0.0220517 -0.4984732 8.5037251 169 207 216
-0.0235079 -0.4820272 8.5025043 169 207 216
-0.0086124 -0.4851278 8.4907856 169 207 216
-0.0069002 -0.5027694 8.4913321 169 207 216
0.0337069 -0.5343075 8.4754181 169 207 216
0.0398783 -0.5515336 8.4788389 169 207 216
0.0169099 -0.5428298 8.4860687 169 207 216
0.0130382 -0.5269157 8.4832439 169 207 216
0.0499748 -0.5217377 8.4665833 169 207 216
0.0432281 -0.5019146 8.4647789 169 207 216
0.1432088 -0.3740810 8.4988880 169 207 216
0.1413737 -0.3580176 8.5035191 169 207 216
0.1452053 -0.3944158 8.4908733 169 207 216
0.1540406 -0.3941602 8.5060167 169 207 216
0.1540999 -0.4009641 8.5024004 169 207 216
0.1439077 -0.4009319 8.4872103 169 207 216
0.0964863 -0.6103277 8.5540476 169 207 216
0.0864246 -0.6177032 8.5339499 169 207 216
0.0985147 -0.6131452 8.5278082 169 207 216
0.0303415 -0.5971013 8.5106707 169 207 216
0.0271019 -0.5901803 8.5057793 169 207 216
0.0428529 -0.5949261 8.5035400 169 207 216
0.0423939 -0.6010746 8.5099516 169 207 216
-0.0069765 -0.4049303 8.4920940 169 207 216
-0.0240881 -0.4057278 8.5032377 169 207 216
-0.0234537 -0.3819517 8.5064440 169 207 216
-0.0050445 -0.3792408 8.4940166 169 207 216
0.1354747 -0.4127719 8.4741545 169 207 216
0.1358277 -0.4223367 8.4712553 169 207 216
0.1311395 -0.4294351 8.4638090 169 207 216
0.1290403 -0.4193742 8.4667816 169 207 216
0.1276634 -0.4113800 8.4685144 169 207 216
0.1251593 -0.4036381 8.4706688 169 207 216
0.1353189 -0.3979377 8.4794731 169 207 216
0.1362008 -0.4057368 8.4767408 169 207 216
0.1108106 -0.3702435 8.4782991 169 207 216
0.1273846 -0.3629284 8.4886112 169 207 216
0.1302513 -0.3789839 8.4864178 169 207 216
0.1164875 -0.3848700 8.4761686 169 207 216
-0.0198749 -0.3088789 8.5255833 169 207 216
-0.0037536 -0.3074637 8.5137815 169 207 216
-0.0039257 -0.3303366 8.5079432 169 207 216
-0.0209610 -0.3324161 8.5196037 169 207 216
0.1610738 -0.4366551 8.5192204 169 207 216
0.1666664 -0.4377631 8.5327187 169 207 216
0.1603426 -0.4262538 8.5269346 169 207 216
0.1534073 -0.4243218 8.5109768 169 207 216
0.1355764 -0.4463218 8.4340191 169 207 216
0.1384388 -0.4386056 8.4295759 169 207 216
0.1431605 -0.4418018 8.4273119 169 207 216
0.1400378 -0.4504968 8.4314489 169 207 216
0.1383154 -0.4060182 8.4893408 169 207 216
0.1471404 -0.4090234 8.5034847 169 207 216
0.1422539 -0.3901064 8.4961481 169 207 216
0.1329577 -0.3878732 8.4816465 169 207 216
0.1300813 -0.6024197 8.5081654 169 207 216
0.1470257 -0.6031027 8.5345087 169 207 216
0.1203104 -0.6056978 8.5147724 169 207 216
0.1295496 -0.4185220 8.4722557 169 207 216
0.1227688 -0.4059156 8.4649391 169 207 216
0.1202273 -0.4092619 8.4539251 169 207 216
0.1242978 -0.4213166 8.4617090 169 207 216
0.2079884 -0.3403603 8.4770460 169 207 216
0.2066527 -0.3639408 8.4859619 169 207 216
0.1233491 -0.3676444 8.4600668 169 207 216
0.1214269 -0.3690032 8.4462013 169 207 216
0.1187296 -0.3886925 8.4567347 169 207 216
0.1239333 -0.3869952 8.4686060 169 207 216
0.0887294 -0.3175981 8.4898834 169 207 216
0.1111020 -0.3115650 8.5012121 169 207 216
0.0862213 -0.2133148 8.5020380 169 207 216
0.1092877 -0.2113049 8.5102568 169 207 216
0.1046957 -0.2284328 8.5139761 169 207 216
0.0826276 -0.2318451 8.5060558 169 207 216
0.1334669 -0.1901793 8.5217762 169 207 216
0.0893516 -0.1940794 8.4998665 169 207 216
0.1126257 -0.1927086 8.5078506 169 207 216
0.0700088 -0.6273369 8.5547771 169 207 216
0.0564444 -0.6284636 8.5439758 169 207 216
0.0595600 -0.6223382 8.5323772 169 207 216
0.0770220 -0.6228693 8.5431604 169 207 216
0.1482082 -0.0657355 8.5145807 169 207 216
0.1472176 -0.0345140 8.5109262 169 207 216
0.1692888 -0.0275513 8.5343695 169 207 216
0.1675942 -0.0613154 8.5386238 169 207 216
0.0228048 -0.6128461 8.5293798 169 207 216
0.0410678 -0.6179242 8.5288029 169 207 216
0.0405539 -0.6259143 8.5403280 169 207 216
0.0252067 -0.6227084 8.5408497 169 207 216
0.1640803 -0.0912682 8.5408258 169 207 216
0.1462751 -0.0980955 8.5164938 169 207 216
0.0783092 -0.6180925 8.5721188 169 207 216
0.0871478 -0.6139529 8.5614023 169 207 216
0.0879761 -0.6019262 8.5813007 169 207 216
0.0792889 -0.6077081 8.5908413 169 207 216
0.0766574 -0.6000606 8.6102247 169 207 216
0.1852184 -0.0194876 8.5575218 169 207 216
0.1806023 -0.0490368 8.5628815 169 207 216
0.0541034 -0.6353803 8.5578957 169 207 216
0.0403355 -0.6336230 8.5535431 169 207 216
0.0270842 -0.6325594 8.5525551 169 207 216
0.0149070 -0.6336497 8.5544758 169 207 216
0.1350495 -0.1728335 8.5222416 169 207 216
0.1512632 -0.1676261 8.5437593 169 207 216
0.0664574 0.0732197 8.4741220 169 207 216
0.0396576 0.0769713 8.4804163 169 207 216
0.0431244 0.0965456 8.4941540 169 207 216
0.0718364 0.0929783 8.4826088 169 207 216
-0.0164392 0.0700959 8.5169325 169 207 216
-0.0122393 0.0864405 8.5350513 169 207 216
0.0142550 0.0933359 8.5120487 169 207 216
0.0109955 0.0770343 8.4955635 169 207 216
-0.0256791 -0.0628430 8.4916077 169 207 216
0.0004892 -0.0645452 8.4773073 169 207 216
0.0035523 -0.0865578 8.4848843 169 207 216
-0.0227878 -0.0852811 8.4973974 169 207 216
0.0917541 -0.1756251 8.4991617 169 207 216
0.1149355 -0.1746458 8.5073862 169 207 216
0.1609723 -0.1595231 8.5692911 169 207 216
0.1893955 0.1208582 8.5547009 169 207 216
0.1719946 0.1102536 8.5209818 169 207 216
0.1647239 0.1444218 8.5172720 169 207 216
0.1833352 0.1545345 8.5495958 169 207 216
0.1035314 0.1349529 8.4884157 169 207 216
0.1059465 0.1085670 8.4859200 169 207 216
0.0712795 0.1132905 8.4887009 169 207 216
0.0708511 0.1357746 8.4924278 169 207 216
0.1423845 -0.1411821 8.6951323 169 207 216
0.1491690 -0.1255591 8.6691484 169 207 216
0.1385278 -0.1192252 8.6925869 169 207 216
0.0987202 -0.1306352 8.7470398 169 207 216
0.1176396 -0.1330206 8.7332029 169 207 216
0.1109222 -0.1116383 8.7297935 169 207 216
0.0936788 -0.1092108 8.7425528 169 207 216
0.0923125 0.0126217 8.7219410 169 207 216
0.0802095 0.0109975 8.7314081 169 207 216
0.0817313 -0.0141848 8.7309742 169 207 216
0.0952096 -0.0127580 8.7202654 169 207 216
0.1875036 -0.0369906 8.5893841 169 207 216
0.1842571 -0.0254336 8.6173658 169 207 216
0.1784439 -0.0530570 8.6180687 169 207 216
0.1817330 -0.0659628 8.5916986 169 207 216
-0.0064166 0.0988333 8.5523090 169 207 216
0.0145675 0.1059065 8.5271177 169 207 216
0.1899196 0.1650281 8.5875683 169 207 216
0.1934482 0.1300127 8.5934267 169 207 216
0.1811802 0.1712558 8.6256504 169 207 216
0.1570128 0.1708530 8.6528292 169 207 216
0.1613499 0.1365926 8.6580753 169 207 216
0.1843743 0.1363932 8.6299982 169 207 216
0.0639371 0.1011922 8.6937370 169 207 216
0.0861274 0.0818901 8.7087317 169 207 216
0.0888194 0.0890910 8.6964407 169 207 216
0.0636364 0.1022522 8.6851358 169 207 216
-0.0244871 0.0279740 8.4947748 169 207 216
-0.0212411 0.0489532 8.5021734 169 207 216
0.0055034 0.0565504 8.4829340 169 207 216
0.0009925 0.0330081 8.4748287 169 207 216
0.0659579 -0.1940477 8.4982891 169 207 216
0.0679201 -0.1743224 8.4968796 169 207 216
0.0438842 -0.1931906 8.5014963 169 207 216
0.0634202 -0.2143365 8.4999084 169 207 216
0.0421152 -0.2147081 8.5035734 169 207 216
0.0413627 -0.3382082 8.4865646 169 207 216
0.0650989 -0.3271947 8.4857464 169 207 216
0.0716185 -0.3443207 8.4782772 169 207 216
0.0475466 -0.3571328 8.4777517 169 207 216
0.0068106 -0.4910801 8.4805241 169 207 216
0.0095872 -0.5090854 8.4813528 169 207 216
0.0391251 0.1322685 8.5102777 169 207 216
0.0096968 0.1257538 8.5427189 169 207 216
0.0163386 0.1575208 8.5333405 169 207 216
0.0413200 0.1607032 8.5070057 169 207 216
0.1003598 0.1652231 8.4881773 169 207 216
0.1306949 0.1681903 8.4952383 169 207 216
0.1372690 0.1367635 8.4957361 169 207 216
0.1579624 0.1768378 8.5156403 169 207 216
0.1776989 0.1890673 8.5473204 169 207 216
0.1761531 0.2055271 8.6214275 169 207 216
0.1508632 0.2049404 8.6475801 169 207 216
0.0637416 0.1584643 8.6657743 169 207 216
0.0928024 0.1635297 8.6694422 169 207 216
0.0866180 0.1905909 8.6616602 169 207 216
0.0574365 0.1832700 8.6545687 169 207 216
0.1267696 0.0235491 8.6943169 169 207 216
0.1507661 0.0039719 8.6665688 169 207 216
0.1564712 0.0292526 8.6660156 169 207 216
0.1341120 0.0466154 8.6858587 169 207 216
0.1063638 -0.1546531 8.7475662 169 207 216
0.1217046 -0.1580760 8.7350855 169 207 216
0.1310005 -0.1368984 8.7169342 169 207 216
0.1339775 -0.1618975 8.7184477 169 207 216
0.1436248 -0.1658066 8.6960325 169 207 216
0.1218057 -0.2665979 8.7318621 169 207 216
0.1365702 -0.2666483 8.7122593 169 207 216
0.1346183 -0.2398446 8.7148190 169 207 216
0.1201349 -0.2385734 8.7344036 169 207 216
0.1232581 -0.2959965 8.7274771 169 207 216
0.1381107 -0.2955821 8.7080460 169 207 216
0.1168480 -0.3494353 8.7090006 169 207 216
0.1338037 -0.3642841 8.6889448 169 207 216
0.1340543 -0.3446776 8.6934624 169 207 216
0.0872844 -0.5004860 8.6731558 169 207 216
0.0909682 -0.4864287 8.6811619 169 207 216
0.1940508 -0.0059947 8.5863113 169 207 216
0.0002347 0.1325166 8.5793180 169 207 216
0.0050774 0.1408789 8.6089516 169 207 216
0.0048135 0.1657040 8.5951481 169 207 216
0.0036332 0.1603622 8.5651598 169 207 216
0.1757970 -0.0794020 8.5657101 169 207 216
0.1662629 -0.1693532 8.5948696 169 207 216
0.1637267 -0.1503160 8.5949001 169 207 216
0.1673131 -0.3389649 8.5899286 169 207 216
0.1641083 -0.3141921 8.5921116 169 207 216
0.1472174 -0.4206846 8.6818466 169 207 216
0.1482981 -0.4092847 8.6821613 169 207 216
0.1426167 0.1050850 8.4959240 169 207 216
0.1687705 0.2388353 8.6165380 169 207 216
0.1600918 0.2700855 8.6132231 169 207 216
0.1354637 0.2689804 8.6368513 169 207 216
0.1436323 0.2376455 8.6427326 169 207 216
0.0320774 0.2062365 8.6275244 169 207 216
0.0532169 0.2109803 8.6431732 169 207 216
0.0499030 0.2421450 8.6304350 169 207 216
0.0299272 0.2381152 8.6140528 169 207 216
0.0306719 0.2694796 8.6022997 169 207 216
0.0483736 0.2753573 8.6190042 169 207 216
0.0440417 0.3064583 8.6094561 169 207 216
0.0292448 0.2995327 8.5914822 169 207 216
0.1841271 0.1997178 8.5840397 169 207 216
0.1667335 0.2557099 8.5464783 169 207 216
0.1721131 0.2659628 8.5797815 169 207 216
0.1783637 0.2338540 8.5815506 169 207 216
0.1719527 0.2230438 8.5467777 169 207 216
0.0708427 0.1640416 8.4909649 169 207 216
0.0339230 0.1779331 8.6412220 169 207 216
0.0390932 0.1544365 8.6543818 169 207 216
0.0107038 0.2296692 8.5688400 169 207 216
0.0128968 0.2259215 8.5419941 169 207 216
0.0076327 0.1928220 8.5521307 169 207 216
0.0067626 0.1972941 8.5815248 169 207 216
0.0988695 0.2273835 8.4869461 169 207 216
0.1251148 0.2327276 8.4973202 169 207 216
0.1278344 0.2005007 8.4966249 169 207 216
0.0994556 0.1961313 8.4874640 169 207 216
0.1526658 0.2098117 8.5176306 169 207 216
0.1479326 0.2430968 8.5185165 169 207 216
0.1562079 0.3192715 8.5464315 169 207 216
0.1574040 0.3269933 8.5780048 169 207 216
0.1652228 0.2969077 8.5784426 169 207 216
0.1612173 0.2878546 8.5460873 169 207 216
0.1402534 0.3071311 8.5192966 169 207 216
0.1441693 0.2753779 8.5192070 169 207 216
0.1233118 0.2649261 8.4976311 169 207 216
0.1219342 0.2966669 8.4986429 169 207 216
0.0985819 0.2892421 8.4894381 169 207 216
0.0990151 0.2580390 8.4875851 169 207 216
0.0729982 0.2547196 8.4875746 169 207 216
0.0749129 0.2847190 8.4878502 169 207 216
0.0498097 0.2531221 8.4969482 169 207 216
0.0314134 0.2537565 8.5143299 169 207 216
0.0370821 0.2829174 8.5109148 169 207 216
0.0541672 0.2828323 8.4958105 169 207 216
0.0187525 0.2896299 8.5502472 169 207 216
0.0238386 0.2854800 8.5290031 169 207 216
0.0184782 0.2567601 8.5354548 169 207 216
0.0153822 0.2608599 8.5588465 169 207 216
0.0310010 0.3997326 8.5196962 169 207 216
0.0433757 0.3971205 8.5068331 169 207 216
0.0384955 0.3687759 8.5128336 169 207 216
0.0256948 0.3716182 8.5268955 169 207 216
0.0538441 0.3959097 8.4929886 169 207 216
0.0679873 0.3959478 8.4832811 169 207 216
0.0652881 0.3679003 8.4899960 169 207 216
0.0513724 0.3676561 8.5001135 169 207 216
0.1021335 0.3759997 8.4903679 169 207 216
0.0823815 0.3702785 8.4860153 169 207 216
0.0847752 0.3985523 8.4797440 169 207 216
0.1037851 0.4044372 8.4847746 169 207 216
0.1239522 0.4128608 8.4922028 169 207 216
0.1240499 0.3845449 8.4954348 169 207 216
0.1355504 0.4227175 8.5124083 169 207 216
0.1378928 0.3950540 8.5130062 169 207 216
0.1415001 0.4049004 8.5435486 169 207 216
0.1410556 0.4317215 8.5413656 169 207 216
0.0314357 0.3906562 8.5773611 169 207 216
0.0305842 0.4174184 8.5675592 169 207 216
0.0214740 0.4099241 8.5515718 169 207 216
0.0205132 0.3830574 8.5629196 169 207 216
0.0735360 0.4025148 8.5961313 169 207 216
0.0999516 0.4072935 8.6069632 169 207 216
0.0938390 0.4334028 8.5972290 169 207 216
0.0690436 0.4284464 8.5866175 169 207 216
0.1376827 0.3369045 8.5182600 169 207 216
0.1510132 0.3492393 8.5454321 169 207 216
0.0988306 0.3192760 8.4916048 169 207 216
0.1214401 0.3268918 8.4992542 169 207 216
0.0210293 0.3174258 8.5419388 169 207 216
0.0290018 0.3135949 8.5232277 169 207 216
0.0402205 0.3354767 8.5987120 169 207 216
0.0262338 0.3285005 8.5823584 169 207 216
0.1328285 0.3859586 8.6029243 169 207 216
0.1379087 0.3583438 8.6049700 169 207 216
0.1513326 0.3559138 8.5777359 169 207 216
0.1474882 0.3839754 8.5765667 169 207 216
0.1385120 0.3664632 8.5151520 169 207 216
0.1219033 0.3559381 8.4976463 169 207 216
0.1001785 0.3480397 8.4922800 169 207 216
0.0797490 0.3423030 8.4887037 169 207 216
0.0620886 0.3401649 8.4937468 169 207 216
0.0477061 0.3397467 8.5051794 169 207 216
0.0339623 0.3410547 8.5183659 169 207 216
0.0230014 0.3444316 8.5345459 169 207 216
0.0227369 0.3561481 8.5725183 169 207 216
0.0357701 0.3635410 8.5875092 169 207 216
0.1216798 0.4375157 8.5918818 169 207 216
0.1282227 0.4135636 8.5997610 169 207 216
0.1440104 0.4114996 8.5738583 169 207 216
0.1399848 0.4379892 8.5689507 169 207 216
0.1145882 0.4585276 8.5806532 169 207 216
0.0914734 0.4557360 8.5839748 169 207 216
0.0548973 0.4250152 8.4850569 169 207 216
0.0695836 0.4257320 8.4762430 169 207 216
0.0865169 0.4287635 8.4728832 169 207 216
0.1238109 0.4420482 8.4879417 169 207 216
0.1343500 0.4519075 8.5125618 169 207 216
0.1370409 0.4595192 8.5416698 169 207 216
0.1329381 0.4595602 8.5651751 169 207 216
0.0280903 0.4678065 8.5345116 169 207 216
0.0267676 0.4376379 8.5422945 169 207 216
0.0346117 0.4438377 8.5572357 169 207 216
0.0369462 0.4729469 8.5492334 169 207 216
0.0310901 0.4605189 8.5017939 169 207 216
0.0385391 0.4574999 8.4857702 169 207 216
0.0445988 0.4266953 8.4984655 169 207 216
0.0360348 0.4286667 8.5131874 169 207 216
0.0521562 0.4564565 8.4726486 169 207 216
0.0692494 0.4577419 8.4657927 169 207 216
0.0876768 0.4599752 8.4631500 169 207 216
0.1246871 0.4735836 8.4845009 169 207 216
0.1066485 0.4338663 8.4760075 169 207 216
0.1077573 0.4651557 8.4681540 169 207 216
0.1370067 0.4837565 8.5133381 169 207 216
0.1285029 0.5232210 8.5413847 169 207 216
0.1316822 0.4911921 8.5463638 169 207 216
0.1378112 0.5168272 8.5106297 169 207 216
0.0904599 0.6252949 8.5443201 169 207 216
0.1127470 0.6250136 8.5285196 169 207 216
0.1027816 0.6615883 8.5237284 169 207 216
0.0834223 0.6624862 8.5377073 169 207 216
0.0344819 0.5044861 8.5434523 169 207 216
0.0236609 0.5000917 8.5273447 169 207 216
0.0226507 0.4937372 8.4924364 169 207 216
0.0325401 0.4910124 8.4753294 169 207 216
0.1250723 0.5400380 8.4736586 169 207 216
0.1272137 0.5065901 8.4801416 169 207 216
0.1084333 0.4984615 8.4616995 169 207 216
0.1059889 0.5325604 8.4548512 169 207 216
0.0187584 0.6084657 8.5329361 169 207 216
0.0074508 0.6057585 8.5166388 169 207 216
0.0101255 0.5689298 8.5200453 169 207 216
0.0218685 0.5724920 8.5379839 169 207 216
0.0242902 0.5258782 8.4689846 169 207 216
0.0149769 0.5287250 8.4870243 169 207 216
0.0090743 0.5642331 8.4831409 169 207 216
0.0192528 0.5621337 8.4651546 169 207 216
0.1116172 0.6138170 8.4697523 169 207 216
0.1196533 0.5759076 8.4701233 169 207 216
0.1016953 0.5691636 8.4510927 169 207 216
0.0957444 0.6084090 8.4518013 169 207 216
0.1262108 0.5551277 8.5375919 169 207 216
0.1351883 0.5490499 8.5045557 169 207 216
0.1289655 0.5833961 8.5004530 169 207 216
0.1213852 0.5894213 8.5319824 169 207 216
0.1007452 0.5547143 8.5537148 169 207 216
0.0963879 0.5886321 8.5493889 169 207 216
0.0128052 0.6857653 8.5093431 169 207 216
0.0095352 0.6449099 8.5132732 169 207 216
0.0196513 0.6485077 8.5276022 169 207 216
0.0212405 0.6903654 8.5221195 169 207 216
0.0179743 0.6004806 8.4645510 169 207 216
0.0078167 0.6017421 8.4818544 169 207 216
0.0099315 0.6416063 8.4821863 169 207 216
0.0191407 0.6407579 8.4670382 169 207 216
0.0934835 0.6961980 8.4734573 169 207 216
0.1026529 0.6541667 8.4714212 169 207 216
0.0877296 0.6498839 8.4551916 169 207 216
0.0785450 0.6918327 8.4585991 169 207 216
0.0925214 0.7012684 8.5191088 169 207 216
0.1107632 0.6585113 8.4974318 169 207 216
0.1003503 0.6996318 8.4960203 169 207 216
0.0841272 0.7409636 8.5171576 169 207 216
0.0698710 0.7416217 8.5278406 169 207 216
0.0756641 0.7016430 8.5318098 169 207 216
0.0221645 0.7298969 8.5171089 169 207 216
0.0134264 0.7260256 8.5061846 169 207 216
0.0107931 0.7223474 8.4843979 169 207 216
0.0165410 0.7204963 8.4714546 169 207 216
0.0192893 0.6812557 8.4695129 169 207 216
0.0118099 0.6824235 8.4831295 169 207 216
0.0470452 0.6862080 8.4512520 169 207 216
0.0316606 0.6826379 8.4581242 169 207 216
0.0279763 0.7216389 8.4610319 169 207 216
0.0424110 0.7250557 8.4554605 169 207 216
0.0696042 0.7300340 8.4629211 169 207 216
0.0632196 0.6888455 8.4511633 169 207 216
0.0557936 0.7274101 8.4561701 169 207 216
0.0839492 0.7336679 8.4768219 169 207 216
0.0915253 0.7387187 8.4977074 169 207 216
0.0045301 0.1101321 8.6121387 169 207 216
0.0177716 0.1154810 8.6366024 169 207 216
0.0103422 0.1244892 8.6224480 169 207 216
0.0001579 0.1155981 8.5951052 169 207 216
0.0765679 0.2521753 8.6421328 169 207 216
0.0817342 0.2195685 8.6525745 169 207 216
0.0672456 0.3148157 8.6223412 169 207 216
0.0726239 0.2848788 8.6317225 169 207 216
0.0620574 0.3435018 8.6105251 169 207 216
0.0559584 0.3708790 8.5983629 169 207 216
0.0494312 0.3975839 8.5878258 169 207 216
0.0473810 0.4237847 8.5777388 169 207 216
0.0502305 0.4502234 8.5685596 169 207 216
0.0530866 0.4798119 8.5616550 169 207 216
0.0483900 0.5421683 8.5519028 169 207 216
0.0281770 0.5376843 8.5398760 169 207 216
0.0528543 0.5104564 8.5550566 169 207 216
0.0397409 0.6136933 8.5460033 169 207 216
0.0433392 0.5764887 8.5500317 169 207 216
0.0370049 0.6540815 8.5391960 169 207 216
0.0364395 0.6956487 8.5318089 169 207 216
0.0369234 0.7348349 8.5255966 169 207 216
0.1355470 0.1086946 8.6764317 169 207 216
0.1050324 0.1133292 8.6823015 169 207 216
0.1100803 0.0954374 8.6871681 169 207 216
0.1377031 0.0854484 8.6794052 169 207 216
0.0396685 0.1077941 8.6682129 169 207 216
0.0493376 0.1077128 8.6802511 169 207 216
0.0488822 0.1071358 8.6737490 169 207 216
0.0378493 0.1068467 8.6621580 169 207 216
0.1467519 0.3769062 8.5444927 169 207 216
0.0774400 0.3140840 8.4889889 169 207 216
0.0587946 0.3119741 8.4956713 169 207 216
0.0427773 0.3117752 8.5081997 169 207 216
0.0794570 0.3778997 8.6102705 169 207 216
0.0867554 0.3516477 8.6189690 169 207 216
0.1129474 0.3560055 8.6191015 169 207 216
0.1059127 0.3820506 8.6128712 169 207 216
0.1032047 0.5256333 8.5584517 169 207 216
0.0733756 0.5488676 8.5549030 169 207 216
0.0768143 0.5185380 8.5603619 169 207 216
0.1070091 0.4994737 8.5640211 169 207 216
0.0667591 0.4903591 8.4549532 169 207 216
0.0871502 0.4927348 8.4532061 169 207 216
0.0415386 0.5239226 8.4546404 169 207 216
0.0619750 0.5239432 8.4454136 169 207 216
0.0486394 0.4894909 8.4636421 169 207 216
0.1001927 0.2945340 8.6370163 169 207 216
0.1278613 0.2994962 8.6305256 169 207 216
0.1198411 0.3285539 8.6246147 169 207 216
0.0931322 0.3233073 8.6285391 169 207 216
0.1007162 -0.2449476 8.5154915 169 207 216
0.0792766 -0.2502874 8.5066586 169 207 216
0.1726870 -0.3748461 8.6173830 169 207 216
0.1706090 -0.3589836 8.6066904 169 207 216
0.1672399 -0.3540862 8.6250401 169 207 216
0.1684562 -0.3700103 8.6310720 169 207 216
0.1737615 -0.3686353 8.5923519 169 207 216
0.1755825 -0.3831333 8.6057072 169 207 216
0.1772085 -0.3942492 8.5956936 169 207 216
0.1738347 -0.3812117 8.5819225 169 207 216
0.1735820 -0.4271715 8.5483255 169 207 216
0.1711925 -0.4326867 8.5408401 169 207 216
0.1218145 -0.3244972 8.7199087 169 207 216
0.1022368 -0.3233006 8.7362127 169 207 216
0.0983234 -0.3487786 8.7247620 169 207 216
0.1257498 -0.1143422 8.7130384 169 207 216
0.1279581 -0.0134775 8.6894550 169 207 216
0.1060148 0.0178671 8.7105122 169 207 216
0.1111242 -0.0113505 8.7066078 169 207 216
0.0699003 0.0836762 8.7157774 169 207 216
0.0160553 -0.3024914 8.5054169 169 207 216
0.0168832 -0.3254658 8.4995270 169 207 216
-0.0047112 -0.5198896 8.4936762 169 207 216
-0.0202146 -0.5149170 8.5053205 169 207 216
-0.0000937 -0.5492873 8.4984684 169 207 216
0.0021273 -0.5631187 8.5024328 169 207 216
-0.0134182 -0.5575204 8.5134468 169 207 216
-0.0162637 -0.5442132 8.5094948 169 207 216
0.0097065 -0.6213055 8.5437632 169 207 216
0.0055048 -0.6095330 8.5345030 169 207 216
0.0277798 0.1046503 8.6497908 169 207 216
0.0332587 0.1076201 8.6563501 169 207 216
0.0213627 0.1051275 8.6405697 169 207 216
0.0704709 0.1356649 8.6741648 169 207 216
0.0459990 0.1347582 8.6641684 169 207 216
0.0524011 0.1193790 8.6711893 169 207 216
0.0768767 0.1172071 8.6802807 169 207 216
0.1929963 0.0889525 8.5630302 169 207 216
0.1784163 0.0760810 8.5268965 169 207 216
0.0409181 0.1128067 8.5028276 169 207 216
0.1314357 -0.3237454 8.4255142 169 207 216
0.1367587 -0.3249061 8.4129562 169 207 216
0.1303266 -0.3491609 8.4216738 169 207 216
0.1259595 -0.3475694 8.4355507 169 207 216
0.0115812 -0.4055835 8.4810572 169 207 216
0.0212421 -0.3761116 8.4823112 169 207 216
0.0972229 -0.5972955 8.5753279 169 207 216
0.1751752 -0.5936948 8.5255241 169 207 216
0.1849663 -0.5796872 8.5504408 169 207 216
0.1714278 -0.5849196 8.5542784 169 207 216
0.1605943 -0.5997999 8.5299177 169 207 216
0.1183549 -0.5470202 8.4583263 169 207 216
0.1294299 -0.5633242 8.4681330 169 207 216
0.1124116 -0.5663531 8.4695883 169 207 216
0.1011300 -0.5479169 8.4609680 169 207 216
-0.0286306 -0.0406210 8.4879179 169 207 216
-0.0027055 -0.0413440 8.4717846 169 207 216
-0.0003321 -0.2388360 8.5211506 169 207 216
0.0187133 -0.2371062 8.5122871 169 207 216
0.0160351 -0.2593380 8.5107431 169 207 216
-0.0024001 -0.2623134 8.5206347 169 207 216
0.0419468 -0.3911863 8.4706125 169 207 216
0.0607276 -0.3743159 8.4713898 169 207 216
0.1030083 -0.4246089 8.7056637 169 207 216
0.0997777 -0.4423780 8.7014427 169 207 216
0.1157146 -0.4447887 8.6925631 169 207 216
0.1187254 -0.4286509 8.6967249 169 207 216
0.1441129 -0.3891556 8.4134398 169 207 216
0.1315980 -0.4067424 8.4254808 169 207 216
0.1254264 -0.3982270 8.4314852 169 207 216
0.1326028 -0.3775755 8.4195099 169 207 216
0.1456948 0.0680591 8.4968834 169 207 216
0.1055951 0.0827895 8.4818325 169 207 216
0.1240926 -0.2755591 8.5258970 169 207 216
0.1021821 -0.2797533 8.5119448 169 207 216
0.1003706 -0.2624928 8.5143671 169 207 216
0.1226785 -0.2576450 8.5272512 169 207 216
0.1340513 -0.3254584 8.5136938 169 207 216
0.1310721 -0.3088389 8.5180740 169 207 216
0.1375706 -0.3415644 8.5086365 169 207 216
0.1362209 -0.4386757 8.4687862 169 207 216
0.1405617 -0.4328954 8.4769115 169 207 216
0.1371663 -0.4381222 8.4720602 169 207 216
0.0991140 0.1361459 8.6773396 169 207 216
0.1139972 0.0696464 8.6980171 169 207 216
0.1075264 0.0555432 8.7068224 169 207 216
0.0314592 0.1062560 8.6573315 169 207 216
0.0729941 -0.6160748 8.6028719 169 207 216
0.0720719 -0.6092677 8.6209974 169 207 216
0.1377413 -0.4185792 8.4837303 169 207 216
0.1297539 -0.4047330 8.4764538 169 207 216
0.1530158 -0.4077803 8.4987135 169 207 216
0.1602900 -0.4108901 8.5152731 169 207 216
0.1582815 -0.4167146 8.5097475 169 207 216
0.1503917 -0.4152782 8.4929876 169 207 216
0.1424199 -0.4177799 8.4801178 169 207 216
0.1442552 -0.4087090 8.4846907 169 207 216
0.1822905 -0.4892289 8.5997925 169 207 216
0.1734786 -0.4952594 8.6076822 169 207 216
0.1709173 -0.5129863 8.5969467 169 207 216
0.1805625 -0.5070745 8.5900402 169 207 216
0.1623680 -0.4990841 8.6180305 169 207 216
0.1500466 -0.5026768 8.6296825 169 207 216
0.1481636 -0.5211283 8.6178665 169 207 216
0.1604821 -0.5175304 8.6060648 169 207 216
0.1056591 -0.5781833 8.5958338 169 207 216
0.0944800 -0.5692384 8.6182671 169 207 216
0.0787496 -0.5627885 8.6372004 169 207 216
0.0649495 -0.5588983 8.6509695 169 207 216
0.0000315 -0.5968208 8.5273018 169 207 216
-0.0049411 -0.5827574 8.5217285 169 207 216
0.0126492 -0.5865532 8.5122128 169 207 216
0.0205973 -0.6006173 8.5182762 169 207 216
0.0700980 -0.5941479 8.6288347 169 207 216
0.0607864 -0.5898808 8.6444407 169 207 216
0.0542677 -0.5774120 8.6515341 169 207 216
0.2139993 -0.3439791 8.4598045 169 207 216
0.2130124 -0.3680685 8.4684668 169 207 216
0.0655167 -0.6332721 8.5700493 169 207 216
0.0715037 -0.6253492 8.5862322 169 207 216
0.2139511 -0.3711112 8.4485788 169 207 216
0.2143431 -0.3465392 8.4404669 169 207 216
0.1595965 -0.5627632 8.5765581 169 207 216
0.1571721 -0.5868019 8.5580797 169 207 216
0.1731696 -0.5618623 8.5716391 169 207 216
0.0670359 -0.6028323 8.6381626 169 207 216
0.0580478 -0.5980175 8.6525755 169 207 216
0.1830433 0.0444930 8.5394592 169 207 216
0.1945060 0.0589186 8.5728865 169 207 216
0.1615270 -0.2278177 8.5940199 169 207 216
0.1537851 -0.2316949 8.5700846 169 207 216
0.1032745 -0.2646227 8.7476740 169 207 216
0.1018728 -0.2363259 8.7500925 169 207 216
0.0321589 -0.5997518 8.6716928 169 207 216
0.1207617 -0.1848951 8.7365732 169 207 216
0.1019497 -0.1806590 8.7512655 169 207 216
0.1013218 -0.2090411 8.7507401 169 207 216
0.1200187 -0.2120787 8.7359982 169 207 216
0.0922908 -0.1521840 8.7533264 169 207 216
0.0897334 -0.1394494 8.7531290 169 207 216
0.0887191 0.0347516 8.7243929 169 207 216
0.0797817 0.0327770 8.7324562 169 207 216
0.1971827 -0.4248560 8.5191479 169 207 216
0.1992152 -0.4455757 8.5249929 169 207 216
0.2096110 -0.4570210 8.5134859 169 207 216
0.2080083 -0.4346953 8.5065174 169 207 216
0.1341630 -0.1882533 8.7180386 169 207 216
0.1439909 -0.1910145 8.6947823 169 207 216
0.1823054 -0.4305886 8.5693388 169 207 216
0.1735837 -0.4208260 8.5544214 169 207 216
0.0948016 -0.3732412 8.7176085 169 207 216
0.1326163 -0.4323056 8.6877518 169 207 216
0.1302234 -0.4462367 8.6831656 169 207 216
0.1431554 -0.4463153 8.6729393 169 207 216
0.1452004 -0.4335465 8.6777925 169 207 216
0.0255215 0.1023178 8.6491699 169 207 216
0.1736329 -0.4629051 8.4258938 169 207 216
0.1695704 -0.4757634 8.4274368 169 207 216
0.1612049 -0.4691094 8.4262609 169 207 216
0.1657035 -0.4565917 8.4241705 169 207 216
0.0255046 0.1316187 8.6463003 169 207 216
0.0199723 0.1482342 8.6340523 169 207 216
-0.0032555 0.1062905 8.5731382 169 207 216
-0.0024538 0.1059428 8.5956783 169 207 216
0.1192876 0.1989490 8.6607094 169 207 216
0.1255780 0.1673974 8.6678200 169 207 216
0.1126270 0.2306581 8.6535950 169 207 216
0.1064891 0.2634312 8.6451035 169 207 216
0.0706800 0.4548122 8.5758123 169 207 216
0.0790707 0.4865870 8.5692797 169 207 216
0.0694224 0.5827539 8.5509682 169 207 216
0.0645015 0.6196524 8.5457430 169 207 216
0.0600381 0.6592969 8.5399942 169 207 216
0.0554469 0.6999912 8.5331163 169 207 216
0.0533748 0.7396147 8.5296583 169 207 216
0.2089244 -0.3460467 8.4225769 169 207 216
0.2083231 -0.3727567 8.4282217 169 207 216
0.1968931 -0.3690326 8.4135761 169 207 216
0.1998021 -0.3423003 8.4078655 169 207 216
0.1304395 -0.3680308 8.4731665 169 207 216
0.1401969 -0.3693784 8.4870796 169 207 216
0.1402655 -0.3477365 8.4772625 169 207 216
0.1318830 -0.3471707 8.4635916 169 207 216
0.1337680 -0.3249023 8.4534369 169 207 216
0.1303434 -0.3238288 8.4393368 169 207 216
0.1267360 -0.3471138 8.4499502 169 207 216
0.1469897 -0.3283997 8.4026680 169 207 216
0.1598303 -0.3321587 8.3964520 169 207 216
0.1526233 -0.3591619 8.4035912 169 207 216
0.1400329 -0.3527392 8.4101114 169 207 216
0.1878563 -0.3385063 8.3974705 169 207 216
0.1836884 -0.3646478 8.4041166 169 207 216
0.1687600 -0.3614896 8.4005404 169 207 216
0.1738545 -0.3348534 8.3938341 169 207 216
0.1630228 -0.3281086 8.4897337 169 207 216
0.1499047 -0.3267533 8.4797869 169 207 216
0.1506604 -0.3490927 8.4905357 169 207 216
0.1640336 -0.3505580 8.4996328 169 207 216
0.2174146 -0.4665430 8.4955177 169 207 216
0.2146490 -0.4423721 8.4889803 169 207 216
0.1768936 -0.4514664 8.5455027 169 207 216
0.1865366 -0.4617316 8.5521669 169 207 216
0.1823755 -0.4537000 8.5462008 169 207 216
0.1730591 -0.4492034 8.5385342 169 207 216
0.2054762 -0.3885710 8.4937315 169 207 216
0.2064887 -0.4119528 8.5003805 169 207 216
0.2125411 -0.4176743 8.4822884 169 207 216
0.2120250 -0.3927382 8.4758301 169 207 216
0.1635253 -0.3727398 8.5097752 169 207 216
0.1509391 -0.3706708 8.5004416 169 207 216
0.1525686 -0.3919641 8.5101461 169 207 216
0.1647450 -0.3941641 8.5194101 169 207 216
0.1244890 -0.3720728 8.4319763 169 207 216
0.1199208 -0.3926211 8.4437342 169 207 216
0.1864280 -0.4344175 8.5332727 169 207 216
0.1832531 -0.4163962 8.5267859 169 207 216
0.1804437 -0.4228225 8.5743694 169 207 216
0.1613271 -0.3974366 8.5241661 169 207 216
0.1612446 -0.4048274 8.5196667 169 207 216
0.1720122 -0.3845606 8.6355467 169 207 216
0.1755657 -0.3982057 8.6371260 169 207 216
0.1678240 -0.3703668 8.5643015 169 207 216
0.1666357 -0.3836393 8.5549555 169 207 216
0.1754933 -0.3883905 8.6255569 169 207 216
0.1771039 -0.3976534 8.6302938 169 207 216
0.1478778 -0.3183813 8.6819410 169 207 216
0.0577938 -0.5680658 8.6489401 169 207 216
0.1950592 -0.4039866 8.5129375 169 207 216
0.1798880 -0.3983137 8.5199823 169 207 216
0.1265239 -0.4203614 8.4357529 169 207 216
0.1243910 -0.4310090 8.4446249 169 207 216
0.1233063 -0.4259064 8.4523335 169 207 216
0.1223331 -0.4141935 8.4431715 169 207 216
0.0765684 -0.4170163 8.4578495 169 207 216
0.0593814 -0.4030087 8.4624510 169 207 216
0.0752770 -0.3896589 8.4657907 169 207 216
0.0895984 -0.4041822 8.4616356 169 207 216
0.1893792 -0.4659058 8.4329720 169 207 216
0.1988103 -0.4619814 8.4398804 169 207 216
0.1976349 -0.4822498 8.4439306 169 207 216
0.1870891 -0.4822444 8.4355917 169 207 216
0.2083249 -0.4800097 8.4564362 169 207 216
0.2082429 -0.4563836 8.4513092 169 207 216
0.2145176 -0.4491304 8.4681444 169 207 216
0.2163178 -0.4743731 8.4741735 169 207 216
0.1434578 -0.0052496 8.5053844 169 207 216
0.1667502 0.0029790 8.5253210 169 207 216
0.1625856 -0.1406873 8.6196318 169 207 216
0.1578142 -0.1324385 8.6442099 169 207 216
0.1467767 -0.0251633 8.6660671 169 207 216
0.0867184 0.0957859 8.6912317 169 207 216
0.0612205 0.1049503 8.6802416 169 207 216
0.0167540 0.1724361 8.6207695 169 207 216
0.1869325 0.0149869 8.5498047 169 207 216
0.0163679 0.2023230 8.6067228 169 207 216
0.0179890 0.2337662 8.5930662 169 207 216
0.0263772 0.2238656 8.5184736 169 207 216
0.0465393 0.2231313 8.4992857 169 207 216
0.0440360 0.1920836 8.5024614 169 207 216
0.0208730 0.1914651 8.5242157 169 207 216
0.0716629 0.2244200 8.4885607 169 207 216
0.0710152 0.1934659 8.4898806 169 207 216
0.1439546 0.3299211 8.6064482 169 207 216
0.0361948 0.5611725 8.4506636 169 207 216
0.0536573 0.6019123 8.4432592 169 207 216
0.0571550 0.5611754 8.4415245 169 207 216
0.0340532 0.6009450 8.4513664 169 207 216
0.0796750 0.5636818 8.4417009 169 207 216
0.0842481 0.5268832 8.4454422 169 207 216
0.1207431 0.6197697 8.4987917 169 207 216
0.0333727 0.6415935 8.4545946 169 207 216
0.0512803 0.6442813 8.4474630 169 207 216
0.0754869 0.6040512 8.4431295 169 207 216
0.0698780 0.6465652 8.4473352 169 207 216
0.0333432 0.1195409 8.6564054 169 207 216
0.1956499 0.0976915 8.6004791 169 207 216
0.1952717 0.0669022 8.6064920 169 207 216
0.1621708 0.0532195 8.6653519 169 207 216
0.1378902 0.0656177 8.6823521 169 207 216
0.1503525 -0.2165658 8.6677036 169 207 216
0.1583504 -0.2189966 8.6436796 169 207 216
0.1592925 -0.2659872 8.6427431 169 207 216
0.1638149 -0.2670140 8.6189775 169 207 216
0.1631788 -0.2447293 8.6189375 169 207 216
0.1586685 -0.2415458 8.6432056 169 207 216
0.1556361 -0.2707919 8.5688419 169 207 216
0.1425460 -0.2726425 8.5448732 169 207 216
0.1420634 -0.2538801 8.5462675 169 207 216
0.1550855 -0.2508640 8.5694714 169 207 216
0.1410584 -0.2362044 8.5475311 169 207 216
0.1225140 -0.2403929 8.5287580 169 207 216
0.0365762 -0.2764818 8.5036507 169 207 216
0.0577697 -0.2729772 8.5027199 169 207 216
0.0585345 -0.2919597 8.5002460 169 207 216
0.0372811 -0.2974498 8.5009975 169 207 216
0.0983595 0.0424120 8.7156172 169 207 216
0.0449133 0.1081018 8.6685734 169 207 216
0.1315304 0.1361365 8.6727238 169 207 216
0.1632351 0.1052740 8.6617317 169 207 216
0.1851195 0.1031039 8.6351566 169 207 216
0.1459457 -0.4208477 8.4965839 169 207 216
0.1112263 -0.4407757 8.4514036 169 207 216
0.1152840 -0.4287634 8.4562273 169 207 216
0.2069318 -0.4320680 8.4444103 169 207 216
0.2131910 -0.4243570 8.4618282 169 207 216
0.1672732 -0.4123823 8.5286264 169 207 216
0.2121560 -0.4767900 8.5199471 169 207 216
0.2016203 -0.4637604 8.5317850 169 207 216
0.2042205 -0.4810153 8.5380640 169 207 216
0.1710804 -0.0096675 8.6423168 169 207 216
0.1908259 0.0074689 8.6160641 169 207 216
0.1778125 0.0180412 8.6428671 169 207 216
0.0043724 0.1044137 8.6136971 169 207 216
0.1132783 0.0817770 8.6924696 169 207 216
0.0197519 0.2646435 8.5817604 169 207 216
0.0204816 0.2944083 8.5717602 169 207 216
0.0200477 0.3225807 8.5623655 169 207 216
0.0192101 0.3497005 8.5534773 169 207 216
0.0192529 0.3766794 8.5444736 169 207 216
0.0225159 0.4039552 8.5347624 169 207 216
0.0281286 0.4323617 8.5266905 169 207 216
0.0274791 0.4635305 8.5178728 169 207 216
0.0164896 0.5338401 8.5234766 169 207 216
0.0122440 0.5308813 8.5052509 169 207 216
0.0201863 0.4962312 8.5100889 169 207 216
0.0060468 0.5668360 8.5013437 169 207 216
0.0034299 0.6036794 8.4994545 169 207 216
0.0067982 0.6431109 8.4978561 169 207 216
0.0100484 0.6834844 8.4964743 169 207 216
0.0102201 0.7234312 8.4957561 169 207 216
0.0199516 0.1035492 8.6400261 169 207 216
0.0126565 0.1030295 8.6278543 169 207 216
0.1436136 -0.5617968 8.5833569 169 207 216
0.1661813 -0.4182339 8.5321627 169 207 216
0.1644137 -0.4237616 8.5261993 169 207 216
0.1720248 -0.4279690 8.5358391 169 207 216
0.1782952 -0.3882814 8.4100647 169 207 216
0.1915759 -0.3940350 8.4174528 169 207 216
0.1557088 -0.4110431 8.5196142 169 207 216
0.1696699 -0.4430184 8.5342579 169 207 216
0.1673240 -0.4477587 8.5272179 169 207 216
0.2664559 -0.2753693 8.5122423 169 207 216
0.2726845 -0.2639988 8.5040798 169 207 216
0.2784794 -0.2617732 8.5250244 169 207 216
0.2716968 -0.2720882 8.5322580 169 207 216
0.2552345 -0.2813758 8.5205460 169 207 216
0.2605896 -0.2767247 8.5394707 169 207 216
0.2075843 -0.2354895 8.5353823 169 207 216
0.2110869 -0.2513866 8.5353794 169 207 216
0.2212996 -0.2457844 8.5526361 169 207 216
0.2192835 -0.2302887 8.5521679 169 207 216
0.2535927 -0.2711293 8.5633106 169 207 216
0.2436755 -0.2644816 8.5664215 169 207 216
0.2358234 -0.2696978 8.5492907 169 207 216
0.2477344 -0.2755806 8.5453892 169 207 216
0.2192591 -0.2072231 8.5236263 169 207 216
0.2305146 -0.2019551 8.5145502 169 207 216
0.2166878 -0.2036659 8.4972382 169 207 216
0.2057141 -0.2106530 8.5071669 169 207 216
0.1673128 -0.2609807 8.4675407 169 207 216
0.1628993 -0.2472453 8.4649296 169 207 216
0.1554967 -0.2532228 8.4545040 169 207 216
0.1622101 -0.2658846 8.4583559 169 207 216
0.2529196 -0.2830767 8.4730177 169 207 216
0.2569156 -0.2698134 8.4628439 169 207 216
0.2658216 -0.2672731 8.4835539 169 207 216
0.2605893 -0.2798108 8.4927235 169 207 216
0.2131660 -0.2885479 8.4963865 169 207 216
0.2001710 -0.2774066 8.4992638 169 207 216
0.1925282 -0.2827978 8.4816103 169 207 216
0.2054848 -0.2939960 8.4790373 169 207 216
0.2452499 -0.2863535 8.4529247 169 207 216
0.2465979 -0.2725825 8.4432402 169 207 216
0.2281030 -0.2758252 8.5321455 169 207 216
0.2175892 -0.2648915 8.5341282 169 207 216
0.2086397 -0.2714918 8.5169096 169 207 216
0.2205713 -0.2824138 8.5146036 169 207 216
0.2436173 -0.2049465 8.5579081 169 207 216
0.2540393 -0.2013915 8.5505686 169 207 216
0.2426795 -0.2015698 8.5323296 169 207 216
0.2320280 -0.2055326 8.5405130 169 207 216
0.2363357 -0.2541659 8.5682678 169 207 216
0.2318214 -0.2414033 8.5694151 169 207 216
0.2271231 -0.2589740 8.5512037 169 207 216
0.2871367 -0.2346574 8.5376377 169 207 216
0.2877108 -0.2478828 8.5407457 169 207 216
0.2817298 -0.2493243 8.5191221 169 207 216
0.2797033 -0.2349626 8.5158205 169 207 216
0.1845654 -0.2483207 8.5004721 169 207 216
0.1902475 -0.2633638 8.5005064 169 207 216
0.2001899 -0.2575964 8.5180111 169 207 216
0.1960141 -0.2418719 8.5179205 169 207 216
0.2429252 -0.2926562 8.4830284 169 207 216
0.2494486 -0.2870872 8.5018339 169 207 216
0.2710062 -0.2342061 8.4940891 169 207 216
0.2749693 -0.2505040 8.4975128 169 207 216
0.2661068 -0.2521312 8.4762754 169 207 216
0.2619202 -0.2360854 8.4729452 169 207 216
0.2398359 -0.2210668 8.4544325 169 207 216
0.2273419 -0.2106176 8.4606256 169 207 216
0.2413488 -0.2103636 8.4791412 169 207 216
0.2526788 -0.2209965 8.4743328 169 207 216
0.1746373 -0.2548869 8.4830046 169 207 216
0.1720157 -0.2392632 8.4808474 169 207 216
0.1918390 -0.2161097 8.4909563 169 207 216
0.2022596 -0.2069673 8.4802866 169 207 216
0.1870657 -0.2127148 8.4629145 169 207 216
0.1767250 -0.2235005 8.4740095 169 207 216
0.2151706 -0.3033448 8.4457350 169 207 216
0.2261418 -0.2979711 8.4334316 169 207 216
0.2301893 -0.2976106 8.4466763 169 207 216
0.2164036 -0.3010681 8.4573765 169 207 216
0.2366478 -0.2882459 8.4346609 169 207 216
0.2297711 -0.2896557 8.4203949 169 207 216
0.2136653 -0.2833375 8.3978844 169 207 216
0.2035907 -0.2750928 8.3918705 169 207 216
0.2087879 -0.2686764 8.3957577 169 207 216
0.2185052 -0.2789572 8.4024963 169 207 216
0.2112468 -0.2227874 8.4151392 169 207 216
0.1961860 -0.2156838 8.4210730 169 207 216
0.2122125 -0.2121676 8.4410782 169 207 216
0.2258200 -0.2209570 8.4347200 169 207 216
0.1662756 -0.2224112 8.4194107 169 207 216
0.1575924 -0.2282282 8.4348345 169 207 216
0.1717526 -0.2201592 8.4468174 169 207 216
0.1826187 -0.2149929 8.4331293 169 207 216
0.1369929 -0.2809827 8.4212914 169 207 216
0.1364949 -0.2820702 8.4348450 169 207 216
0.1388488 -0.2650066 8.4300175 169 207 216
0.1404510 -0.2620774 8.4162645 169 207 216
0.1485234 -0.2753666 8.4538937 169 207 216
0.1486971 -0.2879604 8.4605179 169 207 216
0.1603357 -0.2906810 8.4690523 169 207 216
0.1594909 -0.2801234 8.4613361 169 207 216
0.2161399 -0.3065389 8.4415350 169 207 216
0.2192036 -0.3076863 8.4229918 169 207 216
0.2215124 -0.3012007 8.4206066 169 207 216
0.2158118 -0.3017146 8.4369297 169 207 216
0.1979933 -0.2264353 8.3981133 169 207 216
0.1788450 -0.2209172 8.4034271 169 207 216
0.1487403 -0.2660236 8.4502325 169 207 216
0.1585802 -0.2737742 8.4563942 169 207 216
0.1589179 -0.2693223 8.4547110 169 207 216
0.1508252 -0.2594316 8.4496002 169 207 216
0.1861709 -0.2881662 8.4539833 169 207 216
0.2003949 -0.2962199 8.4471674 169 207 216
0.1992064 -0.2970577 8.4489956 169 207 216
0.1841813 -0.2872830 8.4536715 169 207 216
0.2154555 -0.3006603 8.4359465 169 207 216
0.2227833 -0.2981436 8.4203806 169 207 216
0.2242170 -0.2995651 8.4247808 169 207 216
0.2140963 -0.3023915 8.4391241 169 207 216
0.1886401 -0.2334747 8.3877335 169 207 216
0.2011593 -0.2430283 8.3876581 169 207 216
0.1914970 -0.2503844 8.3830729 169 207 216
0.1792377 -0.2427559 8.3839588 169 207 216
0.1535169 -0.2332260 8.4134388 169 207 216
0.1478055 -0.2382601 8.4278860 169 207 216
0.1851174 -0.2866461 8.4581642 169 207 216
0.1721206 -0.2765372 8.4594622 169 207 216
0.1703547 -0.2785825 8.4565010 169 207 216
0.2254095 -0.2909417 8.4113894 169 207 216
0.1413467 -0.2802443 8.4092064 169 207 216
0.1479917 -0.2813983 8.3986063 169 207 216
0.1429666 -0.3008342 8.4047050 169 207 216
0.1368958 -0.2993423 8.4157934 169 207 216
0.1339881 -0.2994686 8.4284420 169 207 216
0.1354490 -0.3006553 8.4425325 169 207 216
0.1494508 -0.3047429 8.4692802 169 207 216
0.1619624 -0.3068428 8.4788551 169 207 216
0.1772482 -0.3098642 8.4826260 169 207 216
0.1932360 -0.3136127 8.4793205 169 207 216
0.1914624 -0.2986592 8.4689837 169 207 216
0.1756021 -0.2944521 8.4717865 169 207 216
0.2145179 -0.3221113 8.4507141 169 207 216
0.2157884 -0.3240240 8.4315548 169 207 216
0.2140572 -0.3046676 8.4088173 169 207 216
0.2109018 -0.3217670 8.4150620 169 207 216
0.1427770 -0.2579860 8.4405136 169 207 216
0.1412664 -0.2698965 8.4428997 169 207 216
0.2642262 -0.2206672 8.4942932 169 207 216
0.2535908 -0.2097242 8.4985323 169 207 216
0.2645362 -0.2101839 8.5186014 169 207 216
0.2741089 -0.2216116 8.5154963 169 207 216
0.2647563 -0.2035743 8.5439005 169 207 216
0.2538756 -0.2031241 8.5246439 169 207 216
0.2417734 -0.2817221 8.5274019 169 207 216
0.2350574 -0.2874254 8.5092030 169 207 216
0.2655031 -0.2728409 8.5581007 169 207 216
0.1992918 -0.2971002 8.4545126 169 207 216
0.2014379 -0.2968165 8.4641542 169 207 216
0.1944636 -0.2666210 8.3847837 169 207 216
0.1992169 -0.2833958 8.3898849 169 207 216
0.1887243 -0.2769041 8.3844271 169 207 216
0.2120340 -0.2394482 8.3974171 169 207 216
0.2246233 -0.2379835 8.4131327 169 207 216
0.2304230 -0.2578745 8.4179001 169 207 216
0.2170721 -0.2587065 8.4004402 169 207 216
0.1711163 -0.2533754 8.3846664 169 207 216
0.1834962 -0.2594909 8.3820410 169 207 216
0.1767430 -0.2719271 8.3833075 169 207 216
0.1644320 -0.2671506 8.3868389 169 207 216
0.2051854 -0.3018968 8.4583740 169 207 216
0.2026129 -0.2963635 8.4511023 169 207 216
0.1914007 -0.3137064 8.3921890 169 207 216
0.1950543 -0.2965431 8.3901157 169 207 216
0.2051625 -0.3003239 8.3981638 169 207 216
0.2022196 -0.3168643 8.4020462 169 207 216
0.2091552 -0.2899640 8.3971586 169 207 216
0.1784721 -0.3109270 8.3886337 169 207 216
0.1835643 -0.2922093 8.3856096 169 207 216
0.2066191 -0.3180064 8.4681597 169 207 216
0.1584104 -0.2849374 8.3905506 169 207 216
0.1709652 -0.2884201 8.3861609 169 207 216
0.1653830 -0.3079211 8.3902493 169 207 216
0.1527160 -0.3045460 8.3961535 169 207 216
0.2421937 -0.2032980 8.5055790 169 207 216
0.2287665 -0.2043283 8.4873724 169 207 216
0.1537341 -0.2395614 8.4471169 169 207 216
0.1634529 -0.2316670 8.4585257 169 207 216
0.1465452 -0.2481295 8.4409161 169 207 216
0.2104934 -0.2191879 8.5317154 169 207 216
0.2233244 -0.2157232 8.5479355 169 207 216
0.1842279 -0.2314925 8.4980345 169 207 216
0.1976247 -0.2245934 8.5146942 169 207 216
0.2499525 -0.2362907 8.4528770 169 207 216
0.1518671 -0.2455853 8.4013605 169 207 216
0.1454879 -0.2464089 8.4136362 169 207 216
0.1615824 -0.2321154 8.4000883 169 207 216
0.1407410 -0.3029475 8.4569693 169 207 216
0.1407086 -0.2848425 8.4484262 169 207 216
0.1774938 -0.2287148 8.3916054 169 207 216
0.1394960 -0.3258485 8.4675579 169 207 216
0.2253923 -0.2766373 8.4104824 169 207 216
0.2215573 -0.2917076 8.4068909 169 207 216
0.2179065 -0.2962890 8.4065151 169 207 216
0.2843095 -0.2600978 8.5462132 169 207 216
0.2278766 -0.2934248 8.4911814 169 207 216
0.1871148 -0.2858578 8.4665051 169 207 216
0.1761092 -0.2737097 8.4678164 169 207 216
0.1607170 -0.2478853 8.3913984 169 207 216
0.1534481 -0.2628574 8.3940611 169 207 216
0.1458049 -0.2613886 8.4043922 169 207 216
0.1887957 -0.2903037 8.4604826 169 207 216
0.1736116 -0.2850147 8.4637175 169 207 216
0.2355510 -0.2139363 8.5640993 169 207 216
0.1714290 -0.2801530 8.4582396 169 207 216
0.2344440 -0.2726415 8.4250822 169 207 216
-0.0185000 -0.5302393 8.5065327 169 207 216
0.1675912 -0.3555025 8.5745735 169 207 216
0.1597645 -0.3363324 8.6397381 169 207 216
0.1646724 -0.3363669 8.6182241 169 207 216
0.1673180 -0.4042752 8.5429802 169 207 216
0.1673671 -0.4120186 8.5377073 169 207 216
0.1626612 -0.4342383 8.5208721 169 207 216
0.1592990 -0.4434591 8.5133677 169 207 216
0.1725662 -0.3927735 8.5724010 169 207 216
0.1021066 -0.7629679 8.6924200 169 207 216
0.1015894 -0.7581724 8.6857634 169 207 216
0.1040416 -0.7742368 8.7001991 169 207 216
0.0911753 -0.1673198 8.7542391 169 207 216
0.0974979 -0.7476346 8.6925402 169 207 216
0.0963639 -0.7396803 8.6861076 169 207 216
0.1011102 -0.7427237 8.6904726 169 207 216
0.0962823 -0.7478977 8.6948099 169 207 216
0.0960547 -0.7487361 8.6958742 169 207 216
0.1021021 -0.7712448 8.7109213 169 207 216
0.0990157 -0.7508132 8.6801929 169 207 216
0.0970345 -0.7412677 8.6757469 169 207 216
0.0978085 -0.7574291 8.7080212 169 207 216
0.0060645 -0.1654346 8.5159111 169 207 216
-0.0147616 -0.1618300 8.5268021 169 207 216
-0.0178162 -0.1460346 8.5181427 169 207 216
0.0055456 -0.1479318 8.5085049 169 207 216
-0.0204164 -0.1283929 8.5127974 169 207 216
0.0987444 -0.0951269 8.4835033 169 207 216
0.1245590 -0.0977280 8.4980421 169 207 216
0.1222554 -0.1201493 8.5016317 169 207 216
0.0976905 -0.1176807 8.4887857 169 207 216
0.1405821 -0.1383725 8.5208187 169 207 216
0.1187499 -0.1402585 8.5047340 169 207 216
0.1443612 -0.1198799 8.5194912 169 207 216
0.1613557 -0.1144680 8.5427332 169 207 216
0.1576777 -0.1334263 8.5433483 169 207 216
0.1712370 -0.1037996 8.5673923 169 207 216
0.1668742 -0.1241990 8.5686369 169 207 216
0.1753324 -0.0912998 8.5921288 169 207 216
0.1719839 -0.0790444 8.6178370 169 207 216
0.1647944 -0.0398382 8.6425838 169 207 216
0.1457503 -0.0558951 8.6660604 169 207 216
0.1610257 -0.0667069 8.6423101 169 207 216
0.1141616 -0.0430800 8.7062883 169 207 216
0.1294519 -0.0474723 8.6875944 169 207 216
0.0845696 -0.0411310 8.7330275 169 207 216
0.0990942 -0.0412823 8.7213182 169 207 216
0.1458744 -0.5405138 8.6023264 169 207 216
0.0792933 -0.6096840 8.5132694 169 207 216
0.0890917 -0.6045815 8.5060329 169 207 216
0.1101782 -0.6094508 8.5214624 169 207 216
0.0815993 -0.5467800 8.4639444 169 207 216
0.0923182 -0.5664338 8.4716272 169 207 216
0.0666878 -0.5601528 8.4734793 169 207 216
0.0580798 -0.5413015 8.4695435 169 207 216
0.0604763 -0.6020222 8.5056076 169 207 216
0.0555882 -0.6052854 8.5106258 169 207 216
0.0662603 -0.5965925 8.4986105 169 207 216
0.0252209 -0.5806930 8.4994602 169 207 216
0.0443601 -0.5882490 8.4962626 169 207 216
0.1582523 -0.5932816 8.5008574 169 207 216
0.1419793 -0.5804296 8.4818115 169 207 216
0.1561951 -0.5738673 8.4801693 169 207 216
0.1734611 -0.5847391 8.4980164 169 207 216
0.1089375 -0.5301983 8.4525270 169 207 216
0.1015309 -0.5129951 8.4500093 169 207 216
0.1152849 -0.5134594 8.4455414 169 207 216
0.1227294 -0.5293093 8.4490118 169 207 216
0.2071383 -0.5396022 8.4876089 169 207 216
0.1929040 -0.5399033 8.4698763 169 207 216
0.2010653 -0.5216399 8.4649305 169 207 216
0.2128125 -0.5186713 8.4827843 169 207 216
0.1320604 -0.5443271 8.4561052 169 207 216
0.0288806 -0.4120404 8.4696512 169 207 216
0.0473857 -0.4209568 8.4604406 169 207 216
0.0657685 -0.4314232 8.4560051 169 207 216
0.1086121 -0.4543379 8.4478045 169 207 216
0.0974265 -0.4478591 8.4495525 169 207 216
0.1015310 -0.4331128 8.4531412 169 207 216
0.1181334 -0.4606842 8.4468498 169 207 216
0.1265526 -0.4646525 8.4460983 169 207 216
0.1941657 -0.4659853 8.5452452 169 207 216
0.1966835 -0.4776851 8.5529785 169 207 216
0.2052851 -0.4975369 8.5447073 169 207 216
0.1341430 -0.4604354 8.4452505 169 207 216
0.1320907 -0.4638459 8.4484949 169 207 216
0.1311764 -0.4579157 8.4513092 169 207 216
0.1323693 -0.4559720 8.4481974 169 207 216
0.1430602 -0.5983742 8.5045338 169 207 216
0.1882310 -0.5188180 8.4518223 169 207 216
0.1794151 -0.5338770 8.4571352 169 207 216
0.1685823 -0.5241034 8.4466038 169 207 216
0.1774896 -0.5114739 8.4424992 169 207 216
0.1673039 -0.5055106 8.4357510 169 207 216
0.1584951 -0.5152017 8.4392452 169 207 216
0.1499546 -0.5058395 8.4364672 169 207 216
0.1584189 -0.4982599 8.4332666 169 207 216
0.1364836 -0.4666472 8.4426355 169 207 216
0.1334757 -0.4696819 8.4456987 169 207 216
0.2188877 -0.4879874 8.5007181 169 207 216
0.2008396 -0.5712045 8.5192966 169 207 216
0.2050627 -0.5552863 8.5426674 169 207 216
0.1964615 -0.5697424 8.5471764 169 207 216
0.1891994 -0.5847929 8.5226345 169 207 216
0.1460782 -0.4306719 8.4903927 169 207 216
0.1545579 -0.4337117 8.5049429 169 207 216
0.1373634 -0.4288423 8.4782696 169 207 216
0.1335350 -0.4452004 8.4610481 169 207 216
0.1312493 -0.4302473 8.4676304 169 207 216
0.1771129 -0.4417281 8.5411291 169 207 216
0.1901591 -0.4516955 8.5388870 169 207 216
0.1995254 -0.5308858 8.5571346 169 207 216
0.1932977 -0.5448155 8.5626116 169 207 216
0.2164037 -0.4965071 8.4789591 169 207 216
0.2065398 -0.5009482 8.4606647 169 207 216
0.1341238 -0.4529336 8.4400854 169 207 216
0.1307774 -0.4482154 8.4432564 169 207 216
0.1314777 -0.4413164 8.4370270 169 207 216
0.1284441 -0.4380094 8.4581184 169 207 216
0.1307704 -0.4520935 8.4548912 169 207 216
0.1870850 -0.5736481 8.4951029 169 207 216
0.1939078 -0.5010719 8.4474020 169 207 216
0.1826446 -0.4972347 8.4384308 169 207 216
0.1480407 -0.5222837 8.4425573 169 207 216
0.1575891 -0.5336943 8.4500494 169 207 216
0.1454289 -0.5403004 8.4531088 169 207 216
0.1359094 -0.5267051 8.4456158 169 207 216
0.1646152 -0.4876995 8.4299631 169 207 216
0.1566266 -0.4803714 8.4292355 169 207 216
0.1283086 -0.5125532 8.4422798 169 207 216
0.1399464 -0.5102764 8.4396315 169 207 216
0.1375492 -0.4590332 8.4366989 169 207 216
0.1848109 -0.5556831 8.5669546 169 207 216
0.1812094 -0.5297513 8.5780888 169 207 216
0.1702816 -0.5357870 8.5840178 169 207 216
0.1944408 -0.5053059 8.5669718 169 207 216
0.1886748 -0.5189462 8.5728683 169 207 216
0.1969181 -0.4900015 8.5607958 169 207 216
0.1589737 -0.5375242 8.5913506 169 207 216
0.1683761 -0.2372030 8.3900948 169 207 216
0.1275957 -0.4357187 8.4397535 169 207 216
0.1310858 -0.4267506 8.4321957 169 207 216
0.1345066 -0.4334880 8.4307718 169 207 216
0.1623042 -0.3869870 8.4087372 169 207 216
-0.0029382 -0.6399995 8.7519226 169 207 216
-0.0047326 -0.6442473 8.7566795 169 207 216
-0.0077495 -0.6624389 8.7670746 169 207 216
-0.0079303 -0.6662854 8.7680969 169 207 216
0.2009748 -0.2588626 8.3872652 169 207 216
0.2066915 -0.2527555 8.3906803 169 207 216
0.2373174 -0.2374093 8.4327259 169 207 216
0.2553337 -0.2542870 8.4560041 169 207 216
0.2429779 -0.2560680 8.4364986 169 207 216
0.2361008 -0.2972869 8.4641438 169 207 216
0.2217340 -0.2995308 8.4732580 169 207 216
0.1816088 -0.2686560 8.4829588 169 207 216
0.1990027 -0.2096207 8.4512653 169 207 216
0.2870264 -0.2678831 8.5914488 169 207 216
0.2953247 -0.2594416 8.5872011 169 207 216
0.3016291 -0.2598888 8.6066151 169 207 216
0.2921194 -0.2663293 8.6106358 169 207 216
0.2973295 -0.2660504 8.6283150 169 207 216
0.2864292 -0.2649831 8.6324196 169 207 216
0.2812979 -0.2663509 8.6151323 169 207 216
0.2785798 -0.2584278 8.6358547 169 207 216
0.2724983 -0.2607389 8.6182909 169 207 216
0.2727395 -0.2492610 8.6373100 169 207 216
0.2705699 -0.2394002 8.6383963 169 207 216
0.2627067 -0.2424419 8.6211224 169 207 216
0.2661865 -0.2523988 8.6199369 169 207 216
0.2522562 -0.2345508 8.6039848 169 207 216
0.2620293 -0.2312820 8.6215858 169 207 216
0.2639414 -0.2197823 8.6207342 169 207 216
0.2529197 -0.2220668 8.6028938 169 207 216
0.2864618 -0.2035226 8.6335840 169 207 216
0.2944871 -0.2024375 8.6295443 169 207 216
0.2855209 -0.2019087 8.6090946 169 207 216
0.2764654 -0.2028537 8.6136580 169 207 216
0.2920120 -0.2117621 8.5808001 169 207 216
0.2842081 -0.2049789 8.5840645 169 207 216
0.2942330 -0.2052787 8.6047516 169 207 216
0.3020447 -0.2118387 8.6012764 169 207 216
0.3119503 -0.2111013 8.6202011 169 207 216
0.3146473 -0.2228138 8.6200552 169 207 216
0.3065871 -0.2220097 8.6002998 169 207 216
0.2766691 -0.2691875 8.5520878 169 207 216
0.2814759 -0.2680323 8.5718422 169 207 216
0.2707145 -0.2706472 8.5773916 169 207 216
0.2589682 -0.2562734 8.6022091 169 207 216
0.2514272 -0.2604286 8.5844221 169 207 216
0.2601412 -0.2676749 8.5817823 169 207 216
0.2662578 -0.2639976 8.6000080 169 207 216
0.2308609 -0.2269466 8.5686474 169 207 216
0.2425511 -0.2379499 8.5865774 169 207 216
0.2425139 -0.2244687 8.5854092 169 207 216
0.2544490 -0.2462784 8.6034946 169 207 216
0.2458082 -0.2502227 8.5859003 169 207 216
0.2580463 -0.2108256 8.5990238 169 207 216
0.2691832 -0.2096930 8.6176748 169 207 216
0.2996155 -0.2479533 8.5834188 169 207 216
0.3007239 -0.2351617 8.5807695 169 207 216
0.3074526 -0.2344850 8.6016369 169 207 216
0.3061721 -0.2479146 8.6036072 169 207 216
0.2466283 -0.2126223 8.5814285 169 207 216
0.2940863 -0.2346767 8.5592899 169 207 216
0.2936181 -0.2476403 8.5621262 169 207 216
0.2984446 -0.2227840 8.5797205 169 207 216
0.2904016 -0.2223596 8.5587196 169 207 216
0.3127544 -0.2482703 8.6221390 169 207 216
0.3072902 -0.2598454 8.6249666 169 207 216
0.2896233 -0.2600259 8.5665741 169 207 216
0.2656693 -0.2034828 8.5940933 169 207 216
0.2749874 -0.2017281 8.5888710 169 207 216
0.2645888 -0.2016765 8.5693207 169 207 216
0.2546800 -0.2044871 8.5756855 169 207 216
0.2744567 -0.2108925 8.5393190 169 207 216
0.2749766 -0.2048136 8.5638990 169 207 216
0.2836622 -0.2116911 8.5600185 169 207 216
0.3034352 -0.2048812 8.6242352 169 207 216
0.2823758 -0.2212572 8.5373793 169 207 216
0.3179882 -0.2653373 8.7101526 169 207 216
0.3077717 -0.2621570 8.7058907 169 207 216
0.3060005 -0.2721213 8.7116003 169 207 216
0.3169692 -0.2749682 8.7144375 169 207 216
0.2824695 -0.2703023 8.7008810 169 207 216
0.2785127 -0.2765377 8.6901159 169 207 216
0.2810293 -0.2875930 8.6983833 169 207 216
0.2846913 -0.2820292 8.7075443 169 207 216
0.3177735 -0.2839843 8.7156649 169 207 216
0.3062064 -0.2811989 8.7139988 169 207 216
0.3181813 -0.2897579 8.7127066 169 207 216
0.3342419 -0.2938980 8.7152567 169 207 216
0.3288757 -0.2881896 8.7185183 169 207 216
0.3455727 -0.2969486 8.7207251 169 207 216
0.3414379 -0.2947098 8.7055473 169 207 216
0.3540609 -0.2948873 8.7168512 169 207 216
0.3575784 -0.2700930 8.6985168 169 207 216
0.3593001 -0.2579587 8.6975079 169 207 216
0.3662696 -0.2618513 8.7121191 169 207 216
0.3637760 -0.2740574 8.7138824 169 207 216
0.3605477 -0.2389660 8.7090139 169 207 216
0.3637486 -0.2506132 8.7116880 169 207 216
0.3573126 -0.2477570 8.6967983 169 207 216
0.3539607 -0.2375521 8.6956062 169 207 216
0.3213253 -0.2499295 8.7047224 169 207 216
0.3125169 -0.2449599 8.6988058 169 207 216
0.3108828 -0.2522140 8.7007236 169 207 216
0.3200408 -0.2563495 8.7059422 169 207 216
0.3112260 -0.2974964 8.7116928 169 207 216
0.3213785 -0.2943465 8.7021036 169 207 216
0.3233578 -0.2936218 8.7084293 169 207 216
0.3103065 -0.2960939 8.7148294 169 207 216
0.2936184 -0.2209730 8.6857290 169 207 216
0.2884001 -0.2190199 8.6735487 169 207 216
0.2866919 -0.2288100 8.6725760 169 207 216
0.2919027 -0.2287737 8.6834326 169 207 216
0.2776655 -0.2575847 8.6759424 169 207 216
0.2798682 -0.2495333 8.6702538 169 207 216
0.2825061 -0.2615791 8.6595402 169 207 216
0.2833034 -0.2680694 8.6656570 169 207 216
0.2769659 -0.2662425 8.6826706 169 207 216
0.2833600 -0.2747941 8.6718864 169 207 216
0.2840969 -0.2834418 8.6805058 169 207 216
0.2852411 -0.2933879 8.6907082 169 207 216
0.2937081 -0.2088877 8.6719055 169 207 216
0.2979485 -0.2082863 8.6813021 169 207 216
0.3458044 -0.3052994 8.7638988 169 207 216
0.3426561 -0.3003979 8.7645388 169 207 216
0.3451902 -0.3001901 8.7598057 169 207 216
0.3481744 -0.3052365 8.7588863 169 207 216
0.3170146 -0.2051617 8.6703558 169 207 216
0.3252413 -0.2114665 8.6667061 169 207 216
0.3200135 -0.2083948 8.6602793 169 207 216
0.3109363 -0.2042572 8.6644821 169 207 216
0.3243432 -0.2064247 8.6780882 169 207 216
0.3320986 -0.2151363 8.6743708 169 207 216
0.3571826 -0.3043067 8.7705240 169 207 216
0.3542345 -0.3075410 8.7673483 169 207 216
0.3574589 -0.3068652 8.7624187 169 207 216
0.3604800 -0.3031481 8.7654219 169 207 216
0.3265846 -0.2791966 8.7186222 169 207 216
0.3266833 -0.2696100 8.7155561 169 207 216
0.3422029 -0.2855845 8.7312546 169 207 216
0.3350993 -0.2752613 8.7231398 169 207 216
0.3346190 -0.2852787 8.7241392 169 207 216
0.3418456 -0.2917069 8.7298031 169 207 216
0.3364501 -0.2541480 8.7188644 169 207 216
0.3295161 -0.2497407 8.7110033 169 207 216
0.3304131 -0.2584889 8.7129641 169 207 216
0.3374949 -0.2628383 8.7213354 169 207 216
0.3271351 -0.2359540 8.7128077 169 207 216
0.3341837 -0.2403626 8.7194071 169 207 216
0.3325209 -0.2334111 8.7204618 169 207 216
0.3267317 -0.2301923 8.7144394 169 207 216
0.3440093 -0.2547657 8.7323666 169 207 216
0.3470698 -0.2572691 8.7392273 169 207 216
0.3463198 -0.2510694 8.7385941 169 207 216
0.3431288 -0.2487711 8.7321129 169 207 216
0.3153672 -0.2059762 8.6527138 169 207 216
0.3060622 -0.2030481 8.6566992 169 207 216
0.3509651 -0.2193683 8.7067146 169 207 216
0.3427638 -0.2115819 8.7072887 169 207 216
0.3456045 -0.2133909 8.7158165 169 207 216
0.3529884 -0.2208935 8.7161322 169 207 216
0.3313442 -0.2216023 8.6644030 169 207 216
0.3262138 -0.2182451 8.6574669 169 207 216
0.3574373 -0.2986542 8.7731686 169 207 216
0.3609564 -0.2973635 8.7679787 169 207 216
0.2962365 -0.2854908 8.6751728 169 207 216
0.2960711 -0.2948795 8.6863003 169 207 216
0.2957474 -0.2777545 8.6662550 169 207 216
0.2950453 -0.2726448 8.6598797 169 207 216
0.2935352 -0.2693336 8.6532993 169 207 216
0.3404619 -0.2735860 8.7272501 169 207 216
0.3256571 -0.2608788 8.7112846 169 207 216
0.3208547 -0.2446229 8.7044592 169 207 216
0.3199891 -0.2146121 8.7099361 169 207 216
0.3149668 -0.2111329 8.7045240 169 207 216
0.3133728 -0.2212184 8.7063227 169 207 216
0.3196562 -0.2223020 8.7104216 169 207 216
0.3342333 -0.2093616 8.7098007 169 207 216
0.3288186 -0.2131117 8.7134705 169 207 216
0.3328680 -0.2160934 8.7190580 169 207 216
0.3375781 -0.2118606 8.7166996 169 207 216
0.3103412 -0.3004793 8.7086248 169 207 216
0.3159451 -0.2954377 8.6970291 169 207 216
0.3072780 -0.2036151 8.6757278 169 207 216
0.3018032 -0.2041876 8.6684313 169 207 216
0.2975582 -0.2044530 8.6601963 169 207 216
0.3015240 -0.2357996 8.6918936 169 207 216
0.2905918 -0.2341142 8.6825171 169 207 216
0.2879251 -0.2407894 8.6837845 169 207 216
0.3008842 -0.2410996 8.6925793 169 207 216
0.2947800 -0.2584401 8.7021484 169 207 216
0.2824952 -0.2584876 8.6941242 169 207 216
0.2933947 -0.2695071 8.7086887 169 207 216
0.2838799 -0.2372889 8.6715307 169 207 216
0.2835759 -0.2286798 8.6628246 169 207 216
0.2807949 -0.2383474 8.6620579 169 207 216
0.2866186 -0.2181503 8.6634293 169 207 216
0.2912728 -0.2096388 8.6624451 169 207 216
0.2791862 -0.2283008 8.6528549 169 207 216
0.2767039 -0.2383460 8.6521683 169 207 216
0.2830954 -0.2180169 8.6523867 169 207 216
0.2880039 -0.2094270 8.6516676 169 207 216
0.3183227 -0.2132464 8.6360245 169 207 216
0.3102169 -0.2054171 8.6402454 169 207 216
0.3222989 -0.2151679 8.6485195 169 207 216
0.2822189 -0.2594911 8.6493654 169 207 216
0.2797511 -0.2498544 8.6609688 169 207 216
0.2777163 -0.2488245 8.6518593 169 207 216
0.2913792 -0.2664869 8.6451445 169 207 216
0.2858947 -0.2900367 8.7119770 169 207 216
0.2858445 -0.2962894 8.7183628 169 207 216
0.2938330 -0.2939012 8.7204380 169 207 216
0.2950000 -0.2878883 8.7149029 169 207 216
0.3547825 -0.2987822 8.7279301 169 207 216
0.3470993 -0.2974833 8.7286081 169 207 216
0.3382118 -0.2931108 8.7230463 169 207 216
0.3002480 -0.2186857 8.6942787 169 207 216
0.3039387 -0.2076389 8.6902294 169 207 216
0.3451409 -0.2821543 8.7331057 169 207 216
0.3634520 -0.3021543 8.7587538 169 207 216
0.3597400 -0.3060960 8.7559452 169 207 216
0.3615086 -0.3038581 8.7441225 169 207 216
0.3665370 -0.2999733 8.7471638 169 207 216
0.3507673 -0.2827256 8.7401056 169 207 216
0.3482783 -0.2872626 8.7375879 169 207 216
0.3479360 -0.2906046 8.7439623 169 207 216
0.3507679 -0.2861159 8.7472134 169 207 216
0.3436306 -0.2441470 8.7360964 169 207 216
0.3413368 -0.2417943 8.7314367 169 207 216
0.3638908 -0.2767283 8.7308254 169 207 216
0.3649489 -0.2878568 8.7275572 169 207 216
0.3602449 -0.2869196 8.7128134 169 207 216
0.3355678 -0.2467440 8.7186785 169 207 216
0.3405163 -0.2509563 8.7258778 169 207 216
0.3395363 -0.2448029 8.7261286 169 207 216
0.3436580 -0.2734745 8.7293930 169 207 216
0.3469891 -0.2786675 8.7335720 169 207 216
0.3460902 -0.2715190 8.7324944 169 207 216
0.3422054 -0.2666689 8.7273216 169 207 216
0.3376724 -0.2099170 8.6968927 169 207 216
0.3265596 -0.2060055 8.7019119 169 207 216
0.3501070 -0.3077430 8.7649174 169 207 216
0.3527760 -0.3075440 8.7600079 169 207 216
0.3009960 -0.2028947 8.6452007 169 207 216
0.2935366 -0.2043047 8.6495171 169 207 216
0.3283712 -0.2427995 8.7112045 169 207 216
0.3529869 -0.2834008 8.6993141 169 207 216
0.3195600 -0.2389534 8.7050171 169 207 216
0.3554792 -0.2350751 8.7301197 169 207 216
0.3479237 -0.2320472 8.7307053 169 207 216
0.3485318 -0.2349856 8.7363338 169 207 216
0.3549834 -0.2357417 8.7373924 169 207 216
0.3491842 -0.2885983 8.7581692 169 207 216
0.3465854 -0.2936614 8.7551327 169 207 216
0.3448893 -0.2944316 8.7618847 169 207 216
0.3474057 -0.2897461 8.7648849 169 207 216
0.3471072 -0.2913558 8.7356968 169 207 216
0.3476181 -0.2962649 8.7344494 169 207 216
0.3499891 -0.3007165 8.7414227 169 207 216
0.3475210 -0.2956318 8.7422810 169 207 216
0.3535165 -0.3005894 8.7342186 169 207 216
0.3555708 -0.3040318 8.7420053 169 207 216
0.3545914 -0.2862996 8.7614689 169 207 216
0.3610424 -0.2890981 8.7626095 169 207 216
0.3640299 -0.2862590 8.7509651 169 207 216
0.3569925 -0.2841552 8.7505922 169 207 216
0.3465698 -0.2358532 8.6830816 169 207 216
0.3436252 -0.2263132 8.6830645 169 207 216
0.3503582 -0.2273786 8.6953945 169 207 216
0.3562004 -0.2284355 8.7077265 169 207 216
0.3552178 -0.2313931 8.7208557 169 207 216
0.3619788 -0.2414204 8.7225657 169 207 216
0.3456673 -0.2189576 8.6954308 169 207 216
0.3593405 -0.2765385 8.7408619 169 207 216
0.3635896 -0.2822402 8.7406721 169 207 216
0.3643381 -0.2744193 8.7404566 169 207 216
0.3181772 -0.2309078 8.7067995 169 207 216
0.3545290 -0.3067004 8.7537184 169 207 216
0.3195322 -0.2645056 8.6560421 169 207 216
0.3276201 -0.2543283 8.6550159 169 207 216
0.3335743 -0.2564226 8.6638079 169 207 216
0.3232443 -0.2683171 8.6636353 169 207 216
0.3466040 -0.2991355 8.7535276 169 207 216
0.3492926 -0.3042415 8.7527523 169 207 216
0.3401826 -0.2361943 8.7313328 169 207 216
0.3426660 -0.2388349 8.7355280 169 207 216
0.3428955 -0.2354926 8.7359819 169 207 216
0.3406089 -0.2327541 8.7321205 169 207 216
0.3394157 -0.2176693 8.6839275 169 207 216
0.3450786 -0.2147608 8.7213316 169 207 216
0.3527433 -0.2207341 8.7235203 169 207 216
0.3370753 -0.2243197 8.6723957 169 207 216
0.3398786 -0.2342884 8.6718378 169 207 216
0.3346700 -0.2327195 8.6629429 169 207 216
0.3629529 -0.2546192 8.7292547 169 207 216
0.3491405 -0.2451632 8.6836481 169 207 216
0.3416497 -0.2432826 8.6721611 169 207 216
0.3350651 -0.2430549 8.6626043 169 207 216
0.3302306 -0.2416371 8.6546984 169 207 216
0.3298367 -0.2303943 8.6553383 169 207 216
0.3642204 -0.2956918 8.7613983 169 207 216
0.3580167 -0.2910194 8.7692595 169 207 216
0.3254031 -0.2279296 8.6461926 169 207 216
0.3213530 -0.2252154 8.6347065 169 207 216
0.3204885 -0.2371171 8.6353550 169 207 216
0.3253704 -0.2397015 8.6462669 169 207 216
0.3416663 -0.2531609 8.6728373 169 207 216
0.3396165 -0.2628780 8.6735382 169 207 216
0.3501053 -0.2548265 8.6842861 169 207 216
0.3489346 -0.2660830 8.6854668 169 207 216
0.3672852 -0.2653354 8.7277212 169 207 216
0.3457299 -0.2916909 8.7809381 169 207 216
0.3496515 -0.2898220 8.7733793 169 207 216
0.3449880 -0.2904276 8.7707043 169 207 216
0.3416018 -0.2916208 8.7787876 169 207 216
0.3523854 -0.2881763 8.7678394 169 207 216
0.3548004 -0.2926322 8.7745275 169 207 216
0.3427287 -0.2788048 8.6872520 169 207 216
0.3501270 -0.2750585 8.7384567 169 207 216
0.3288612 -0.2761540 8.6750889 169 207 216
0.3344416 -0.2909569 8.6932411 169 207 216
0.3234780 -0.2888813 8.6858397 169 207 216
0.3098165 -0.2761156 8.6638432 169 207 216
0.3106097 -0.2831882 8.6727476 169 207 216
0.3057484 -0.2680690 8.6500740 169 207 216
0.3079522 -0.2714309 8.6568604 169 207 216
0.3024390 -0.2662064 8.6409712 169 207 216
0.3091655 -0.2920662 8.6841106 169 207 216
0.3415397 -0.3054549 8.7706251 169 207 216
0.3387461 -0.3002481 8.7715778 169 207 216
0.3161474 -0.2619070 8.6482906 169 207 216
0.3121484 -0.2603015 8.6388159 169 207 216
0.2945091 -0.2799422 8.7128725 169 207 216
0.3092929 -0.2289743 8.7005749 169 207 216
0.3109637 -0.2351859 8.6991720 169 207 216
0.3099394 -0.2086870 8.6983814 169 207 216
0.3072394 -0.2199371 8.7014704 169 207 216
0.3186775 -0.2497178 8.6365814 169 207 216
0.2715761 -0.2290501 8.6392250 169 207 216
0.2749922 -0.2187075 8.6380863 169 207 216
0.3144875 -0.2349752 8.6211805 169 207 216
0.3455015 -0.3083445 8.7720118 169 207 216
0.3518881 -0.2556726 8.7429619 169 207 216
0.3520037 -0.2526871 8.7424660 169 207 216
0.2821725 -0.2952836 8.7054262 169 207 216
0.2841687 -0.3011901 8.7135601 169 207 216
0.2953169 -0.3061474 8.7072754 169 207 216
0.2879075 -0.3052694 8.7098083 169 207 216
0.2858423 -0.3006419 8.6998463 169 207 216
0.2952091 -0.3017038 8.6964321 169 207 216
0.3013008 -0.2315249 8.6925058 169 207 216
0.3009841 -0.2262947 8.6940479 169 207 216
0.3314698 -0.2081238 8.6868887 169 207 216
0.3206468 -0.2039979 8.6922226 169 207 216
0.3604063 -0.3009492 8.7354698 169 207 216
0.3622881 -0.2952280 8.7281866 169 207 216
0.3662514 -0.2968681 8.7373981 169 207 216
0.3673776 -0.2929886 8.7492809 169 207 216
0.3552185 -0.2775413 8.7413082 169 207 216
0.3570884 -0.2816569 8.7431078 169 207 216
0.2849325 -0.2486791 8.6881275 169 207 216
0.2983160 -0.2486495 8.6960840 169 207 216
0.3056047 -0.2879669 8.7141724 169 207 216
0.3043866 -0.2938252 8.7175045 169 207 216
0.3411457 -0.2584045 8.7258635 169 207 216
0.3640641 -0.2591055 8.7416420 169 207 216
0.3677666 -0.2669763 8.7400293 169 207 216
0.3448101 -0.2624019 8.7320175 169 207 216
0.3520423 -0.3053044 8.7777748 169 207 216
0.3491450 -0.3084659 8.7745981 169 207 216
0.3673033 -0.2899047 8.7389002 169 207 216
0.3376054 -0.2378666 8.7262478 169 207 216
0.3601522 -0.2509989 8.7383108 169 207 216
0.3583830 -0.2558371 8.7435122 169 207 216
0.3381147 -0.2143633 8.7201014 169 207 216
0.3233169 -0.2518219 8.6467962 169 207 216
0.3420336 -0.2944085 8.7670832 169 207 216
0.3382473 -0.2945278 8.7744932 169 207 216
0.3498552 -0.2943621 8.7813625 169 207 216
0.3524481 -0.2998159 8.7800837 169 207 216
0.3140463 -0.2032264 8.6836176 169 207 216
0.3122239 -0.2401105 8.6985083 169 207 216
0.2803710 -0.2096188 8.6363335 169 207 216
0.3062226 -0.2984511 8.6951733 169 207 216
0.3041571 -0.3036032 8.7068806 169 207 216
0.3475547 -0.2654966 8.7375469 169 207 216
0.3516683 -0.2278226 8.7270584 169 207 216
0.3616469 -0.2417807 8.7325306 169 207 216
0.3606236 -0.2412424 8.7402382 169 207 216
0.3604094 -0.2486025 8.7434769 169 207 216
0.3559192 -0.2514838 8.7450438 169 207 216
0.3463398 -0.2952537 8.7870703 169 207 216
0.3486928 -0.3006063 8.7860107 169 207 216
0.3482014 -0.3059935 8.7839804 169 207 216
0.3455124 -0.3088263 8.7804766 169 207 216
0.3422999 -0.3084418 8.7774143 169 207 216
0.3426073 -0.2928278 8.7866268 169 207 216
0.3387367 -0.2927097 8.7841692 169 207 216
0.3358169 -0.2953548 8.7798462 169 207 216
0.3394384 -0.2935639 8.7912521 169 207 216
0.3425464 -0.2962528 8.7927599 169 207 216
0.3400949 -0.3083009 8.7942209 169 207 216
0.3442332 -0.3065639 8.7903290 169 207 216
0.3426808 -0.3047278 8.7937403 169 207 216
0.3406161 -0.3056755 8.7965841 169 207 216
0.3381461 -0.3060339 8.8000450 169 207 216
0.3368020 -0.3083561 8.7979231 169 207 216
0.3433785 -0.3015220 8.7940369 169 207 216
0.3410285 -0.3017285 8.7976656 169 207 216
0.3395043 -0.2981023 8.7979746 169 207 216
0.3371513 -0.2984017 8.8016071 169 207 216
0.3385491 -0.3019913 8.8014870 169 207 216
0.3419162 -0.2984753 8.7948961 169 207 216
0.3457288 -0.3012116 8.7909622 169 207 216
0.3341864 -0.3069989 8.8016081 169 207 216
0.3362952 -0.3058228 8.8026361 169 207 216
0.3360161 -0.3027119 8.8046341 169 207 216
0.3328817 -0.3032131 8.8046598 169 207 216
0.3425043 -0.3089496 8.7855320 169 207 216
0.3382444 -0.3091708 8.7910671 169 207 216
0.3344382 -0.3086478 8.7958508 169 207 216
0.3316825 -0.3069924 8.8000164 169 207 216
0.3351595 -0.3083462 8.7891998 169 207 216
0.3319545 -0.3073300 8.7945118 169 207 216
0.3298773 -0.3056428 8.7981691 169 207 216
0.3319315 -0.3058015 8.7887754 169 207 216
0.3296716 -0.3051175 8.7941284 169 207 216
0.3359849 -0.3057893 8.7811241 169 207 216
0.3394457 -0.3084925 8.7823172 169 207 216
0.3289396 -0.3044002 8.7970324 169 207 216
0.3303753 -0.3030331 8.8027916 169 207 216
0.3382103 -0.2956320 8.7971344 169 207 216
0.3352063 -0.2964783 8.8012943 169 207 216
0.3358319 -0.2943492 8.7960043 169 207 216
0.3327850 -0.2957167 8.8002195 169 207 216
0.3330175 -0.2986257 8.8045454 169 207 216
0.3354098 -0.2993858 8.8046350 169 207 216
0.3387159 -0.3054419 8.7756929 169 207 216
0.3363158 -0.3002395 8.7769575 169 207 216
0.3333755 -0.3008064 8.7820673 169 207 216
0.3293830 -0.3012113 8.7891769 169 207 216
0.3334052 -0.2960134 8.7846384 169 207 216
0.3359137 -0.2934775 8.7887421 169 207 216
0.3330107 -0.2945318 8.7939949 169 207 216
0.3303608 -0.2965914 8.7913227 169 207 216
0.3305534 -0.2962836 8.7983170 169 207 216
0.3287562 -0.2981497 8.7964392 169 207 216
0.3284197 -0.3017466 8.7950897 169 207 216
0.3290619 -0.2988592 8.8008089 169 207 216
0.3307706 -0.2985184 8.8031282 169 207 216
0.3290075 -0.3025803 8.8006201 169 207 216
0.3284344 -0.2995874 8.7988253 169 207 216
0.3285398 -0.3021363 8.7982092 169 207 216
0.3391209 -0.2751925 8.7743607 169 207 216
0.3365627 -0.2701012 8.7742815 169 207 216
0.3409458 -0.2699652 8.7679625 169 207 216
0.3431157 -0.2750282 8.7679195 169 207 216
0.3521967 -0.2770651 8.7793131 169 207 216
0.3471765 -0.2796101 8.7769537 169 207 216
0.3516538 -0.2795443 8.7709789 169 207 216
0.3565969 -0.2765035 8.7732010 169 207 216
0.3532718 -0.2704620 8.7803278 169 207 216
0.3577036 -0.2694819 8.7742367 169 207 216
0.3607035 -0.2763468 8.7653742 169 207 216
0.3553612 -0.2793212 8.7633362 169 207 216
0.3584456 -0.2771717 8.7497482 169 207 216
0.3639867 -0.2753979 8.7511158 169 207 216
0.3471258 -0.2614913 8.7474184 169 207 216
0.3502842 -0.2579943 8.7499743 169 207 216
0.3424758 -0.2784838 8.7753801 169 207 216
0.3466020 -0.2783496 8.7690697 169 207 216
0.3464003 -0.2603342 8.7629128 169 207 216
0.3437974 -0.2642640 8.7610722 169 207 216
0.3406100 -0.2649509 8.7689638 169 207 216
0.3427879 -0.2610553 8.7707624 169 207 216
0.3496273 -0.2738733 8.7463102 169 207 216
0.3471926 -0.2677497 8.7461243 169 207 216
0.3536915 -0.2764113 8.7481308 169 207 216
0.3513069 -0.2583752 8.7651548 169 207 216
0.3574801 -0.2609539 8.7668686 169 207 216
0.3628051 -0.2602191 8.7531109 169 207 216
0.3563119 -0.2569415 8.7524529 169 207 216
0.3501229 -0.2780441 8.7613602 169 207 216
0.3441231 -0.2696877 8.7599258 169 207 216
0.3461127 -0.2749043 8.7600088 169 207 216
0.3619255 -0.2687862 8.7665119 169 207 216
0.3529127 -0.2620730 8.7742290 169 207 216
0.3389740 -0.2628020 8.7873573 169 207 216
0.3436057 -0.2609265 8.7790260 169 207 216
0.3389230 -0.2614074 8.7771692 169 207 216
0.3343084 -0.2626606 8.7860327 169 207 216
0.3471417 -0.2596273 8.7729025 169 207 216
0.3490375 -0.2635923 8.7803001 169 207 216
0.3332807 -0.2758897 8.7834454 169 207 216
0.3310012 -0.2705608 8.7834282 169 207 216
0.3366841 -0.2791893 8.7842560 169 207 216
0.3666324 -0.2680156 8.7524395 169 207 216
0.3459492 -0.2778898 8.7875452 169 207 216
0.3410119 -0.2799520 8.7855864 169 207 216
0.3361843 -0.2650591 8.7752695 169 207 216
0.3308877 -0.2654791 8.7839718 169 207 216
0.3438331 -0.2655908 8.7883224 169 207 216
0.3473648 -0.2718115 8.7882767 169 207 216
0.3390710 -0.2668627 8.7947245 169 207 216
0.3420848 -0.2725540 8.7949543 169 207 216
0.3411807 -0.2782434 8.7943802 169 207 216
0.3368082 -0.2801930 8.7918005 169 207 216
0.3331023 -0.2792268 8.7899504 169 207 216
0.3349814 -0.2640922 8.7936153 169 207 216
0.3310754 -0.2636899 8.7918119 169 207 216
0.3280058 -0.2660092 8.7894306 169 207 216
0.3309655 -0.2647371 8.7996616 169 207 216
0.3344353 -0.2674347 8.8016100 169 207 216
0.3280779 -0.2796073 8.8101501 169 207 216
0.3321544 -0.2797966 8.8056984 169 207 216
0.3328124 -0.2769758 8.8073301 169 207 216
0.3300359 -0.2776045 8.8116455 169 207 216
0.3366876 -0.2783621 8.8012285 169 207 216
0.3351450 -0.2760784 8.8044786 169 207 216
0.3351449 -0.2728132 8.8045750 169 207 216
0.3330012 -0.2729255 8.8083696 169 207 216
0.3309850 -0.2691754 8.8078423 169 207 216
0.3285728 -0.2693245 8.8121147 169 207 216
0.3305851 -0.2732803 8.8130531 169 207 216
0.3335423 -0.2695479 8.8046045 169 207 216
0.3277678 -0.2772178 8.8149090 169 207 216
0.3251780 -0.2776110 8.8141155 169 207 216
0.3380196 -0.2727057 8.8009825 169 207 216
0.3335574 -0.2804499 8.7973375 169 207 216
0.3293287 -0.2806745 8.8029690 169 207 216
0.3251325 -0.2795507 8.8081636 169 207 216
0.3221194 -0.2769997 8.8123894 169 207 216
0.3256596 -0.2792953 8.8011913 169 207 216
0.3220989 -0.2780917 8.8067656 169 207 216
0.3202255 -0.2758083 8.8106184 169 207 216
0.3222634 -0.2761388 8.8001480 169 207 216
0.3196458 -0.2755891 8.8061485 169 207 216
0.3271022 -0.2760024 8.7931929 169 207 216
0.3301352 -0.2793889 8.7946701 169 207 216
0.3192431 -0.2746457 8.8092527 169 207 216
0.3242266 -0.2736611 8.8168440 169 207 216
0.3213016 -0.2732513 8.8150043 169 207 216
0.3278585 -0.2738981 8.8172045 169 207 216
0.3292456 -0.2672648 8.8065176 169 207 216
0.3263724 -0.2676055 8.8110838 169 207 216
0.3272526 -0.2653085 8.8054008 169 207 216
0.3241746 -0.2661835 8.8104372 169 207 216
0.3245625 -0.2692262 8.8153992 169 207 216
0.3269329 -0.2700647 8.8156796 169 207 216
0.3301224 -0.2759750 8.7887859 169 207 216
0.3282431 -0.2708632 8.7886419 169 207 216
0.3247879 -0.2710013 8.7928905 169 207 216
0.3200312 -0.2712554 8.8000498 169 207 216
0.3250786 -0.2664427 8.7938328 169 207 216
0.3278247 -0.2643777 8.7971907 169 207 216
0.3242715 -0.2651340 8.8034515 169 207 216
0.3211122 -0.2669316 8.8012075 169 207 216
0.3216260 -0.2663530 8.8087215 169 207 216
0.3191171 -0.2679439 8.8068151 169 207 216
0.3182742 -0.2715580 8.8059101 169 207 216
0.3198687 -0.2687605 8.8120327 169 207 216
0.3219571 -0.2686063 8.8142576 169 207 216
0.3193805 -0.2726194 8.8123169 169 207 216
0.3186344 -0.2693740 8.8099089 169 207 216
0.3184655 -0.2720433 8.8097086 169 207 216
0.3327564 -0.2492490 8.7688055 169 207 216
0.3295422 -0.2451423 8.7667274 169 207 216
0.3342859 -0.2449029 8.7614489 169 207 216
0.3369178 -0.2491919 8.7635784 169 207 216
0.3441634 -0.2478430 8.7741966 169 207 216
0.3412384 -0.2502980 8.7733030 169 207 216
0.3454058 -0.2505943 8.7677841 169 207 216
0.3494692 -0.2479385 8.7683077 169 207 216
0.3443772 -0.2423891 8.7737989 169 207 216
0.3498388 -0.2417307 8.7673616 169 207 216
0.3539470 -0.2481820 8.7620077 169 207 216
0.3488688 -0.2510583 8.7615662 169 207 216
0.3528894 -0.2508436 8.7510881 169 207 216
0.3584116 -0.2481697 8.7514791 169 207 216
0.3370102 -0.2507138 8.7714834 169 207 216
0.3408987 -0.2509274 8.7660027 169 207 216
0.3375183 -0.2373377 8.7542210 169 207 216
0.3369585 -0.2407302 8.7539110 169 207 216
0.3331313 -0.2405196 8.7606287 169 207 216
0.3340643 -0.2373050 8.7611179 169 207 216
0.3449667 -0.2490309 8.7452602 169 207 216
0.3422834 -0.2447143 8.7431116 169 207 216
0.3483711 -0.2509151 8.7483406 169 207 216
0.3419040 -0.2345929 8.7560425 169 207 216
0.3490605 -0.2352162 8.7583570 169 207 216
0.3527429 -0.2352835 8.7467537 169 207 216
0.3462799 -0.2350399 8.7445173 169 207 216
0.3440920 -0.2513220 8.7597027 169 207 216
0.3375579 -0.2452554 8.7546663 169 207 216
0.3403109 -0.2495506 8.7569523 169 207 216
0.3542415 -0.2412002 8.7603912 169 207 216
0.3449411 -0.2360249 8.7651482 169 207 216
0.3288516 -0.2368763 8.7783451 169 207 216
0.3343194 -0.2354312 8.7688704 169 207 216
0.3295737 -0.2369608 8.7667599 169 207 216
0.3243933 -0.2376473 8.7763042 169 207 216
0.3381742 -0.2347562 8.7628050 169 207 216
0.3402681 -0.2370330 8.7717705 169 207 216
0.3269143 -0.2492508 8.7772255 169 207 216
0.3233117 -0.2454117 8.7751179 169 207 216
0.3307559 -0.2507028 8.7795324 169 207 216
0.3584124 -0.2409461 8.7495642 169 207 216
0.3412461 -0.2369349 8.7427168 169 207 216
0.3371225 -0.2486023 8.7826176 169 207 216
0.3346231 -0.2506475 8.7815971 169 207 216
0.3279305 -0.2403687 8.7656870 169 207 216
0.3220881 -0.2406716 8.7745867 169 207 216
0.3340272 -0.2388125 8.7806864 169 207 216
0.3378258 -0.2436829 8.7823839 169 207 216
0.3295820 -0.2396314 8.7866764 169 207 216
0.3328792 -0.2445690 8.7881927 169 207 216
0.3324985 -0.2493233 8.7888107 169 207 216
0.3298393 -0.2510688 8.7872610 169 207 216
0.3263746 -0.2508236 8.7848120 169 207 216
0.3246179 -0.2378866 8.7846422 169 207 216
0.3210159 -0.2386525 8.7825527 169 207 216
0.3190451 -0.2413411 8.7801142 169 207 216
0.3213346 -0.2384979 8.7890606 169 207 216
0.3253272 -0.2406223 8.7918615 169 207 216
0.3200520 -0.2517984 8.8029957 169 207 216
0.3232201 -0.2516412 8.7988930 169 207 216
0.3233387 -0.2494439 8.7993078 169 207 216
0.3211344 -0.2498785 8.8033133 169 207 216
0.3278463 -0.2499447 8.7943497 169 207 216
0.3259481 -0.2485837 8.7965012 169 207 216
0.3262776 -0.2454379 8.7957096 169 207 216
0.3237936 -0.2458561 8.7993164 169 207 216
0.3216727 -0.2423847 8.7972393 169 207 216
0.3193535 -0.2427393 8.8010359 169 207 216
0.3212922 -0.2462274 8.8031664 169 207 216
0.3246154 -0.2425056 8.7949038 169 207 216
0.3194090 -0.2494883 8.8057919 169 207 216
0.3176886 -0.2505423 8.8059683 169 207 216
0.3289015 -0.2450907 8.7927780 169 207 216
0.3257033 -0.2519733 8.7918348 169 207 216
0.3213344 -0.2527902 8.7967625 169 207 216
0.3176069 -0.2526020 8.8015099 169 207 216
0.3150425 -0.2508180 8.8042870 169 207 216
0.3183955 -0.2520404 8.7942638 169 207 216
0.3149090 -0.2518658 8.7990570 169 207 216
0.3128532 -0.2502699 8.8016920 169 207 216
0.3155632 -0.2500062 8.7918396 169 207 216
0.3126979 -0.2499873 8.7970219 169 207 216
0.3197313 -0.2494486 8.7863731 169 207 216
0.3226392 -0.2513733 8.7889509 169 207 216
0.3118890 -0.2493508 8.7996664 169 207 216
0.3163479 -0.2467752 8.8063641 169 207 216
0.3133180 -0.2467417 8.8047028 169 207 216
0.3191131 -0.2465053 8.8061295 169 207 216
0.3203342 -0.2404361 8.7955666 169 207 216
0.3174899 -0.2411751 8.7996540 169 207 216
0.3177392 -0.2396254 8.7936726 169 207 216
0.3150426 -0.2406708 8.7984018 169 207 216
0.3161094 -0.2428500 8.8034964 169 207 216
0.3181065 -0.2435065 8.8039684 169 207 216
0.3230596 -0.2491758 8.7822342 169 207 216
0.3202738 -0.2456044 8.7801714 169 207 216
0.3172463 -0.2460912 8.7844181 169 207 216
0.3129577 -0.2466510 8.7903004 169 207 216
0.3162619 -0.2420745 8.7842131 169 207 216
0.3181578 -0.2395777 8.7867641 169 207 216
0.3150027 -0.2403745 8.7918711 169 207 216
0.3128032 -0.2426744 8.7901440 169 207 216
0.3127200 -0.2413742 8.7968206 169 207 216
0.3107226 -0.2433137 8.7955627 169 207 216
0.3106998 -0.2469104 8.7958012 169 207 216
0.3115738 -0.2432971 8.8004227 169 207 216
0.3135763 -0.2426590 8.8022060 169 207 216
0.3115183 -0.2468489 8.8021011 169 207 216
0.3105088 -0.2442249 8.7986450 169 207 216
0.3107227 -0.2469790 8.7994404 169 207 216
0.3411726 -0.2402385 8.7423830 169 207 216
0.3251535 -0.2261301 8.7502127 169 207 216
0.3226101 -0.2238167 8.7474356 169 207 216
0.3261987 -0.2241086 8.7434855 169 207 216
0.3287198 -0.2263624 8.7458925 169 207 216
0.3350442 -0.2231242 8.7557602 169 207 216
0.3325045 -0.2262620 8.7554750 169 207 216
0.3365755 -0.2268738 8.7507277 169 207 216
0.3398853 -0.2234062 8.7509212 169 207 216
0.3343033 -0.2181730 8.7531157 169 207 216
0.3393322 -0.2179945 8.7481871 169 207 216
0.3444769 -0.2245970 8.7446051 169 207 216
0.3404357 -0.2280037 8.7448406 169 207 216
0.3451002 -0.2291484 8.7353783 169 207 216
0.3496771 -0.2260357 8.7343130 169 207 216
0.3370004 -0.2168212 8.7225342 169 207 216
0.3351929 -0.2206087 8.7240572 169 207 216
0.3325107 -0.2214205 8.7287149 169 207 216
0.3340428 -0.2173735 8.7274847 169 207 216
0.3286537 -0.2268311 8.7533398 169 207 216
0.3321915 -0.2274487 8.7486582 169 207 216
0.3290840 -0.2175700 8.7361078 169 207 216
0.3278980 -0.2213191 8.7371225 169 207 216
0.3249000 -0.2209720 8.7416706 169 207 216
0.3256665 -0.2174546 8.7409697 169 207 216
0.3342764 -0.2257260 8.7255392 169 207 216
0.3367225 -0.2298000 8.7287846 169 207 216
0.3369040 -0.2280676 8.7326794 169 207 216
0.3330757 -0.2253020 8.7306099 169 207 216
0.3400752 -0.2291888 8.7343721 169 207 216
0.3330422 -0.2150090 8.7366219 169 207 216
0.3385651 -0.2148702 8.7388735 169 207 216
0.3438585 -0.2153909 8.7283764 169 207 216
0.3378168 -0.2152198 8.7273951 169 207 216
0.3357665 -0.2281248 8.7432880 169 207 216
0.3289070 -0.2247745 8.7388077 169 207 216
0.3324795 -0.2272217 8.7412710 169 207 216
0.3443030 -0.2187183 8.7419758 169 207 216
0.3344805 -0.2147066 8.7448101 169 207 216
0.3206117 -0.2150394 8.7523575 169 207 216
0.3253176 -0.2148480 8.7461815 169 207 216
0.3217980 -0.2170058 8.7445784 169 207 216
0.3175410 -0.2166025 8.7505541 169 207 216
0.3292278 -0.2148767 8.7420197 169 207 216
0.3300090 -0.2150426 8.7494078 169 207 216
0.3208843 -0.2256931 8.7563248 169 207 216
0.3182600 -0.2233725 8.7530251 169 207 216
0.3242487 -0.2262323 8.7591915 169 207 216
0.3502218 -0.2202002 8.7316036 169 207 216
0.3297766 -0.2232105 8.7619467 169 207 216
0.3275293 -0.2258197 8.7615194 169 207 216
0.3213663 -0.2205422 8.7454233 169 207 216
0.3169607 -0.2198543 8.7509451 169 207 216
0.3249239 -0.2155307 8.7556248 169 207 216
0.3289963 -0.2186801 8.7592955 169 207 216
0.3212128 -0.2156452 8.7608862 169 207 216
0.3254032 -0.2186854 8.7645607 169 207 216
0.3260672 -0.2233622 8.7668533 169 207 216
0.3240803 -0.2259644 8.7659779 169 207 216
0.3213408 -0.2259698 8.7632208 169 207 216
0.3170645 -0.2151185 8.7576332 169 207 216
0.3148025 -0.2167007 8.7557669 169 207 216
0.3147294 -0.2196366 8.7555733 169 207 216
0.3144971 -0.2157833 8.7622547 169 207 216
0.3179337 -0.2164673 8.7661972 169 207 216
0.3149880 -0.2249758 8.7786798 169 207 216
0.3181028 -0.2251635 8.7755222 169 207 216
0.3182015 -0.2231377 8.7754517 169 207 216
0.3158888 -0.2234410 8.7785797 169 207 216
0.3221601 -0.2235848 8.7713261 169 207 216
0.3206834 -0.2224016 8.7728672 169 207 216
0.3205952 -0.2197345 8.7711926 169 207 216
0.3181577 -0.2201977 8.7741404 169 207 216
0.3164285 -0.2174714 8.7720795 169 207 216
0.3132066 -0.2176437 8.7750349 169 207 216
0.3160136 -0.2202319 8.7776146 169 207 216
0.3181726 -0.2176762 8.7696543 169 207 216
0.3144474 -0.2229544 8.7808790 169 207 216
0.3126257 -0.2238158 8.7811184 169 207 216
0.3223329 -0.2192654 8.7685070 169 207 216
0.3207967 -0.2260477 8.7698507 169 207 216
0.3168942 -0.2264497 8.7744036 169 207 216
0.3130970 -0.2258455 8.7780638 169 207 216
0.3100846 -0.2241805 8.7799168 169 207 216
0.3151266 -0.2263164 8.7717390 169 207 216
0.3113617 -0.2257489 8.7759647 169 207 216
0.3088614 -0.2239620 8.7776909 169 207 216
0.3129588 -0.2253278 8.7687044 169 207 216
0.3097660 -0.2247616 8.7733526 169 207 216
0.3162434 -0.2248841 8.7638264 169 207 216
0.3188320 -0.2260074 8.7672195 169 207 216
0.3084221 -0.2237210 8.7758245 169 207 216
0.3107486 -0.2205596 8.7804794 169 207 216
0.3083448 -0.2213017 8.7791443 169 207 216
0.3137650 -0.2200123 8.7802963 169 207 216
0.3137853 -0.2164465 8.7695236 169 207 216
0.3107716 -0.2168473 8.7736759 169 207 216
0.3116626 -0.2163219 8.7669134 169 207 216
0.3087563 -0.2170909 8.7721081 169 207 216
0.3097177 -0.2180165 8.7774572 169 207 216
0.3120508 -0.2179280 8.7777452 169 207 216
0.3184074 -0.2251597 8.7601547 169 207 216
0.3160591 -0.2227565 8.7572031 169 207 216
0.3137445 -0.2227454 8.7607937 169 207 216
0.3106624 -0.2231346 8.7657976 169 207 216
0.3123076 -0.2198325 8.7594709 169 207 216
0.3122097 -0.2173006 8.7600069 169 207 216
0.3096315 -0.2176998 8.7654018 169 207 216
0.3091004 -0.2202378 8.7647505 169 207 216
0.3071443 -0.2186918 8.7709055 169 207 216
0.3068815 -0.2206952 8.7705011 169 207 216
0.3080425 -0.2230667 8.7713766 169 207 216
0.3066605 -0.2201866 8.7750835 169 207 216
0.3076048 -0.2188761 8.7764034 169 207 216
0.3073215 -0.2220780 8.7772284 169 207 216
0.3064282 -0.2212834 8.7739182 169 207 216
0.3070326 -0.2227131 8.7750854 169 207 216
0.3405627 -0.2152021 8.7231236 169 207 216
0.3097338 -0.3070340 8.7203827 169 207 216
0.3105186 -0.3039655 8.7233105 169 207 216
0.2927264 -0.3000746 8.7293892 169 207 216
0.3008743 -0.3002400 8.7287951 169 207 216
0.2864473 -0.3027071 8.7275448 169 207 216
0.2892991 -0.3108285 8.7209673 169 207 216
0.2861114 -0.3074146 8.7242641 169 207 216
0.3076183 -0.3016221 8.7263975 169 207 216
0.3047609 -0.3102160 8.7182589 169 207 216
0.2963135 -0.3120148 8.7182217 169 207 216
0.3059250 -0.3165319 8.7286596 169 207 216
0.2973532 -0.3177886 8.7290506 169 207 216
0.2897269 -0.3160668 8.7317238 169 207 216
0.2865085 -0.3116274 8.7338181 169 207 216
0.2869125 -0.3064822 8.7356825 169 207 216
0.3112751 -0.3129131 8.7296515 169 207 216
0.3112637 -0.3089293 8.7319822 169 207 216
0.3063061 -0.3055846 8.7345219 169 207 216
0.3126234 -0.3181023 8.7391100 169 207 216
0.3079393 -0.3230605 8.7415085 169 207 216
0.2939498 -0.3273615 8.7554607 169 207 216
0.2922305 -0.3242658 8.7507305 169 207 216
0.2956370 -0.3268365 8.7499828 169 207 216
0.2963593 -0.3294752 8.7534113 169 207 216
0.2921632 -0.3216372 8.7437019 169 207 216
0.2959093 -0.3251545 8.7465668 169 207 216
0.3006678 -0.3262450 8.7454157 169 207 216
0.3011528 -0.3285486 8.7484283 169 207 216
0.3054984 -0.3262868 8.7455034 169 207 216
0.3071303 -0.3283241 8.7482290 169 207 216
0.3014848 -0.3314939 8.7519665 169 207 216
0.2979397 -0.3320998 8.7563248 169 207 216
0.3020963 -0.3337921 8.7557306 169 207 216
0.2970319 -0.3309558 8.7589045 169 207 216
0.2999557 -0.3230622 8.7406368 169 207 216
0.2880313 -0.3160593 8.7431993 169 207 216
0.2899563 -0.3206510 8.7515106 169 207 216
0.2930056 -0.3248847 8.7577457 169 207 216
0.2976925 -0.3283289 8.7610979 169 207 216
0.2907189 -0.3158853 8.7532148 169 207 216
0.2950679 -0.3213108 8.7589445 169 207 216
0.2993938 -0.3249080 8.7610865 169 207 216
0.2955478 -0.3128321 8.7536726 169 207 216
0.2989438 -0.3190520 8.7586336 169 207 216
0.2922630 -0.3063658 8.7444906 169 207 216
0.2876015 -0.3103795 8.7442131 169 207 216
0.3009499 -0.3224712 8.7603579 169 207 216
0.3028776 -0.3333994 8.7597933 169 207 216
0.3038603 -0.3299713 8.7614145 169 207 216
0.3108549 -0.3260543 8.7481556 169 207 216
0.3074299 -0.3311492 8.7517309 169 207 216
0.3110449 -0.3294347 8.7530251 169 207 216
0.3132067 -0.3225224 8.7478142 169 207 216
0.3125321 -0.3263529 8.7542868 169 207 216
0.3088120 -0.3322820 8.7570295 169 207 216
0.3067889 -0.3336357 8.7547808 169 207 216
0.2916019 -0.3034687 8.7367506 169 207 216
0.2991149 -0.3040288 8.7362843 169 207 216
0.3005834 -0.3074129 8.7431040 169 207 216
0.3024924 -0.3130586 8.7520227 169 207 216
0.3079573 -0.3095036 8.7415028 169 207 216
0.3131752 -0.3133886 8.7397165 169 207 216
0.3134617 -0.3185606 8.7488136 169 207 216
0.3092625 -0.3151669 8.7503386 169 207 216
0.3119819 -0.3231575 8.7554722 169 207 216
0.3088192 -0.3204209 8.7562923 169 207 216
0.3039066 -0.3191326 8.7574596 169 207 216
0.3087958 -0.3257968 8.7591276 169 207 216
0.3095066 -0.3292213 8.7587948 169 207 216
0.3042620 -0.3263876 8.7609568 169 207 216
0.3075442 -0.3233336 8.7587852 169 207 216
0.3042803 -0.3231362 8.7597618 169 207 216
0.3346047 -0.2185887 8.7223711 169 207 216
0.3337758 -0.2250782 8.7236261 169 207 216
0.3315458 -0.2218092 8.7204571 169 207 216
0.3263118 -0.2180112 8.7153511 169 207 216
0.3239104 -0.2102152 8.7090635 169 207 216
0.3262745 -0.2246305 8.7151251 169 207 216
0.3320430 -0.2282827 8.7202253 169 207 216
0.3361810 -0.2317269 8.7262554 169 207 216
0.3214879 -0.2278923 8.7103844 169 207 216
0.0353057 -0.7255350 8.7780418 169 207 216
0.0315140 -0.7258797 8.7792149 169 207 216
0.0348994 -0.7208164 8.7738981 169 207 216
0.0378431 -0.7216139 8.7735090 169 207 216
0.0274109 -0.7201340 8.7746868 169 207 216
0.0317415 -0.7198062 8.7747669 169 207 216
0.0266331 -0.7261536 8.7795839 169 207 216
0.0213543 -0.7264299 8.7779989 169 207 216
0.0146333 -0.7248961 8.7716799 169 207 216
0.0130702 -0.7239151 8.7706404 169 207 216
0.0139468 -0.7228009 8.7708588 169 207 216
0.0162043 -0.7223494 8.7716532 169 207 216
0.0196775 -0.7212462 8.7732763 169 207 216
0.0412439 -0.7246873 8.7731752 169 207 216
0.0400075 -0.7250876 8.7745266 169 207 216
0.0380207 -0.7253165 8.7764406 169 207 216
0.0234326 -0.7205464 8.7742596 169 207 216
0.0400107 -0.7227674 8.7727251 169 207 216
0.0411991 -0.7238246 8.7724600 169 207 216
0.0174178 -0.7262440 8.7751818 169 207 216
0.0274350 -0.7219292 8.7761316 169 207 216
0.0315299 -0.7220271 8.7760706 169 207 216
0.0272973 -0.7242396 8.7779026 169 207 216
0.0226886 -0.7244678 8.7769184 169 207 216
0.0174789 -0.7229288 8.7729549 169 207 216
0.0199523 -0.7226562 8.7742434 169 207 216
0.0349121 -0.7225119 8.7752771 169 207 216
0.0234178 -0.7222975 8.7755919 169 207 216
0.0316886 -0.7242254 8.7775202 169 207 216
0.0189962 -0.7243172 8.7752018 169 207 216
0.0169019 -0.7240636 8.7732506 169 207 216
0.0402785 -0.7243145 8.7734051 169 207 216
0.0402855 -0.7239195 8.7731609 169 207 216
0.0631389 -0.5302007 8.6689463 169 207 216
0.0682287 -0.5137211 8.6758385 169 207 216
0.0349731 -0.7242358 8.7764931 169 207 216
0.0392370 -0.7234832 8.7737255 169 207 216
0.0374328 -0.7230175 8.7744761 169 207 216
0.0375802 -0.7242731 8.7753611 169 207 216
0.0393144 -0.7242693 8.7742596 169 207 216
0.1782579 -0.3766479 8.5122633 169 207 216
0.1936006 -0.3818283 8.5066118 169 207 216
0.2129667 -0.3979903 8.4555559 169 207 216
0.2048659 -0.4050717 8.4336691 169 207 216
0.1340762 -0.2142051 8.7165241 169 207 216
0.0781198 -0.2677287 8.5064535 169 207 216
0.0797948 -0.2853550 8.5035925 169 207 216
-0.0033394 -0.2848868 8.5180922 169 207 216
0.0156767 -0.2808140 8.5090952 169 207 216
0.1624247 -0.2478935 8.5937948 169 207 216
0.1625276 -0.2688186 8.5942011 169 207 216
0.1515987 -0.2400067 8.6671238 169 207 216
0.1526946 -0.2655267 8.6659870 169 207 216
0.1629003 -0.2234296 8.6185780 169 207 216
0.0397021 -0.2365940 8.5055084 169 207 216
0.0604294 -0.2348117 8.5031252 169 207 216
0.0577598 -0.2541853 8.5036373 169 207 216
0.0368477 -0.2566191 8.5046587 169 207 216
-0.0186603 -0.2871315 8.5306826 169 207 216
-0.0174163 -0.2654602 8.5338783 169 207 216
0.1564914 -0.2908860 8.5673008 169 207 216
0.1442564 -0.2910936 8.5424976 169 207 216
0.1060279 -0.2964835 8.5074759 169 207 216
0.0836092 -0.3017875 8.4976892 169 207 216
0.0612409 -0.3098772 8.4941635 169 207 216
0.0388617 -0.3177853 8.4952822 169 207 216
0.1476815 -0.2934704 8.6861010 169 207 216
0.1368785 -0.3218048 8.7013445 169 207 216
0.1629335 -0.2912683 8.5936937 169 207 216
0.1040416 -0.2944795 8.7437849 169 207 216
0.0176948 -0.3485869 8.4911222 169 207 216
-0.0052257 -0.3538810 8.5010881 169 207 216
0.1268598 -0.2931073 8.5229864 169 207 216
0.0936245 -0.4730575 8.6895971 169 207 216
0.1094743 -0.4747640 8.6802464 169 207 216
0.1124717 -0.4598605 8.6868172 169 207 216
0.0958193 -0.4580489 8.6959696 169 207 216
0.1275764 -0.4601590 8.6773720 169 207 216
0.1414132 -0.4594559 8.6669741 169 207 216
0.1534663 -0.4577722 8.6563540 169 207 216
0.1781280 -0.4483210 8.6263914 169 207 216
0.1716440 -0.4520875 8.6360130 169 207 216
0.1861320 -0.4357115 8.6056900 169 207 216
0.1831122 -0.4431141 8.6166935 169 207 216
0.1845112 -0.4257128 8.5937529 169 207 216
0.1782393 -0.4146844 8.5801420 169 207 216
0.1724199 -0.4129125 8.5593014 169 207 216
0.1716148 -0.4028006 8.5657520 169 207 216
0.1776747 -0.4049039 8.5868177 169 207 216
0.1822092 -0.4170475 8.6010838 169 207 216
0.1833645 -0.4265355 8.6129522 169 207 216
0.0896706 -0.3966033 8.7144527 169 207 216
0.0855319 -0.4218677 8.7137365 169 207 216
0.0573731 -0.5457014 8.6628494 169 207 216
0.2145863 -0.2063046 8.4692259 169 207 216
0.2760571 -0.2687418 8.5963621 169 207 216
-0.0099085 -0.5701940 8.5176592 169 207 216
0.0063334 -0.5752983 8.5073328 169 207 216
0.0706293 -0.5884537 8.4901590 169 207 216
0.0970802 -0.5983649 8.4981937 169 207 216
0.0451291 -0.5792122 8.4897194 169 207 216
0.0222946 -0.5703126 8.4943295 169 207 216
0.1637703 -0.3145178 8.6178265 169 207 216
-0.0020541 -0.5353377 8.4957790 169 207 216
0.0199111 -0.5572045 8.4895115 169 207 216
0.0436335 -0.5671009 8.4840670 169 207 216
0.0720808 -0.5768465 8.4813623 169 207 216
0.1050068 -0.5879868 8.4863901 169 207 216
0.1257377 -0.5849940 8.4841299 169 207 216
0.1431310 -0.5593591 8.4662685 169 207 216
0.1562880 -0.5533409 8.4637957 169 207 216
0.1684885 -0.5447578 8.4608383 169 207 216
0.1824690 -0.5545994 8.4738541 169 207 216
0.1699248 -0.5654955 8.4772120 169 207 216
0.1977459 -0.4421237 8.4345741 169 207 216
0.1927899 -0.4249815 8.4278479 169 207 216
0.1835453 -0.4141568 8.4202290 169 207 216
0.1718462 -0.4076971 8.4154768 169 207 216
0.1585661 -0.4064582 8.4146414 169 207 216
0.1455146 -0.4092004 8.4178534 169 207 216
0.1367838 -0.4177510 8.4248285 169 207 216
0.1275143 -0.4435444 8.4467735 169 207 216
0.1302994 -0.4517641 8.4517508 169 207 216
0.1250175 -0.4282123 8.4605570 169 207 216
0.1206490 -0.4188979 8.4620390 169 207 216
0.1032190 -0.3937779 8.4677124 169 207 216
0.0924583 -0.3791313 8.4719181 169 207 216
0.0818562 -0.3626187 8.4733877 169 207 216
0.0483147 -0.1349073 8.4901199 169 207 216
0.0706563 -0.1373996 8.4896870 169 207 216
0.0694963 -0.1556138 8.4935598 169 207 216
0.0467979 -0.1537043 8.4963703 169 207 216
0.0041904 -0.1891706 8.5188770 169 207 216
-0.0153265 -0.1864465 8.5308075 169 207 216
0.1367795 -0.1551158 8.5229130 169 207 216
0.1525998 -0.1499287 8.5442429 169 207 216
0.0933746 -0.1574859 8.4971390 169 207 216
0.1157566 -0.1571212 8.5073109 169 207 216
0.1621104 -0.1420889 8.5691710 169 207 216
0.1481599 -0.1040275 8.6689978 169 207 216
0.1359121 -0.0977693 8.6914196 169 207 216
0.1065287 -0.0903995 8.7271585 169 207 216
0.0904088 -0.0886138 8.7402153 169 207 216
0.1648557 -0.1317520 8.5945282 169 207 216
0.1216941 -0.0932926 8.7108641 169 207 216
0.1640119 -0.1215656 8.6187124 169 207 216
0.1578912 -0.1117898 8.6437607 169 207 216
0.0235243 -0.1910918 8.5085754 169 207 216
0.0253067 -0.1692162 8.5068140 169 207 216
0.0452455 -0.1720797 8.4996881 169 207 216
-0.0095098 -0.4284885 8.4910097 169 207 216
0.0052978 -0.4293749 8.4807634 169 207 216
0.0209220 -0.4330508 8.4693365 169 207 216
0.0371248 -0.4614713 8.4617176 169 207 216
0.0401778 -0.4406228 8.4610834 169 207 216
0.0592439 -0.4487303 8.4554262 169 207 216
0.0572276 -0.4680311 8.4560261 169 207 216
0.0940819 -0.4790505 8.4477310 169 207 216
0.0939381 -0.4636604 8.4487600 169 207 216
0.1067992 -0.4681641 8.4457636 169 207 216
0.1072171 -0.4827466 8.4444504 169 207 216
0.1173719 -0.4724933 8.4441299 169 207 216
0.1273555 -0.4756849 8.4425821 169 207 216
0.1351289 -0.4770543 8.4436522 169 207 216
0.1395202 -0.4730178 8.4389038 169 207 216
0.1507585 -0.4902537 8.4331703 169 207 216
0.1428905 -0.4959104 8.4377480 169 207 216
0.0963564 -0.4961787 8.4486637 169 207 216
0.0789133 -0.4913605 8.4518671 169 207 216
-0.0117843 -0.4672963 8.4912663 169 207 216
-0.0252444 -0.4645441 8.5018721 169 207 216
0.1666992 -0.3946819 8.5489416 169 207 216
0.1608355 -0.3879683 8.5292311 169 207 216
0.1535859 -0.3847399 8.5110893 169 207 216
0.1435559 -0.3858801 8.4968615 169 207 216
0.1329013 -0.3895204 8.4834366 169 207 216
0.1216736 -0.3949799 8.4726763 169 207 216
0.1156022 -0.4113702 8.4633780 169 207 216
0.1102190 -0.4032041 8.4650688 169 207 216
0.1077855 -0.4216288 8.4578466 169 207 216
0.0998140 -0.4135588 8.4596987 169 207 216
0.0907649 -0.4255169 8.4552488 169 207 216
0.0828556 -0.4393286 8.4525871 169 207 216
0.0779935 -0.4563508 8.4516792 169 207 216
0.0767756 -0.4739307 8.4513731 169 207 216
0.0590404 -0.4878008 8.4574594 169 207 216
0.0396773 -0.4819025 8.4627390 169 207 216
0.0233136 -0.4966386 8.4711924 169 207 216
0.0284785 -0.5160711 8.4731274 169 207 216
0.0190961 -0.4760833 8.4705439 169 207 216
0.0180138 -0.4542646 8.4693947 169 207 216
0.0647207 -0.6145159 8.5194988 169 207 216
0.0420775 -0.6088977 8.5179262 169 207 216
0.1448685 -0.4324795 8.4240522 169 207 216
0.1401669 -0.4323545 8.4264107 169 207 216
0.1386154 -0.4261988 8.4255972 169 207 216
0.1459775 -0.4224237 8.4213829 169 207 216
0.1557810 -0.4217944 8.4189396 169 207 216
0.1617289 -0.4378941 8.4218616 169 207 216
0.1525677 -0.4332808 8.4221344 169 207 216
0.1668181 -0.4244487 8.4191723 169 207 216
0.1767178 -0.4305623 8.4220381 169 207 216
0.1705755 -0.4442042 8.4230509 169 207 216
0.1845850 -0.4394077 8.4260321 169 207 216
0.1779417 -0.4509246 8.4256582 169 207 216
0.1889265 -0.4509136 8.4296227 169 207 216
0.1826686 -0.4566664 8.4276791 169 207 216
0.1731930 -0.4935903 8.4332466 169 207 216
0.1778592 -0.4809365 8.4311104 169 207 216
0.1810967 -0.4675975 8.4292908 169 207 216
0.1421554 -0.4650101 8.4334202 169 207 216
0.1454650 -0.4556163 8.4287462 169 207 216
0.1489777 -0.4450620 8.4250278 169 207 216
0.1571610 -0.4506479 8.4243822 169 207 216
0.1528200 -0.4618189 8.4269247 169 207 216
0.1488546 -0.4721849 8.4302540 169 207 216
-0.0121940 -0.4490650 8.4903917 169 207 216
0.0023421 -0.4511606 8.4809227 169 207 216
0.1191897 -0.4853458 8.4421883 169 207 216
0.1289459 -0.4865602 8.4408636 169 207 216
0.1381983 -0.4855088 8.4404449 169 207 216
0.1448854 -0.4808185 8.4353275 169 207 216
0.1338415 -0.4983428 8.4390488 169 207 216
0.1225864 -0.4988436 8.4410315 169 207 216
0.1100287 -0.4980328 8.4445448 169 207 216
0.0031037 -0.4711798 8.4800215 169 207 216
-0.0263759 -0.4474432 8.5002699 169 207 216
0.2035859 -0.5143144 8.5511398 169 207 216
0.2103581 -0.5364802 8.5364857 169 207 216
0.2095687 -0.5520700 8.5152140 169 207 216
0.1985866 -0.5581918 8.4922209 169 207 216
0.1417171 -0.2505937 8.4274826 169 207 216
-0.0166217 -0.2410246 8.5338860 169 207 216
-0.0159117 -0.2156647 8.5329199 169 207 216
0.0017000 -0.2149307 8.5205193 169 207 216
-0.0221791 -0.3567741 8.5128059 169 207 216
-0.0251453 -0.4275533 8.5004845 169 207 216
0.1649103 -0.4306937 8.6585541 169 207 216
0.1561801 -0.4327140 8.6680088 169 207 216
0.1546847 -0.4449767 8.6627817 169 207 216
0.1640421 -0.4430653 8.6527424 169 207 216
0.1760138 -0.4259995 8.6390123 169 207 216
0.1712763 -0.4285416 8.6485519 169 207 216
0.1712708 -0.4405817 8.6428204 169 207 216
0.1767516 -0.4373378 8.6328564 169 207 216
0.1793984 -0.4220932 8.6294661 169 207 216
0.1811431 -0.4331850 8.6235180 169 207 216
0.1713239 -0.4152934 8.6533089 169 207 216
0.1654556 -0.4173600 8.6630707 169 207 216
0.1569007 -0.4195574 8.6719198 169 207 216
0.1780506 -0.4101984 8.6348400 169 207 216
0.1750779 -0.4131226 8.6435194 169 207 216
0.0123747 -0.6138419 8.7134647 169 207 216
0.0078110 -0.6133206 8.7287407 169 207 216
-0.0055768 -0.6487156 8.7592974 169 207 216
-0.0058136 -0.6537678 8.7594833 169 207 216
0.0466027 -0.5674728 8.6550512 169 207 216
0.0432650 -0.5773398 8.6568317 169 207 216
0.0834436 -0.4393329 8.7098246 169 207 216
0.0780152 -0.4699234 8.6981564 169 207 216
0.0752991 -0.4823687 8.6895885 169 207 216
0.0722294 -0.4976507 8.6829996 169 207 216
0.0521398 -0.5575982 8.6574802 169 207 216
0.0805254 -0.4548575 8.7047100 169 207 216
0.1205458 0.0466862 8.4833469 169 207 216
0.0941781 0.0633241 8.4744310 169 207 216
0.1015598 0.0329289 8.4736462 169 207 216
0.0830684 0.0453089 8.4678745 169 207 216
0.1238884 -0.0387616 8.4927425 169 207 216
0.1195199 -0.0109553 8.4869518 169 207 216
0.1256461 -0.0679249 8.4947395 169 207 216
0.0600126 0.0532275 8.4661131 169 207 216
0.0334951 0.0569288 8.4710922 169 207 216
0.0283393 0.0346853 8.4640617 169 207 216
0.1003751 -0.0675859 8.4803190 169 207 216
0.0993789 -0.0402111 8.4769907 169 207 216
0.0900454 0.0237890 8.4683428 169 207 216
0.1128112 0.0137868 8.4799795 169 207 216
0.0932823 0.0089799 8.4699841 169 207 216
0.0538449 0.0325654 8.4608955 169 207 216
0.0757710 0.0283292 8.4633980 169 207 216
0.0052878 -0.1287689 8.5019388 169 207 216
-0.0200447 -0.1070445 8.5052414 169 207 216
0.0057121 -0.1076550 8.4937687 169 207 216
0.0951206 -0.1395624 8.4942570 169 207 216
0.0735387 -0.1163745 8.4825258 169 207 216
0.0736750 0.0094667 8.4621000 169 207 216
0.0507028 0.0110597 8.4579802 169 207 216
0.0243427 0.0109795 8.4602985 169 207 216
0.0263155 -0.0656344 8.4686384 169 207 216
0.0238169 -0.0421712 8.4631176 169 207 216
0.0498559 -0.0402703 8.4608564 169 207 216
0.0514492 -0.0660424 8.4665365 169 207 216
0.0749953 -0.0932758 8.4751806 169 207 216
0.0758220 -0.0666673 8.4701357 169 207 216
0.0277882 -0.0887830 8.4765301 169 207 216
0.0514719 -0.0909735 8.4733629 169 207 216
0.0499321 -0.1138368 8.4820805 169 207 216
0.0751036 -0.0388488 8.4655399 169 207 216
-0.0047581 -0.0164337 8.4697056 169 207 216
0.0227199 -0.0158018 8.4604197 169 207 216
-0.0293828 -0.0169180 8.4882450 169 207 216
0.0279808 -0.1105085 8.4861879 169 207 216
0.0271178 -0.1317042 8.4945116 169 207 216
0.0259767 -0.1514499 8.5011549 169 207 216
0.0216896 -0.2146578 8.5114870 169 207 216
0.1516046 0.3004272 8.6092348 169 207 216
0.0263871 0.1098372 8.6483946 169 207 216
0.0131352 0.1070755 8.6285381 169 207 216
0.1952932 0.0243210 8.5797520 169 207 216
0.1608144 0.0325868 8.5123196 169 207 216
0.1349294 0.0221765 8.4939957 169 207 216
0.0827180 0.1037182 8.6851015 169 207 216
0.0576827 0.1096160 8.6759539 169 207 216
0.1948780 0.0375565 8.6116753 169 207 216
0.1632302 0.0773608 8.6636448 169 207 216
0.0399964 0.1113314 8.6636925 169 207 216
0.0965625 -0.0142141 8.4729090 169 207 216
0.0741727 -0.0134351 8.4626551 169 207 216
0.0493658 -0.0138241 8.4580259 169 207 216
-0.0032044 0.0091163 8.4702997 169 207 216
-0.0274601 0.0067672 8.4899702 169 207 216
0.0872004 0.0599791 8.7195902 169 207 216
0.0853658 0.0475220 8.7260065 169 207 216
0.0779502 0.0501468 8.7304554 169 207 216
0.0755883 0.0670741 8.7239056 169 207 216
0.1470196 -0.0813401 8.6681738 169 207 216
0.1333129 -0.0749407 8.6902065 169 207 216
0.1030270 -0.0672860 8.7247248 169 207 216
0.0875797 -0.0660497 8.7368488 169 207 216
0.1695102 -0.1124636 8.5933342 169 207 216
0.1185033 -0.0705093 8.7094011 169 207 216
0.1670165 -0.1010040 8.6179447 169 207 216
0.1594122 -0.0900790 8.6434021 169 207 216
0.0257985 0.7648164 8.5154572 169 207 216
0.0264572 0.7959052 8.5195379 169 207 216
0.0189352 0.7935761 8.5070028 169 207 216
0.0156834 0.7617099 8.5051403 169 207 216
0.0124708 0.7561425 8.4740925 169 207 216
0.0076996 0.7581722 8.4862986 169 207 216
0.0229982 0.7564985 8.4639683 169 207 216
0.0174209 0.7894874 8.4660578 169 207 216
0.0309796 0.7914642 8.4640799 169 207 216
0.0362776 0.7590575 8.4597244 169 207 216
0.0494869 0.7611827 8.4616728 169 207 216
0.0566633 0.7953196 8.4701958 169 207 216
0.0691692 0.7967091 8.4845839 169 207 216
0.0757478 0.7663401 8.4819231 169 207 216
0.0621272 0.7634454 8.4678364 169 207 216
0.0837453 0.7721816 8.5007601 169 207 216
0.0782043 0.8006057 8.5026875 169 207 216
0.0776613 0.7747346 8.5179224 169 207 216
0.0397353 0.7693640 8.5251980 169 207 216
0.0398587 0.7987294 8.5309057 169 207 216
0.0071877 0.7888941 8.4756422 169 207 216
0.0068128 0.7908703 8.4891062 169 207 216
0.0092719 0.7603350 8.4973936 169 207 216
0.0133575 0.7923722 8.4984093 169 207 216
0.0181000 0.8241819 8.5135870 169 207 216
0.0251713 0.8246570 8.5289669 169 207 216
0.0023723 0.8202459 8.4781675 169 207 216
0.0089492 0.8219297 8.4911757 169 207 216
0.0256332 0.8223753 8.4705286 169 207 216
0.0107375 0.8204396 8.4676094 169 207 216
0.0539050 0.8261011 8.4701195 169 207 216
0.0435708 0.7933433 8.4658527 169 207 216
0.0396651 0.8244402 8.4690847 169 207 216
0.0677450 0.8260149 8.4837332 169 207 216
0.0795573 0.8274944 8.5044413 169 207 216
0.0410791 0.8255900 8.5403004 169 207 216
0.0149454 0.8232647 8.5017929 169 207 216
0.2100303 0.9210273 8.6056728 169 207 216
0.2057050 0.9216540 8.6125889 169 207 216
0.2054089 0.9162477 8.6101570 169 207 216
0.2079374 0.9163790 8.6057997 169 207 216
0.1888337 0.9198301 8.6430779 169 207 216
0.1793127 0.9234601 8.6514063 169 207 216
0.1815922 0.9101294 8.6512823 169 207 216
0.1884488 0.9085524 8.6454964 169 207 216
0.2013528 0.9213127 8.6296425 169 207 216
0.2063938 0.9216411 8.6233349 169 207 216
0.2025130 0.9256265 8.6227617 169 207 216
0.1994438 0.9251751 8.6269007 169 207 216
0.2009368 0.9201577 8.5673084 169 207 216
0.2017464 0.9209145 8.5607023 169 207 216
0.2011812 0.9247197 8.5612507 169 207 216
0.1989033 0.9251181 8.5654917 169 207 216
0.2068484 0.9223092 8.5912523 169 207 216
0.2089335 0.9230871 8.5846443 169 207 216
0.2066351 0.9267170 8.5845575 169 207 216
0.2053601 0.9271430 8.5887880 169 207 216
0.1739666 0.9042859 8.6273251 169 207 216
0.1842336 0.9053074 8.6375618 169 207 216
0.1735349 0.9069159 8.6464777 169 207 216
0.1625378 0.9022579 8.6376877 169 207 216
0.1671084 0.9175034 8.6489668 169 207 216
0.1705223 0.9238760 8.6408758 169 207 216
0.1590816 0.9243263 8.6325998 169 207 216
0.1546756 0.9151316 8.6399679 169 207 216
0.1802169 0.9245116 8.6325207 169 207 216
0.1704606 0.9250907 8.6234264 169 207 216
0.1778923 0.9167577 8.6198444 169 207 216
0.1897975 0.9158682 8.6296120 169 207 216
0.1926049 0.9161993 8.6070356 169 207 216
0.2033308 0.9192433 8.6136465 169 207 216
0.2004165 0.9120491 8.6187124 169 207 216
0.1901445 0.9075577 8.6114902 169 207 216
0.1958313 0.9120136 8.6260519 169 207 216
0.1832448 0.9076555 8.6210690 169 207 216
0.1797600 0.9189296 8.6220865 169 207 216
0.1917419 0.9193451 8.6306620 169 207 216
0.1922801 0.9249780 8.6242790 169 207 216
0.1808807 0.9248186 8.6165199 169 207 216
0.1870195 0.9246166 8.6093893 169 207 216
0.1980199 0.9259276 8.6167660 169 207 216
0.1966780 0.9092363 8.5923147 169 207 216
0.2044716 0.9142686 8.6007748 169 207 216
0.1996939 0.9143436 8.6076050 169 207 216
0.1907031 0.9095809 8.6023798 169 207 216
0.1970520 0.9225020 8.6115541 169 207 216
0.1995140 0.9262807 8.6061735 169 207 216
0.1906093 0.9254304 8.6003885 169 207 216
0.1885897 0.9205410 8.6057205 169 207 216
0.1967378 0.9246935 8.5920382 169 207 216
0.2040087 0.9267666 8.5996532 169 207 216
0.2012487 0.9162745 8.5893536 169 207 216
0.2076363 0.9203674 8.5966482 169 207 216
0.2007538 0.9178461 8.5678606 169 207 216
0.2058687 0.9220647 8.5760078 169 207 216
0.2045395 0.9161153 8.5790386 169 207 216
0.1980068 0.9103893 8.5704098 169 207 216
0.2017513 0.9150133 8.5852041 169 207 216
0.1955063 0.9107006 8.5798025 169 207 216
0.2001172 0.9197962 8.5896463 169 207 216
0.2004479 0.9273332 8.5863218 169 207 216
0.1945711 0.9256352 8.5800705 169 207 216
0.1953347 0.9171597 8.5844727 169 207 216
0.2038484 0.9278162 8.5794220 169 207 216
0.1976880 0.9258355 8.5710497 169 207 216
0.1933200 0.9115330 8.5478010 169 207 216
0.1923351 0.9194739 8.5449581 169 207 216
0.2005212 0.9201995 8.5530720 169 207 216
0.1995277 0.9142689 8.5553665 169 207 216
0.1967212 0.9134558 8.5614815 169 207 216
0.1928208 0.9103011 8.5565567 169 207 216
0.1954110 0.9184244 8.5652866 169 207 216
0.1946465 0.9258510 8.5630598 169 207 216
0.1906441 0.9253474 8.5582438 169 207 216
0.1932294 0.9167173 8.5604362 169 207 216
0.1980442 0.9258469 8.5563669 169 207 216
0.1916942 0.9251751 8.5499859 169 207 216
0.1519327 0.8988345 8.6278830 169 207 216
0.1668273 0.9038163 8.6148233 169 207 216
0.1785727 0.9236331 8.6457462 169 207 216
0.1439349 0.9139909 8.6296053 169 207 216
0.1837481 0.9241697 8.6409578 169 207 216
0.1644793 0.9250822 8.6120453 169 207 216
0.1489990 0.9241865 8.6219654 169 207 216
0.1725683 0.9168732 8.6165342 169 207 216
0.2045113 0.9157441 8.6236877 169 207 216
0.1840872 0.9177319 8.6021805 169 207 216
0.1773760 0.9252168 8.5961571 169 207 216
0.2019505 0.9156440 8.6278849 169 207 216
0.1784240 0.9050291 8.5989943 169 207 216
0.1850646 0.9073383 8.5785160 169 207 216
0.2055356 0.9260387 8.6094980 169 207 216
0.2080852 0.9262320 8.6058960 169 207 216
0.1860526 0.9260262 8.5774117 169 207 216
0.1940283 0.9156996 8.5824442 169 207 216
0.2074043 0.9186382 8.5844402 169 207 216
0.1934509 0.9161068 8.5598717 169 207 216
0.1871910 0.9265547 8.5579500 169 207 216
0.2063819 0.9179041 8.5881367 169 207 216
0.1877247 0.9069041 8.5572586 169 207 216
0.2001038 0.9172540 8.5606565 169 207 216
0.1835320 0.9194965 8.5350895 169 207 216
0.1834546 0.9270021 8.5415049 169 207 216
0.1993806 0.9163202 8.5641756 169 207 216
0.1853442 0.9090430 8.5397348 169 207 216
0.0531526 0.7732166 8.5305052 169 207 216
0.0549272 0.8009106 8.5349569 169 207 216
0.0663959 0.7754058 8.5277224 169 207 216
0.0754305 0.8028731 8.5199776 169 207 216
0.0672748 0.8031715 8.5298367 169 207 216
0.0600917 0.8263066 8.5431910 169 207 216
0.0780353 0.8285944 8.5227613 169 207 216
0.0732035 0.8271359 8.5353804 169 207 216
0.0493917 0.8491999 8.4670162 169 207 216
0.0665391 0.8499923 8.4790154 169 207 216
0.0339788 0.8472322 8.4696608 169 207 216
0.0041023 0.8441554 8.4668789 169 207 216
0.0192400 0.8455634 8.4685936 169 207 216
0.0683876 0.8468421 8.5513277 169 207 216
0.0462111 0.8491137 8.5459623 169 207 216
0.0842803 0.8463695 8.5432091 169 207 216
0.0897651 0.8475024 8.5266781 169 207 216
0.1361901 0.8938626 8.6196547 169 207 216
0.1182132 0.8936727 8.6053648 169 207 216
0.1313414 0.8821499 8.5948486 169 207 216
0.1499493 0.8920634 8.6049814 169 207 216
0.1415797 0.8843948 8.5756397 169 207 216
0.1598070 0.8961776 8.5870810 169 207 216
0.1474031 0.8892983 8.5559235 169 207 216
0.1663409 0.8984128 8.5670700 169 207 216
0.1504432 0.8946623 8.5374050 169 207 216
0.1697965 0.9014626 8.5471945 169 207 216
0.1510097 0.9037826 8.5210638 169 207 216
0.1712517 0.9068996 8.5304794 169 207 216
0.1513050 0.9160656 8.5114765 169 207 216
0.1710190 0.9188753 8.5226793 169 207 216
0.1283242 0.9133602 8.6210909 169 207 216
0.1124054 0.9117672 8.6059847 169 207 216
0.1337590 0.9258509 8.6107197 169 207 216
0.1164417 0.9275019 8.5961695 169 207 216
0.1453253 0.9269253 8.5956497 169 207 216
0.1268026 0.9282573 8.5808640 169 207 216
0.1504354 0.9296997 8.5168829 169 207 216
0.1702172 0.9304311 8.5294809 169 207 216
0.1552299 0.9276005 8.5778475 169 207 216
0.1360619 0.9277769 8.5631113 169 207 216
0.1625440 0.9296691 8.5599203 169 207 216
0.1428419 0.9297502 8.5454569 169 207 216
0.1671200 0.9312083 8.5434980 169 207 216
0.1472378 0.9316620 8.5298014 169 207 216
0.1088241 0.8755828 8.5822153 169 207 216
0.1217679 0.8708668 8.5647192 169 207 216
0.1258769 0.8769783 8.5450239 169 207 216
0.1267803 0.8856645 8.5266314 169 207 216
0.1261897 0.8987906 8.5110722 169 207 216
0.1279986 0.9113064 8.5002928 169 207 216
0.1025556 0.8725300 8.5099277 169 207 216
0.1004586 0.8952341 8.4988127 169 207 216
0.1025634 0.9094851 8.4909487 169 207 216
0.0766401 0.8927996 8.4841499 169 207 216
0.0782197 0.9079833 8.4805498 169 207 216
0.0369635 0.8912520 8.4614239 169 207 216
0.0376039 0.9085083 8.4564133 169 207 216
0.0561715 0.9066614 8.4674835 169 207 216
0.0547854 0.8911645 8.4710121 169 207 216
0.0779547 0.8723856 8.4916611 169 207 216
0.0572413 0.8709022 8.4762478 169 207 216
0.0405557 0.8694541 8.4674025 169 207 216
0.0071030 0.9083569 8.4541397 169 207 216
0.0220694 0.9093601 8.4523754 169 207 216
0.0228944 0.8908637 8.4560566 169 207 216
0.0078278 0.8894672 8.4539518 169 207 216
-0.0095957 0.8896252 8.4618330 169 207 216
-0.0077474 0.9089670 8.4651976 169 207 216
-0.0116993 0.8909988 8.4831152 169 207 216
-0.0122242 0.9097120 8.4849806 169 207 216
0.0135051 0.8667083 8.4610004 169 207 216
0.0267005 0.8685293 8.4645319 169 207 216
-0.0024237 0.8659277 8.4641705 169 207 216
-0.0053509 0.8670489 8.4820004 169 207 216
0.0060419 0.8689609 8.4960699 169 207 216
0.0007615 0.8918738 8.4997063 169 207 216
-0.0028292 0.9096262 8.5032730 169 207 216
0.0977723 0.8929530 8.5876245 169 207 216
0.0947370 0.9077145 8.5856915 169 207 216
0.1071194 0.8617855 8.5343733 169 207 216
0.1010749 0.8584371 8.5542002 169 207 216
0.0804198 0.8662618 8.5652666 169 207 216
0.0736423 0.8898151 8.5704212 169 207 216
0.0742648 0.9061050 8.5646467 169 207 216
0.0549858 0.9058646 8.5466948 169 207 216
0.0516703 0.8914621 8.5530891 169 207 216
0.0975517 0.9204326 8.5767565 169 207 216
0.0784956 0.9146495 8.5555124 169 207 216
0.0589549 0.9132918 8.5388823 169 207 216
0.0365860 0.9064696 8.5334959 169 207 216
0.0339757 0.8922713 8.5374441 169 207 216
0.0223639 0.9070524 8.5222445 169 207 216
0.0216398 0.8916252 8.5230455 169 207 216
0.0118413 0.8913928 8.5117216 169 207 216
0.0099661 0.9080729 8.5137959 169 207 216
0.0213328 0.8706112 8.5208073 169 207 216
0.0140548 0.8696637 8.5087900 169 207 216
0.0326335 0.8716002 8.5366631 169 207 216
0.0510220 0.8700464 8.5524845 169 207 216
0.1267727 0.9257151 8.5042591 169 207 216
0.1020193 0.9219203 8.4935350 169 207 216
0.0776843 0.9186018 8.4830885 169 207 216
0.0553456 0.9192698 8.4708920 169 207 216
0.0361495 0.9211645 8.4635143 169 207 216
0.0224598 0.9214904 8.4608841 169 207 216
-0.0018741 0.9193605 8.4719944 169 207 216
0.0093613 0.9203538 8.4623671 169 207 216
-0.0052439 0.9197823 8.4857378 169 207 216
0.0030075 0.9206529 8.4998779 169 207 216
0.0134930 0.9205767 8.5093307 169 207 216
0.0400601 0.9156380 8.5267668 169 207 216
0.0253933 0.9190067 8.5178080 169 207 216
0.0274791 0.8499240 8.5343504 169 207 216
0.0172193 0.8488855 8.5186701 169 207 216
0.0130826 0.8474208 8.5062838 169 207 216
0.0000877 0.8442980 8.4809170 169 207 216
0.0084769 0.8462697 8.4941349 169 207 216
0.1051244 0.9255056 8.5630941 169 207 216
0.1133270 0.9257420 8.5462465 169 207 216
0.1195213 0.9274009 8.5296526 169 207 216
0.1236155 0.9286355 8.5156488 169 207 216
0.0993373 0.9258485 8.5025225 169 207 216
0.0951598 0.9248588 8.5145683 169 207 216
0.0893299 0.9235796 8.5295639 169 207 216
0.0834775 0.9200904 8.5444250 169 207 216
0.0752376 0.9238272 8.4918652 169 207 216
0.0717797 0.9239082 8.5028267 169 207 216
0.0663751 0.9229401 8.5160389 169 207 216
0.0625906 0.9196558 8.5291643 169 207 216
0.0427008 0.9223357 8.5178881 169 207 216
0.0451231 0.9243441 8.5056477 169 207 216
0.0497924 0.9246687 8.4936104 169 207 216
0.0526920 0.9238291 8.4822025 169 207 216
0.0348388 0.9241445 8.4754925 169 207 216
0.0329886 0.9245037 8.4869080 169 207 216
0.0296408 0.9246429 8.4984512 169 207 216
0.0277870 0.9237126 8.5085287 169 207 216
0.0231568 0.9239392 8.4725389 169 207 216
0.0052672 0.9231141 8.4769716 169 207 216
0.0136430 0.9235770 8.4725971 169 207 216
0.0026109 0.9238126 8.4854832 169 207 216
0.0090305 0.9240603 8.4944773 169 207 216
0.0176617 0.9241526 8.5017576 169 207 216
0.0202908 0.9243593 8.4932194 169 207 216
0.0133333 0.9240421 8.4887199 169 207 216
0.0233056 0.9240905 8.4830933 169 207 216
0.0155267 0.9236089 8.4807892 169 207 216
0.0084945 0.9237398 8.4847298 169 207 216
0.0098082 0.9234606 8.4807549 169 207 216
0.0819258 0.8519803 8.5047922 169 207 216
0.1104873 0.4775113 8.5708075 169 207 216
0.0938759 0.4723206 8.5739660 169 207 216
0.1253885 0.4766501 8.5620050 169 207 216
0.1824166 0.0459841 8.6428051 169 207 216
0.1434924 -0.2156027 8.6926670 169 207 216
0.1465472 -0.2660118 8.6891584 169 207 216
0.1445490 -0.2397336 8.6912766 169 207 216
0.1847086 0.0734443 8.6398773 169 207 216
0.1630276 -0.2910691 8.6186705 169 207 216
0.1633361 -0.4551575 8.6457844 169 207 216
0.0977653 -0.7426178 8.7036667 169 207 216
0.0960009 -0.7396872 8.7008009 169 207 216
0.0955361 -0.7381717 8.6973295 169 207 216
0.0962282 -0.7364373 8.6937037 169 207 216
0.0970462 -0.7354838 8.6899815 169 207 216
0.0955685 -0.7376887 8.6861706 169 207 216
0.0985425 -0.7404319 8.6959667 169 207 216
0.0965818 -0.7446767 8.6937485 169 207 216
0.0962454 -0.7458479 8.6961584 169 207 216
0.0981991 -0.7418926 8.6984291 169 207 216
3 1 2 0
3 0 2 3
3 2 1 4
3 4 1 5
3 2 6 3
3 3 6 7
3 9 10 8
3 8 10 11
3 13 14 12
3 12 14 15
3 17 18 16
3 16 18 19
3 21 22 20
3 20 22 23
3 25 17 24
3 24 17 16
3 26 27 16
3 16 27 24
3 29 30 28
3 28 30 31
3 33 34 32
3 32 34 35
3 20 23 36
3 36 23 37
3 39 30 38
3 38 30 37
3 33 32 27
3 27 32 24
3 40 41 43
3 43 41 42
3 35 44 32
3 32 44 24
3 45 46 48
3 48 46 47
3 50 51 49
3 49 51 52
3 54 52 53
3 53 52 51
3 56 57 55
3 55 57 58
3 60 61 59
3 59 61 62
3 64 65 63
3 63 65 66
3 68 69 67
3 67 69 70
3 64 72 71
3 71 72 73
3 63 74 64
3 64 74 72
3 76 77 75
3 75 77 78
3 79 80 82
3 82 80 81
3 80 84 83
3 83 84 85
3 87 88 86
3 86 88 68
3 87 86 89
3 89 86 90
3 92 93 91
3 91 93 94
3 95 83 42
3 42 83 43
3 50 97 96
3 96 97 85
3 96 98 50
3 50 98 51
3 53 51 99
3 99 51 98
3 57 100 58
3 58 100 101
3 61 102 62
3 62 102 103
3 104 105 5
3 5 105 4
3 107 108 106
3 106 108 109
3 111 112 110
3 110 112 113
3 115 116 114
3 114 116 117
3 119 120 118
3 118 120 121
3 123 124 122
3 122 124 125
3 127 128 126
3 126 128 129
3 129 130 126
3 126 130 131
3 133 0 132
3 132 0 134
3 0 3 134
3 134 3 135
3 3 7 135
3 135 7 136
3 137 138 14
3 14 138 139
3 139 138 140
3 140 138 141
3 143 56 142
3 142 56 55
3 144 145 140
3 140 145 146
3 145 148 147
3 147 148 149
3 151 152 150
3 150 152 153
3 140 146 139
3 139 146 154
3 156 10 155
3 155 10 157
3 159 160 158
3 158 160 161
3 163 164 162
3 162 164 165
3 164 159 165
3 165 159 158
3 167 168 166
3 166 168 169
3 168 170 169
3 169 170 171
3 148 172 149
3 149 172 173
3 174 175 148
3 148 175 172
3 177 171 176
3 176 171 170
3 179 180 178
3 178 180 181
3 183 179 182
3 182 179 178
3 185 186 184
3 184 186 187
3 189 190 188
3 188 190 191
3 6 192 7
3 7 192 193
3 195 161 194
3 194 161 160
3 196 167 197
3 197 167 166
3 180 198 181
3 181 198 199
3 201 202 200
3 200 202 203
3 186 185 204
3 204 185 205
3 207 208 206
3 206 208 209
3 211 212 210
3 210 212 213
3 214 215 217
3 217 215 216
3 219 208 218
3 218 208 207
3 203 185 220
3 220 185 184
3 200 203 221
3 221 203 220
3 222 210 219
3 219 210 208
3 223 224 213
3 213 224 209
3 202 205 203
3 203 205 185
3 226 186 225
3 225 186 204
3 26 227 20
3 20 227 21
3 229 230 228
3 228 230 231
3 233 234 232
3 232 234 235
3 237 238 236
3 236 238 239
3 118 121 117
3 117 121 114
3 111 241 240
3 240 241 242
3 97 50 243
3 243 50 49
3 244 137 13
3 13 137 14
3 10 9 157
3 157 9 245
3 88 84 68
3 68 84 69
3 10 156 11
3 11 156 246
3 248 163 247
3 247 163 162
3 176 249 177
3 177 249 250
3 252 253 251
3 251 253 254
3 186 226 187
3 187 226 255
3 211 256 212
3 212 256 257
3 259 133 258
3 258 133 132
3 164 163 134
3 134 163 132
3 159 164 135
3 135 164 134
3 135 136 159
3 159 136 160
3 136 260 160
3 160 260 194
3 262 263 261
3 261 263 264
3 12 15 265
3 265 15 266
3 267 266 154
3 154 266 15
3 146 268 154
3 154 268 267
3 161 195 166
3 166 195 197
3 166 169 161
3 161 169 158
3 169 171 158
3 158 171 165
3 171 177 165
3 165 177 162
3 177 250 162
3 162 250 247
3 167 269 168
3 168 269 270
3 271 272 170
3 170 272 176
3 270 271 168
3 168 271 170
3 167 196 269
3 269 196 273
3 249 176 274
3 274 176 272
3 276 44 275
3 275 44 277
3 279 280 278
3 278 280 281
3 283 103 282
3 282 103 102
3 284 214 285
3 285 214 217
3 287 288 286
3 286 288 289
3 290 79 65
3 65 79 82
3 292 293 291
3 291 293 294
3 72 90 73
3 73 90 86
3 90 72 91
3 91 72 74
3 278 76 279
3 279 76 75
3 79 290 69
3 69 290 70
3 276 46 95
3 95 46 81
3 296 174 295
3 295 174 148
3 298 153 297
3 297 153 152
3 224 299 209
3 209 299 206
3 223 300 205
3 205 300 204
3 209 208 213
3 213 208 210
3 225 204 301
3 301 204 300
3 303 304 302
3 302 304 305
3 307 308 306
3 306 308 309
3 71 290 64
3 64 290 65
3 65 82 66
3 66 82 45
3 311 312 310
3 310 312 313
3 315 316 314
3 314 316 35
3 28 317 34
3 34 317 318
3 320 31 319
3 319 31 321
3 310 313 322
3 322 313 323
3 314 324 315
3 315 324 325
3 317 286 318
3 318 286 289
3 327 320 326
3 326 320 319
3 328 329 38
3 38 329 330
3 331 332 39
3 39 332 321
3 308 333 284
3 284 333 334
3 235 1 133
3 133 1 0
3 259 335 232
3 232 335 336
3 236 13 264
3 264 13 12
3 83 85 43
3 43 85 97
3 188 191 6
3 6 191 192
3 43 97 40
3 40 97 243
3 236 239 13
3 13 239 244
3 6 2 188
3 188 2 4
3 337 70 71
3 71 70 290
3 261 264 265
3 265 264 12
3 123 122 338
3 338 122 104
3 122 108 104
3 104 108 105
3 188 4 189
3 189 4 105
3 110 113 11
3 11 113 8
3 263 339 264
3 264 339 236
3 341 342 340
3 340 342 343
3 5 234 104
3 104 234 338
3 233 345 344
3 344 345 346
3 348 349 347
3 347 349 350
3 106 351 107
3 107 351 352
3 354 355 353
3 353 355 356
3 236 339 237
3 237 339 357
3 11 246 110
3 110 246 358
3 263 262 115
3 115 262 359
3 360 361 221
3 221 361 200
3 363 364 362
3 362 364 365
3 367 368 366
3 366 368 369
3 371 372 370
3 370 372 373
3 374 375 371
3 371 375 376
3 377 378 380
3 380 378 379
3 381 382 268
3 268 382 267
3 149 173 364
3 364 173 383
3 379 376 380
3 380 376 375
3 270 269 179
3 179 269 180
3 272 271 251
3 251 271 183
3 271 270 183
3 183 270 179
3 180 269 273
3 251 254 272
3 272 254 274
3 253 384 254
3 254 384 385
3 386 387 178
3 178 387 182
3 388 386 181
3 181 386 178
3 181 199 388
3 388 199 389
3 387 390 182
3 182 390 252
3 390 391 252
3 252 391 253
3 393 378 392
3 392 378 377
3 184 187 394
3 394 187 395
3 220 184 396
3 396 184 394
3 221 220 397
3 397 220 396
3 187 255 395
3 395 255 398
3 399 400 255
3 255 400 398
3 401 402 404
3 404 402 403
3 147 149 363
3 363 149 364
3 392 405 393
3 393 405 406
3 157 245 392
3 392 245 405
3 341 18 237
3 237 18 238
3 22 21 349
3 349 21 353
3 243 49 244
3 244 49 137
3 54 141 52
3 52 141 138
3 144 143 295
3 295 143 142
3 354 227 340
3 340 227 19
3 40 239 41
3 41 239 238
3 282 307 283
3 283 307 306
3 348 408 407
3 407 408 409
3 243 244 40
3 40 244 239
3 267 382 405
3 405 382 406
3 345 410 348
3 348 410 408
3 250 411 247
3 247 411 412
3 274 413 249
3 249 413 414
3 24 44 25
3 25 44 276
3 42 25 95
3 95 25 276
3 415 416 60
3 60 416 61
3 328 23 407
3 407 23 22
3 30 39 31
3 31 39 321
3 38 37 328
3 328 37 23
3 36 37 29
3 29 37 30
3 417 418 420
3 420 418 419
3 77 294 78
3 78 294 293
3 123 338 421
3 421 338 344
3 231 130 356
3 356 130 350
3 1 235 5
3 5 235 234
3 251 183 252
3 252 183 182
3 226 422 255
3 255 422 399
3 422 226 304
3 304 226 225
3 423 257 424
3 424 257 256
3 425 426 211
3 211 426 256
3 258 132 248
3 248 132 163
3 418 417 427
3 427 417 428
3 326 429 327
3 327 429 287
3 48 430 45
3 45 430 66
3 305 301 423
3 423 301 257
3 312 431 313
3 313 431 432
3 31 320 28
3 28 320 317
3 323 313 432
3 286 317 327
3 327 317 320
3 133 259 235
3 235 259 232
3 344 338 233
3 233 338 234
3 356 350 353
3 353 350 349
3 407 22 348
3 348 22 349
3 316 277 35
3 35 277 44
3 431 312 428
3 428 312 427
3 434 427 433
3 433 427 312
3 41 238 17
3 17 238 18
3 42 41 25
3 25 41 17
3 120 119 435
3 435 119 436
3 301 300 257
3 257 300 212
3 109 108 125
3 125 108 122
3 237 357 341
3 341 357 342
3 340 19 341
3 341 19 18
3 321 437 319
3 319 437 438
3 319 438 326
3 326 438 429
3 332 439 321
3 321 439 437
3 288 287 322
3 322 287 429
3 114 339 115
3 115 339 263
3 145 144 148
3 148 144 295
3 14 139 15
3 15 139 154
3 440 441 151
3 151 441 152
3 224 223 202
3 202 223 205
3 174 296 153
3 153 296 150
3 292 442 293
3 293 442 443
3 247 412 248
3 248 412 444
3 445 446 399
3 399 446 400
3 387 386 395
3 395 386 394
3 386 388 394
3 394 388 396
3 390 387 398
3 398 387 395
3 400 391 398
3 398 391 390
3 254 385 274
3 274 385 413
3 448 449 447
3 447 449 450
3 334 451 284
3 284 451 214
3 452 297 441
3 441 297 152
3 210 222 211
3 211 222 425
3 424 256 453
3 453 256 426
3 265 9 261
3 261 9 8
3 359 112 455
3 455 112 454
3 7 193 136
3 136 193 260
3 9 265 245
3 245 265 266
3 202 201 224
3 224 201 299
3 261 8 262
3 262 8 113
3 107 352 189
3 189 352 190
3 388 389 396
3 396 389 397
3 456 421 127
3 127 421 128
3 155 157 377
3 377 157 392
3 346 345 347
3 347 345 348
3 446 457 400
3 400 457 391
3 363 381 147
3 147 381 268
3 54 53 56
3 56 53 57
3 74 63 458
3 458 63 459
3 99 89 100
3 100 89 94
3 100 57 99
3 99 57 53
3 141 54 143
3 143 54 56
3 146 145 268
3 268 145 147
3 458 92 74
3 74 92 91
3 143 144 141
3 141 144 140
3 227 26 19
3 19 26 16
3 153 298 174
3 174 298 175
3 213 212 223
3 223 212 300
3 423 460 305
3 305 460 302
3 284 285 308
3 308 285 309
3 461 333 307
3 307 333 308
3 301 305 225
3 225 305 304
3 36 27 20
3 20 27 26
3 28 34 29
3 29 34 33
3 29 33 36
3 36 33 27
3 343 435 355
3 355 435 228
3 324 289 325
3 325 289 288
3 310 438 311
3 311 438 437
3 34 318 35
3 35 318 314
3 438 310 429
3 429 310 322
3 314 318 324
3 324 318 289
3 439 462 437
3 437 462 311
3 340 343 354
3 354 343 355
3 359 455 115
3 115 455 116
3 353 21 354
3 354 21 227
3 325 288 323
3 323 288 322
3 73 86 67
3 67 86 68
3 49 52 137
3 137 52 138
3 267 405 266
3 266 405 245
3 189 105 107
3 107 105 108
3 240 454 111
3 111 454 112
3 357 121 342
3 342 121 120
3 128 346 129
3 129 346 347
3 347 350 129
3 129 350 130
3 228 231 355
3 355 231 356
3 339 114 357
3 357 114 121
3 110 358 111
3 111 358 241
3 124 123 456
3 456 123 421
3 230 131 231
3 231 131 130
3 342 120 343
3 343 120 435
3 262 113 359
3 359 113 112
3 346 128 344
3 344 128 421
3 229 228 436
3 436 228 435
3 463 445 422
3 422 445 399
3 464 465 467
3 467 465 466
3 469 470 468
3 468 470 471
3 468 471 372
3 372 471 373
3 473 468 472
3 472 468 372
3 470 474 471
3 471 474 475
3 471 476 373
3 373 476 477
3 476 471 475
3 478 479 475
3 475 479 476
3 472 372 376
3 376 372 371
3 480 481 478
3 478 481 479
3 482 483 480
3 480 483 481
3 402 401 484
3 484 401 485
3 486 487 482
3 482 487 483
3 486 488 487
3 487 488 489
3 488 490 489
3 489 490 491
3 490 492 491
3 491 492 493
3 492 494 493
3 493 494 495
3 496 497 480
3 480 497 482
3 483 498 481
3 481 498 366
3 369 479 366
3 366 479 481
3 479 369 476
3 476 369 477
3 499 496 478
3 478 496 480
3 450 472 379
3 379 472 376
3 447 450 378
3 378 450 379
3 500 501 503
3 503 501 502
3 448 504 506
3 506 504 505
3 485 507 504
3 504 507 505
3 507 508 505
3 505 508 509
3 510 506 509
3 509 506 505
3 508 507 511
3 511 507 512
3 514 508 513
3 513 508 511
3 508 514 509
3 509 514 515
3 509 515 510
3 510 515 516
3 485 504 484
3 484 504 517
3 504 448 517
3 517 448 447
3 382 381 402
3 402 381 403
3 362 403 363
3 363 403 381
3 402 484 382
3 382 484 406
3 518 519 360
3 360 519 361
3 521 495 520
3 520 495 494
3 449 473 450
3 450 473 472
3 362 365 522
3 522 365 523
3 524 498 487
3 487 498 483
3 487 489 524
3 524 489 525
3 495 521 519
3 519 521 526
3 493 495 518
3 518 495 519
3 491 493 527
3 527 493 518
3 528 529 494
3 494 529 520
3 489 491 525
3 525 491 527
3 528 494 530
3 530 494 492
3 532 533 531
3 531 533 534
3 522 523 532
3 532 523 533
3 485 401 531
3 531 401 532
3 528 535 529
3 529 535 536
3 535 537 536
3 536 537 538
3 539 540 538
3 538 540 536
3 529 536 534
3 534 536 540
3 541 538 542
3 542 538 537
3 538 541 539
3 539 541 543
3 540 539 512
3 512 539 511
3 539 543 511
3 511 543 513
3 545 546 544
3 544 546 547
3 548 549 530
3 530 549 550
3 549 548 551
3 551 548 552
3 545 549 553
3 553 549 551
3 546 545 554
3 554 545 553
3 497 555 557
3 557 555 556
3 558 556 559
3 559 556 555
3 560 561 559
3 559 561 558
3 556 558 551
3 551 558 553
3 558 561 553
3 553 561 554
3 557 556 552
3 552 556 551
3 474 470 562
3 562 470 563
3 564 562 566
3 566 562 565
3 470 469 563
3 563 469 465
3 563 465 567
3 567 465 464
3 567 464 568
3 568 464 569
3 571 572 570
3 570 572 573
3 568 574 566
3 566 574 575
3 576 564 575
3 575 564 566
3 577 578 580
3 580 578 579
3 574 560 575
3 575 560 559
3 555 576 559
3 559 576 575
3 576 555 496
3 496 555 497
3 564 576 499
3 499 576 496
3 562 564 474
3 474 564 499
3 552 488 557
3 557 488 486
3 530 492 548
3 548 492 490
3 488 552 490
3 490 552 548
3 393 406 517
3 517 406 484
3 517 447 393
3 393 447 378
3 544 547 537
3 537 547 542
3 550 544 535
3 535 544 537
3 535 528 550
3 550 528 530
3 506 581 448
3 448 581 449
3 510 582 506
3 506 582 581
3 510 516 582
3 582 516 583
3 584 585 587
3 587 585 586
3 589 590 588
3 588 590 591
3 590 589 592
3 592 589 593
3 595 596 594
3 594 596 597
3 598 599 601
3 601 599 600
3 603 604 602
3 602 604 605
3 607 608 606
3 606 608 609
3 611 612 610
3 610 612 613
3 614 615 617
3 617 615 616
3 619 620 618
3 618 620 621
3 623 624 622
3 622 624 625
3 627 628 626
3 626 628 629
3 631 632 630
3 630 632 633
3 634 635 637
3 637 635 636
3 638 639 641
3 641 639 640
3 643 644 642
3 642 644 645
3 618 621 646
3 646 621 647
3 649 650 648
3 648 650 651
3 600 652 601
3 601 652 653
3 655 656 654
3 654 656 657
3 659 660 658
3 658 660 661
3 663 664 662
3 662 664 665
3 592 593 666
3 666 593 667
3 668 669 671
3 671 669 670
3 672 673 675
3 675 673 674
3 632 631 676
3 676 631 677
3 662 665 678
3 678 665 679
3 680 681 683
3 683 681 682
3 685 686 684
3 684 686 687
3 689 660 688
3 688 660 690
3 692 685 691
3 691 685 684
3 694 596 693
3 693 596 667
3 593 695 667
3 667 695 693
3 696 697 695
3 695 697 698
3 699 700 696
3 696 700 697
3 701 584 702
3 702 584 587
3 670 689 671
3 671 689 688
3 639 638 703
3 703 638 704
3 678 705 662
3 662 705 657
3 707 708 706
3 706 708 709
3 710 711 609
3 609 711 606
3 712 713 715
3 715 713 714
3 716 717 719
3 719 717 718
3 721 633 720
3 720 633 632
3 723 724 722
3 722 724 725
3 727 728 726
3 726 728 729
3 731 732 730
3 730 732 733
3 706 709 734
3 734 709 735
3 642 736 643
3 643 736 737
3 739 740 738
3 738 740 741
3 607 743 742
3 742 743 744
3 746 747 745
3 745 747 748
3 750 751 749
3 749 751 752
3 753 754 756
3 756 754 755
3 757 758 760
3 760 758 759
3 762 763 761
3 761 763 764
3 766 767 765
3 765 767 768
3 770 771 769
3 769 771 772
3 774 775 773
3 773 775 776
3 778 779 777
3 777 779 780
3 782 711 781
3 781 711 783
3 784 785 787
3 787 785 786
3 789 627 788
3 788 627 626
3 791 792 790
3 790 792 793
3 794 795 725
3 725 795 722
3 797 798 796
3 796 798 799
3 720 632 800
3 800 632 676
3 796 799 801
3 801 799 802
3 804 805 803
3 803 805 806
3 808 809 807
3 807 809 810
3 812 813 811
3 811 813 814
3 808 807 816
3 816 807 815
3 817 818 803
3 803 818 804
3 819 820 817
3 817 820 818
3 820 819 586
3 586 819 821
3 808 822 809
3 809 822 823
3 813 806 814
3 814 806 805
3 825 425 824
3 824 425 222
3 425 825 426
3 426 825 826
3 827 828 453
3 453 828 829
3 830 831 676
3 676 831 800
3 833 834 832
3 832 834 835
3 837 838 836
3 836 838 839
3 840 841 843
3 843 841 842
3 844 845 802
3 802 845 801
3 846 830 677
3 677 830 676
3 847 848 850
3 850 848 849
3 852 853 851
3 851 853 854
3 856 857 855
3 855 857 679
3 859 860 858
3 858 860 861
3 863 864 862
3 862 864 865
3 867 868 866
3 866 868 869
3 838 870 839
3 839 870 871
3 848 847 873
3 873 847 872
3 875 876 874
3 874 876 877
3 879 880 878
3 878 880 881
3 882 883 885
3 885 883 884
3 845 886 801
3 801 886 887
3 889 890 888
3 888 890 887
3 892 893 891
3 891 893 894
3 895 896 727
3 727 896 728
3 898 899 897
3 897 899 900
3 901 851 903
3 903 851 902
3 848 904 849
3 849 904 905
3 874 877 906
3 906 877 907
3 909 910 908
3 908 910 911
3 913 914 912
3 912 914 915
3 916 917 861
3 861 917 858
3 918 919 855
3 855 919 920
3 922 923 921
3 921 923 924
3 925 926 924
3 924 926 921
3 928 929 927
3 927 929 692
3 931 694 930
3 930 694 693
3 822 866 823
3 823 866 932
3 934 935 933
3 933 935 936
3 937 867 822
3 822 867 866
3 939 846 938
3 938 846 677
3 631 654 677
3 677 654 938
3 940 941 618
3 618 941 619
3 686 942 687
3 687 942 943
3 850 849 944
3 944 849 902
3 849 905 902
3 902 905 903
3 945 946 948
3 948 946 947
3 950 951 949
3 949 951 952
3 954 955 953
3 953 955 956
3 906 957 874
3 874 957 873
3 959 960 958
3 958 960 961
3 962 852 901
3 901 852 851
3 908 963 909
3 909 963 964
3 966 967 965
3 965 967 968
3 970 971 969
3 969 971 972
3 973 959 974
3 974 959 958
3 976 977 975
3 975 977 978
3 980 976 979
3 979 976 975
3 979 981 980
3 980 981 982
3 984 982 983
3 983 982 981
3 983 985 984
3 984 985 986
3 988 989 987
3 987 989 990
3 992 993 991
3 991 993 994
3 996 997 995
3 995 997 998
3 1000 1001 999
3 999 1001 1002
3 1004 1005 1003
3 1003 1005 1006
3 1003 1007 1004
3 1004 1007 1008
3 1007 1009 1008
3 1008 1009 1010
3 1012 1010 1011
3 1011 1010 1009
3 1013 1014 1016
3 1016 1014 1015
3 1018 1019 1017
3 1017 1019 1020
3 1021 1022 975
3 975 1022 979
3 1023 1024 981
3 981 1024 983
3 991 994 1025
3 1025 994 1026
3 955 954 1027
3 1027 954 1028
3 1029 1030 1032
3 1032 1030 1031
3 1009 1007 1033
3 1033 1007 1034
3 1007 1003 1034
3 1034 1003 1035
3 1036 1037 1001
3 1001 1037 1006
3 1001 1000 1036
3 1036 1000 1038
3 1039 1040 996
3 996 1040 997
3 1014 1013 1042
3 1042 1013 1041
3 1043 1044 1046
3 1046 1044 1045
3 1043 1019 1047
3 1047 1019 1048
3 1049 1050 1002
3 1002 1050 999
3 1051 1049 1005
3 1005 1049 1002
3 1052 1053 1010
3 1010 1053 1008
3 1012 1044 1054
3 1054 1044 1055
3 1057 1058 1056
3 1056 1058 1059
3 1061 1062 1060
3 1060 1062 1063
3 1064 1065 1049
3 1049 1065 1050
3 1066 1064 1051
3 1051 1064 1049
3 1067 1068 1053
3 1053 1068 1069
3 1070 1067 1052
3 1052 1067 1053
3 1072 1070 1071
3 1071 1070 1073
3 1073 1070 1054
3 1054 1070 1052
3 1075 1076 1074
3 1074 1076 1077
3 1078 1079 1056
3 1056 1079 1057
3 1080 1081 1063
3 1063 1081 1060
3 1083 1084 1082
3 1082 1084 1085
3 1087 1088 1086
3 1086 1088 1089
3 1091 1092 1090
3 1090 1092 1093
3 1095 1096 1094
3 1094 1096 1097
3 1098 1099 1101
3 1101 1099 1100
3 1102 1103 1098
3 1098 1103 1099
3 1105 1106 1104
3 1104 1106 1107
3 1109 1110 1108
3 1108 1110 1111
3 1113 1114 1112
3 1112 1114 1115
3 1117 1118 1116
3 1116 1118 1076
3 1116 1119 1121
3 1121 1119 1120
3 1104 1122 1105
3 1105 1122 1123
3 1124 1125 1127
3 1127 1125 1126
3 1129 1130 1128
3 1128 1130 1131
3 1133 1134 1132
3 1132 1134 1113
3 1112 1135 1113
3 1113 1135 1132
3 1117 1136 1112
3 1112 1136 1135
3 1117 1116 1136
3 1136 1116 1121
3 1138 1139 1137
3 1137 1139 1140
3 1142 952 1141
3 1141 952 951
3 1144 956 1143
3 1143 956 955
3 1027 1145 955
3 955 1145 1143
3 1013 1146 1041
3 1041 1146 1147
3 1013 1016 1146
3 1146 1016 1148
3 1058 1057 1149
3 1149 1057 1150
3 1152 1079 1151
3 1151 1079 1153
3 1155 1087 1154
3 1154 1087 1086
3 1156 1157 1105
3 1105 1157 1106
3 1105 1123 1156
3 1156 1123 1158
3 1160 1161 1159
3 1159 1161 1162
3 1164 1165 1163
3 1163 1165 1166
3 1167 1030 1011
3 1011 1030 1045
3 1023 1022 1034
3 1034 1022 1033
3 1035 1037 1024
3 1024 1037 1168
3 1169 1170 1038
3 1038 1170 1036
3 1027 1028 1041
3 1041 1028 1042
3 1171 1172 1174
3 1174 1172 1173
3 1054 1052 1012
3 1012 1052 1010
3 1004 1008 1069
3 1069 1008 1053
3 995 998 1061
3 1061 998 1062
3 1015 1059 1016
3 1016 1059 1058
3 1016 1058 1148
3 1148 1058 1149
3 1176 1177 1175
3 1175 1177 1102
3 1175 1071 1178
3 1178 1071 1073
3 1072 1101 1085
3 1085 1101 1082
3 1179 1180 1066
3 1066 1180 1064
3 1181 1182 1183
3 1183 1182 1180
3 1185 1186 1184
3 1184 1186 1187
3 1188 1189 797
3 797 1189 798
3 1191 1192 1190
3 1190 1192 1193
3 1194 1195 1193
3 1193 1195 1190
3 1195 1194 1197
3 1197 1194 1196
3 1199 673 1198
3 1198 673 672
3 927 1200 1202
3 1202 1200 1201
3 860 1203 861
3 861 1203 920
3 1204 1205 912
3 912 1205 1206
3 881 1207 878
3 878 1207 1208
3 1209 1210 1166
3 1166 1210 1163
3 1211 768 1212
3 1212 768 767
3 726 1213 727
3 727 1213 1214
3 1216 1217 1215
3 1215 1217 1218
3 1219 812 1220
3 1220 812 811
3 826 827 426
3 426 827 453
3 1222 1223 1221
3 1221 1223 1164
3 1225 1226 1224
3 1224 1226 1227
3 850 1228 847
3 847 1228 1229
3 833 853 834
3 834 853 1230
3 1232 1233 1231
3 1231 1233 1234
3 1236 750 1235
3 1235 750 749
3 742 818 1237
3 1237 818 820
3 1239 1240 1238
3 1238 1240 1241
3 1243 1244 1242
3 1242 1244 1245
3 843 1246 840
3 840 1246 1247
3 1249 1250 1248
3 1248 1250 1251
3 1253 892 1252
3 1252 892 1236
3 1254 1255 1257
3 1257 1255 1256
3 1259 1260 1258
3 1258 1260 1261
3 944 902 854
3 854 902 851
3 854 1262 944
3 944 1262 1263
3 831 844 800
3 800 844 802
3 799 720 802
3 802 720 800
3 720 799 721
3 721 799 798
3 1265 1266 1264
3 1264 1266 1267
3 1269 794 1268
3 1268 794 725
3 724 1270 725
3 725 1270 1268
3 736 764 737
3 737 764 763
3 758 739 759
3 759 739 738
3 716 1271 1273
3 1273 1271 1272
3 1162 1225 1274
3 1274 1225 1224
3 1276 881 1275
3 1275 881 880
3 1040 1039 1026
3 1026 1039 1025
3 899 934 900
3 900 934 933
3 1163 1277 1164
3 1164 1277 1221
3 1210 1278 1163
3 1163 1278 1277
3 441 1279 452
3 452 1279 1280
3 787 1281 784
3 784 1281 1282
3 1284 1285 1283
3 1283 1285 1286
3 1283 1287 1284
3 1284 1287 1288
3 756 1288 753
3 753 1288 1287
3 604 603 674
3 674 603 675
3 1289 1290 1292
3 1292 1290 1291
3 1294 1295 1293
3 1293 1295 1296
3 695 698 693
3 693 698 930
3 1297 1298 591
3 591 1298 588
3 1298 1299 588
3 588 1299 699
3 1299 1300 699
3 699 1300 700
3 742 744 818
3 818 744 804
3 1302 1303 1301
3 1301 1303 1304
3 1305 1306 1304
3 1304 1306 1301
3 608 1297 609
3 609 1297 591
3 586 821 587
3 587 821 1307
3 702 587 1308
3 1308 587 1307
3 1309 702 570
3 570 702 1308
3 1310 1311 788
3 788 1311 789
3 824 222 1312
3 1312 222 219
3 218 1313 219
3 219 1313 1312
3 1314 1315 1310
3 1310 1315 1311
3 1316 1317 1318
3 1318 1317 1240
3 440 1319 441
3 441 1319 1279
3 1320 216 571
3 571 216 215
3 1322 1229 1321
3 1321 1229 1228
3 1323 1324 630
3 630 1324 655
3 1033 1167 1009
3 1009 1167 1011
3 1326 1327 1325
3 1325 1327 1328
3 1330 1201 1329
3 1329 1201 1200
3 570 1308 571
3 571 1308 1320
3 572 571 1331
3 1331 571 215
3 1333 1334 1332
3 1332 1334 1335
3 1336 1337 917
3 917 1337 858
3 1338 862 1339
3 1339 862 865
3 1340 1341 1343
3 1343 1341 1342
3 1344 1345 918
3 918 1345 919
3 1346 1347 672
3 672 1347 1198
3 692 1348 927
3 927 1348 1200
3 1350 1256 1349
3 1349 1256 1255
3 1349 1351 1350
3 1350 1351 1352
3 652 929 653
3 653 929 661
3 1278 1353 1277
3 1277 1353 1354
3 1356 1357 1355
3 1355 1357 1358
3 936 1359 1139
3 1139 1359 1360
3 1224 1227 908
3 908 1227 963
3 900 933 1361
3 1361 933 1138
3 1363 1364 1362
3 1362 1364 1361
3 1366 911 1365
3 1365 911 910
3 1142 1141 1367
3 1367 1141 1368
3 1143 1185 1144
3 1144 1185 1184
3 1145 1174 1143
3 1143 1174 1185
3 1174 1145 1171
3 1171 1145 1147
3 1146 1017 1147
3 1147 1017 1171
3 1017 1146 1018
3 1018 1146 1148
3 1148 1149 1018
3 1018 1149 1369
3 1149 1150 1369
3 1369 1150 1370
3 1150 1152 1370
3 1370 1152 1176
3 1151 1155 1177
3 1177 1155 1371
3 1154 1157 1372
3 1372 1157 1373
3 1156 1158 1375
3 1375 1158 1374
3 1377 1378 1376
3 1376 1378 1379
3 1381 1382 1380
3 1380 1382 1383
3 1381 1385 1384
3 1384 1385 1386
3 1385 1232 1386
3 1386 1232 1231
3 1388 1389 1387
3 1387 1389 1390
3 1392 1393 1391
3 1391 1393 1394
3 1396 1397 1395
3 1395 1397 1398
3 628 1396 629
3 629 1396 1395
3 1341 1399 1342
3 1342 1399 1400
3 1402 1403 1401
3 1401 1403 1404
3 1406 1407 1405
3 1405 1407 1408
3 1410 1411 1409
3 1409 1411 1412
3 792 1413 793
3 793 1413 1414
3 1416 1340 1415
3 1415 1340 1343
3 703 704 1346
3 1346 704 1417
3 740 1418 741
3 741 1418 1419
3 1421 668 1420
3 1420 668 671
3 644 1422 645
3 645 1422 1423
3 1195 1197 613
3 613 1197 610
3 612 1424 613
3 613 1424 1425
3 1426 615 658
3 658 615 659
3 613 1425 1195
3 1195 1425 1190
3 695 593 696
3 696 593 589
3 696 589 699
3 699 589 588
3 702 1309 701
3 701 1309 1427
3 1420 671 1191
3 1191 671 688
3 1270 647 1268
3 1268 647 621
3 620 1269 621
3 621 1269 1268
3 1428 1429 1416
3 1416 1429 1340
3 1430 1431 1433
3 1433 1431 1432
3 1435 1436 1434
3 1434 1436 1437
3 1439 1440 1438
3 1438 1440 1441
3 1442 1443 1445
3 1445 1443 1444
3 822 808 937
3 937 808 816
3 809 1446 810
3 810 1446 1447
3 1448 1449 678
3 678 1449 705
3 912 915 1204
3 1204 915 1450
3 1274 1224 911
3 911 1224 908
3 1451 1452 879
3 879 1452 880
3 1443 1400 1444
3 1444 1400 1399
3 935 1453 936
3 936 1453 1359
3 823 1454 809
3 809 1454 1446
3 630 655 631
3 631 655 654
3 965 1455 966
3 966 1455 1456
3 1458 1459 1457
3 1457 1459 1460
3 1459 1461 1460
3 1460 1461 1462
3 971 973 972
3 972 973 974
3 989 994 990
3 990 994 993
3 1463 1186 1032
3 1032 1186 1173
3 1017 1020 1171
3 1171 1020 1172
3 999 998 1000
3 1000 998 997
3 975 978 1021
3 1021 978 1031
3 1022 1023 979
3 979 1023 981
3 988 985 1170
3 1170 985 1168
3 1170 1169 988
3 988 1169 989
3 1169 1026 989
3 989 1026 994
3 1040 1038 997
3 997 1038 1000
3 1050 1062 999
3 999 1062 998
3 1065 1063 1050
3 1050 1063 1062
3 1182 1080 1065
3 1065 1080 1063
3 1177 1371 1102
3 1102 1371 1103
3 1091 1090 1464
3 1464 1090 1181
3 1466 1464 1465
3 1465 1464 1467
3 1468 1469 1183
3 1183 1469 1467
3 1094 1097 1470
3 1470 1097 1100
3 1075 1373 1119
3 1119 1373 1375
3 1109 1471 1126
3 1126 1471 1131
3 1471 1472 1131
3 1131 1472 1128
3 1473 1474 1465
3 1465 1474 1472
3 1118 1117 1115
3 1115 1117 1112
3 1374 1120 1375
3 1375 1120 1119
3 1126 1131 1127
3 1127 1131 1130
3 1226 1475 1227
3 1227 1475 1360
3 1364 1476 1361
3 1361 1476 871
3 1477 1478 1322
3 1322 1478 1229
3 1479 1480 913
3 913 1480 914
3 912 1276 913
3 913 1276 1275
3 1167 1033 1021
3 1021 1033 1022
3 1034 1035 1023
3 1023 1035 1024
3 1038 1040 1169
3 1169 1040 1026
3 1041 1147 1027
3 1027 1147 1145
3 967 1458 968
3 968 1458 1457
3 1481 1482 663
3 663 1482 664
3 1484 1485 1483
3 1483 1485 1486
3 1488 1489 1487
3 1487 1489 1490
3 1491 1492 721
3 721 1492 633
3 1494 1495 1493
3 1493 1495 1496
3 1497 1206 1338
3 1338 1206 862
3 1223 1498 1164
3 1164 1498 1165
3 1159 1162 1499
3 1499 1162 1274
3 1499 876 1159
3 1159 876 1500
3 875 872 1501
3 1501 872 1478
3 944 1263 850
3 850 1263 1228
3 834 1230 838
3 838 1230 870
3 1502 1282 777
3 777 1282 1281
3 715 714 1504
3 1504 714 1503
3 1445 1444 1506
3 1506 1444 1505
3 778 791 1380
3 1380 791 790
3 1429 1408 1340
3 1340 1408 1341
3 1410 1428 1507
3 1507 1428 1416
3 634 1509 1508
3 1508 1509 1510
3 1376 1379 1314
3 1314 1379 1315
3 1444 1399 1505
3 1505 1399 1407
3 917 916 1335
3 1335 916 1332
3 1512 1513 1511
3 1511 1513 869
3 1514 1515 1362
3 1362 1515 1363
3 1452 1516 880
3 880 1516 1275
3 991 1517 992
3 992 1517 1518
3 1519 1028 1517
3 1517 1028 954
3 1519 1025 1520
3 1520 1025 1039
3 1521 1014 1520
3 1520 1014 1042
3 995 1522 996
3 996 1522 1521
3 1059 1015 1523
3 1523 1015 1522
3 1060 1524 1061
3 1061 1524 1523
3 1078 1526 1525
3 1525 1526 1527
3 1092 1528 1093
3 1093 1528 1527
3 1110 1529 1111
3 1111 1529 1530
3 1531 1532 1104
3 1104 1532 1122
3 933 936 1138
3 1138 936 1139
3 1137 1362 1138
3 1138 1362 1361
3 1533 1221 1354
3 1354 1221 1277
3 1534 1222 1533
3 1533 1222 1221
3 820 586 1237
3 1237 586 585
3 1318 710 1316
3 1316 710 1535
3 1537 1199 1536
3 1536 1199 1198
3 1507 1416 1538
3 1538 1416 1415
3 1539 1540 839
3 839 1540 836
3 1230 897 870
3 870 897 900
3 1499 1274 1366
3 1366 1274 911
3 1542 1378 1541
3 1541 1378 1394
3 1538 771 1507
3 1507 771 1543
3 1545 1402 1544
3 1544 1402 1401
3 1547 1548 1546
3 1546 1548 1549
3 1551 1547 1550
3 1550 1547 1546
3 1553 1554 1552
3 1552 1554 1555
3 1557 1558 1556
3 1556 1558 1559
3 1561 1562 1560
3 1560 1562 1563
3 1565 1566 1564
3 1564 1566 1567
3 1569 1570 1568
3 1568 1570 1571
3 1573 1574 1572
3 1572 1574 1575
3 1576 1577 1571
3 1571 1577 1568
3 1579 1580 1578
3 1578 1580 1581
3 1583 1584 1582
3 1582 1584 1585
3 1587 1554 1586
3 1586 1554 1588
3 1590 1591 1589
3 1589 1591 1592
3 1594 1595 1593
3 1593 1595 1596
3 1595 1580 1596
3 1596 1580 1575
3 1598 1569 1597
3 1597 1569 1568
3 1600 1601 1599
3 1599 1601 1602
3 1604 1605 1603
3 1603 1605 1606
3 1607 1608 1567
3 1567 1608 1564
3 1610 1611 1609
3 1609 1611 1612
3 1614 1615 1613
3 1613 1615 1616
3 1618 1616 1617
3 1617 1616 1615
3 1620 1621 1619
3 1619 1621 1622
3 1624 1625 1623
3 1623 1625 1626
3 1628 1629 1627
3 1627 1629 1630
3 1632 1633 1631
3 1631 1633 1634
3 1635 1636 1638
3 1638 1636 1637
3 1640 1641 1639
3 1639 1641 1642
3 1623 1626 1643
3 1643 1626 1644
3 1646 1647 1645
3 1645 1647 1648
3 1650 1651 1649
3 1649 1651 1652
3 1654 1655 1653
3 1653 1655 1656
3 1658 1659 1657
3 1657 1659 1660
3 1661 1662 1630
3 1630 1662 1627
3 1650 1664 1663
3 1663 1664 1665
3 1666 1655 1618
3 1618 1655 1616
3 1668 1669 1667
3 1667 1669 1670
3 1631 1634 1671
3 1671 1634 1672
3 1673 1674 1637
3 1637 1674 1638
3 1676 1677 1675
3 1675 1677 1678
3 1679 1639 1680
3 1680 1639 1642
3 1681 1682 1642
3 1642 1682 1680
3 1669 1668 1234
3 1234 1668 1231
3 1395 1398 1673
3 1673 1398 1674
3 626 629 1678
3 1678 629 1675
3 1680 1314 1679
3 1679 1314 1310
3 1682 1376 1680
3 1680 1376 1314
3 1671 1672 1386
3 1386 1672 1384
3 1635 1683 1645
3 1645 1683 1684
3 1686 1687 1685
3 1685 1687 1688
3 1584 1689 1585
3 1585 1689 1690
3 1598 1691 1550
3 1550 1691 1692
3 1551 1557 1693
3 1693 1557 1556
3 1695 1614 1694
3 1694 1614 1613
3 1697 1698 1696
3 1696 1698 1622
3 1699 1700 1702
3 1702 1700 1701
3 1704 1705 1703
3 1703 1705 1706
3 1707 1708 1639
3 1639 1708 1640
3 1709 1710 1712
3 1712 1710 1711
3 1651 1654 1652
3 1652 1654 1653
3 1713 1698 1711
3 1711 1698 1712
3 1714 1709 1715
3 1715 1709 1712
3 1716 1707 1679
3 1679 1707 1639
3 1392 1391 1714
3 1714 1391 1709
3 1718 1719 1717
3 1717 1719 1720
3 1679 1310 1716
3 1716 1310 788
3 1377 1710 1391
3 1391 1710 1709
3 1387 1390 1718
3 1718 1390 1719
3 1722 1605 1721
3 1721 1605 1688
3 1724 1567 1723
3 1723 1567 1566
3 1725 1646 1684
3 1684 1646 1645
3 1727 1553 1726
3 1726 1553 1552
3 1590 1686 1599
3 1599 1686 1685
3 1729 1594 1728
3 1728 1594 1593
3 1600 1604 1730
3 1730 1604 1603
3 1732 1662 1731
3 1731 1662 1733
3 1735 1638 1734
3 1734 1638 1674
3 1657 1643 1736
3 1736 1643 1644
3 1725 1661 1723
3 1723 1661 1630
3 1398 1737 1674
3 1674 1737 1734
3 1620 1666 1738
3 1738 1666 1618
3 1713 1739 1619
3 1619 1739 1740
3 1591 1548 1592
3 1592 1548 1741
3 1601 1570 1602
3 1602 1570 1549
3 1687 1689 1688
3 1688 1689 1721
3 1587 1558 1581
3 1581 1558 1578
3 1672 1734 1384
3 1384 1734 1737
3 1386 1231 1671
3 1671 1231 1668
3 1579 1691 1572
3 1572 1691 1742
3 1376 1682 1377
3 1377 1682 1710
3 1663 1665 1743
3 1743 1665 1744
3 1743 1695 1663
3 1663 1695 1694
3 1745 1746 1731
3 1731 1746 1747
3 1748 1749 1676
3 1676 1749 1677
3 1708 1707 1749
3 1749 1707 1677
3 1667 1631 1668
3 1668 1631 1671
3 1632 1745 1733
3 1733 1745 1731
3 1678 1677 1716
3 1716 1677 1707
3 788 626 1716
3 1716 626 1678
3 1562 1722 1563
3 1563 1722 1721
3 1727 1583 1750
3 1750 1583 1582
3 1673 1675 1395
3 1395 1675 629
3 1665 1565 1744
3 1744 1565 1564
3 1626 1628 1644
3 1644 1628 1627
3 1636 1748 1637
3 1637 1748 1676
3 1647 1664 1648
3 1648 1664 1751
3 1739 1641 1740
3 1740 1641 1656
3 1675 1673 1676
3 1676 1673 1637
3 1682 1681 1710
3 1710 1681 1711
3 1617 1752 1618
3 1618 1752 1738
3 1700 1738 1701
3 1701 1738 1752
3 1753 1213 1755
3 1755 1213 1754
3 646 1756 618
3 618 1756 940
3 1758 1192 1757
3 1757 1192 690
3 1418 1759 1419
3 1419 1759 1760
3 681 1761 682
3 682 1761 1762
3 1411 779 1412
3 1412 779 1383
3 1382 1397 1383
3 1383 1397 1412
3 1196 1423 1763
3 1763 1423 1422
3 1536 1286 1537
3 1537 1286 1285
3 1633 1683 1634
3 1634 1683 1735
3 1723 1630 1724
3 1724 1630 1629
3 1561 1729 1609
3 1609 1729 1728
3 1734 1672 1735
3 1735 1672 1634
3 1756 1194 940
3 940 1194 1193
3 1765 199 1764
3 1764 199 198
3 474 499 475
3 475 499 478
3 497 557 482
3 482 557 486
3 544 550 545
3 545 550 549
3 452 1280 218
3 218 1280 1313
3 297 452 207
3 207 452 218
3 367 1764 1766
3 1766 1764 198
3 522 404 362
3 362 404 403
3 522 532 404
3 404 532 401
3 297 207 298
3 298 207 206
3 298 206 175
3 175 206 299
3 175 299 172
3 172 299 201
3 172 201 173
3 173 201 200
3 1336 917 1767
3 1767 917 1335
3 1768 1769 1337
3 1337 1769 858
3 580 569 577
3 577 569 1770
3 554 561 579
3 579 561 560
3 503 1771 500
3 500 1771 547
3 516 541 583
3 583 541 542
3 514 513 515
3 515 513 543
3 541 516 543
3 543 516 515
3 560 574 579
3 579 574 580
3 574 568 580
3 580 568 569
3 500 547 1772
3 1772 547 546
3 1773 1774 569
3 569 1774 1770
3 368 367 1775
3 1775 367 1766
3 371 368 374
3 374 368 1775
3 821 1279 1307
3 1307 1279 1319
3 819 1280 821
3 821 1280 1279
3 817 1313 819
3 819 1313 1280
3 1313 817 1312
3 1312 817 803
3 806 813 824
3 824 813 825
3 813 812 825
3 825 812 826
3 812 1219 826
3 826 1219 827
3 579 578 554
3 554 578 546
3 1476 1539 871
3 871 1539 839
3 366 498 367
3 367 498 1764
3 1765 1764 524
3 524 1764 498
3 1776 1765 525
3 525 1765 524
3 519 526 361
3 361 526 383
3 360 1777 518
3 518 1777 527
3 370 1778 371
3 371 1778 368
3 368 1778 369
3 369 1778 477
3 1778 370 477
3 477 370 373
3 1777 1776 527
3 527 1776 525
3 1780 1781 1779
3 1779 1781 1782
3 430 459 66
3 66 459 63
3 67 337 73
3 73 337 71
3 1784 1781 1783
3 1783 1781 1785
3 1786 1787 1789
3 1789 1787 1788
3 1791 1788 1790
3 1790 1788 1792
3 1790 1793 1791
3 1791 1793 1794
3 1793 1795 1794
3 1794 1795 1796
3 1796 1797 937
3 937 1797 867
3 1797 1798 867
3 867 1798 868
3 1800 1801 1799
3 1799 1801 1450
3 1802 1803 1204
3 1204 1803 1205
3 1804 1805 863
3 863 1805 864
3 1805 1806 864
3 864 1806 1807
3 67 70 337
3 286 327 287
3 1319 1320 1307
3 1307 1320 1308
3 1319 440 1320
3 1320 440 216
3 440 151 216
3 216 151 217
3 150 285 151
3 151 285 217
3 296 309 150
3 150 309 285
3 295 306 296
3 296 306 309
3 295 142 306
3 306 142 283
3 142 55 283
3 283 55 103
3 55 58 103
3 103 58 62
3 58 101 62
3 62 101 59
3 101 93 59
3 59 93 281
3 92 458 278
3 278 458 76
3 458 459 76
3 76 459 77
3 459 430 77
3 77 430 294
3 430 48 294
3 294 48 291
3 47 420 48
3 48 420 291
3 275 277 417
3 417 277 428
3 316 431 277
3 277 431 428
3 431 316 432
3 432 316 315
3 325 323 315
3 315 323 432
3 1535 591 1808
3 1808 591 590
3 1809 743 1811
3 1811 743 1810
3 1813 1814 1812
3 1812 1814 1815
3 1816 747 1817
3 1817 747 746
3 1811 1818 1809
3 1809 1818 1816
3 1819 1820 747
3 747 1820 748
3 1822 1823 1821
3 1821 1823 1824
3 1826 1827 1825
3 1825 1827 1828
3 1830 1831 1829
3 1829 1831 1832
3 1833 1826 1242
3 1242 1826 1825
3 1312 803 824
3 824 803 806
3 1834 1252 1235
3 1235 1252 1236
3 1835 1836 1437
3 1437 1836 1434
3 1837 1504 1839
3 1839 1504 1838
3 1840 1841 715
3 715 1841 712
3 1842 1843 1509
3 1509 1843 1844
3 1846 1847 1845
3 1845 1847 1848
3 1849 1239 1821
3 1821 1239 1238
3 635 1830 636
3 636 1830 1829
3 1851 1852 1850
3 1850 1852 1853
3 1854 1855 1857
3 1857 1855 1856
3 1845 1848 1858
3 1858 1848 1859
3 1342 1400 1508
3 1508 1400 1860
3 1508 1860 634
3 634 1860 635
3 1862 1863 1861
3 1861 1863 1864
3 1282 1502 1866
3 1866 1502 1865
3 1867 1866 680
3 680 1866 681
3 1285 1284 682
3 682 1284 683
3 756 755 1273
3 1273 755 1868
3 1273 1868 716
3 716 1868 717
3 1433 1432 718
3 718 1432 719
3 1199 1537 1544
3 1544 1537 1762
3 1284 1288 683
3 683 1288 1272
3 683 1272 680
3 680 1272 1271
3 784 1282 1867
3 1867 1282 1866
3 785 784 1869
3 1869 784 1867
3 1288 756 1272
3 1272 756 1273
3 1538 1415 1870
3 1870 1415 1871
3 772 1870 1402
3 1402 1870 1403
3 674 673 1404
3 1404 673 1401
3 1863 1872 1864
3 1864 1872 1873
3 637 1842 634
3 634 1842 1509
3 1343 1342 1510
3 1510 1342 1508
3 771 1538 772
3 772 1538 1870
3 673 1199 1401
3 1401 1199 1544
3 1537 1285 1762
3 1762 1285 682
3 1443 1442 1874
3 1874 1442 1875
3 1874 1875 1830
3 1830 1875 1831
3 1415 1343 1871
3 1871 1343 1510
3 1876 1877 773
3 773 1877 1878
3 1877 1846 1878
3 1878 1846 1845
3 1879 713 1880
3 1880 713 1847
3 1400 1443 1860
3 1860 1443 1874
3 1860 1874 635
3 635 1874 1830
3 1822 1862 1881
3 1881 1862 1861
3 1440 1439 1883
3 1883 1439 1882
3 1882 1851 1883
3 1883 1851 1850
3 1885 1886 1884
3 1884 1886 1887
3 1357 1888 1358
3 1358 1888 1889
3 1890 1885 1891
3 1891 1885 1884
3 773 1878 774
3 774 1878 1892
3 1858 1892 1845
3 1845 1892 1878
3 712 1841 1848
3 1848 1841 1859
3 1317 1894 1893
3 1893 1894 1895
3 1872 1896 1873
3 1873 1896 1897
3 1897 604 1898
3 1898 604 674
3 1404 1843 674
3 674 1843 1898
3 1403 1844 1404
3 1404 1844 1843
3 592 1295 590
3 590 1295 1808
3 1294 1291 1899
3 1899 1291 1894
3 605 1896 1290
3 1290 1896 1895
3 1509 1844 1510
3 1510 1844 1871
3 1870 1871 1403
3 1403 1871 1844
3 1865 769 1761
3 1761 769 1545
3 1761 681 1865
3 1865 681 1866
3 1869 1867 1271
3 1271 1867 680
3 1271 716 1869
3 1869 716 719
3 1869 719 785
3 785 719 1432
3 785 1432 786
3 786 1432 1431
3 1260 1413 1431
3 1431 1413 786
3 1388 1233 1259
3 1259 1233 1414
3 1718 1669 1387
3 1387 1669 1234
3 1717 1670 1718
3 1718 1670 1669
3 1704 1746 1717
3 1717 1746 1670
3 1658 1900 1703
3 1703 1900 1747
3 1876 1902 1901
3 1901 1902 1903
3 1258 1904 1389
3 1389 1904 1393
3 1714 1719 1392
3 1392 1719 1390
3 1715 1720 1714
3 1714 1720 1719
3 1697 1705 1715
3 1715 1705 1720
3 276 275 46
3 46 275 47
3 83 95 80
3 80 95 81
3 79 69 80
3 80 69 84
3 98 96 87
3 87 96 88
3 89 99 87
3 87 99 98
3 100 94 101
3 101 94 93
3 1905 1906 279
3 279 1906 280
3 96 85 88
3 88 85 84
3 59 281 60
3 60 281 280
3 82 81 45
3 45 81 46
3 292 291 419
3 419 291 420
3 418 1907 419
3 419 1907 1908
3 91 94 90
3 90 94 89
3 278 281 92
3 92 281 93
3 275 417 47
3 47 417 420
3 1909 1659 1696
3 1696 1659 1706
3 1702 1623 1699
3 1699 1623 1643
3 1621 1909 1622
3 1622 1909 1696
3 1700 1699 1910
3 1910 1699 1660
3 1699 1643 1660
3 1660 1643 1657
3 1900 1736 1732
3 1732 1736 1644
3 1624 1911 1603
3 1603 1911 1730
3 1911 1912 1730
3 1730 1912 1913
3 1912 1576 1913
3 1913 1576 1571
3 1914 1577 1615
3 1615 1577 1617
3 1914 1915 1597
3 1597 1915 1742
3 1915 1573 1742
3 1742 1573 1572
3 1574 1916 1575
3 1575 1916 1596
3 1916 1608 1596
3 1596 1608 1593
3 1607 1610 1728
3 1728 1610 1609
3 1917 1611 1628
3 1628 1611 1629
3 1625 1917 1626
3 1626 1917 1628
3 1919 1920 1918
3 1918 1920 1921
3 1919 1923 1922
3 1922 1923 1924
3 1925 1926 1923
3 1923 1926 1924
3 1928 1929 1927
3 1927 1929 1930
3 1931 1932 1934
3 1934 1932 1933
3 1936 1937 1935
3 1935 1937 1938
3 1940 1941 1939
3 1939 1941 1942
3 1940 1944 1943
3 1943 1944 1945
3 1946 1947 1693
3 1693 1947 1948
3 1949 1950 1952
3 1952 1950 1951
3 1954 1955 1953
3 1953 1955 1588
3 1957 1955 1956
3 1956 1955 1931
3 1959 1933 1958
3 1958 1933 1932
3 1961 1962 1960
3 1960 1962 1963
3 1964 1954 1750
3 1750 1954 1953
3 1934 1929 1931
3 1931 1929 1956
3 1950 1949 1925
3 1925 1949 1928
3 1965 1966 1592
3 1592 1966 1589
3 1968 1966 1967
3 1967 1966 1963
3 1961 1920 1969
3 1969 1920 1970
3 1962 1944 1963
3 1963 1944 1967
3 1971 1947 1921
3 1921 1947 1918
3 1965 1971 1960
3 1960 1971 1921
3 1957 1952 1586
3 1586 1952 1559
3 1973 1974 1972
3 1972 1974 1975
3 1977 1978 1976
3 1976 1978 1690
3 1978 1974 1690
3 1690 1974 1585
3 1937 1941 1938
3 1938 1941 1979
3 1951 1946 1556
3 1556 1946 1693
3 1968 1977 1980
3 1980 1977 1976
3 1982 1983 1981
3 1981 1983 1984
3 1985 1986 1988
3 1988 1986 1987
3 1989 1990 1982
3 1982 1990 1983
3 1989 1992 1991
3 1991 1992 1993
3 1994 1995 1993
3 1993 1995 1996
3 1998 1999 1997
3 1997 1999 2000
3 2002 2003 2001
3 2001 2003 2004
3 2006 2007 2005
3 2005 2007 2008
3 2010 2011 2009
3 2009 2011 2012
3 2013 2014 2016
3 2016 2014 2015
3 2017 2018 2020
3 2020 2018 2019
3 2021 1988 2023
3 2023 1988 2022
3 1988 1987 2022
3 2022 1987 2024
3 2025 2026 2016
3 2016 2026 2013
3 2028 2029 2027
3 2027 2029 2030
3 2032 2033 2031
3 2031 2033 2034
3 2031 2034 2035
3 2035 2034 2036
3 2038 2039 2037
3 2037 2039 2040
3 1981 2041 1982
3 1982 2041 2042
3 2044 2045 2043
3 2043 2045 2046
3 2048 2049 2047
3 2047 2049 2050
3 2052 2053 2051
3 2051 2053 2054
3 2056 2057 2055
3 2055 2057 2058
3 2059 2060 2032
3 2032 2060 2033
3 2062 2063 2061
3 2061 2063 2064
3 2065 2034 2066
3 2066 2034 2033
3 2068 2038 2067
3 2067 2038 2037
3 2024 2069 2022
3 2022 2069 2070
3 2071 2023 2070
3 2070 2023 2022
3 2073 2019 2072
3 2072 2019 2018
3 2049 2048 2046
3 2046 2048 2074
3 1982 2042 1989
3 1989 2042 1992
3 2005 2049 2006
3 2006 2049 2075
3 2049 2005 2050
3 2050 2005 2076
3 2078 2079 2077
3 2077 2079 2080
3 2081 2082 2084
3 2084 2082 2083
3 2009 2012 2085
3 2085 2012 2086
3 2088 2032 2087
3 2087 2032 2031
3 2089 2059 2088
3 2088 2059 2032
3 2091 2092 2090
3 2090 2092 2093
3 2095 1985 2094
3 2094 1985 2096
3 2096 1985 2021
3 2021 1985 1988
3 2014 2093 2015
3 2015 2093 2097
3 2015 2097 2099
3 2099 2097 2098
3 2016 2015 2100
3 2100 2015 2099
3 2016 2100 2025
3 2025 2100 2101
3 2099 2098 2103
3 2103 2098 2102
3 2103 2104 2099
3 2099 2104 2100
3 2104 2105 2100
3 2100 2105 2101
3 2107 2060 2106
3 2106 2060 2108
3 2110 2111 2109
3 2109 2111 2019
3 2019 2073 2109
3 2109 2073 2112
3 2114 2115 2113
3 2113 2115 2116
3 2117 2118 1994
3 1994 2118 2119
3 2120 2121 2026
3 2026 2121 2013
3 2046 2074 2043
3 2043 2074 2122
3 2123 2124 2126
3 2126 2124 2125
3 2128 2129 2127
3 2127 2129 2130
3 2131 2132 2056
3 2056 2132 2057
3 2133 1998 2135
3 2135 1998 2134
3 2054 2137 2136
3 2136 2137 2138
3 2140 2141 2139
3 2139 2141 2142
3 2082 2081 2063
3 2063 2081 2064
3 2081 2143 2064
3 2064 2143 2144
3 2039 2145 2040
3 2040 2145 2146
3 2059 2089 2147
3 2147 2089 2148
3 2047 2050 2136
3 2136 2050 2149
3 2150 1996 2134
3 2134 1996 1995
3 2151 2149 2076
3 2076 2149 2050
3 2045 2044 2117
3 2117 2044 2118
3 2153 2154 2152
3 2152 2154 2155
3 2157 2158 2156
3 2156 2158 2159
3 2161 2162 2160
3 2160 2162 2163
3 2163 2162 2164
3 2164 2162 2165
3 2167 2168 2166
3 2166 2168 2169
3 2002 2171 2170
3 2170 2171 2172
3 2173 2174 2001
3 2001 2174 2175
3 2144 2176 2064
3 2064 2176 2061
3 2177 2178 2179
3 2179 2178 2133
3 2180 2051 2151
3 2151 2051 2149
3 2039 2126 2145
3 2145 2126 2181
3 2129 2161 2130
3 2130 2161 2160
3 2051 2054 2149
3 2149 2054 2136
3 2183 2184 2182
3 2182 2184 2185
3 2158 2029 2159
3 2159 2029 2186
3 2145 2181 2028
3 2028 2181 2187
3 2188 2189 2191
3 2191 2189 2190
3 2171 2002 2175
3 2175 2002 2001
3 1997 2150 1998
3 1998 2150 2134
3 2176 2171 2061
3 2061 2171 2175
3 2171 2176 2172
3 2172 2176 2192
3 2062 2193 2063
3 2063 2193 2194
3 2065 2196 2195
3 2195 2196 2197
3 2001 2004 2173
3 2173 2004 2198
3 2003 2002 2199
3 2199 2002 2170
3 2197 2200 2170
3 2170 2200 2199
3 2196 2201 2197
3 2197 2201 2200
3 2201 2196 2202
3 2202 2196 2203
3 2195 2197 2172
3 2172 2197 2170
3 2204 2068 2169
3 2169 2068 2205
3 2196 2065 2203
3 2203 2065 2066
3 2106 2206 2107
3 2107 2206 2207
3 2209 2207 2208
3 2208 2207 2206
3 2184 2210 2211
3 2212 2213 2210
3 2210 2213 2211
3 1997 2000 2212
3 2212 2000 2213
3 2133 2214 1998
3 1998 2214 1999
3 2215 2216 2218
3 2218 2216 2217
3 2205 2219 2169
3 2169 2219 2166
3 2068 2067 2205
3 2205 2067 2220
3 2150 1997 2221
3 2221 1997 2212
3 2123 2038 2204
3 2204 2038 2068
3 2141 2222 2142
3 2142 2222 2127
3 2202 2185 2201
3 2201 2185 2184
3 2184 2183 2210
3 2210 2183 2223
3 2223 2224 2221
3 2221 2224 2225
3 2070 2226 2071
3 2071 2226 2227
3 2228 2073 2229
3 2229 2073 2072
3 2073 2228 2112
3 2112 2228 2230
3 2231 2224 2226
3 2226 2224 2223
3 2232 2233 2030
3 2030 2233 2027
3 2235 2230 2234
3 2234 2230 2228
3 2229 2182 2228
3 2228 2182 2234
3 2236 1986 2095
3 2095 1986 1985
3 2151 2237 2180
3 2180 2237 2238
3 2079 2239 2080
3 2080 2239 2240
3 2235 2241 1970
3 1970 2241 1969
3 1924 2112 1922
3 1922 2112 2230
3 2109 1926 2110
3 2110 1926 1927
3 2102 2110 1930
3 1930 2110 1927
3 1930 2242 2102
3 2102 2242 2103
3 2104 2103 2243
3 2243 2103 2242
3 1938 1979 2147
3 2147 1979 2108
3 1979 1943 2108
3 2108 1943 2106
3 1945 2244 2206
3 2206 2244 2208
3 2244 1969 2208
3 2208 1969 2241
3 2230 2235 1922
3 1922 2235 1970
3 2112 1924 2109
3 2109 1924 1926
3 2233 2245 2027
3 2027 2245 2146
3 2246 2247 2057
3 2057 2247 2058
3 2113 2116 2248
3 2248 2116 2249
3 2251 2252 2250
3 2250 2252 2253
3 2093 2014 2090
3 2090 2014 2254
3 2255 2254 2013
3 2013 2254 2014
3 2256 2144 2257
3 2257 2144 2143
3 2130 2160 2122
3 2122 2160 2043
3 2044 2043 2163
3 2163 2043 2160
3 2044 2163 2118
3 2118 2163 2164
3 2258 2119 2164
3 2164 2119 2118
3 2259 2260 2258
3 2258 2260 2119
3 2204 2261 2123
3 2123 2261 2124
3 2179 2262 2177
3 2177 2262 2263
3 2264 2265 2091
3 2091 2265 2092
3 1991 2266 2267
3 2183 2227 2223
3 2223 2227 2226
3 2047 2268 2048
3 2048 2268 2140
3 2128 2167 2156
3 2156 2167 2166
3 2048 2140 2074
3 2074 2140 2139
3 2198 2214 2269
3 2269 2214 2270
3 2141 2140 2271
3 2271 2140 2268
3 2088 2025 2089
3 2089 2025 2101
3 2145 2028 2146
3 2146 2028 2027
3 2110 2102 2111
3 2111 2102 2098
3 2060 2059 2108
3 2108 2059 2147
3 2272 2273 2040
3 2040 2273 2037
3 2259 2274 2260
3 2260 2274 2135
3 2056 2137 2131
3 2131 2137 2275
3 2271 2268 2055
3 2055 2268 2138
3 2276 2277 2269
3 2269 2277 2198
3 2028 2187 2029
3 2029 2187 2186
3 2039 2038 2126
3 2126 2038 2123
3 2063 2194 2082
3 2082 2194 2278
3 2055 2138 2056
3 2056 2138 2137
3 2277 2276 2246
3 2246 2276 2247
3 2061 2175 2062
3 2062 2175 2174
3 2279 2209 2241
3 2241 2209 2208
3 2281 2232 2280
3 2280 2232 2030
3 2215 2218 2282
3 2282 2218 2220
3 2157 2219 2217
3 2217 2219 2218
3 2216 2281 2217
3 2217 2281 2280
3 2219 2157 2166
3 2166 2157 2156
3 2222 2263 2127
3 2127 2263 2262
3 2260 1995 2119
3 2119 1995 1994
3 2212 2210 2221
3 2221 2210 2223
3 2282 2220 2283
3 2283 2220 2067
3 2134 1995 2135
3 2135 1995 2260
3 2143 2080 2257
3 2257 2080 2240
3 2234 2279 2235
3 2235 2279 2241
3 2245 2272 2146
3 2146 2272 2040
3 2035 2284 2031
3 2031 2284 2087
3 2076 2285 2151
3 2151 2285 2237
3 1936 1959 1972
3 1972 1959 1958
3 2069 2231 2070
3 2070 2231 2226
3 2243 2286 2104
3 2104 2286 2105
3 1935 1938 2148
3 2148 1938 2147
3 1943 1945 2106
3 2106 1945 2206
3 2284 2120 2087
3 2087 2120 2026
3 2252 2248 2253
3 2253 2248 2249
3 2005 2008 2076
3 2076 2008 2285
3 2288 2085 2287
3 2287 2085 2086
3 2222 2141 2289
3 2289 2141 2271
3 2127 2130 2142
3 2142 2130 2122
3 2155 2290 2152
3 2152 2290 2174
3 2291 2292 2277
3 2277 2292 2293
3 2074 2139 2122
3 2122 2139 2142
3 2261 2168 2274
3 2274 2168 2179
3 2274 2179 2135
3 2135 2179 2133
3 2273 2283 2037
3 2037 2283 2067
3 2126 2125 2181
3 2181 2125 2165
3 2093 2092 2097
3 2097 2092 2020
3 2097 2020 2098
3 2098 2020 2111
3 2017 2020 2265
3 2265 2020 2092
3 2250 2288 2251
3 2251 2288 2287
3 1996 2150 2225
3 2225 2150 2221
3 2205 2220 2219
3 2219 2220 2218
3 2268 2047 2138
3 2138 2047 2136
3 2158 2157 2280
3 2280 2157 2217
3 2155 2154 2189
3 2189 2154 2190
3 1973 1964 1582
3 1582 1964 1750
3 2087 2026 2088
3 2088 2026 2025
3 2029 2158 2030
3 2030 2158 2280
3 2105 2148 2101
3 2101 2148 2089
3 2286 1935 2105
3 2105 1935 2148
3 2292 2153 2293
3 2293 2153 2152
3 2020 2019 2111
3 2246 2294 2277
3 2277 2294 2291
3 2283 2295 2282
3 2282 2295 2296
3 2297 2295 2273
3 2273 2295 2283
3 2272 2298 2273
3 2273 2298 2297
3 2245 2299 2272
3 2272 2299 2298
3 2282 2296 2215
3 2215 2296 2300
3 2215 2300 2216
3 2216 2300 2301
3 2301 2302 2216
3 2216 2302 2281
3 2303 2300 2304
3 2304 2300 2296
3 2306 2307 2305
3 2305 2307 2308
3 2305 2309 2306
3 2306 2309 2310
3 2306 2311 2307
3 2307 2311 2312
3 2313 2314 2311
3 2311 2314 2315
3 2315 2316 2311
3 2311 2316 2312
3 2316 2304 2312
3 2312 2304 2317
3 2313 2311 2310
3 2310 2311 2306
3 2318 2319 2321
3 2321 2319 2320
3 2321 2310 2318
3 2318 2310 2309
3 2312 2317 2307
3 2307 2317 2308
3 2295 2297 2317
3 2317 2297 2308
3 2308 2297 2322
3 2322 2297 2298
3 2305 2308 2323
3 2323 2308 2322
3 2309 2305 2324
3 2324 2305 2323
3 2295 2317 2296
3 2296 2317 2304
3 2318 2309 2325
3 2325 2309 2324
3 2327 2324 2326
3 2326 2324 2323
3 2324 2327 2325
3 2325 2327 2328
3 2330 2327 2329
3 2329 2327 2326
3 2331 2332 2326
3 2326 2332 2329
3 2327 2330 2328
3 2328 2330 2333
3 2323 2322 2326
3 2326 2322 2331
3 2299 2331 2298
3 2298 2331 2322
3 2325 2334 2318
3 2318 2334 2319
3 2304 2316 2335
3 2335 2316 2315
3 2335 2315 2336
3 2336 2315 2314
3 2337 2303 2335
3 2335 2303 2304
3 2336 2338 2335
3 2335 2338 2337
3 2336 2314 2340
3 2340 2314 2339
3 2341 2299 2233
3 2233 2299 2245
3 2302 2342 2281
3 2281 2342 2232
3 2233 2232 2341
3 2341 2232 2342
3 2341 2342 2332
3 2332 2342 2343
3 2332 2343 2329
3 2329 2343 2344
3 2345 2343 2302
3 2302 2343 2342
3 2331 2299 2332
3 2332 2299 2341
3 2346 2345 2301
3 2301 2345 2302
3 2300 2303 2301
3 2301 2303 2346
3 2303 2337 2346
3 2346 2337 2347
3 2347 2348 2346
3 2346 2348 2345
3 2349 2350 2347
3 2347 2350 2348
3 2348 2344 2345
3 2345 2344 2343
3 2344 2348 2351
3 2351 2348 2350
3 2337 2338 2347
3 2347 2338 2349
3 2349 2338 2352
3 2352 2338 2353
3 2355 2356 2354
3 2354 2356 2352
3 2350 2349 2356
3 2356 2349 2352
3 2352 2353 2354
3 2354 2353 2334
3 2319 2334 2340
3 2340 2334 2353
3 2338 2336 2353
3 2353 2336 2340
3 2351 2330 2344
3 2344 2330 2329
3 2355 2333 2351
3 2351 2333 2330
3 2355 2351 2356
3 2356 2351 2350
3 2354 2328 2355
3 2355 2328 2333
3 2334 2325 2354
3 2354 2325 2328
3 2320 2313 2321
3 2321 2313 2310
3 2320 2319 2339
3 2339 2319 2340
3 2314 2313 2339
3 2339 2313 2320
3 2124 2259 2125
3 2125 2259 2258
3 2156 2159 2128
3 2128 2159 2129
3 2187 2162 2186
3 2186 2162 2161
3 2181 2165 2187
3 2187 2165 2162
3 2179 2168 2262
3 2262 2168 2167
3 2159 2186 2129
3 2129 2186 2161
3 2274 2259 2261
3 2261 2259 2124
3 2127 2262 2128
3 2128 2262 2167
3 2261 2204 2168
3 2168 2204 2169
3 2164 2165 2258
3 2258 2165 2125
3 2358 2359 2357
3 2357 2359 2360
3 2362 2363 2361
3 2361 2363 2364
3 2366 2362 2365
3 2365 2362 2361
3 2367 2368 2370
3 2370 2368 2369
3 2371 2372 2247
3 2247 2372 2058
3 2363 2373 2364
3 2364 2373 2374
3 2376 2377 2375
3 2375 2377 2378
3 2289 2379 2222
3 2222 2379 2380
3 2222 2380 2263
3 2263 2380 2381
3 2383 2384 2382
3 2382 2384 2385
3 2363 2370 2373
3 2373 2370 2386
3 2058 2372 2289
3 2289 2372 2379
3 2377 2359 2378
3 2378 2359 2387
3 2373 2386 2358
3 2358 2386 2388
3 2389 2366 2385
3 2385 2366 2390
3 2392 2393 2391
3 2391 2393 2394
3 2385 2390 2382
3 2382 2390 2395
3 2366 2365 2390
3 2390 2365 2396
3 2362 2366 2367
3 2367 2366 2389
3 2397 2398 2360
3 2360 2398 2357
3 2398 2399 2357
3 2357 2399 2374
3 2389 2400 2367
3 2367 2400 2368
3 2371 2383 2375
3 2375 2383 2382
3 2373 2358 2374
3 2374 2358 2357
3 2401 2402 2364
3 2364 2402 2361
3 2358 2388 2359
3 2359 2388 2387
3 2363 2362 2370
3 2370 2362 2367
3 2404 2397 2403
3 2403 2397 2360
3 2391 2394 2405
3 2405 2394 2396
3 2376 2395 2393
3 2393 2395 2394
3 2393 2392 2403
3 2403 2392 2404
3 2395 2376 2382
3 2382 2376 2375
3 2405 2396 2406
3 2406 2396 2365
3 2399 2401 2374
3 2374 2401 2364
3 2384 2269 2400
3 2400 2269 2270
3 2402 2406 2361
3 2361 2406 2365
3 2370 2369 2386
3 2386 2369 2381
3 2390 2396 2395
3 2395 2396 2394
3 2377 2376 2403
3 2403 2376 2393
3 2359 2377 2360
3 2360 2377 2403
3 2406 2407 2405
3 2405 2407 2408
3 2409 2407 2402
3 2402 2407 2406
3 2410 2409 2401
3 2401 2409 2402
3 2411 2410 2399
3 2399 2410 2401
3 2405 2408 2391
3 2391 2408 2412
3 2391 2412 2392
3 2392 2412 2413
3 2414 2404 2413
3 2413 2404 2392
3 2415 2412 2416
3 2416 2412 2408
3 2418 2419 2417
3 2417 2419 2420
3 2419 2421 2420
3 2420 2421 2422
3 2419 2423 2421
3 2421 2423 2424
3 2425 2426 2423
3 2423 2426 2427
3 2427 2428 2423
3 2423 2428 2424
3 2425 2423 2418
3 2418 2423 2419
3 2418 2417 2430
3 2430 2417 2429
3 2424 2431 2421
3 2421 2431 2422
3 2407 2409 2431
3 2431 2409 2422
3 2422 2409 2432
3 2432 2409 2410
3 2420 2422 2433
3 2433 2422 2432
3 2434 2417 2433
3 2433 2417 2420
3 2428 2416 2424
3 2424 2416 2431
3 2407 2431 2408
3 2408 2431 2416
3 2417 2434 2429
3 2429 2434 2435
3 2437 2434 2436
3 2436 2434 2433
3 2434 2437 2435
3 2435 2437 2438
3 2440 2437 2439
3 2439 2437 2436
3 2441 2442 2436
3 2436 2442 2439
3 2438 2437 2443
3 2443 2437 2440
3 2432 2441 2433
3 2433 2441 2436
3 2411 2441 2410
3 2410 2441 2432
3 2435 2444 2429
3 2429 2444 2445
3 2429 2445 2430
3 2430 2445 2446
3 2416 2428 2447
3 2447 2428 2427
3 2426 2448 2427
3 2427 2448 2447
3 2449 2415 2447
3 2447 2415 2416
3 2450 2449 2448
3 2448 2449 2447
3 2426 2451 2448
3 2448 2451 2452
3 2446 2445 2451
3 2451 2445 2452
3 2453 2411 2398
3 2398 2411 2399
3 2414 2454 2404
3 2404 2454 2397
3 2398 2397 2453
3 2453 2397 2454
3 2453 2454 2442
3 2442 2454 2455
3 2442 2455 2439
3 2439 2455 2456
3 2457 2455 2414
3 2414 2455 2454
3 2442 2441 2453
3 2453 2441 2411
3 2458 2457 2413
3 2413 2457 2414
3 2412 2415 2413
3 2413 2415 2458
3 2458 2415 2459
3 2459 2415 2449
3 2459 2460 2458
3 2458 2460 2457
3 2461 2462 2459
3 2459 2462 2460
3 2460 2456 2457
3 2457 2456 2455
3 2456 2460 2463
3 2463 2460 2462
3 2450 2461 2449
3 2449 2461 2459
3 2461 2450 2464
3 2464 2450 2465
3 2467 2468 2466
3 2466 2468 2464
3 2462 2461 2468
3 2468 2461 2464
3 2464 2465 2466
3 2466 2465 2444
3 2445 2444 2452
3 2452 2444 2465
3 2450 2448 2465
3 2465 2448 2452
3 2463 2440 2456
3 2456 2440 2439
3 2467 2443 2463
3 2463 2443 2440
3 2467 2463 2468
3 2468 2463 2462
3 2466 2438 2467
3 2467 2438 2443
3 2444 2435 2466
3 2466 2435 2438
3 2446 2425 2430
3 2430 2425 2418
3 2426 2425 2451
3 2451 2425 2446
3 2368 2178 2369
3 2369 2178 2177
3 2375 2378 2371
3 2371 2378 2372
3 2388 2380 2387
3 2387 2380 2379
3 2386 2381 2388
3 2388 2381 2380
3 2269 2384 2276
3 2276 2384 2383
3 2378 2387 2372
3 2372 2387 2379
3 2400 2270 2368
3 2368 2270 2178
3 2247 2276 2371
3 2371 2276 2383
3 2400 2389 2384
3 2384 2389 2385
3 2263 2381 2177
3 2177 2381 2369
3 2214 2133 2270
3 2270 2133 2178
3 2004 1999 2198
3 2198 1999 2214
3 2003 2000 2004
3 2004 2000 1999
3 2199 2213 2003
3 2003 2213 2000
3 2469 2470 2472
3 2472 2470 2471
3 2474 2475 2473
3 2473 2475 2476
3 2478 2474 2477
3 2477 2474 2473
3 2480 2481 2479
3 2479 2481 2482
3 2475 2483 2476
3 2476 2483 2484
3 2486 2487 2485
3 2485 2487 2488
3 2132 2489 2057
3 2057 2489 2490
3 2057 2490 2246
3 2246 2490 2491
3 2493 2494 2492
3 2492 2494 2495
3 2475 2482 2483
3 2483 2482 2496
3 2471 2497 2487
3 2487 2497 2488
3 2483 2496 2470
3 2470 2496 2498
3 2499 2478 2495
3 2495 2478 2500
3 2501 2502 2504
3 2504 2502 2503
3 2495 2500 2492
3 2492 2500 2505
3 2478 2477 2500
3 2500 2477 2506
3 2474 2478 2479
3 2479 2478 2499
3 2507 2508 2472
3 2472 2508 2469
3 2508 2509 2469
3 2469 2509 2484
3 2510 2480 2499
3 2499 2480 2479
3 2511 2493 2485
3 2485 2493 2492
3 2484 2483 2469
3 2469 2483 2470
3 2512 2513 2476
3 2476 2513 2473
3 2470 2498 2471
3 2471 2498 2497
3 2475 2474 2482
3 2482 2474 2479
3 2515 2507 2514
3 2514 2507 2472
3 2501 2504 2516
3 2516 2504 2506
3 2503 2486 2504
3 2504 2486 2505
3 2502 2515 2503
3 2503 2515 2514
3 2505 2486 2492
3 2492 2486 2485
3 2516 2506 2517
3 2517 2506 2477
3 2509 2512 2484
3 2484 2512 2476
3 2510 2494 2292
3 2292 2494 2153
3 2513 2517 2473
3 2473 2517 2477
3 2482 2481 2496
3 2496 2481 2491
3 2500 2506 2505
3 2505 2506 2504
3 2487 2486 2514
3 2514 2486 2503
3 2471 2487 2472
3 2472 2487 2514
3 2517 2518 2516
3 2516 2518 2519
3 2520 2518 2513
3 2513 2518 2517
3 2521 2520 2512
3 2512 2520 2513
3 2522 2521 2509
3 2509 2521 2512
3 2516 2519 2501
3 2501 2519 2523
3 2501 2523 2502
3 2502 2523 2524
3 2524 2525 2502
3 2502 2525 2515
3 2526 2523 2527
3 2527 2523 2519
3 2529 2530 2528
3 2528 2530 2531
3 2530 2532 2531
3 2531 2532 2533
3 2530 2534 2532
3 2532 2534 2535
3 2536 2537 2534
3 2534 2537 2538
3 2538 2539 2534
3 2534 2539 2535
3 2536 2534 2529
3 2529 2534 2530
3 2528 2540 2529
3 2529 2540 2541
3 2542 2533 2535
3 2535 2533 2532
3 2518 2520 2542
3 2542 2520 2533
3 2533 2520 2543
3 2543 2520 2521
3 2531 2533 2544
3 2544 2533 2543
3 2528 2531 2545
3 2545 2531 2544
3 2535 2539 2542
3 2542 2539 2527
3 2518 2542 2519
3 2519 2542 2527
3 2540 2528 2546
3 2546 2528 2545
3 2547 2548 2544
3 2544 2548 2545
3 2548 2549 2545
3 2545 2549 2546
3 2550 2551 2547
3 2547 2551 2548
3 2547 2552 2550
3 2550 2552 2553
3 2549 2548 2554
3 2554 2548 2551
3 2544 2543 2547
3 2547 2543 2552
3 2522 2552 2521
3 2521 2552 2543
3 2546 2555 2540
3 2540 2555 2556
3 2540 2556 2541
3 2541 2556 2557
3 2527 2539 2558
3 2558 2539 2538
3 2537 2559 2538
3 2538 2559 2558
3 2560 2526 2558
3 2558 2526 2527
3 2559 2561 2558
3 2558 2561 2560
3 2559 2537 2563
3 2563 2537 2562
3 2557 2556 2562
3 2562 2556 2563
3 2564 2522 2508
3 2508 2522 2509
3 2525 2565 2515
3 2515 2565 2507
3 2508 2507 2564
3 2564 2507 2565
3 2564 2565 2553
3 2553 2565 2566
3 2553 2566 2550
3 2550 2566 2567
3 2568 2566 2525
3 2525 2566 2565
3 2552 2522 2553
3 2553 2522 2564
3 2569 2568 2524
3 2524 2568 2525
3 2523 2526 2524
3 2524 2526 2569
3 2526 2560 2569
3 2569 2560 2570
3 2570 2571 2569
3 2569 2571 2568
3 2572 2573 2570
3 2570 2573 2571
3 2571 2567 2568
3 2568 2567 2566
3 2567 2571 2574
3 2574 2571 2573
3 2561 2572 2560
3 2560 2572 2570
3 2572 2561 2575
3 2575 2561 2576
3 2578 2579 2577
3 2577 2579 2575
3 2573 2572 2579
3 2579 2572 2575
3 2575 2576 2577
3 2577 2576 2555
3 2556 2555 2563
3 2563 2555 2576
3 2561 2559 2576
3 2576 2559 2563
3 2574 2551 2567
3 2567 2551 2550
3 2578 2554 2574
3 2574 2554 2551
3 2578 2574 2579
3 2579 2574 2573
3 2549 2554 2577
3 2577 2554 2578
3 2555 2546 2577
3 2577 2546 2549
3 2557 2536 2541
3 2541 2536 2529
3 2537 2536 2562
3 2562 2536 2557
3 2291 2294 2480
3 2480 2294 2481
3 2485 2488 2511
3 2511 2488 2580
3 2498 2490 2497
3 2497 2490 2489
3 2496 2491 2498
3 2498 2491 2490
3 2154 2153 2493
3 2493 2153 2494
3 2580 2488 2489
3 2489 2488 2497
3 2292 2291 2510
3 2510 2291 2480
3 2190 2154 2511
3 2511 2154 2493
3 2499 2495 2510
3 2510 2495 2494
3 2246 2491 2294
3 2294 2491 2481
3 2582 2583 2581
3 2581 2583 2584
3 2586 2587 2585
3 2585 2587 2588
3 2590 2586 2589
3 2589 2586 2585
3 2592 2593 2591
3 2591 2593 2594
3 2595 2596 2598
3 2598 2596 2597
3 2587 2599 2588
3 2588 2599 2600
3 2601 2602 2604
3 2604 2602 2603
3 2605 2606 2608
3 2608 2606 2607
3 2608 2607 2189
3 2189 2607 2609
3 2610 2611 2613
3 2613 2611 2612
3 2599 2587 2614
3 2614 2587 2594
3 2598 2597 2605
3 2605 2597 2606
3 2583 2615 2603
3 2603 2615 2604
3 2599 2614 2582
3 2582 2614 2616
3 2590 2618 2617
3 2617 2618 2613
3 2620 2621 2619
3 2619 2621 2622
3 2618 2623 2613
3 2613 2623 2610
3 2590 2589 2618
3 2618 2589 2624
3 2586 2590 2591
3 2591 2590 2617
3 2625 2626 2584
3 2584 2626 2581
3 2626 2627 2581
3 2581 2627 2600
3 2628 2592 2617
3 2617 2592 2591
3 2601 2596 2610
3 2610 2596 2611
3 2599 2582 2600
3 2600 2582 2581
3 2629 2630 2588
3 2588 2630 2585
3 2582 2616 2583
3 2583 2616 2615
3 2587 2586 2594
3 2594 2586 2591
3 2632 2625 2631
3 2631 2625 2584
3 2619 2622 2633
3 2633 2622 2624
3 2621 2602 2622
3 2622 2602 2623
3 2620 2632 2621
3 2621 2632 2631
3 2610 2623 2601
3 2601 2623 2602
3 2633 2624 2634
3 2634 2624 2589
3 2627 2629 2600
3 2600 2629 2588
3 2612 2194 2628
3 2628 2194 2193
3 2630 2634 2585
3 2585 2634 2589
3 2594 2593 2614
3 2614 2593 2609
3 2618 2624 2623
3 2623 2624 2622
3 2631 2603 2621
3 2621 2603 2602
3 2584 2583 2631
3 2631 2583 2603
3 2634 2635 2633
3 2633 2635 2636
3 2637 2635 2630
3 2630 2635 2634
3 2638 2637 2629
3 2629 2637 2630
3 2639 2638 2627
3 2627 2638 2629
3 2633 2636 2619
3 2619 2636 2640
3 2619 2640 2620
3 2620 2640 2641
3 2641 2642 2620
3 2620 2642 2632
3 2640 2636 2643
3 2643 2636 2644
3 2645 2646 2648
3 2648 2646 2647
3 2647 2649 2648
3 2648 2649 2650
3 2647 2651 2649
3 2649 2651 2652
3 2651 2653 2655
3 2655 2653 2654
3 2655 2656 2651
3 2651 2656 2652
3 2653 2651 2646
3 2646 2651 2647
3 2646 2645 2658
3 2658 2645 2657
3 2659 2650 2652
3 2652 2650 2649
3 2635 2637 2659
3 2659 2637 2650
3 2650 2637 2660
3 2660 2637 2638
3 2650 2660 2648
3 2648 2660 2661
3 2662 2645 2661
3 2661 2645 2648
3 2652 2656 2659
3 2659 2656 2644
3 2635 2659 2636
3 2636 2659 2644
3 2645 2662 2657
3 2657 2662 2663
3 2664 2665 2661
3 2661 2665 2662
3 2665 2666 2662
3 2662 2666 2663
3 2667 2668 2664
3 2664 2668 2665
3 2664 2669 2667
3 2667 2669 2670
3 2666 2665 2671
3 2671 2665 2668
3 2661 2660 2664
3 2664 2660 2669
3 2639 2669 2638
3 2638 2669 2660
3 2672 2673 2663
3 2663 2673 2657
3 2657 2673 2658
3 2658 2673 2674
3 2644 2656 2675
3 2675 2656 2655
3 2676 2675 2654
3 2654 2675 2655
3 2675 2677 2644
3 2644 2677 2643
3 2676 2678 2675
3 2675 2678 2677
3 2654 2679 2676
3 2676 2679 2680
3 2674 2673 2679
3 2679 2673 2680
3 2681 2639 2626
3 2626 2639 2627
3 2642 2682 2632
3 2632 2682 2625
3 2681 2626 2682
3 2682 2626 2625
3 2682 2683 2681
3 2681 2683 2670
3 2683 2684 2670
3 2670 2684 2667
3 2685 2683 2642
3 2642 2683 2682
3 2669 2639 2670
3 2670 2639 2681
3 2686 2685 2641
3 2641 2685 2642
3 2641 2640 2686
3 2686 2640 2643
3 2686 2643 2687
3 2687 2643 2677
3 2687 2688 2686
3 2686 2688 2685
3 2689 2690 2687
3 2687 2690 2688
3 2688 2684 2685
3 2685 2684 2683
3 2684 2688 2691
3 2691 2688 2690
3 2678 2689 2677
3 2677 2689 2687
3 2689 2678 2692
3 2692 2678 2693
3 2695 2696 2694
3 2694 2696 2692
3 2690 2689 2696
3 2696 2689 2692
3 2692 2693 2694
3 2694 2693 2672
3 2673 2672 2680
3 2680 2672 2693
3 2678 2676 2693
3 2693 2676 2680
3 2684 2691 2667
3 2667 2691 2668
3 2695 2671 2691
3 2691 2671 2668
3 2695 2691 2696
3 2696 2691 2690
3 2694 2666 2695
3 2695 2666 2671
3 2672 2663 2694
3 2694 2663 2666
3 2674 2653 2658
3 2658 2653 2646
3 2654 2653 2679
3 2679 2653 2674
3 2290 2155 2592
3 2592 2155 2593
3 2596 2601 2597
3 2597 2601 2604
3 2615 2616 2606
3 2606 2616 2607
3 2614 2609 2616
3 2616 2609 2607
3 2596 2595 2611
3 2611 2595 2697
3 2597 2604 2606
3 2606 2604 2615
3 2193 2290 2628
3 2628 2290 2592
3 2628 2617 2612
3 2612 2617 2613
3 2189 2609 2155
3 2155 2609 2593
3 2699 2009 2698
3 2698 2009 2085
3 2266 2700 2115
3 2115 2700 2701
3 2115 2701 2116
3 2116 2701 2702
3 2703 2704 2249
3 2249 2704 2253
3 2010 2705 2266
3 2266 2705 2700
3 2698 2085 2706
3 2706 2085 2288
3 2009 2699 2010
3 2010 2699 2705
3 2707 2706 2250
3 2250 2706 2288
3 2702 2703 2116
3 2116 2703 2249
3 2704 2707 2253
3 2253 2707 2250
3 2708 2709 2707
3 2707 2709 2706
3 2710 2708 2704
3 2704 2708 2707
3 2711 2710 2703
3 2703 2710 2704
3 2712 2711 2702
3 2702 2711 2703
3 2706 2709 2698
3 2698 2709 2713
3 2698 2713 2699
3 2699 2713 2714
3 2715 2705 2714
3 2714 2705 2699
3 2713 2709 2716
3 2716 2709 2717
3 2719 2720 2718
3 2718 2720 2721
3 2720 2722 2721
3 2721 2722 2723
3 2720 2724 2722
3 2722 2724 2725
3 2726 2727 2724
3 2724 2727 2725
3 2728 2724 2719
3 2719 2724 2720
3 2730 2728 2729
3 2729 2728 2719
3 2718 2731 2719
3 2719 2731 2729
3 2725 2732 2722
3 2722 2732 2723
3 2708 2710 2732
3 2732 2710 2723
3 2723 2710 2733
3 2733 2710 2711
3 2721 2723 2734
3 2734 2723 2733
3 2718 2721 2735
3 2735 2721 2734
3 2725 2727 2732
3 2732 2727 2717
3 2708 2732 2709
3 2709 2732 2717
3 2731 2718 2736
3 2736 2718 2735
3 2737 2738 2734
3 2734 2738 2735
3 2738 2739 2735
3 2735 2739 2736
3 2740 2741 2737
3 2737 2741 2738
3 2737 2742 2740
3 2740 2742 2743
3 2739 2738 2744
3 2744 2738 2741
3 2734 2733 2737
3 2737 2733 2742
3 2712 2742 2711
3 2711 2742 2733
3 2736 2745 2731
3 2731 2745 2746
3 2731 2746 2729
3 2729 2746 2730
3 2717 2727 2747
3 2747 2727 2726
3 2748 2749 2726
3 2726 2749 2747
3 2747 2750 2717
3 2717 2750 2716
3 2749 2751 2747
3 2747 2751 2750
3 2749 2748 2753
3 2753 2748 2752
3 2730 2746 2752
3 2752 2746 2753
3 2726 2724 2748
3 2748 2724 2728
3 2748 2728 2752
3 2752 2728 2730
3 2701 2754 2702
3 2702 2754 2712
3 2705 2715 2700
3 2700 2715 2755
3 2754 2701 2755
3 2755 2701 2700
3 2755 2756 2754
3 2754 2756 2743
3 2756 2757 2743
3 2743 2757 2740
3 2758 2756 2715
3 2715 2756 2755
3 2742 2712 2743
3 2743 2712 2754
3 2759 2758 2714
3 2714 2758 2715
3 2714 2713 2759
3 2759 2713 2716
3 2759 2716 2760
3 2760 2716 2750
3 2760 2761 2759
3 2759 2761 2758
3 2762 2763 2760
3 2760 2763 2761
3 2761 2757 2758
3 2758 2757 2756
3 2757 2761 2764
3 2764 2761 2763
3 2751 2762 2750
3 2750 2762 2760
3 2762 2751 2765
3 2765 2751 2766
3 2767 2768 2765
3 2765 2768 2769
3 2763 2762 2769
3 2769 2762 2765
3 2765 2766 2767
3 2767 2766 2745
3 2746 2745 2753
3 2753 2745 2766
3 2751 2749 2766
3 2766 2749 2753
3 2757 2764 2740
3 2740 2764 2741
3 2768 2744 2764
3 2764 2744 2741
3 2768 2764 2769
3 2769 2764 2763
3 2767 2739 2768
3 2768 2739 2744
3 2745 2736 2767
3 2767 2736 2739
3 2200 2211 2199
3 2199 2211 2213
3 2200 2201 2211
3 2211 2201 2184
3 2511 2580 2190
3 2190 2580 2191
3 2058 2289 2055
3 2055 2289 2271
3 2173 2198 2293
3 2293 2198 2277
3 2062 2174 2193
3 2193 2174 2290
3 2191 2580 2132
3 2132 2580 2489
3 2132 2131 2191
3 2191 2131 2188
3 2053 2275 2054
3 2054 2275 2137
3 2082 2278 2083
3 2083 2278 2770
3 2770 2278 2598
3 2598 2278 2595
3 2605 2771 2598
3 2598 2771 2770
3 2771 2772 2770
3 2770 2772 2083
3 2772 2773 2083
3 2083 2773 2084
3 2084 2774 2081
3 2081 2774 2143
3 2773 2077 2084
3 2084 2077 2774
3 2077 2773 2078
3 2078 2773 2775
3 2773 2772 2775
3 2775 2772 2776
3 2772 2771 2776
3 2776 2771 2777
3 2189 2188 2608
3 2608 2188 2777
3 2052 2051 2778
3 2778 2051 2180
3 2143 2774 2080
3 2080 2774 2077
3 2293 2152 2173
3 2173 2152 2174
3 2131 2275 2188
3 2188 2275 2777
3 2605 2608 2771
3 2771 2608 2777
3 2194 2612 2697
3 2697 2612 2611
3 2595 2278 2697
3 2697 2278 2194
3 2053 2776 2275
3 2275 2776 2777
3 2776 2053 2775
3 2775 2053 2052
3 2052 2778 2775
3 2775 2778 2078
3 2778 2180 2078
3 2078 2180 2079
3 2180 2238 2079
3 2079 2238 2239
3 2121 2255 2013
3 2041 1981 2075
3 2075 1981 2006
3 1981 1984 2006
3 2006 1984 2007
3 2094 2096 2264
3 2264 2096 2265
3 2075 2049 2041
3 2041 2049 2046
3 2045 2042 2046
3 2046 2042 2041
3 2117 1992 2045
3 2045 1992 2042
3 1994 1993 2117
3 2117 1993 1992
3 2266 1991 2010
3 2010 1991 2011
3 1996 2011 1993
3 1993 2011 1991
3 2225 2012 1996
3 1996 2012 2011
3 2224 2086 2225
3 2225 2086 2012
3 2224 2231 2086
3 2086 2231 2287
3 2231 2069 2287
3 2287 2069 2251
3 2069 2024 2251
3 2251 2024 2252
3 1987 2248 2024
3 2024 2248 2252
3 2115 2114 2266
3 2266 2114 2267
3 2095 1983 2236
3 2236 1983 1990
3 2094 1984 2095
3 2095 1984 1983
3 2264 2007 2094
3 2094 2007 1984
3 2091 2008 2264
3 2264 2008 2007
3 2090 2285 2091
3 2091 2285 2008
3 2254 2237 2090
3 2090 2237 2285
3 2255 2238 2254
3 2254 2238 2237
3 2121 2239 2255
3 2255 2239 2238
3 2120 2240 2121
3 2121 2240 2239
3 2021 2017 2096
3 2096 2017 2265
3 2021 2023 2017
3 2017 2023 2018
3 2023 2071 2018
3 2018 2071 2072
3 2071 2227 2072
3 2072 2227 2229
3 2227 2183 2229
3 2229 2183 2182
3 2120 2284 2240
3 2240 2284 2257
3 2284 2035 2257
3 2257 2035 2256
3 2176 2144 2192
3 2192 2144 2256
3 2172 2192 2195
3 2195 2192 2036
3 2035 2036 2256
3 2256 2036 2192
3 2195 2036 2065
3 2065 2036 2034
3 2060 2107 2033
3 2033 2107 2066
3 2107 2207 2066
3 2066 2207 2203
3 2207 2209 2203
3 2203 2209 2202
3 2209 2279 2202
3 2202 2279 2185
3 2182 2185 2234
3 2234 2185 2279
3 1986 2113 1987
3 1987 2113 2248
3 2236 2114 1986
3 1986 2114 2113
3 1990 2267 2236
3 2236 2267 2114
3 1990 1989 2267
3 2267 1989 1991
3 106 109 2780
3 2780 109 2779
3 116 2781 117
3 117 2781 2782
3 118 2783 119
3 119 2783 2784
3 124 2785 125
3 125 2785 2786
3 126 2787 127
3 127 2787 2788
3 126 131 2787
3 2787 131 2789
3 230 229 2791
3 2791 229 2790
3 117 2782 118
3 118 2782 2783
3 240 242 2793
3 2793 242 2792
3 2780 2794 106
3 106 2794 351
3 119 2784 436
3 436 2784 2795
3 125 2786 109
3 109 2786 2779
3 454 2796 455
3 455 2796 2797
3 127 2788 456
3 456 2788 2798
3 455 2797 116
3 116 2797 2781
3 2793 2796 240
3 240 2796 454
3 456 2798 124
3 124 2798 2785
3 131 230 2789
3 2789 230 2791
3 229 436 2790
3 2790 436 2795
3 2791 2788 2789
3 2789 2788 2787
3 2784 2783 2800
3 2800 2783 2799
3 2785 2801 2786
3 2786 2801 2802
3 2791 2790 2804
3 2804 2790 2803
3 2783 2782 2799
3 2799 2782 2805
3 2784 2800 2795
3 2795 2800 2806
3 2786 2802 2779
3 2779 2802 2807
3 2788 2808 2798
3 2798 2808 2809
3 2798 2809 2785
3 2785 2809 2801
3 2790 2795 2803
3 2803 2795 2806
3 2788 2791 2808
3 2808 2791 2804
3 2811 2796 2810
3 2810 2796 2793
3 2808 2804 2809
3 2809 2804 2803
3 2809 2803 2801
3 2801 2803 2806
3 2801 2806 2802
3 2802 2806 2800
3 2807 2802 2799
3 2799 2802 2800
3 2813 698 2812
3 2812 698 697
3 2807 2814 2779
3 2779 2814 2780
3 2816 2781 2815
3 2815 2781 2797
3 2814 2817 2780
3 2780 2817 2794
3 2796 2811 2797
3 2797 2811 2815
3 2782 2781 2805
3 2805 2781 2816
3 2799 2805 2807
3 2807 2805 2814
3 2793 2792 2810
3 2810 2792 2818
3 173 200 383
3 383 200 361
3 199 1765 389
3 389 1765 1776
3 1776 1777 389
3 389 1777 397
3 1777 360 397
3 397 360 221
3 2819 2820 627
3 627 2820 628
3 1405 2819 789
3 789 2819 627
3 793 1414 1232
3 1232 1414 1233
3 1405 789 1406
3 1406 789 1311
3 1406 1311 2821
3 2821 1311 1315
3 2822 1379 1542
3 1542 1379 1378
3 1384 1737 1381
3 1381 1737 1382
3 1380 790 1381
3 1381 790 1385
3 790 793 1385
3 1385 793 1232
3 1258 1389 1259
3 1259 1389 1388
3 1904 1541 1393
3 1393 1541 1394
3 1409 1412 1396
3 1396 1412 1397
3 2820 1409 628
3 628 1409 1396
3 2822 2821 1379
3 1379 2821 1315
3 1391 1394 1377
3 1377 1394 1378
3 1737 1398 1382
3 1382 1398 1397
3 1387 1234 1388
3 1388 1234 1233
3 1392 1390 1393
3 1393 1390 1389
3 1380 1383 778
3 778 1383 779
3 1281 787 791
3 791 787 792
3 1430 1261 1431
3 1431 1261 1260
3 1399 1341 1407
3 1407 1341 1408
3 1507 1543 1410
3 1410 1543 1411
3 787 786 792
3 792 786 1413
3 2820 2819 1428
3 1428 2819 1429
3 2821 2822 1505
3 1505 2822 1506
3 777 1281 778
3 778 1281 791
3 2819 1405 1429
3 1429 1405 1408
3 1409 2820 1410
3 1410 2820 1428
3 1406 2821 1407
3 1407 2821 1505
3 1543 780 1411
3 1411 780 779
3 1259 1414 1260
3 1260 1414 1413
3 1333 2823 922
3 922 2823 923
3 2825 1267 2824
3 2824 1267 1266
3 768 1211 2826
3 2826 1211 2827
3 1491 1189 1265
3 1265 1189 1266
3 1487 2828 1488
3 1488 2828 2829
3 921 1328 922
3 922 1328 1327
3 1483 2830 1484
3 1484 2830 2831
3 1481 2832 1484
3 1484 2832 1485
3 1323 1492 1488
3 1488 1492 1489
3 1264 1490 1265
3 1265 1490 1489
3 2834 2835 2833
3 2833 2835 2836
3 1249 2837 2826
3 2826 2837 2838
3 1487 1490 2839
3 2839 1490 2840
3 1267 2825 2841
3 2841 2825 2842
3 2843 2844 1494
3 1494 2844 1495
3 1426 2846 2845
3 2845 2846 925
3 2828 1487 2847
3 2847 1487 2839
3 1328 921 2848
3 2848 921 926
3 2849 2850 767
3 767 2850 1212
3 1264 1267 2851
3 2851 1267 2841
3 1490 1264 2840
3 2840 1264 2851
3 2853 2854 2852
3 2852 2854 2855
3 2854 2856 2855
3 2855 2856 597
3 2856 2857 597
3 597 2857 594
3 2857 2858 594
3 594 2858 625
3 648 651 2859
3 2859 651 2860
3 638 641 2861
3 2861 641 2862
3 2863 704 2861
3 2861 704 638
3 2864 1417 2863
3 2863 1417 704
3 2865 2866 2864
3 2864 2866 1417
3 1759 1347 1760
3 1760 1347 2866
3 1763 2867 1196
3 1196 2867 1197
3 2868 610 2867
3 2867 610 1197
3 2869 611 2868
3 2868 611 610
3 1351 1349 943
3 943 1349 687
3 1349 1255 687
3 687 1255 684
3 1255 1254 684
3 684 1254 691
3 1254 2870 691
3 691 2870 2871
3 700 2872 697
3 697 2872 2812
3 2871 1348 691
3 691 1348 692
3 1695 1743 1573
3 1573 1743 1574
3 1752 1617 1576
3 1576 1617 1577
3 1728 1593 1607
3 1607 1593 1608
3 1724 1629 1610
3 1610 1629 1611
3 1603 1606 1624
3 1624 1606 1625
3 1623 1702 1624
3 1624 1702 1911
3 1702 1701 1911
3 1911 1701 1912
3 1701 1752 1912
3 1912 1752 1576
3 1597 1568 1914
3 1914 1568 1577
3 1615 1614 1914
3 1914 1614 1915
3 1614 1695 1915
3 1915 1695 1573
3 1743 1744 1574
3 1574 1744 1916
3 1744 1564 1916
3 1916 1564 1608
3 1567 1724 1607
3 1607 1724 1610
3 2873 1612 1917
3 1917 1612 1611
3 1606 2873 1625
3 1625 2873 1917
3 1609 1612 1561
3 1561 1612 1562
3 1546 1549 1569
3 1569 1549 1570
3 1572 1575 1579
3 1579 1575 1580
3 1552 1555 1594
3 1594 1555 1595
3 1555 1581 1595
3 1595 1581 1580
3 1550 1546 1598
3 1598 1546 1569
3 1730 1913 1600
3 1600 1913 1601
3 1685 1688 1604
3 1604 1688 1605
3 1597 1742 1598
3 1598 1742 1691
3 2873 1606 1722
3 1722 1606 1605
3 1726 1552 1729
3 1729 1552 1594
3 1599 1685 1600
3 1600 1685 1604
3 1913 1571 1601
3 1601 1571 1570
3 1578 1692 1579
3 1579 1692 1691
3 1612 2873 1562
3 1562 2873 1722
3 1560 1726 1561
3 1561 1726 1729
3 1948 1741 1547
3 1547 1741 1548
3 1693 1948 1551
3 1551 1948 1547
3 1953 1588 1553
3 1553 1588 1554
3 1692 1578 1557
3 1557 1578 1558
3 1560 1563 1583
3 1583 1563 1584
3 1581 1555 1587
3 1587 1555 1554
3 1599 1602 1590
3 1590 1602 1591
3 1980 1976 1686
3 1686 1976 1687
3 1563 1721 1584
3 1584 1721 1689
3 1550 1692 1551
3 1551 1692 1557
3 1750 1953 1727
3 1727 1953 1553
3 1589 1980 1590
3 1590 1980 1686
3 1602 1549 1591
3 1591 1549 1548
3 1976 1690 1687
3 1687 1690 1689
3 1586 1559 1587
3 1587 1559 1558
3 1726 1560 1727
3 1727 1560 1583
3 2874 1918 1946
3 1946 1918 1947
3 1556 1559 1951
3 1951 1559 1952
3 1932 1931 1954
3 1954 1931 1955
3 1586 1588 1957
3 1957 1588 1955
3 1958 1932 1964
3 1964 1932 1954
3 1960 1963 1965
3 1965 1963 1966
3 1980 1589 1968
3 1968 1589 1966
3 1741 1948 1971
3 1971 1948 1947
3 1592 1741 1965
3 1965 1741 1971
3 1956 1949 1957
3 1957 1949 1952
3 1582 1585 1973
3 1973 1585 1974
3 1939 1942 1977
3 1977 1942 1978
3 1942 1975 1978
3 1978 1975 1974
3 1950 2874 1951
3 1951 2874 1946
3 1967 1939 1968
3 1968 1939 1977
3 1972 1958 1973
3 1973 1958 1964
3 1922 1970 1919
3 1919 1970 1920
3 1918 2874 1919
3 1919 2874 1923
3 2874 1950 1923
3 1923 1950 1925
3 1949 1956 1928
3 1928 1956 1929
3 2243 2242 1933
3 1933 2242 1934
3 1972 1975 1936
3 1936 1975 1937
3 1943 1979 1940
3 1940 1979 1941
3 1939 1967 1940
3 1940 1967 1944
3 2286 2243 1959
3 1959 2243 1933
3 1969 2244 1961
3 1961 2244 1962
3 2242 1930 1934
3 1934 1930 1929
3 1926 1925 1927
3 1927 1925 1928
3 1960 1921 1961
3 1961 1921 1920
3 2244 1945 1962
3 1962 1945 1944
3 1975 1942 1937
3 1937 1942 1941
3 1935 2286 1936
3 1936 2286 1959
3 742 1237 607
3 607 1237 608
3 606 1810 607
3 607 1810 743
3 1303 2875 1304
3 1304 2875 2876
3 585 584 1297
3 1297 584 1298
3 584 701 1298
3 1298 701 1299
3 701 1427 1299
3 1299 1427 1300
3 1237 585 608
3 608 585 1297
3 2877 2878 1217
3 1217 2878 2876
3 2879 2880 1811
3 1811 2880 1818
3 2882 1820 2881
3 2881 1820 1819
3 2839 2840 619
3 619 2840 620
3 2841 2842 794
3 794 2842 795
3 891 894 2843
3 2843 894 2844
3 2847 2839 941
3 941 2839 619
3 2848 926 1201
3 1201 926 1202
3 2851 2841 1269
3 1269 2841 794
3 2840 2851 620
3 620 2851 1269
3 940 1758 941
3 941 1758 2883
3 658 928 1426
3 1426 928 2846
3 1236 2850 750
3 750 2850 2849
3 1215 2884 1216
3 1216 2884 1753
3 2886 733 2885
3 2885 733 732
3 2888 1815 2887
3 2887 1815 1814
3 2889 1244 2888
3 2888 1244 1815
3 1823 2890 1824
3 1824 2890 1245
3 2891 2892 2894
3 2894 2892 2893
3 1853 1832 1850
3 1850 1832 1831
3 1850 1831 1883
3 1883 1831 1875
3 1883 1875 1440
3 1440 1875 1442
3 1440 1442 1441
3 1441 1442 1445
3 1441 1445 2895
3 2895 1445 1506
3 2896 2822 2897
3 2897 2822 1542
3 1541 2898 1542
3 1542 2898 2897
3 1541 1904 2898
3 2898 1904 2899
3 1904 1258 2899
3 2899 1258 2900
3 1261 1430 2901
3 2901 1430 1903
3 1430 1433 1903
3 1903 1433 1901
3 1901 1433 2902
3 2902 1433 718
3 2902 718 2903
3 2903 718 717
3 1868 1880 717
3 717 1880 2903
3 1880 1868 1879
3 1879 1868 755
3 1879 755 2904
3 2904 755 754
3 2904 754 2905
3 2905 754 757
3 761 2906 762
3 762 2906 2907
3 723 722 2908
3 2908 722 893
3 795 894 722
3 722 894 893
3 2842 2844 795
3 795 2844 894
3 2825 1495 2842
3 2842 1495 2844
3 2824 1496 2825
3 2825 1496 1495
3 1188 2835 2824
3 2824 2835 1496
3 796 890 797
3 797 890 2836
3 801 887 796
3 796 887 890
3 2909 2910 2912
3 2912 2910 2911
3 1779 1782 2914
3 2914 1782 2913
3 2915 2916 830
3 830 2916 831
3 2917 2918 844
3 844 2918 845
3 2919 2915 846
3 846 2915 830
3 2920 2921 856
3 856 2921 857
3 2922 2923 859
3 859 2923 860
3 2918 2911 845
3 845 2911 886
3 2924 2919 939
3 939 2919 846
3 2923 2925 860
3 860 2925 1203
3 2916 2917 831
3 831 2917 844
3 2926 2927 1448
3 1448 2927 1449
3 2928 2929 888
3 888 2929 2930
3 2895 1506 2896
3 2896 1506 2822
3 2901 2900 1261
3 1261 2900 1258
3 2931 2932 749
3 749 2932 1235
3 2932 2933 1235
3 1235 2933 1834
3 2935 2936 2934
3 2934 2936 2937
3 2939 2940 2938
3 2938 2940 2941
3 2942 2943 1840
3 1840 2943 1841
3 2944 1859 2943
3 2943 1859 1841
3 2944 2945 1859
3 1859 2945 1858
3 1888 2946 1889
3 1889 2946 1855
3 1855 2946 1856
3 1856 2946 2947
3 2949 708 2948
3 2948 708 1828
3 2951 729 2950
3 2950 729 728
3 2865 2952 2866
3 2866 2952 1760
3 2952 2953 1760
3 1760 2953 1419
3 2953 2954 1419
3 1419 2954 741
3 2954 2955 741
3 741 2955 738
3 2955 2956 738
3 738 2956 759
3 2956 2957 759
3 759 2957 760
3 2957 2958 760
3 760 2958 2959
3 2958 2960 2959
3 2959 2960 2961
3 2962 2963 1838
3 1838 2963 1839
3 2963 2964 1839
3 1839 2964 2941
3 2965 2949 2938
3 2938 2949 2948
3 2934 2966 2935
3 2935 2966 2967
3 2968 2969 735
3 735 2969 734
3 733 2886 1814
3 1814 2886 2887
3 2886 2881 2887
3 2887 2881 2880
3 1818 1819 1816
3 1816 1819 747
3 1194 1756 1196
3 1196 1756 1423
3 1756 646 1423
3 1423 646 645
3 646 647 645
3 645 647 642
3 647 1270 642
3 642 1270 736
3 1270 724 736
3 736 724 764
3 724 723 764
3 764 723 761
3 761 723 2906
3 2906 723 2908
3 1253 1436 2908
3 2908 1436 2906
3 1437 1252 1835
3 1835 1252 1834
3 1835 1834 2937
3 2937 1834 2933
3 2970 2971 2934
3 2934 2971 2966
3 896 895 2968
3 2968 895 2969
3 1814 1813 733
3 733 1813 730
3 727 1214 895
3 895 1214 731
3 2884 1215 732
3 732 1215 2885
3 1215 1218 2885
3 2885 1218 2882
3 2875 1303 1820
3 1820 1303 748
3 1303 1302 748
3 748 1302 745
3 1817 2972 1816
3 1816 2972 1809
3 746 2973 1817
3 1817 2973 2972
3 746 745 2973
3 2973 745 1302
3 2975 2976 2974
3 2974 2976 2977
3 2975 2978 2900
3 2900 2978 2899
3 2979 2980 2981
3 2981 2980 2978
3 2980 2979 2982
3 2982 2979 2983
3 2984 2896 2982
3 2982 2896 2897
3 2986 2987 2985
3 2985 2987 2984
3 2895 2987 1441
3 1441 2987 1438
3 1902 2976 1903
3 1903 2976 2901
3 1855 1854 1889
3 1889 1854 2988
3 2988 2989 1889
3 1889 2989 1358
3 2989 2990 1358
3 1358 2990 1355
3 2945 2991 1858
3 1858 2991 1892
3 2991 2992 1892
3 1892 2992 774
3 2992 2993 774
3 774 2993 775
3 2985 1355 2986
3 2986 1355 2990
3 2974 2977 775
3 775 2977 776
3 2981 2993 2979
3 2979 2993 2994
3 1356 2983 2994
3 2994 2983 2979
3 2994 2995 1356
3 1356 2995 1357
3 2995 2996 1357
3 1357 2996 1888
3 2997 2998 2931
3 2931 2998 2932
3 2998 2970 2932
3 2932 2970 2933
3 1836 1835 2936
3 2936 1835 2937
3 2942 1840 2940
3 2940 1840 1837
3 3000 2943 2999
3 2999 2943 2942
3 3000 3001 2943
3 2943 3001 2944
3 3001 3002 2944
3 2944 3002 2945
3 2996 3002 1888
3 1888 3002 2946
3 2946 3002 2947
3 2947 3002 3001
3 3000 3003 3001
3 3001 3003 2947
3 2999 3004 3000
3 3000 3004 3003
3 2939 3005 2999
3 2999 3005 3004
3 2998 3006 2970
3 2970 3006 2971
3 2997 2950 2998
3 2998 2950 3006
3 3007 2951 2997
3 2997 2951 2950
3 2965 2964 2935
3 2935 2964 2936
3 2934 2937 2970
3 2970 2937 2933
3 3002 2996 2945
3 2945 2996 2991
3 2996 2995 2991
3 2991 2995 2992
3 2995 2994 2992
3 2992 2994 2993
3 1355 2985 1356
3 1356 2985 2983
3 2981 2974 2993
3 2993 2974 775
3 1843 1842 1898
3 1898 1842 3008
3 1842 637 3008
3 3008 637 3009
3 637 636 3009
3 3009 636 3010
3 636 1829 3010
3 3010 1829 3011
3 1829 1832 3011
3 3011 1832 2893
3 1832 1853 2893
3 2893 1853 2894
3 1853 1852 2894
3 2894 1852 1887
3 1857 1856 1884
3 1884 1856 1891
3 1898 3008 1897
3 1897 3008 1873
3 3008 3009 1873
3 1873 3009 1864
3 3009 3010 1864
3 1864 3010 1861
3 3010 3011 1861
3 1861 3011 1881
3 3011 2893 1881
3 1881 2893 2892
3 1849 2889 781
3 781 2889 2888
3 782 2879 1810
3 1810 2879 1811
3 743 1809 744
3 744 1809 2972
3 744 2972 804
3 804 2972 805
3 2972 2973 805
3 805 2973 814
3 1302 811 2973
3 2973 811 814
3 1302 1301 811
3 811 1301 1220
3 1306 3012 1301
3 1301 3012 1220
3 1733 3013 1632
3 1632 3013 1633
3 1645 1648 1635
3 1635 1648 1636
3 1653 1656 1640
3 1640 1656 1641
3 1638 1735 1635
3 1635 1735 1683
3 1715 1712 1697
3 1697 1712 1698
3 1717 1720 1704
3 1704 1720 1705
3 1652 1653 1708
3 1708 1653 1640
3 1619 1622 1713
3 1713 1622 1698
3 1711 1681 1713
3 1713 1681 1739
3 1667 1670 1745
3 1745 1670 1746
3 1751 1649 1748
3 1748 1649 1749
3 1749 1649 1708
3 1708 1649 1652
3 1631 1667 1632
3 1632 1667 1745
3 1648 1751 1636
3 1636 1751 1748
3 1681 1642 1739
3 1739 1642 1641
3 3013 1684 1633
3 1633 1684 1683
3 1703 1747 1704
3 1704 1747 1746
3 1696 1706 1697
3 1697 1706 1705
3 1738 1700 1620
3 1620 1700 1621
3 1566 1565 1646
3 1646 1565 1647
3 1663 1694 1650
3 1650 1694 1651
3 1613 1616 1654
3 1654 1616 1655
3 1703 1706 1658
3 1658 1706 1659
3 3013 1733 1661
3 1661 1733 1662
3 1649 1751 1650
3 1650 1751 1664
3 1740 1656 1666
3 1666 1656 1655
3 1694 1613 1651
3 1651 1613 1654
3 1723 1566 1725
3 1725 1566 1646
3 1644 1627 1732
3 1732 1627 1662
3 1684 3013 1725
3 1725 3013 1661
3 1619 1740 1620
3 1620 1740 1666
3 1565 1665 1647
3 1647 1665 1664
3 1657 1736 1658
3 1658 1736 1900
3 1910 1660 1909
3 1909 1660 1659
3 1700 1910 1621
3 1621 1910 1909
3 1731 1747 1732
3 1732 1747 1900
3 1856 2947 1891
3 1891 2947 3003
3 1891 3003 1890
3 1890 3003 3004
3 1827 3005 1828
3 1828 3005 2948
3 2966 735 2967
3 2967 735 709
3 2971 2968 2966
3 2966 2968 735
3 2968 2971 896
3 896 2971 3006
3 896 3006 728
3 728 3006 2950
3 3015 752 3014
3 3014 752 751
3 3017 766 3016
3 3016 766 765
3 3018 3019 1248
3 1248 3019 3020
3 2914 2913 3018
3 3018 2913 3019
3 3022 2913 3021
3 3021 2913 1782
3 2826 2838 768
3 768 2838 765
3 3024 2837 3023
3 3023 2837 3020
3 767 766 2849
3 2849 766 3025
3 2849 3025 750
3 750 3025 751
3 749 752 2931
3 2931 752 3026
3 3007 2997 3026
3 3026 2997 2931
3 3027 3028 3007
3 3007 3028 2951
3 3028 3029 2951
3 2951 3029 729
3 3031 3032 3030
3 3030 3032 3033
3 3035 3036 3034
3 3034 3036 3037
3 2869 3038 611
3 611 3038 3039
3 3040 3041 3030
3 3030 3041 3037
3 3033 1351 3042
3 3042 1351 943
3 611 3039 612
3 612 3039 3043
3 612 3043 1424
3 1424 3043 1421
3 3044 3041 668
3 668 3041 669
3 3040 3042 598
3 598 3042 599
3 771 770 1543
3 1543 770 780
3 1502 770 1865
3 1865 770 769
3 770 1502 780
3 780 1502 777
3 60 280 415
3 415 280 1906
3 282 102 3045
3 3045 102 3046
3 75 78 3047
3 3047 78 3048
3 279 75 1905
3 1905 75 3047
3 3050 334 3049
3 3049 334 333
3 3052 416 3051
3 3051 416 415
3 3054 434 3053
3 3053 434 433
3 427 434 418
3 418 434 1907
3 419 1908 292
3 292 1908 442
3 78 293 3048
3 3048 293 443
3 3056 443 3055
3 3055 443 442
3 3050 3057 334
3 334 3057 451
3 215 214 1331
3 1331 214 451
3 307 282 461
3 461 282 3045
3 3049 333 3058
3 3058 333 461
3 102 61 3046
3 3046 61 416
3 312 311 433
3 433 311 462
3 3060 573 3059
3 3059 573 572
3 1309 3061 1427
3 1427 3061 3062
3 1257 3063 1254
3 1254 3063 2870
3 931 3064 2852
3 2852 3064 3065
3 698 2813 930
3 930 2813 3066
3 3067 1300 3062
3 3062 1300 1427
3 570 573 1309
3 1309 573 3061
3 3059 572 3068
3 3068 572 1331
3 3069 3070 1905
3 1905 3070 1906
3 3071 3072 1907
3 1907 3072 1908
3 3074 2813 3073
3 3073 2813 2812
3 2853 3075 1257
3 1257 3075 3063
3 2870 3076 2871
3 2871 3076 3077
3 3073 2812 3078
3 3078 2812 2872
3 2871 3077 1348
3 1348 3077 3079
3 2872 700 3067
3 3067 700 1300
3 1329 1200 3079
3 3079 1200 1348
3 1263 1262 3080
3 3080 1262 3081
3 3082 3083 3081
3 3081 3083 3080
3 810 1447 3085
3 3085 1447 3084
3 807 810 3086
3 3086 810 3085
3 3087 3082 832
3 832 3082 3081
3 883 3088 884
3 884 3088 3089
3 3086 1789 807
3 807 1789 815
3 1789 3086 1786
3 1786 3086 3090
3 3091 3090 3085
3 3085 3090 3086
3 3092 3093 3083
3 3083 3093 3094
3 3088 3095 3089
3 3089 3095 3087
3 3096 3092 3082
3 3082 3092 3083
3 3098 3099 3097
3 3097 3099 1785
3 3100 1787 2912
3 2912 1787 3101
3 837 836 884
3 884 836 885
3 885 836 3102
3 3102 836 1540
3 3093 3092 3103
3 3103 3092 3096
3 3104 3105 3088
3 3088 3105 3095
3 3107 3108 3106
3 3106 3108 3109
3 3110 3111 3090
3 3090 3111 1786
3 3113 3107 3112
3 3112 3107 3106
3 3113 3114 3111
3 3111 3114 3101
3 3090 3091 3110
3 3110 3091 3115
3 838 837 834
3 834 837 835
3 884 3089 837
3 837 3089 835
3 3109 3116 1246
3 1246 3116 3117
3 1246 3117 1247
3 1247 3117 3118
3 3119 3120 3118
3 3118 3120 1247
3 1246 843 3109
3 3109 843 3106
3 843 842 3106
3 3106 842 3112
3 842 3098 3112
3 3112 3098 3121
3 1780 3122 3097
3 3097 3122 3123
3 2914 2930 1779
3 1779 2930 2929
3 3018 3124 2914
3 2914 3124 2930
3 889 3124 2833
3 2833 3124 1251
3 3124 3018 1251
3 1251 3018 1248
3 906 907 945
3 945 907 946
3 1184 1187 1368
3 1368 1187 947
3 953 956 950
3 950 956 951
3 909 964 952
3 952 964 949
3 904 957 959
3 959 957 960
3 3125 977 948
3 948 977 961
3 935 934 966
3 966 934 967
3 993 992 968
3 968 992 965
3 901 903 970
3 970 903 971
3 982 984 972
3 972 984 969
3 905 904 973
3 973 904 959
3 976 980 958
3 958 980 974
3 910 909 1142
3 1142 909 952
3 951 956 1141
3 1141 956 1144
3 910 1142 1365
3 1365 1142 1367
3 1184 1368 1144
3 1144 1368 1141
3 992 1518 965
3 965 1518 1455
3 964 1453 949
3 949 1453 1456
3 899 898 1458
3 1458 898 1459
3 987 990 1460
3 1460 990 1457
3 898 962 1459
3 1459 962 1461
3 984 986 969
3 969 986 1462
3 903 905 971
3 971 905 973
3 980 982 974
3 974 982 972
3 934 899 967
3 967 899 1458
3 990 993 1457
3 1457 993 968
3 1153 1525 1087
3 1087 1525 1088
3 1108 1111 1091
3 1091 1111 1092
3 1082 1097 1083
3 1083 1097 1096
3 1077 1470 1099
3 1099 1470 1100
3 1074 1077 1103
3 1103 1077 1099
3 1151 1153 1155
3 1155 1153 1087
3 1155 1154 1371
3 1371 1154 1372
3 1371 1372 1103
3 1103 1372 1074
3 1466 1108 1464
3 1464 1108 1091
3 1464 1181 1467
3 1467 1181 1183
3 1473 1469 1095
3 1095 1469 1096
3 1101 1100 1082
3 1082 1100 1097
3 1111 1530 1092
3 1092 1530 1528
3 1101 1072 1098
3 1098 1072 1071
3 1525 1153 1078
3 1078 1153 1079
3 1080 1090 1081
3 1081 1090 1093
3 1068 1067 1084
3 1084 1067 1085
3 1152 1150 1079
3 1079 1150 1057
3 1370 1176 1178
3 1178 1176 1175
3 1098 1071 1102
3 1102 1071 1175
3 1067 1070 1085
3 1085 1070 1072
3 1084 1083 1179
3 1179 1083 1468
3 1065 1064 1182
3 1182 1064 1180
3 1152 1151 1176
3 1176 1151 1177
3 1090 1080 1181
3 1181 1080 1182
3 1056 1524 1078
3 1078 1524 1526
3 1119 1116 1075
3 1075 1116 1076
3 1086 1089 1106
3 1106 1089 1107
3 1126 1125 1109
3 1109 1125 1110
3 1094 1115 1095
3 1095 1115 1114
3 1470 1077 1118
3 1118 1077 1076
3 1086 1106 1154
3 1154 1106 1157
3 1375 1373 1156
3 1156 1373 1157
3 1075 1074 1373
3 1373 1074 1372
3 1108 1466 1109
3 1109 1466 1471
3 1466 1465 1471
3 1471 1465 1472
3 1134 1474 1113
3 1113 1474 1114
3 1470 1118 1094
3 1094 1118 1115
3 1125 1531 1110
3 1110 1531 1529
3 913 1275 1479
3 1479 1275 1516
3 3126 3127 1222
3 1222 3127 1223
3 823 932 1454
3 1454 932 3128
3 3130 1447 3129
3 3129 1447 1446
3 3131 3132 1451
3 1451 3132 1452
3 3129 1446 1321
3 1321 1446 1454
3 932 1513 3128
3 3128 1513 3133
3 1160 3134 1479
3 1479 3134 1480
3 3127 3135 1223
3 1223 3135 1498
3 3132 1161 1452
3 1452 1161 1516
3 1514 3126 1534
3 1534 3126 1222
3 3094 3084 3130
3 3130 3084 1447
3 3136 3091 3084
3 3084 3091 3085
3 3137 3115 3136
3 3136 3115 3091
3 3109 3108 3116
3 3116 3108 3138
3 3104 3139 3116
3 3116 3139 3117
3 3139 3140 3117
3 3117 3140 3118
3 3141 3119 3140
3 3140 3119 3118
3 1497 3142 1276
3 1276 3142 881
3 3143 3144 1339
3 1339 3144 1338
3 1339 3145 3143
3 3143 3145 3146
3 3144 3143 3142
3 3142 3143 3147
3 870 900 871
3 871 900 1361
3 3148 3147 3146
3 3146 3147 3143
3 1207 3149 1208
3 3097 1785 1780
3 1780 1785 1781
3 2929 2928 3122
3 3122 2928 2910
3 1793 1790 2915
3 2915 1790 2916
3 1792 3100 2917
3 2917 3100 2918
3 1795 1793 2919
3 2919 1793 2915
3 3150 3151 2920
3 2920 3151 2921
3 3152 3153 2922
3 2922 3153 2923
3 2918 3100 2911
3 2911 3100 2912
3 3154 1795 2924
3 2924 1795 2919
3 3153 3155 2923
3 2923 3155 2925
3 1790 1792 2916
3 2916 1792 2917
3 3156 3157 2926
3 2926 3157 2927
3 1779 2929 1780
3 1780 2929 3122
3 2824 1266 1188
3 1188 1266 1189
3 2826 2827 1249
3 1249 2827 1250
3 1488 2829 1323
3 1323 2829 1324
3 922 1327 1333
3 1333 1327 1334
3 1484 2831 1481
3 1481 2831 1482
3 1265 1489 1491
3 1491 1489 1492
3 1332 1345 1333
3 1333 1345 2823
3 721 798 1491
3 1491 798 1189
3 663 656 1481
3 1481 656 2832
3 630 633 1323
3 1323 633 1492
3 2827 1493 1250
3 1250 1493 2834
3 1248 3020 1249
3 1249 3020 2837
3 797 2836 1188
3 1188 2836 2835
3 3099 841 3159
3 3159 841 3158
3 1787 3100 1788
3 1788 3100 1792
3 1791 815 1788
3 1788 815 1789
3 816 815 1794
3 1794 815 1791
3 937 816 1796
3 1796 816 1794
3 1795 3154 1796
3 1796 3154 1797
3 3154 3157 1797
3 1797 3157 1798
3 3156 3151 1800
3 1800 3151 1801
3 3150 3155 1802
3 1802 3155 1803
3 3153 3152 1804
3 1804 3152 1805
3 3152 3160 1805
3 1805 3160 1806
3 3098 842 3099
3 3099 842 841
3 1787 1786 3101
3 3101 1786 3111
3 2909 3114 3123
3 3123 3114 3121
3 3098 3097 3121
3 3121 3097 3123
3 415 1906 3051
3 3051 1906 3070
3 3045 3046 3162
3 3162 3046 3161
3 248 444 258
3 258 444 3163
3 424 3164 423
3 423 3164 460
3 407 409 328
3 328 409 329
3 38 330 39
3 39 330 331
3 304 303 422
3 422 303 463
3 384 253 457
3 457 253 391
3 249 414 250
3 250 414 411
3 232 336 233
3 233 336 3165
3 434 3054 1907
3 1907 3054 3071
3 442 1908 3055
3 3055 1908 3072
3 3166 3048 3056
3 3056 3048 443
3 451 3057 1331
3 1331 3057 3068
3 233 3165 345
3 345 3165 410
3 3045 3162 461
3 461 3162 3058
3 258 3163 259
3 259 3163 335
3 3046 416 3161
3 3161 416 3052
3 462 3167 433
3 433 3167 3053
3 453 829 424
3 424 829 3164
3 3061 3168 3062
3 3062 3168 3169
3 1354 1353 1533
3 1533 1353 3170
3 3062 3169 3067
3 3067 3169 3171
3 573 3060 3061
3 3061 3060 3168
3 1533 3170 1534
3 1534 3170 3172
3 3078 2872 3171
3 3171 2872 3067
3 2837 3024 2838
3 2838 3024 3173
3 3175 3176 3174
3 3174 3176 3177
3 3179 1124 3178
3 3178 1124 1127
3 3181 3182 3180
3 3180 3182 3183
3 1133 3184 1129
3 1129 3184 3181
3 3185 3186 3188
3 3188 3186 3187
3 3190 3188 3189
3 3189 3188 3187
3 1136 1121 3189
3 3189 1121 3191
3 3174 3177 3192
3 3192 3177 3193
3 3180 3183 3178
3 3178 3183 3194
3 3196 3197 3195
3 3195 3197 3179
3 3199 3177 3198
3 3198 3177 3176
3 3201 3195 3200
3 3200 3195 3194
3 3203 3183 3202
3 3202 3183 3182
3 3205 3206 3204
3 3204 3206 3185
3 3204 3185 3207
3 3207 3185 3188
3 3208 3207 3190
3 3190 3207 3188
3 3209 3193 3199
3 3199 3193 3177
3 3200 3194 3203
3 3203 3194 3183
3 3196 3210 3176
3 3176 3210 3198
3 3212 3213 3211
3 3211 3213 3214
3 3216 3217 3215
3 3215 3217 3218
3 3220 3221 3219
3 3219 3221 3222
3 3224 3225 3223
3 3223 3225 3226
3 3228 3229 3227
3 3227 3229 3230
3 3232 3233 3231
3 3231 3233 3234
3 3236 3237 3235
3 3235 3237 3238
3 3237 3239 3238
3 3238 3239 3240
3 3231 3234 3241
3 3241 3234 3242
3 3244 3245 3243
3 3243 3245 3246
3 3247 3248 3244
3 3244 3248 3245
3 3250 3251 3249
3 3249 3251 3252
3 3254 3251 3253
3 3253 3251 3250
3 3255 3256 3258
3 3258 3256 3257
3 3260 3261 3259
3 3259 3261 3262
3 3264 3262 3263
3 3263 3262 3261
3 3255 3258 3265
3 3265 3258 3266
3 3268 3269 3267
3 3267 3269 3270
3 3268 3271 3269
3 3269 3271 3272
3 3273 3274 3276
3 3276 3274 3275
3 3277 3278 3275
3 3275 3278 3276
3 3280 3281 3279
3 3279 3281 3282
3 3279 3283 3280
3 3280 3283 3284
3 3286 3287 3285
3 3285 3287 3288
3 3289 3290 3287
3 3287 3290 3288
3 3233 3217 3234
3 3234 3217 3216
3 3231 3291 3232
3 3232 3291 3292
3 3238 3293 3235
3 3235 3293 3218
3 3232 3292 3236
3 3236 3292 3294
3 3295 3293 3240
3 3240 3293 3238
3 3239 3237 3296
3 3296 3237 3297
3 3216 3215 3234
3 3234 3215 3242
3 3296 3298 3239
3 3239 3298 3241
3 3245 3299 3246
3 3246 3299 3222
3 3300 3301 3253
3 3253 3301 3243
3 3248 3302 3245
3 3245 3302 3299
3 3244 3303 3247
3 3247 3303 3291
3 3251 3220 3252
3 3252 3220 3219
3 3249 3247 3298
3 3298 3247 3291
3 3221 3220 3254
3 3254 3220 3251
3 3296 3300 3250
3 3250 3300 3253
3 3257 3213 3258
3 3258 3213 3212
3 3256 3255 3303
3 3303 3255 3304
3 3262 3305 3259
3 3259 3305 3214
3 3260 3256 3301
3 3301 3256 3303
3 3306 3305 3264
3 3264 3305 3262
3 3261 3300 3263
3 3263 3300 3307
3 3258 3212 3266
3 3266 3212 3211
3 3307 3308 3263
3 3263 3308 3265
3 3269 3309 3270
3 3270 3309 3230
3 3310 3311 3277
3 3277 3311 3267
3 3269 3272 3309
3 3309 3272 3312
3 3271 3268 3304
3 3304 3268 3313
3 3276 3228 3273
3 3273 3228 3227
3 3274 3271 3308
3 3308 3271 3304
3 3278 3229 3276
3 3276 3229 3228
3 3275 3307 3277
3 3277 3307 3310
3 3280 3314 3281
3 3281 3314 3226
3 3289 3315 3282
3 3282 3315 3316
3 3280 3284 3314
3 3314 3284 3317
3 3283 3279 3313
3 3313 3279 3318
3 3288 3224 3285
3 3285 3224 3223
3 3286 3283 3311
3 3283 3313 3311
3 3290 3225 3288
3 3288 3225 3224
3 3287 3310 3289
3 3289 3310 3315
3 3211 3214 3306
3 3306 3214 3305
3 3293 3295 3218
3 3218 3295 3215
3 3302 3219 3299
3 3299 3219 3222
3 3223 3226 3317
3 3317 3226 3314
3 3227 3230 3312
3 3312 3230 3309
3 3233 3232 3235
3 3235 3232 3236
3 3242 3240 3241
3 3241 3240 3239
3 3246 3254 3243
3 3243 3254 3253
3 3252 3248 3249
3 3249 3248 3247
3 3259 3257 3260
3 3260 3257 3256
3 3265 3266 3263
3 3263 3266 3264
3 3267 3270 3277
3 3277 3270 3278
3 3273 3272 3274
3 3274 3272 3271
3 3282 3281 3289
3 3289 3281 3290
3 3285 3284 3286
3 3286 3284 3283
3 3217 3233 3218
3 3218 3233 3235
3 3294 3297 3236
3 3236 3297 3237
3 3215 3295 3242
3 3242 3295 3240
3 3241 3298 3231
3 3231 3298 3291
3 3222 3221 3246
3 3246 3221 3254
3 3243 3301 3244
3 3244 3301 3303
3 3302 3248 3219
3 3219 3248 3252
3 3296 3250 3298
3 3298 3250 3249
3 3214 3213 3259
3 3259 3213 3257
3 3300 3261 3301
3 3301 3261 3260
3 3211 3306 3266
3 3266 3306 3264
3 3265 3308 3255
3 3255 3308 3304
3 3270 3230 3278
3 3278 3230 3229
3 3267 3311 3268
3 3268 3311 3313
3 3227 3312 3273
3 3273 3312 3272
3 3307 3275 3308
3 3308 3275 3274
3 3281 3226 3290
3 3290 3226 3225
3 3316 3318 3282
3 3282 3318 3279
3 3223 3317 3285
3 3285 3317 3284
3 3311 3310 3286
3 3310 3287 3286
3 3319 3320 3193
3 3193 3320 3192
3 1374 3320 1120
3 1120 3320 3321
3 3322 3323 3321
3 3321 3323 3191
3 3174 1123 3175
3 3175 1123 1122
3 3178 3194 3179
3 3179 3194 3195
3 3180 1130 3181
3 3181 1130 1129
3 3206 3184 3185
3 3185 3184 3186
3 1135 3187 1132
3 1132 3187 3186
3 3189 3187 1136
3 1136 3187 1135
3 3192 1158 3174
3 3174 1158 1123
3 3178 1127 3180
3 3180 1127 1130
3 1532 3197 1122
3 1122 3197 3175
3 3320 1374 3192
3 3192 1374 1158
3 3320 3319 3321
3 3321 3319 3322
3 1121 1120 3191
3 3191 1120 3321
3 3193 3209 3319
3 3319 3209 3324
3 3323 3322 3326
3 3326 3322 3325
3 3319 3324 3322
3 3322 3324 3325
3 3207 3327 3204
3 3204 3327 3328
3 3329 3205 3328
3 3328 3205 3204
3 3202 3330 3203
3 3203 3330 3331
3 3209 3332 3324
3 3324 3332 3333
3 3324 3333 3325
3 3325 3333 3334
3 3326 3325 3335
3 3335 3325 3334
3 3326 3208 3323
3 3323 3208 3190
3 3189 3191 3190
3 3190 3191 3323
3 3337 3338 3336
3 3336 3338 3339
3 3337 3340 3338
3 3338 3340 3341
3 3340 3342 3341
3 3341 3342 3343
3 3342 3344 3343
3 3343 3344 3345
3 3344 3346 3345
3 3345 3346 3347
3 3346 3348 3347
3 3347 3348 3349
3 3336 3339 3350
3 3350 3339 3351
3 3350 3351 3352
3 3352 3351 3353
3 3352 3353 3354
3 3354 3353 3355
3 3349 3348 3356
3 3356 3348 3357
3 3354 3355 3358
3 3358 3355 3359
3 3358 3359 3360
3 3360 3359 3361
3 3360 3361 3362
3 3362 3361 3363
3 3362 3363 3357
3 3357 3363 3356
3 3338 3341 3364
3 3364 3341 3365
3 3341 3343 3365
3 3365 3343 3366
3 3343 3345 3366
3 3366 3345 3367
3 3345 3347 3367
3 3367 3347 3368
3 3347 3349 3368
3 3368 3349 3369
3 3367 3368 3370
3 3370 3368 3371
3 3368 3369 3371
3 3371 3369 3372
3 3372 3373 3371
3 3371 3373 3374
3 3376 3377 3375
3 3375 3377 3378
3 3376 3374 3377
3 3377 3374 3373
3 3374 3379 3371
3 3371 3379 3370
3 3376 3380 3374
3 3374 3380 3379
3 3375 3381 3376
3 3376 3381 3380
3 3383 3384 3382
3 3382 3384 3385
3 3383 3382 3387
3 3387 3382 3386
3 3387 3386 3388
3 3388 3386 3389
3 3391 3384 3390
3 3390 3384 3383
3 3387 3392 3383
3 3383 3392 3390
3 3388 3393 3387
3 3387 3393 3392
3 3388 3394 3393
3 3393 3394 3395
3 3394 3388 3396
3 3396 3388 3389
3 3338 3364 3339
3 3339 3364 3397
3 3339 3397 3351
3 3351 3397 3398
3 3370 3399 3367
3 3367 3399 3366
3 3399 3400 3366
3 3366 3400 3365
3 3365 3400 3364
3 3364 3400 3401
3 3397 3364 3402
3 3402 3364 3401
3 3397 3402 3398
3 3398 3402 3403
3 3402 3404 3403
3 3403 3404 3405
3 3351 3398 3353
3 3353 3398 3406
3 3398 3403 3406
3 3406 3403 3407
3 3403 3405 3407
3 3407 3405 3408
3 3404 3409 3405
3 3405 3409 3410
3 3409 3411 3410
3 3410 3411 3412
3 3396 3413 3394
3 3394 3413 3414
3 3416 3414 3415
3 3415 3414 3411
3 3409 3417 3411
3 3411 3417 3415
3 3409 3404 3417
3 3417 3404 3418
3 3404 3402 3418
3 3418 3402 3401
3 3369 3349 3419
3 3419 3349 3356
3 3372 3369 3420
3 3420 3369 3419
3 3373 3372 3421
3 3421 3372 3420
3 3377 3373 3422
3 3422 3373 3421
3 3377 3422 3378
3 3378 3422 3423
3 3423 3424 3378
3 3378 3424 3385
3 3382 3425 3386
3 3386 3425 3426
3 3386 3426 3389
3 3389 3426 3427
3 3389 3427 3396
3 3396 3427 3428
3 3428 3429 3396
3 3396 3429 3413
3 3410 3412 3430
3 3430 3412 3431
3 3405 3410 3408
3 3408 3410 3430
3 3400 3399 3334
3 3334 3399 3335
3 3400 3334 3401
3 3401 3334 3333
3 3401 3333 3418
3 3418 3333 3332
3 3418 3332 3417
3 3417 3332 3432
3 3417 3432 3415
3 3415 3432 3433
3 3434 3416 3433
3 3433 3416 3415
3 3393 3395 3435
3 3435 3395 3436
3 3392 3393 3331
3 3331 3393 3435
3 3392 3331 3390
3 3390 3331 3330
3 3329 3391 3330
3 3330 3391 3390
3 3381 3328 3380
3 3380 3328 3327
3 3353 3406 3355
3 3355 3406 3437
3 3355 3437 3359
3 3359 3437 3438
3 3359 3438 3361
3 3361 3438 3439
3 3361 3439 3363
3 3363 3439 3440
3 3363 3440 3356
3 3356 3440 3419
3 3420 3419 3441
3 3441 3419 3440
3 3441 3440 3442
3 3442 3440 3439
3 3442 3439 3443
3 3443 3439 3438
3 3443 3438 3444
3 3444 3438 3437
3 3444 3437 3407
3 3407 3437 3406
3 3421 3420 3445
3 3445 3420 3441
3 3445 3441 3446
3 3446 3441 3442
3 3446 3442 3447
3 3447 3442 3443
3 3447 3443 3448
3 3448 3443 3444
3 3448 3444 3408
3 3408 3444 3407
3 3408 3430 3448
3 3448 3430 3449
3 3448 3449 3447
3 3447 3449 3450
3 3450 3451 3447
3 3447 3451 3446
3 3446 3451 3445
3 3445 3451 3452
3 3445 3452 3421
3 3421 3452 3422
3 3423 3422 3453
3 3453 3422 3452
3 3451 3454 3452
3 3452 3454 3453
3 3451 3450 3454
3 3454 3450 3455
3 3449 3456 3450
3 3450 3456 3455
3 3430 3431 3449
3 3449 3431 3456
3 3453 3457 3423
3 3423 3457 3424
3 3426 3425 3458
3 3458 3425 3459
3 3427 3426 3460
3 3460 3426 3458
3 3427 3460 3428
3 3428 3460 3461
3 3461 3462 3428
3 3428 3462 3429
3 3463 3464 3461
3 3461 3464 3462
3 3454 3465 3453
3 3453 3465 3457
3 3464 3463 3465
3 3465 3463 3466
3 3460 3458 3467
3 3467 3458 3468
3 3467 3468 3463
3 3463 3468 3466
3 3463 3461 3467
3 3467 3461 3460
3 3458 3459 3468
3 3468 3459 3466
3 3294 3350 3297
3 3297 3350 3352
3 3352 3354 3297
3 3297 3354 3296
3 3296 3354 3300
3 3300 3354 3358
3 3300 3358 3307
3 3307 3358 3360
3 3307 3360 3310
3 3310 3360 3362
3 3310 3362 3315
3 3315 3362 3357
3 3315 3357 3316
3 3316 3357 3348
3 3348 3346 3316
3 3316 3346 3318
3 3346 3344 3318
3 3318 3344 3313
3 3344 3342 3313
3 3313 3342 3304
3 3342 3340 3304
3 3304 3340 3303
3 3303 3340 3291
3 3291 3340 3337
3 3291 3337 3292
3 3292 3337 3336
3 3292 3336 3294
3 3294 3336 3350
3 3436 3201 3435
3 3435 3201 3200
3 3435 3200 3331
3 3331 3200 3203
3 3432 3199 3433
3 3433 3199 3198
3 3210 3434 3198
3 3198 3434 3433
3 3332 3209 3432
3 3432 3209 3199
3 3379 3469 3370
3 3399 3370 3335
3 3335 3370 3469
3 3380 3327 3379
3 3379 3327 3469
3 3469 3327 3208
3 3208 3327 3207
3 3335 3469 3326
3 3326 3469 3208
3 1544 1762 1545
3 1545 1762 1761
3 1402 1545 772
3 772 1545 769
3 1220 3012 1219
3 1219 3012 3470
3 1304 2876 1305
3 1305 2876 2878
3 1219 3470 827
3 827 3470 828
3 1216 1753 3471
3 3471 1753 1755
3 1048 3472 1047
3 1047 3472 3473
3 1370 1178 3472
3 3472 1178 3473
3 1073 3474 1178
3 1178 3474 3473
3 3473 3474 1047
3 1047 3474 1055
3 918 665 1344
3 1344 665 664
3 855 679 918
3 918 679 665
3 678 679 1448
3 1448 679 857
3 1366 877 1499
3 1499 877 876
3 1365 907 1366
3 1366 907 877
3 1511 915 1512
3 1512 915 914
3 946 1367 947
3 947 1367 1368
3 1046 1020 1043
3 1043 1020 1019
3 1369 1048 1018
3 1018 1048 1019
3 1172 1029 1173
3 1173 1029 1032
3 3125 1187 1463
3 1463 1187 1186
3 1799 1450 1511
3 1511 1450 915
3 1174 1173 1185
3 1185 1173 1186
3 1029 1172 1046
3 1046 1172 1020
3 1512 914 3475
3 3475 914 1480
3 1344 664 3476
3 3476 664 1482
3 1501 1500 875
3 875 1500 876
3 1204 1450 1802
3 1802 1450 1801
3 3478 2831 3477
3 3477 2831 2830
3 1448 857 2926
3 2926 857 2921
3 907 1365 946
3 946 1365 1367
3 948 947 3125
3 3125 947 1187
3 3479 3134 1501
3 1501 3134 1500
3 2926 2921 3156
3 3156 2921 3151
3 3476 1482 3478
3 3478 1482 2831
3 1802 1801 3150
3 3150 1801 3151
3 662 657 663
3 663 657 656
3 654 657 938
3 938 657 705
3 1511 869 1799
3 1799 869 868
3 874 873 875
3 875 873 872
3 848 873 904
3 904 873 957
3 948 961 945
3 945 961 960
3 977 3125 978
3 978 3125 1463
3 1030 1167 1031
3 1031 1167 1021
3 1044 1012 1045
3 1045 1012 1011
3 1044 1043 1055
3 1055 1043 1047
3 1046 1045 1029
3 1029 1045 1030
3 938 705 939
3 939 705 1449
3 978 1463 1031
3 1031 1463 1032
3 3479 1477 3475
3 3475 1477 3133
3 2828 1486 2829
3 2829 1486 1485
3 847 1229 872
3 872 1229 1478
3 866 869 932
3 932 869 1513
3 1799 868 1800
3 1800 868 1798
3 2829 1485 1324
3 1324 1485 2832
3 939 1449 2924
3 2924 1449 2927
3 945 960 906
3 906 960 957
3 958 961 976
3 976 961 977
3 3475 3133 1512
3 1512 3133 1513
3 2924 2927 3154
3 3154 2927 3157
3 1324 2832 655
3 655 2832 656
3 1800 1798 3156
3 3156 1798 3157
3 1073 1054 3474
3 3474 1054 1055
3 1370 3472 1369
3 1369 3472 1048
3 2883 614 3480
3 3480 614 617
3 3477 2830 2845
3 2845 2830 616
3 2830 1483 616
3 616 1483 617
3 1483 1486 617
3 617 1486 3480
3 2847 3480 2828
3 2828 3480 1486
3 1479 1516 1160
3 1160 1516 1161
3 3128 1322 1454
3 1454 1322 1321
3 3128 3133 1322
3 1322 3133 1477
3 1534 3172 1514
3 1514 3172 1515
3 3084 3094 3136
3 3136 3094 3093
3 3136 3093 3137
3 3137 3093 3103
3 3116 3138 3104
3 3104 3138 3105
3 1137 1140 3126
3 3126 1140 3127
3 3080 3130 1263
3 1263 3130 3129
3 1226 1225 3131
3 3131 1225 3132
3 1263 3129 1228
3 1228 3129 1321
3 1159 1500 1160
3 1160 1500 3134
3 1140 1475 3127
3 3127 1475 3135
3 1225 1162 3132
3 3132 1162 1161
3 1362 1137 1514
3 1514 1137 3126
3 3083 3094 3080
3 3080 3094 3130
3 3088 883 3104
3 3104 883 3139
3 883 882 3139
3 3139 882 3140
3 882 3481 3140
3 3140 3481 3141
3 3475 1480 3479
3 3479 1480 3134
3 1501 1478 3479
3 3479 1478 1477
3 3167 462 439
3 713 1879 714
3 714 1879 2904
3 895 731 2969
3 2969 731 730
3 1262 833 3081
3 3081 833 832
3 897 1230 852
3 852 1230 853
3 3124 889 2930
3 2930 889 888
3 1236 892 2850
3 2850 892 891
3 897 852 898
3 898 852 962
3 987 986 988
3 988 986 985
3 1001 1006 1002
3 1002 1006 1005
3 1037 1035 1006
3 1006 1035 1003
3 1069 1051 1004
3 1004 1051 1005
3 1068 1066 1069
3 1069 1066 1051
3 1129 1128 1133
3 1133 1128 1134
3 878 1166 879
3 879 1166 1165
3 1170 1168 1036
3 1036 1168 1037
3 1084 1179 1068
3 1068 1179 1066
3 1208 1209 878
3 878 1209 1166
3 2884 1214 1753
3 1753 1214 1213
3 1262 854 833
3 833 854 853
3 707 1243 1825
3 1825 1243 1242
3 2908 893 1253
3 1253 893 892
3 1227 1360 963
3 963 1360 1359
3 2907 2906 1435
3 1435 2906 1436
3 2989 1439 2990
3 2990 1439 1438
3 963 1359 964
3 964 1359 1453
3 949 1456 950
3 950 1456 1455
3 969 1462 970
3 970 1462 1461
3 1024 1168 983
3 983 1168 985
3 1083 1096 1468
3 1468 1096 1469
3 1095 1114 1473
3 1473 1114 1474
3 1139 1360 1140
3 1140 1360 1475
3 1211 1494 2827
3 2827 1494 1493
3 879 1165 1451
3 1451 1165 1498
3 714 2904 1503
3 1503 2904 2905
3 953 1518 954
3 954 1518 1517
3 1025 1519 991
3 991 1519 1517
3 1028 1519 1042
3 1042 1519 1520
3 996 1521 1039
3 1039 1521 1520
3 1014 1521 1015
3 1015 1521 1522
3 1522 995 1523
3 1523 995 1061
3 1056 1059 1524
3 1524 1059 1523
3 1093 1527 1081
3 1081 1527 1526
3 1525 1527 1088
3 1088 1527 1528
3 1089 1530 1107
3 1107 1530 1529
3 1124 1532 1125
3 1125 1532 1531
3 3482 1754 726
3 726 1754 1213
3 734 1813 706
3 706 1813 1812
3 2890 1833 1245
3 1245 1833 1242
3 2903 1880 1846
3 1846 1880 1847
3 1851 1854 1852
3 1852 1854 1857
3 1901 2902 1876
3 1876 2902 1877
3 2902 2903 1877
3 1877 2903 1846
3 713 712 1847
3 1847 712 1848
3 1439 2989 1882
3 1882 2989 2988
3 1882 2988 1851
3 1851 2988 1854
3 2894 1887 2891
3 2891 1887 1886
3 773 776 1876
3 1876 776 1902
3 1250 2834 1251
3 1251 2834 2833
3 1212 2843 1211
3 1211 2843 1494
3 2850 891 1212
3 1212 891 2843
3 3122 2910 3123
3 3123 2910 2909
3 886 2928 887
3 887 2928 888
3 1434 2962 1435
3 1435 2962 2960
3 1252 1437 1253
3 1253 1437 1436
3 2969 730 734
3 734 730 1813
3 732 731 2884
3 2884 731 1214
3 2900 2901 2975
3 2975 2901 2976
3 2974 2981 2975
3 2975 2981 2978
3 2898 2899 2980
3 2980 2899 2978
3 2898 2980 2897
3 2897 2980 2982
3 2985 2984 2983
3 2983 2984 2982
3 2896 2984 2895
3 2895 2984 2987
3 2990 1438 2986
3 2986 1438 2987
3 776 2977 1902
3 1902 2977 2976
3 1884 1887 1857
3 1857 1887 1852
3 3089 3087 835
3 835 3087 832
3 3082 3087 3096
3 3096 3087 3095
3 3096 3095 3103
3 3103 3095 3105
3 3110 3115 3107
3 3107 3115 3108
3 3111 3110 3113
3 3113 3110 3107
3 3112 3121 3113
3 3113 3121 3114
3 890 889 2836
3 2836 889 2833
3 950 1455 953
3 953 1455 1518
3 966 1456 935
3 935 1456 1453
3 970 1461 901
3 901 1461 962
3 1460 1462 987
3 987 1462 986
3 1465 1467 1473
3 1473 1467 1469
3 1088 1528 1089
3 1089 1528 1530
3 1183 1180 1468
3 1468 1180 1179
3 1081 1526 1060
3 1060 1526 1524
3 1128 1472 1134
3 1134 1472 1474
3 1107 1529 1104
3 1104 1529 1531
3 1451 1498 3131
3 3131 1498 3135
3 3108 3115 3138
3 3138 3115 3137
3 2911 2910 886
3 886 2910 2928
3 2835 2834 1496
3 1496 2834 1493
3 2912 3101 2909
3 2909 3101 3114
3 1132 3186 1133
3 1133 3186 3184
3 3176 3175 3196
3 3196 3175 3197
3 3202 3182 3205
3 3205 3182 3206
3 3195 3201 3196
3 3196 3201 3210
3 3182 3181 3206
3 3206 3181 3184
3 1124 3179 1532
3 1532 3179 3197
3 3330 3202 3329
3 3329 3202 3205
3 3375 3378 3384
3 3384 3378 3385
3 3381 3375 3391
3 3391 3375 3384
3 3411 3414 3412
3 3412 3414 3413
3 3416 3395 3414
3 3414 3395 3394
3 3382 3385 3425
3 3425 3385 3424
3 3412 3413 3431
3 3431 3413 3429
3 3436 3395 3434
3 3434 3395 3416
3 3328 3381 3329
3 3329 3381 3391
3 3425 3424 3459
3 3459 3424 3457
3 3431 3429 3456
3 3456 3429 3462
3 3456 3462 3455
3 3455 3462 3464
3 3459 3457 3466
3 3466 3457 3465
3 3465 3454 3464
3 3464 3454 3455
3 3201 3436 3210
3 3210 3436 3434
3 3103 3105 3137
3 3137 3105 3138
3 3131 3135 1226
3 1226 3135 1475
3 942 686 599
3 599 686 600
3 595 624 666
3 666 624 1296
3 686 685 600
3 600 685 652
3 1318 783 710
3 710 783 711
3 1810 606 782
3 782 606 711
3 861 920 916
3 916 920 919
3 3477 924 3478
3 3478 924 923
3 2845 925 3477
3 3477 925 924
3 658 661 928
3 928 661 929
3 855 920 856
3 856 920 1203
3 1205 863 1206
3 1206 863 862
3 2875 1218 2876
3 2876 1218 1217
3 666 1296 592
3 592 1296 1295
3 916 919 1332
3 1332 919 1345
3 685 692 652
3 652 692 929
3 1276 912 1497
3 1497 912 1206
3 591 1535 609
3 609 1535 710
3 863 1205 1804
3 1804 1205 1803
3 1316 1535 1899
3 1899 1535 1808
3 1899 1808 1294
3 1294 1808 1295
3 3478 923 3476
3 3476 923 2823
3 926 925 1202
3 1202 925 2846
3 3483 2858 3031
3 3031 2858 3032
3 3471 2877 1216
3 1216 2877 1217
3 2888 2887 2879
3 2879 2887 2880
3 2885 2882 2886
3 2886 2882 2881
3 928 927 2846
3 2846 927 1202
3 856 1203 2920
3 2920 1203 2925
3 1819 1818 2881
3 2881 1818 2880
3 1820 2882 2875
3 2875 2882 1218
3 781 2888 782
3 782 2888 2879
3 1351 3033 1352
3 1352 3033 3032
3 3030 3033 3040
3 3040 3033 3042
3 943 942 3042
3 3042 942 599
3 1338 3144 1497
3 1497 3144 3142
3 1207 881 3147
3 3147 881 3142
3 2920 2925 3150
3 3150 2925 3155
3 3476 2823 1344
3 1344 2823 1345
3 1804 1803 3153
3 3153 1803 3155
3 885 3102 882
3 882 3102 3481
3 840 1247 3484
3 3484 1247 3120
3 2810 2818 2811
3 2811 2818 2815
3 2817 2814 2816
3 2816 2814 2805
3 2816 2815 2817
3 2817 2815 2818
3 2792 2794 2818
3 2818 2794 2817
3 242 351 2792
3 2792 351 2794
3 241 352 242
3 242 352 351
3 358 190 241
3 241 190 352
3 246 191 358
3 358 191 190
3 156 192 246
3 246 192 191
3 155 193 156
3 156 193 192
3 377 260 155
3 155 260 193
3 377 380 260
3 260 380 194
3 194 380 195
3 195 380 375
3 195 375 197
3 197 375 374
3 374 1775 197
3 197 1775 196
3 1775 1766 196
3 196 1766 273
3 180 273 198
3 198 273 1766
3 567 565 563
3 563 565 562
3 567 568 565
3 565 568 566
3 500 1772 1770
3 1770 1772 577
3 546 578 1772
3 1772 578 577
3 3485 469 473
3 473 469 468
3 449 581 3486
3 3486 581 3487
3 581 582 3487
3 3487 582 3488
3 582 583 3488
3 3488 583 3489
3 3489 583 3490
3 3490 583 542
3 469 3485 465
3 465 3485 466
3 3488 3489 502
3 502 3489 503
3 502 3491 3488
3 3488 3491 3487
3 3491 502 3492
3 3492 502 501
3 3494 3491 3493
3 3493 3491 3492
3 3486 3487 3494
3 3494 3487 3491
3 467 1773 464
3 464 1773 569
3 3493 3492 1774
3 1774 3492 1770
3 3489 3490 503
3 503 3490 1771
3 3490 542 1771
3 1771 542 547
3 449 3486 473
3 473 3486 3485
3 3494 466 3486
3 3486 466 3485
3 3493 467 3494
3 3494 467 466
3 467 3493 1773
3 1773 3493 1774
3 500 1770 501
3 501 1770 3492
3 526 365 383
3 383 365 364
3 521 523 526
3 526 523 365
3 520 533 521
3 521 533 523
3 529 534 520
3 520 534 533
3 507 485 512
3 512 485 531
3 512 531 540
3 540 531 534
3 666 667 595
3 595 667 596
3 1293 1296 623
3 623 1296 624
3 602 640 603
3 603 640 639
3 1289 1292 649
3 649 1292 650
3 1757 690 659
3 659 690 660
3 601 670 598
3 598 670 669
3 653 661 689
3 689 661 660
3 2855 597 694
3 694 597 596
3 601 653 670
3 670 653 689
3 603 639 675
3 675 639 703
3 1825 1828 707
3 707 1828 708
3 1287 1283 739
3 739 1283 740
3 754 753 757
3 757 753 758
3 2852 2855 931
3 931 2855 694
3 688 690 1191
3 1191 690 1192
3 783 1318 1239
3 1239 1318 1240
3 1812 1815 1243
3 1243 1815 1244
3 753 1287 758
3 758 1287 739
3 1893 1241 1317
3 1317 1241 1240
3 2866 1347 1417
3 1417 1347 1346
3 675 703 672
3 672 703 1346
3 1283 1286 740
3 740 1286 1418
3 1420 1425 1421
3 1421 1425 1424
3 1757 659 614
3 614 659 615
3 1191 1190 1420
3 1420 1190 1425
3 2961 1838 1503
3 1503 1838 1504
3 940 1193 1758
3 1758 1193 1192
3 1286 1536 1418
3 1418 1536 1759
3 1881 2892 1822
3 1822 2892 1823
3 1885 1890 1826
3 1826 1890 1827
3 1886 1885 1833
3 1833 1885 1826
3 1840 715 1837
3 1837 715 1504
3 781 783 1849
3 1849 783 1239
3 1238 1241 1862
3 1862 1241 1863
3 1241 1893 1863
3 1863 1893 1872
3 1821 1238 1822
3 1822 1238 1862
3 1317 1316 1894
3 1894 1316 1899
3 1893 1895 1872
3 1872 1895 1896
3 1290 1895 1291
3 1291 1895 1894
3 604 1897 605
3 605 1897 1896
3 1257 1256 2853
3 2853 1256 2854
3 1256 1350 2854
3 2854 1350 2856
3 1350 1352 2856
3 2856 1352 2857
3 1352 3032 2857
3 2857 3032 2858
3 2859 2860 3035
3 3035 2860 3036
3 2861 2862 2869
3 2869 2862 3038
3 2869 2868 2861
3 2861 2868 2863
3 2867 2864 2868
3 2868 2864 2863
3 1763 2865 2867
3 2867 2865 2864
3 1536 1198 1759
3 1759 1198 1347
3 614 2883 1757
3 1757 2883 1758
3 1824 1245 2889
3 2889 1245 1244
3 2892 2891 1823
3 1823 2891 2890
3 760 2959 757
3 757 2959 2905
3 2999 2942 2939
3 2939 2942 2940
3 2967 709 2949
3 2949 709 708
3 1763 1422 2865
3 2865 1422 2952
3 1422 644 2952
3 2952 644 2953
3 644 643 2953
3 2953 643 2954
3 643 737 2954
3 2954 737 2955
3 737 763 2955
3 2955 763 2956
3 763 762 2956
3 2956 762 2957
3 762 2907 2957
3 2957 2907 2958
3 2907 1435 2958
3 2958 1435 2960
3 1836 2963 1434
3 1434 2963 2962
3 1836 2936 2963
3 2963 2936 2964
3 2935 2967 2965
3 2965 2967 2949
3 1839 2941 1837
3 1837 2941 2940
3 2938 2948 2939
3 2939 2948 3005
3 2938 2941 2965
3 2965 2941 2964
3 1821 1824 1849
3 1849 1824 2889
3 1890 3004 1827
3 1827 3004 3005
3 3034 3037 3044
3 3044 3037 3041
3 3044 3043 3034
3 3034 3043 3039
3 668 1421 3044
3 3044 1421 3043
3 598 669 3040
3 3040 669 3041
3 930 3066 931
3 931 3066 3064
3 2852 3065 2853
3 2853 3065 3075
3 3066 3495 3064
3 3064 3495 3496
3 3065 3497 3075
3 3075 3497 3498
3 706 1812 707
3 707 1812 1243
3 2959 2961 2905
3 2905 2961 1503
3 2891 1886 2890
3 2890 1886 1833
3 1838 2961 2962
3 2962 2961 2960
3 594 625 595
3 595 625 624
3 622 625 3483
3 3483 625 2858
3 1290 1289 605
3 605 1289 602
3 1289 649 602
3 602 649 640
3 640 649 641
3 641 649 648
3 2859 2862 648
3 648 2862 641
3 3035 3038 2859
3 2859 3038 2862
3 3034 3039 3035
3 3035 3039 3038
3 1293 1292 1294
3 1294 1292 1291
3 623 650 1293
3 1293 650 1292
3 622 651 623
3 623 651 650
3 3483 2860 622
3 622 2860 651
3 3031 3036 3483
3 3483 3036 2860
3 3030 3037 3031
3 3031 3037 3036
3 3480 2847 2883
3 2883 2847 941
3 2845 616 1426
3 1426 616 615
3 3048 3166 3047
3 3047 3166 3499
3 1905 3047 3069
3 3069 3047 3499
3 1336 1767 3500
3 3500 1767 3501
3 3019 3502 3020
3 3020 3502 3023
3 2913 3022 3019
3 3019 3022 3502
3 858 1769 859
3 859 1769 3503
3 1335 3504 1767
3 1767 3504 3501
3 3064 3496 3065
3 3065 3496 3497
3 2813 3074 3066
3 3066 3074 3495
3 2838 3173 765
3 765 3173 3016
3 1336 3500 1337
3 1337 3500 1768
3 766 3017 3025
3 3025 3017 3505
3 3075 3498 3063
3 3063 3498 3506
3 726 729 3482
3 3482 729 3029
3 3063 3506 2870
3 2870 3506 3076
3 3099 3159 1785
3 1785 3159 1783
3 3025 3505 751
3 751 3505 3014
3 859 3503 2922
3 2922 3503 3507
3 752 3015 3026
3 3026 3015 3508
3 3026 3508 3007
3 3007 3508 3027
3 1781 1784 1782
3 1782 1784 3021
3 2922 3507 3152
3 3152 3507 3160
3 3147 3148 1207
3 1207 3148 3149
3 1334 1327 3509
3 3509 1327 1326
3 1335 1334 3504
3 3504 1334 3509
3 865 3510 1339
3 1339 3510 3145
3 864 1807 865
3 865 1807 3510
3 841 840 3158
3 3158 840 3484
3 2848 3511 1328
3 1328 3511 1325
3 1201 1330 2848
3 2848 1330 3511
3 3513 3514 3512
3 3512 3514 3515
3 3517 3515 3516
3 3516 3515 3514
3 3518 3519 3513
3 3513 3519 3514
3 3521 3522 3520
3 3520 3522 3523
3 3525 3526 3524
3 3524 3526 3527
3 3529 3530 3528
3 3528 3530 3531
3 3533 3534 3532
3 3532 3534 3535
3 3528 3531 3536
3 3536 3531 3537
3 3536 3538 3528
3 3528 3538 3539
3 3541 3542 3540
3 3540 3542 3543
3 3545 3546 3544
3 3544 3546 3547
3 3549 3533 3548
3 3548 3533 3532
3 3549 3542 3550
3 3550 3542 3551
3 3536 3544 3538
3 3538 3544 3547
3 3552 3553 3555
3 3555 3553 3554
3 3536 3556 3544
3 3544 3556 3545
3 3557 3558 3560
3 3560 3558 3559
3 3562 3563 3561
3 3561 3563 3564
3 3563 3562 3565
3 3565 3562 3566
3 3568 3569 3567
3 3567 3569 3570
3 3572 3573 3571
3 3571 3573 3574
3 3576 3577 3575
3 3575 3577 3578
3 3580 3581 3579
3 3579 3581 3582
3 3584 3585 3583
3 3583 3585 3578
3 3585 3586 3578
3 3578 3586 3575
3 3588 3589 3587
3 3587 3589 3590
3 3591 3592 3594
3 3594 3592 3593
3 3596 3597 3595
3 3595 3597 3594
3 3582 3599 3598
3 3598 3599 3600
3 3602 3598 3601
3 3601 3598 3600
3 3604 3605 3603
3 3603 3605 3606
3 3607 3554 3595
3 3595 3554 3553
3 3596 3609 3608
3 3608 3609 3564
3 3563 3610 3564
3 3564 3610 3608
3 3610 3563 3611
3 3611 3563 3565
3 3612 3613 3568
3 3568 3613 3569
3 3614 3615 3572
3 3572 3615 3573
3 3516 3616 3517
3 3517 3616 3617
3 3619 3620 3618
3 3618 3620 3621
3 3623 3624 3622
3 3622 3624 3625
3 3627 3628 3626
3 3626 3628 3629
3 3631 3632 3630
3 3630 3632 3633
3 3635 3636 3634
3 3634 3636 3637
3 3639 3640 3638
3 3638 3640 3641
3 3642 3643 3638
3 3638 3643 3639
3 3645 3512 3644
3 3644 3512 3646
3 3647 3513 3645
3 3645 3513 3512
3 3648 3518 3647
3 3647 3518 3513
3 3649 3650 3526
3 3526 3650 3651
3 3653 3650 3652
3 3652 3650 3649
3 3567 3570 3654
3 3654 3570 3655
3 3656 3657 3652
3 3652 3657 3658
3 3660 3661 3659
3 3659 3661 3657
3 3663 3664 3662
3 3662 3664 3665
3 3666 3656 3649
3 3649 3656 3652
3 3668 3522 3667
3 3667 3522 3669
3 3671 3672 3670
3 3670 3672 3673
3 3675 3676 3674
3 3674 3676 3677
3 3670 3673 3675
3 3675 3673 3676
3 3679 3680 3678
3 3678 3680 3681
3 3682 3683 3679
3 3679 3683 3680
3 3684 3685 3660
3 3660 3685 3661
3 3685 3686 3661
3 3661 3686 3687
3 3683 3682 3688
3 3688 3682 3689
3 3691 3692 3690
3 3690 3692 3693
3 3690 3693 3694
3 3694 3693 3695
3 3697 3698 3696
3 3696 3698 3699
3 3701 3702 3700
3 3700 3702 3703
3 3704 3705 3518
3 3518 3705 3519
3 3672 3671 3706
3 3706 3671 3707
3 3708 3709 3681
3 3681 3709 3678
3 3710 3711 3691
3 3691 3711 3692
3 3713 3714 3712
3 3712 3714 3715
3 3717 3699 3716
3 3716 3699 3698
3 3719 3720 3718
3 3718 3720 3721
3 3723 3724 3722
3 3722 3724 3725
3 3726 3727 3729
3 3729 3727 3728
3 3721 3720 3730
3 3730 3720 3731
3 3696 3699 3732
3 3732 3699 3713
3 3732 3713 3733
3 3733 3713 3712
3 3720 3722 3731
3 3731 3722 3734
3 3719 3735 3723
3 3723 3735 3736
3 3699 3717 3713
3 3713 3717 3714
3 3716 3698 3737
3 3737 3698 3738
3 3535 3739 3532
3 3532 3739 3539
3 3741 3742 3740
3 3740 3742 3743
3 3745 3746 3744
3 3744 3746 3747
3 3749 3750 3748
3 3748 3750 3751
3 3626 3631 3627
3 3627 3631 3630
3 3753 3754 3752
3 3752 3754 3625
3 3561 3564 3755
3 3755 3564 3609
3 3526 3651 3527
3 3527 3651 3756
3 3757 3523 3668
3 3668 3523 3522
3 3581 3597 3582
3 3582 3597 3599
3 3758 3669 3521
3 3521 3669 3522
3 3674 3677 3759
3 3759 3677 3760
3 3761 3762 3689
3 3689 3762 3688
3 3764 3765 3763
3 3763 3765 3766
3 3767 3738 3697
3 3697 3738 3698
3 3725 3724 3769
3 3769 3724 3768
3 3644 3646 3770
3 3770 3646 3771
3 3644 3677 3645
3 3645 3677 3676
3 3645 3676 3647
3 3647 3676 3673
3 3672 3648 3673
3 3673 3648 3647
3 3706 3772 3672
3 3672 3772 3648
3 3774 3775 3773
3 3773 3775 3776
3 3778 3525 3777
3 3777 3525 3524
3 3525 3778 3666
3 3666 3778 3779
3 3779 3780 3666
3 3666 3780 3656
3 3671 3678 3707
3 3707 3678 3709
3 3670 3679 3671
3 3671 3679 3678
3 3675 3682 3670
3 3670 3682 3679
3 3674 3689 3675
3 3675 3689 3682
3 3759 3761 3674
3 3674 3761 3689
3 3681 3680 3782
3 3782 3680 3781
3 3688 3783 3683
3 3683 3783 3784
3 3683 3784 3680
3 3680 3784 3781
3 3785 3708 3782
3 3782 3708 3681
3 3783 3688 3786
3 3786 3688 3762
3 3788 3556 3787
3 3787 3556 3789
3 3791 3792 3790
3 3790 3792 3793
3 3615 3614 3794
3 3794 3614 3795
3 3796 3797 3726
3 3726 3797 3727
3 3799 3800 3798
3 3798 3800 3801
3 3802 3577 3591
3 3591 3577 3592
3 3804 3805 3803
3 3803 3805 3806
3 3598 3602 3584
3 3584 3602 3585
3 3586 3585 3603
3 3603 3585 3602
3 3587 3590 3793
3 3793 3590 3790
3 3580 3802 3581
3 3581 3802 3591
3 3593 3560 3607
3 3607 3560 3789
3 3661 3687 3807
3 3807 3687 3808
3 3664 3663 3809
3 3809 3663 3810
3 3718 3811 3719
3 3719 3811 3735
3 3716 3812 3717
3 3717 3812 3736
3 3722 3720 3723
3 3723 3720 3719
3 3812 3716 3813
3 3813 3716 3737
3 3814 3815 302
3 302 3815 303
3 3817 3818 3816
3 3816 3818 3819
3 3577 3802 3578
3 3578 3802 3583
3 3557 3592 3576
3 3576 3592 3577
3 3821 3822 3820
3 3820 3822 3823
3 3545 3825 3824
3 3824 3825 3826
3 3827 3828 3546
3 3546 3828 3540
3 3830 3541 3829
3 3829 3541 3831
3 3833 3821 3832
3 3832 3821 3820
3 3834 3835 3826
3 3826 3835 3824
3 3799 3798 3827
3 3827 3798 3828
3 3829 3831 3836
3 3836 3831 3837
3 330 329 3550
3 3550 329 3838
3 3830 332 3551
3 3551 332 331
3 3818 3796 3840
3 3840 3796 3839
3 3512 3515 3646
3 3646 3515 3745
3 336 335 3744
3 3744 335 3771
3 3524 3527 3774
3 3774 3527 3748
3 3609 3596 3553
3 3553 3596 3595
3 3705 3701 3519
3 3519 3701 3700
3 3755 3609 3552
3 3552 3609 3553
3 3756 3749 3527
3 3527 3749 3748
3 3516 3514 3700
3 3700 3514 3519
3 3841 3583 3580
3 3580 3583 3802
3 3524 3774 3777
3 3777 3774 3773
3 3637 3842 3634
3 3634 3842 3617
3 3616 3620 3617
3 3617 3620 3634
3 3616 3516 3703
3 3703 3516 3700
3 3520 3623 3521
3 3521 3623 3622
3 3748 3843 3774
3 3774 3843 3775
3 3845 3846 3844
3 3844 3846 3847
3 3842 3746 3617
3 3617 3746 3517
3 3849 3850 3848
3 3848 3850 3747
3 3852 3853 3851
3 3851 3853 3854
3 3855 3856 3621
3 3621 3856 3618
3 3858 3859 3857
3 3857 3859 3860
3 3861 3843 3751
3 3751 3843 3748
3 3862 3758 3622
3 3622 3758 3521
3 3863 3776 3629
3 3629 3776 3775
3 3712 3864 3733
3 3733 3864 3865
3 3867 3868 3866
3 3866 3868 3869
3 3871 3872 3870
3 3870 3872 3873
3 3875 3876 3874
3 3874 3876 3877
3 3878 3879 3877
3 3877 3879 3880
3 3881 3882 3884
3 3884 3882 3883
3 3779 3885 3780
3 3780 3885 3886
3 3887 3684 3868
3 3868 3684 3660
3 3879 3878 3882
3 3882 3878 3883
3 3692 3782 3693
3 3693 3782 3781
3 3695 3784 3763
3 3763 3784 3783
3 3693 3781 3695
3 3695 3781 3784
3 3692 3785 3782
3 3786 3764 3783
3 3783 3764 3763
3 385 384 3764
3 3764 384 3765
3 3694 3888 3690
3 3690 3888 3889
3 3690 3889 3691
3 3691 3889 3890
3 3891 3710 3890
3 3890 3710 3691
3 3766 3892 3694
3 3694 3892 3888
3 3765 3893 3766
3 3766 3893 3892
3 3881 3884 3894
3 3894 3884 3895
3 3897 3697 3896
3 3896 3697 3696
3 3896 3696 3898
3 3898 3696 3732
3 3898 3732 3899
3 3899 3732 3733
3 3900 3767 3897
3 3897 3767 3697
3 3900 3901 3767
3 3767 3901 3902
3 3903 3904 3906
3 3906 3904 3905
3 3868 3660 3869
3 3869 3660 3659
3 3907 3908 3895
3 3895 3908 3894
3 3908 3757 3894
3 3894 3757 3668
3 3750 3530 3751
3 3751 3530 3847
3 3857 3535 3853
3 3853 3535 3534
3 3651 3561 3756
3 3756 3561 3755
3 3650 3653 3562
3 3562 3653 3566
3 3654 3655 3807
3 3807 3655 3658
3 3529 3739 3844
3 3844 3739 3860
3 3750 3749 3555
3 3555 3749 3552
3 3816 3819 3795
3 3795 3819 3794
3 409 408 3909
3 3909 408 3854
3 3749 3756 3552
3 3552 3756 3755
3 3907 3885 3908
3 3908 3885 3779
3 408 410 3854
3 3854 410 3850
3 412 411 3759
3 3759 411 3761
3 414 413 3762
3 3762 413 3786
3 3789 3556 3537
3 3537 3556 3536
3 3554 3607 3537
3 3537 3607 3789
3 3573 3910 3574
3 3574 3910 3911
3 3534 3533 3909
3 3909 3533 3838
3 3830 3551 3541
3 3541 3551 3542
3 3533 3549 3838
3 3838 3549 3550
3 3542 3549 3543
3 3543 3549 3548
3 3912 3913 3915
3 3915 3913 3914
3 3805 3804 3588
3 3588 3804 3589
3 3848 3842 3916
3 3916 3842 3637
3 3852 3643 3858
3 3858 3643 3741
3 3746 3745 3517
3 3517 3745 3515
3 3694 3695 3766
3 3766 3695 3763
3 3902 3917 3767
3 3767 3917 3738
3 3737 3738 3815
3 3815 3738 3917
3 3918 3919 3768
3 3768 3919 3769
3 3920 3725 3921
3 3921 3725 3769
3 3677 3644 3760
3 3760 3644 3770
3 3923 3912 3922
3 3922 3912 3915
3 3801 3924 3837
3 3837 3924 3836
3 3576 3925 3557
3 3557 3925 3558
3 3814 3918 3813
3 3813 3918 3768
3 3926 3927 3821
3 3821 3927 3822
3 3828 3831 3540
3 3540 3831 3541
3 3833 3926 3821
3 3831 3828 3837
3 3837 3828 3798
3 3744 3771 3745
3 3745 3771 3646
3 3848 3747 3842
3 3842 3747 3746
3 3853 3852 3857
3 3857 3852 3858
3 3853 3534 3854
3 3854 3534 3909
3 3556 3788 3545
3 3545 3788 3825
3 3922 3822 3923
3 3923 3822 3927
3 3822 3922 3928
3 3928 3922 3929
3 3530 3750 3531
3 3531 3750 3555
3 3531 3555 3537
3 3537 3555 3554
3 3931 3633 3930
3 3930 3633 3632
3 3813 3768 3812
3 3812 3768 3724
3 3619 3635 3620
3 3620 3635 3634
3 3846 3861 3847
3 3847 3861 3751
3 3530 3529 3847
3 3847 3529 3844
3 3932 3933 3829
3 3829 3933 3830
3 3924 3932 3836
3 3836 3932 3829
3 3933 439 3830
3 3830 439 332
3 3924 3801 3832
3 3832 3801 3800
3 3775 3843 3629
3 3629 3843 3626
3 3807 3658 3661
3 3661 3658 3657
3 3666 3649 3525
3 3525 3649 3526
3 3934 3665 3935
3 3935 3665 3664
3 3717 3736 3714
3 3714 3736 3735
3 3662 3808 3663
3 3663 3808 3687
3 3806 3805 3937
3 3937 3805 3936
3 444 412 3760
3 3760 412 3759
3 3901 446 3902
3 3902 446 445
3 3896 3889 3897
3 3897 3889 3888
3 3898 3890 3896
3 3896 3890 3889
3 3897 3888 3900
3 3900 3888 3892
3 3892 3893 3900
3 3900 3893 3901
3 413 385 3786
3 3786 385 3764
3 3939 3940 3938
3 3938 3940 3941
3 3839 3796 3942
3 3942 3796 3726
3 3664 3809 3935
3 3935 3809 3943
3 3920 3734 3725
3 3725 3734 3722
3 3919 3944 3769
3 3769 3944 3921
3 3520 3523 3773
3 3773 3523 3777
3 3863 3945 3624
3 3624 3945 3946
3 3772 3704 3648
3 3648 3704 3518
3 3778 3777 3757
3 3757 3777 3523
3 3811 3715 3735
3 3735 3715 3714
3 3623 3520 3776
3 3776 3520 3773
3 3702 3855 3703
3 3703 3855 3621
3 3899 3891 3898
3 3898 3891 3890
3 3640 3916 3641
3 3641 3916 3947
3 3894 3668 3881
3 3881 3668 3667
3 3854 3850 3851
3 3851 3850 3849
3 3893 457 3901
3 3901 457 446
3 3780 3886 3659
3 3659 3886 3869
3 3569 3565 3570
3 3570 3565 3566
3 3949 3575 3948
3 3948 3575 3586
3 3604 3601 3613
3 3613 3601 3611
3 3613 3611 3569
3 3569 3611 3565
3 3570 3566 3655
3 3655 3566 3653
3 3659 3657 3780
3 3780 3657 3656
3 3603 3606 3586
3 3586 3606 3948
3 3652 3658 3653
3 3653 3658 3655
3 3528 3539 3529
3 3529 3539 3739
3 3686 3810 3687
3 3687 3810 3663
3 3812 3724 3736
3 3736 3724 3723
3 3918 3814 460
3 460 3814 302
3 3817 3797 3818
3 3818 3797 3796
3 3818 3840 3819
3 3819 3840 3950
3 3815 3814 3737
3 3737 3814 3813
3 3539 3538 3532
3 3532 3538 3548
3 3547 3546 3543
3 3543 3546 3540
3 3538 3547 3548
3 3548 3547 3543
3 3740 3930 3859
3 3859 3930 3845
3 3800 3799 3834
3 3834 3799 3835
3 3933 3932 3823
3 3823 3932 3820
3 3824 3827 3545
3 3545 3827 3546
3 3832 3820 3924
3 3924 3820 3932
3 3799 3827 3835
3 3835 3827 3824
3 3823 3951 3933
3 3933 3951 439
3 3859 3845 3860
3 3860 3845 3844
3 3628 3945 3629
3 3629 3945 3863
3 3739 3535 3860
3 3860 3535 3857
3 3832 3800 3833
3 3833 3800 3834
3 3582 3598 3579
3 3579 3598 3584
3 3650 3562 3651
3 3651 3562 3561
3 3757 3908 3778
3 3778 3908 3779
3 3620 3616 3621
3 3621 3616 3703
3 3624 3946 3625
3 3625 3946 3752
3 3632 3631 3846
3 3846 3631 3861
3 3851 3849 3639
3 3639 3849 3640
3 3643 3852 3639
3 3639 3852 3851
3 3858 3741 3859
3 3859 3741 3740
3 3631 3626 3861
3 3861 3626 3843
3 3754 3862 3625
3 3625 3862 3622
3 3916 3637 3947
3 3947 3637 3636
3 3643 3642 3741
3 3741 3642 3742
3 3930 3632 3845
3 3845 3632 3846
3 3624 3623 3863
3 3863 3623 3776
3 3916 3640 3848
3 3848 3640 3849
3 3743 3931 3740
3 3740 3931 3930
3 3902 445 3917
3 3917 445 463
3 3952 3953 3955
3 3955 3953 3954
3 3957 3958 3956
3 3956 3958 3959
3 3875 3957 3876
3 3876 3957 3956
3 3876 3956 3960
3 3960 3956 3961
3 3962 3963 3957
3 3957 3963 3958
3 3964 3965 3875
3 3875 3965 3957
3 3965 3962 3957
3 3965 3966 3962
3 3962 3966 3967
3 3877 3876 3878
3 3878 3876 3960
3 3966 3968 3967
3 3967 3968 3969
3 3968 3970 3969
3 3969 3970 3971
3 3973 3903 3972
3 3972 3903 3906
3 3970 3974 3971
3 3971 3974 3975
3 3975 3974 3977
3 3977 3974 3976
3 3978 3979 3976
3 3976 3979 3977
3 3980 3981 3978
3 3978 3981 3979
3 3982 3983 3980
3 3980 3983 3981
3 3971 3984 3969
3 3969 3984 3985
3 3870 3986 3968
3 3968 3986 3970
3 3871 3870 3966
3 3966 3870 3968
3 3964 3871 3965
3 3965 3871 3966
3 3969 3985 3967
3 3967 3985 3987
3 3878 3960 3883
3 3883 3960 3939
3 3883 3939 3884
3 3884 3939 3938
3 3988 3989 3991
3 3991 3989 3990
3 3941 3992 3994
3 3994 3992 3993
3 3993 3995 3994
3 3994 3995 3973
3 3996 3997 3993
3 3993 3997 3995
3 3998 3996 3992
3 3992 3996 3993
3 4000 3995 3999
3 3999 3995 3997
3 3999 3997 4001
3 4001 3997 4002
3 4003 4002 3996
3 3996 4002 3997
3 3996 3998 4003
3 4003 3998 4004
3 4005 3994 3972
3 3972 3994 3973
3 3938 3941 4005
3 4005 3941 3994
3 3905 3886 3906
3 3906 3886 3885
3 3886 3905 3869
3 3869 3905 3866
3 3907 3972 3885
3 3885 3972 3906
3 3864 4006 3865
3 3865 4006 4007
3 3983 3982 4008
3 4008 3982 4009
3 3960 3961 3939
3 3939 3961 3940
3 4011 3867 4010
3 4010 3867 3866
3 4012 3974 3986
3 3986 3974 3970
3 4013 3976 4012
3 4012 3976 3974
3 4014 4009 4006
3 4006 4009 3982
3 4006 3982 4007
3 4007 3982 3980
3 4007 3980 4015
3 4015 3980 3978
3 4016 3983 4017
3 4017 3983 4008
3 3976 4013 3978
3 3978 4013 4015
3 3981 3983 4018
3 4018 3983 4016
3 4020 4021 4019
3 4019 4021 4022
3 4021 4011 4022
3 4022 4011 4010
3 4022 3903 4019
3 4019 3903 3973
3 4023 4024 4017
3 4017 4024 4016
3 4025 4026 4023
3 4023 4026 4024
3 4027 4025 4028
3 4028 4025 4023
3 4017 4020 4023
3 4023 4020 4028
3 4029 4030 4025
3 4025 4030 4026
3 4031 4029 4027
3 4027 4029 4025
3 4028 4000 4027
3 4027 4000 3999
3 4027 3999 4031
3 4031 3999 4001
3 4033 4034 4032
3 4032 4034 4035
3 4036 4037 4018
3 4018 4037 4038
3 4040 4038 4039
3 4039 4038 4037
3 4039 4037 4041
3 4041 4037 4035
3 4041 4035 4042
3 4042 4035 4034
3 3984 4043 4045
3 4045 4043 4044
3 4046 4047 4044
3 4044 4047 4045
3 4046 4048 4047
3 4047 4048 4049
3 4041 4046 4039
3 4039 4046 4044
3 4042 4048 4041
3 4041 4048 4046
3 4039 4044 4040
3 4040 4044 4043
3 4051 3958 4050
3 4050 3958 3963
3 4052 4053 4050
3 4050 4053 4054
3 3955 3959 4051
3 4051 3959 3958
3 3952 3955 4055
3 4055 3955 4051
3 4057 3952 4056
3 4056 3952 4055
3 4059 4060 4058
3 4058 4060 4061
3 4062 4063 4053
3 4053 4063 4056
3 4053 4052 4062
3 4062 4052 4064
3 4065 4066 4068
3 4068 4066 4067
3 4047 4049 4062
3 4062 4049 4063
3 4062 4064 4047
3 4047 4064 4045
3 3984 4045 3985
3 3985 4045 4064
3 3985 4064 3987
3 3987 4064 4052
3 3987 4052 3963
3 3963 4052 4050
3 3975 3977 4043
3 4043 3977 4040
3 3979 3981 4038
3 4038 3981 4018
3 4038 4040 3979
3 3979 4040 3977
3 3972 3907 4005
3 4005 3907 3895
3 3884 3938 3895
3 3895 3938 4005
3 4030 4033 4026
3 4026 4033 4032
3 4026 4032 4024
3 4024 4032 4036
3 4018 4016 4036
3 4036 4016 4024
3 3992 3941 4069
3 4069 3941 3940
3 3998 3992 4070
3 4070 3992 4069
3 3998 4070 4004
3 4004 4070 4071
3 4072 4073 4075
3 4075 4073 4074
3 4077 4078 4076
3 4076 4078 4079
3 4081 4079 4080
3 4080 4079 4078
3 4083 4084 4082
3 4082 4084 4085
3 4086 4087 4089
3 4089 4087 4088
3 4091 4092 4090
3 4090 4092 4093
3 4095 4096 4094
3 4094 4096 4097
3 4099 4100 4098
3 4098 4100 4101
3 4102 4103 4105
3 4105 4103 4104
3 4107 4108 4106
3 4106 4108 4109
3 4111 4112 4110
3 4110 4112 4113
3 4115 4116 4114
3 4114 4116 4117
3 4119 4120 4118
3 4118 4120 4121
3 4122 4123 4125
3 4125 4123 4124
3 4126 4127 4129
3 4129 4127 4128
3 4131 4132 4130
3 4130 4132 4133
3 4135 4107 4134
3 4134 4107 4106
3 4137 4138 4136
3 4136 4138 4139
3 4140 4141 4087
3 4087 4141 4088
3 4143 4144 4142
3 4142 4144 4145
3 4147 4148 4146
3 4146 4148 4149
3 4151 4152 4150
3 4150 4152 4153
3 4155 4081 4154
3 4154 4081 4080
3 4156 4157 4159
3 4159 4157 4158
3 4160 4161 4163
3 4163 4161 4162
3 4165 4121 4164
3 4164 4121 4120
3 4167 4151 4166
3 4166 4151 4150
3 4168 4169 4171
3 4171 4169 4170
3 4173 4174 4172
3 4172 4174 4175
3 4177 4148 4176
3 4176 4148 4178
3 4172 4175 4179
3 4179 4175 4180
3 4155 4084 4181
3 4181 4084 4182
3 4181 4183 4155
3 4155 4183 4081
3 4184 4185 4183
3 4183 4185 4186
3 4185 4187 4186
3 4186 4187 4188
3 4189 4190 4072
3 4072 4190 4073
3 4176 4178 4157
3 4157 4178 4158
3 4192 4126 4191
3 4191 4126 4129
3 4143 4193 4150
3 4150 4193 4166
3 4195 4196 4194
3 4194 4196 4197
3 4094 4198 4095
3 4095 4198 4199
3 4200 4201 4203
3 4203 4201 4202
3 4204 4205 4207
3 4207 4205 4206
3 4120 4119 4208
3 4208 4119 4209
3 4211 4212 4210
3 4210 4212 4213
3 4215 4216 4214
3 4214 4216 4217
3 4219 4220 4218
3 4218 4220 4221
3 4223 4195 4222
3 4222 4195 4194
3 4224 4225 4133
3 4133 4225 4130
3 4227 4228 4226
3 4226 4228 4229
3 4231 4232 4230
3 4230 4232 4097
3 4234 4235 4233
3 4233 4235 4236
3 4238 4239 4237
3 4237 4239 4240
3 4241 4242 4244
3 4244 4242 4243
3 4245 4246 4248
3 4248 4246 4247
3 4250 4251 4249
3 4249 4251 4252
3 4254 4255 4253
3 4253 4255 4256
3 4258 4259 4257
3 4257 4259 4260
3 4262 4263 4261
3 4261 4263 4264
3 4266 4267 4265
3 4265 4267 4268
3 4270 4198 4269
3 4269 4198 4271
3 4272 4273 4275
3 4275 4273 4274
3 4114 4117 4276
3 4276 4117 4277
3 4279 4280 4278
3 4278 4280 4281
3 4210 4282 4211
3 4211 4282 4283
3 4285 4286 4284
3 4284 4286 4287
3 4164 4120 4288
3 4288 4120 4208
3 4290 4285 4289
3 4289 4285 4284
3 4292 4293 4291
3 4291 4293 4294
3 4296 4297 4295
3 4295 4297 4298
3 4300 4301 4299
3 4299 4301 4302
3 4298 4303 4295
3 4295 4303 4304
3 4305 4291 4306
3 4306 4291 4294
3 4306 4307 4305
3 4305 4307 4308
3 4309 4308 4074
3 4074 4308 4307
3 4298 4297 4311
3 4311 4297 4310
3 4301 4300 4292
3 4292 4300 4293
3 3734 3920 4312
3 4312 3920 4313
3 4314 4313 3921
3 3921 4313 3920
3 4315 3944 828
3 828 3944 829
3 4288 4316 4164
3 4164 4316 4317
3 4319 4320 4318
3 4318 4320 4321
3 4323 4324 4322
3 4322 4324 4325
3 4326 4327 4329
3 4329 4327 4328
3 4289 4330 4290
3 4290 4330 4331
3 4164 4317 4165
3 4165 4317 4332
3 4333 4334 4336
3 4336 4334 4335
3 4338 4339 4337
3 4337 4339 4340
3 4167 4342 4341
3 4341 4342 4343
3 4345 4346 4344
3 4344 4346 4347
3 4349 4350 4348
3 4348 4350 4351
3 4353 4354 4352
3 4352 4354 4355
3 4356 4357 4323
3 4323 4357 4324
3 4336 4358 4333
3 4333 4358 4359
3 4361 4362 4360
3 4360 4362 4363
3 4365 4366 4364
3 4364 4366 4367
3 4368 4369 4371
3 4371 4369 4370
3 4330 4289 4373
3 4373 4289 4372
3 4372 4375 4374
3 4374 4375 4376
3 4378 4379 4377
3 4377 4379 4380
3 4216 4381 4217
3 4217 4381 4382
3 4384 4385 4383
3 4383 4385 4386
3 4387 4388 4337
3 4337 4388 4389
3 4336 4335 4391
3 4391 4335 4390
3 4393 4361 4392
3 4392 4361 4360
3 4395 4396 4394
3 4394 4396 4397
3 4399 4400 4398
3 4398 4400 4401
3 4344 4402 4345
3 4345 4402 4403
3 4404 4405 4341
3 4341 4405 4406
3 4408 4409 4407
3 4407 4409 4410
3 4407 4411 4408
3 4408 4411 4412
3 4180 4414 4413
3 4413 4414 4415
3 4181 4182 4416
3 4416 4182 4417
3 4418 4352 4310
3 4310 4352 4311
3 4420 4421 4419
3 4419 4421 4422
3 4352 4355 4311
3 4311 4355 4423
3 4165 4332 4424
3 4424 4332 4425
3 4424 4142 4165
3 4165 4142 4121
3 4426 4106 4427
3 4427 4106 4109
3 4428 4429 4173
3 4173 4429 4174
3 4334 4430 4335
3 4335 4430 4389
3 4335 4389 4390
3 4390 4389 4388
3 4431 4432 4434
3 4434 4432 4433
3 4436 4437 4435
3 4435 4437 4438
3 4440 4441 4439
3 4439 4441 4442
3 4358 4443 4360
3 4360 4443 4392
3 4445 4446 4444
3 4444 4446 4447
3 4337 4340 4387
3 4387 4340 4448
3 4449 4450 4397
3 4397 4450 4394
3 4452 4453 4451
3 4451 4453 4454
3 4456 4457 4455
3 4455 4457 4458
3 4459 4460 4447
3 4447 4460 4444
3 4462 4463 4461
3 4461 4463 4464
3 4461 4464 4465
3 4465 4464 4466
3 4467 4468 4466
3 4466 4468 4465
3 4468 4467 4469
3 4469 4467 4470
3 4471 4472 4470
3 4470 4472 4469
3 4474 4475 4473
3 4473 4475 4476
3 4478 4479 4477
3 4477 4479 4480
3 4482 4483 4481
3 4481 4483 4484
3 4486 4487 4485
3 4485 4487 4488
3 4490 4491 4489
3 4489 4491 4492
3 4493 4494 4492
3 4492 4494 4489
3 4495 4496 4493
3 4493 4496 4494
3 4496 4495 4497
3 4497 4495 4498
3 4499 4500 4502
3 4502 4500 4501
3 4504 4505 4503
3 4503 4505 4506
3 4465 4507 4461
3 4461 4507 4508
3 4469 4509 4468
3 4468 4509 4510
3 4512 4478 4511
3 4511 4478 4477
3 4514 4442 4513
3 4513 4442 4441
3 4515 4516 4518
3 4518 4516 4517
3 4520 4494 4519
3 4519 4494 4496
3 4521 4489 4520
3 4520 4489 4494
3 4490 4522 4487
3 4487 4522 4523
3 4524 4488 4523
3 4523 4488 4487
3 4483 4525 4484
3 4484 4525 4526
3 4502 4527 4499
3 4499 4527 4528
3 4529 4530 4532
3 4532 4530 4531
3 4534 4505 4533
3 4533 4505 4529
3 4485 4535 4486
3 4486 4535 4536
3 4486 4536 4491
3 4491 4536 4537
3 4493 4538 4495
3 4495 4538 4539
3 4541 4532 4540
3 4540 4532 4498
3 4543 4544 4542
3 4542 4544 4545
3 4547 4548 4546
3 4546 4548 4549
3 4535 4550 4536
3 4536 4550 4551
3 4536 4551 4537
3 4537 4551 4552
3 4553 4538 4555
3 4555 4538 4554
3 4556 4539 4553
3 4553 4539 4538
3 4558 4556 4557
3 4557 4556 4559
3 4539 4556 4540
3 4540 4556 4558
3 4561 4562 4560
3 4560 4562 4563
3 4545 4564 4542
3 4542 4564 4565
3 4546 4566 4547
3 4547 4566 4567
3 4569 4570 4568
3 4568 4570 4571
3 4573 4574 4572
3 4572 4574 4575
3 4577 4578 4576
3 4576 4578 4579
3 4581 4582 4580
3 4580 4582 4583
3 4584 4585 4587
3 4587 4585 4586
3 4588 4584 4589
3 4589 4584 4587
3 4591 4592 4590
3 4590 4592 4593
3 4595 4596 4594
3 4594 4596 4597
3 4599 4600 4598
3 4598 4600 4601
3 4562 4603 4602
3 4602 4603 4604
3 4602 4605 4607
3 4607 4605 4606
3 4608 4609 4593
3 4593 4609 4590
3 4610 4611 4613
3 4613 4611 4612
3 4615 4616 4614
3 4614 4616 4617
3 4601 4619 4618
3 4618 4619 4620
3 4618 4621 4601
3 4601 4621 4598
3 4604 4598 4622
3 4622 4598 4621
3 4604 4622 4602
3 4602 4622 4605
3 4624 4625 4623
3 4623 4625 4626
3 4437 4436 4627
3 4627 4436 4628
3 4441 4440 4629
3 4629 4440 4630
3 4629 4631 4441
3 4441 4631 4513
3 4632 4633 4528
3 4528 4633 4499
3 4499 4633 4500
3 4500 4633 4634
3 4636 4545 4635
3 4635 4545 4544
3 4638 4564 4637
3 4637 4564 4639
3 4572 4575 4640
3 4640 4575 4641
3 4592 4642 4593
3 4593 4642 4643
3 4644 4608 4643
3 4643 4608 4593
3 4646 4647 4645
3 4645 4647 4648
3 4650 4651 4649
3 4649 4651 4652
3 4653 4497 4518
3 4518 4497 4531
3 4519 4507 4520
3 4520 4507 4510
3 4521 4509 4522
3 4522 4509 4654
3 4523 4655 4524
3 4524 4655 4656
3 4513 4528 4514
3 4514 4528 4527
3 4657 4658 4660
3 4660 4658 4659
3 4495 4539 4498
3 4498 4539 4540
3 4492 4554 4493
3 4493 4554 4538
3 4548 4482 4549
3 4549 4482 4481
3 4544 4543 4500
3 4500 4543 4501
3 4635 4544 4634
3 4634 4544 4500
3 4588 4662 4661
3 4661 4662 4663
3 4661 4664 4557
3 4557 4664 4558
3 4568 4585 4569
3 4569 4585 4559
3 4551 4665 4552
3 4552 4665 4666
3 4667 4668 4669
3 4669 4668 4665
3 4671 4672 4670
3 4670 4672 4673
3 4286 4674 4287
3 4287 4674 4675
3 4677 4678 4676
3 4676 4678 4679
3 4680 4677 4681
3 4681 4677 4676
3 4681 4682 4680
3 4680 4682 4683
3 4160 4163 4684
3 4684 4163 4685
3 4413 4686 4688
3 4688 4686 4687
3 4404 4689 4345
3 4345 4689 4346
3 4690 4398 4692
3 4692 4398 4691
3 1208 4693 4364
3 4364 4693 4365
3 4649 1210 4650
3 4650 1210 1209
3 4694 4695 4254
3 4254 4695 4255
3 4696 4697 4217
3 4217 4697 4214
3 4699 4700 4698
3 4698 4700 4701
3 4702 4703 4302
3 4302 4703 4299
3 4314 3921 4315
3 4315 3921 3944
3 4652 4705 4704
3 4704 4705 4706
3 4708 4709 4707
3 4707 4709 4710
3 4334 4333 4712
3 4712 4333 4711
3 4713 4339 4320
3 4320 4339 4321
3 4715 4716 4714
3 4714 4716 4717
3 4237 4240 4718
3 4718 4240 4719
3 4230 4720 4306
3 4306 4720 4307
3 4722 4723 4721
3 4721 4723 4724
3 4726 4727 4725
3 4725 4727 4728
3 4729 4730 4326
3 4326 4730 4327
3 4732 4733 4731
3 4731 4733 4734
3 4719 4380 4735
3 4735 4380 4736
3 4737 4738 4740
3 4740 4738 4739
3 4742 4743 4741
3 4741 4743 4744
3 4337 4389 4338
3 4338 4389 4430
3 4745 4746 4430
3 4430 4746 4338
3 4290 4331 4288
3 4288 4331 4316
3 4288 4208 4290
3 4290 4208 4285
3 4286 4285 4209
3 4209 4285 4208
3 4748 4749 4747
3 4747 4749 4750
3 4211 4283 4751
3 4751 4283 4752
3 4751 4753 4211
3 4211 4753 4212
3 4251 4250 4224
3 4224 4250 4225
3 4226 4229 4247
3 4247 4229 4248
3 4204 4754 4756
3 4756 4754 4755
3 4707 4710 4757
3 4757 4710 4646
3 4366 4365 4758
3 4758 4365 4759
3 4525 4512 4526
3 4526 4512 4511
3 4419 4422 4384
3 4384 4422 4385
3 4704 4760 4652
3 4652 4760 4649
3 4760 1278 4649
3 4649 1278 1210
3 4761 4762 3943
3 3943 4762 3935
3 4273 4272 4764
3 4764 4272 4763
3 4766 4767 4765
3 4765 4767 4768
3 4769 4770 4768
3 4768 4770 4765
3 4770 4769 4241
3 4241 4769 4242
3 4092 4162 4093
3 4093 4162 4161
3 4771 4772 4774
3 4774 4772 4773
3 4776 4777 4775
3 4775 4777 4778
3 4416 4184 4181
3 4181 4184 4183
3 4779 4077 4780
3 4780 4077 4076
3 4780 4076 4781
3 4781 4076 4188
3 4187 4782 4188
3 4188 4782 4781
3 4294 4231 4306
3 4306 4231 4230
3 4784 4785 4783
3 4783 4785 4786
3 4783 1306 4784
3 4784 1306 1305
3 4077 4779 4095
3 4095 4779 4096
3 4074 4073 4309
3 4309 4073 4787
3 4787 4073 4788
3 4788 4073 4190
3 4788 4190 4058
3 4058 4190 4789
3 4790 4276 4791
3 4791 4276 4277
3 3731 3734 4792
3 4792 3734 4312
3 4792 4793 3731
3 3731 4793 3730
3 4791 4794 4790
3 4790 4794 4795
3 4796 4797 4798
3 4798 4797 4723
3 4762 4799 3935
3 3935 4799 3934
3 4800 4061 3728
3 3728 4061 3729
3 4712 4711 4801
3 4801 4711 4802
3 4145 4803 4118
3 4118 4803 4804
3 4497 4653 4496
3 4496 4653 4519
3 4805 4806 1325
3 1325 4806 1326
3 4688 4687 1329
3 1329 4687 1330
3 4800 4788 4061
3 4061 4788 4058
3 3729 4061 4807
3 4807 4061 4060
3 4809 4810 4808
3 4808 4810 4811
3 4812 4402 4813
3 4813 4402 4344
3 4814 4815 4348
3 4348 4815 4349
3 4816 4817 4819
3 4819 4817 4818
3 4405 4820 4406
3 4406 4820 4821
3 4822 4160 4823
3 4823 4160 4684
3 4180 4413 4824
3 4824 4413 4688
3 4740 4739 4825
3 4825 4739 4826
3 4827 4828 4826
3 4826 4828 4825
3 4141 4140 4414
3 4414 4140 4147
3 4829 1353 4760
3 4760 1353 1278
3 4831 4832 4830
3 4830 4832 4833
3 4834 4835 4625
3 4625 4835 4420
3 4450 4708 4394
3 4394 4708 4707
3 4626 4419 4836
3 4836 4419 4384
3 4836 1364 4837
3 4837 1364 1363
3 4396 4395 4838
3 4838 4395 4839
3 4841 4627 4840
3 4840 4627 4628
3 4670 4673 4630
3 4630 4673 4629
3 4673 4658 4629
3 4629 4658 4631
3 4632 4631 4657
3 4657 4631 4658
3 4657 4503 4632
3 4632 4503 4633
3 4634 4633 4506
3 4506 4633 4503
3 4842 4635 4506
3 4506 4635 4634
3 4843 4636 4842
3 4842 4636 4635
3 4636 4843 4639
3 4639 4843 4663
3 4637 4662 4641
3 4641 4662 4844
3 4846 4642 4845
3 4845 4642 4640
3 4643 4847 4644
3 4644 4847 4848
3 4850 4851 4849
3 4849 4851 4852
3 4854 4855 4853
3 4853 4855 4856
3 4858 4859 4857
3 4857 4859 4856
3 4714 4717 4858
3 4858 4717 4859
3 4861 4862 4860
3 4860 4862 4863
3 4865 4866 4864
3 4864 4866 4867
3 4869 4870 4868
3 4868 4870 4871
3 4868 4871 4115
3 4115 4871 4116
3 4819 4818 4873
3 4873 4818 4872
3 4875 4876 4874
3 4874 4876 4877
3 4879 4880 4878
3 4878 4880 4881
3 4883 4884 4882
3 4882 4884 4885
3 4886 4887 4279
3 4279 4887 4280
3 4817 4816 4888
3 4888 4816 4889
3 4890 4192 4822
3 4822 4192 4191
3 4891 4892 4227
3 4227 4892 4228
3 4157 4156 4893
3 4893 4156 4894
3 4895 4896 4131
3 4131 4896 4132
3 4098 4682 4099
3 4099 4682 4681
3 4100 4099 4898
3 4898 4099 4897
3 4149 4105 4146
3 4146 4105 4899
3 4099 4681 4897
3 4897 4681 4676
3 4079 4081 4186
3 4186 4081 4183
3 4076 4079 4188
3 4188 4079 4186
3 4190 4189 4789
3 4789 4189 4900
3 4176 4157 4679
3 4679 4157 4893
3 4107 4135 4751
3 4751 4135 4753
3 4751 4752 4107
3 4107 4752 4108
3 4816 4901 4889
3 4889 4901 4902
3 4903 4904 4906
3 4906 4904 4905
3 4908 4909 4907
3 4907 4909 4910
3 4912 4913 4911
3 4911 4913 4914
3 4915 4916 4918
3 4918 4916 4917
3 4311 4423 4298
3 4298 4423 4303
3 4919 4920 4296
3 4296 4920 4297
3 4193 4921 4166
3 4166 4921 4922
3 4923 4399 4690
3 4690 4399 4398
3 4394 4707 4395
3 4395 4707 4757
3 4366 4924 4367
3 4367 4924 4925
3 4918 4917 4872
3 4872 4917 4873
3 4835 4926 4420
3 4420 4926 4421
3 4920 4927 4297
3 4297 4927 4310
3 4142 4145 4121
3 4121 4145 4118
3 4928 4929 4454
3 4454 4929 4451
3 4931 4932 4930
3 4930 4932 4933
3 4934 4935 4931
3 4931 4935 4932
3 4460 4459 4456
3 4456 4459 4457
3 4479 4478 4474
3 4474 4478 4475
3 4659 4672 4516
3 4516 4672 4936
3 4660 4504 4657
3 4657 4504 4503
3 4483 4482 4488
3 4488 4482 4485
3 4461 4508 4462
3 4462 4508 4517
3 4468 4510 4465
3 4465 4510 4507
3 4654 4472 4655
3 4655 4472 4476
3 4475 4656 4476
3 4476 4656 4655
3 4478 4512 4475
3 4475 4512 4656
3 4488 4524 4483
3 4483 4524 4525
3 4482 4548 4485
3 4485 4548 4535
3 4548 4547 4535
3 4535 4547 4550
3 4547 4567 4550
3 4550 4567 4669
3 4662 4588 4844
3 4844 4588 4589
3 4667 4576 4937
3 4937 4576 4579
3 4939 4937 4938
3 4938 4937 4940
3 4939 4941 4668
3 4668 4941 4942
3 4586 4581 4943
3 4943 4581 4580
3 4847 4846 4607
3 4607 4846 4563
3 4615 4944 4612
3 4612 4944 4597
3 4614 4945 4615
3 4615 4945 4944
3 4946 4938 4947
3 4947 4938 4945
3 4598 4604 4599
3 4599 4604 4603
3 4607 4606 4847
3 4847 4606 4848
3 4612 4611 4615
3 4615 4611 4616
3 4834 4948 4708
3 4708 4948 4709
3 4356 1476 4836
3 4836 1476 1364
3 4711 4949 4802
3 4802 4949 4950
3 4400 4951 4401
3 4401 4951 4952
3 4758 4759 4401
3 4401 4759 4398
3 4507 4519 4508
3 4508 4519 4653
3 4509 4521 4510
3 4510 4521 4520
3 4512 4525 4656
3 4656 4525 4524
3 4631 4632 4513
3 4513 4632 4528
3 4930 4933 4452
3 4452 4933 4453
3 4152 4953 4153
3 4153 4953 4954
3 4956 4957 4955
3 4955 4957 4958
3 4960 4961 4959
3 4959 4961 4962
3 4119 4963 4209
3 4209 4963 4964
3 4966 4967 4965
3 4965 4967 4968
3 4348 4691 4814
3 4814 4691 4969
3 4651 4970 4652
3 4652 4970 4705
3 4757 4646 4971
3 4971 4646 4645
3 4972 4362 4645
3 4645 4362 4971
3 4949 4359 4973
3 4973 4359 4363
3 4430 4334 4745
3 4745 4334 4712
3 4357 4713 4324
3 4324 4713 4320
3 4764 4763 4265
3 4265 4763 4974
3 4201 4975 4202
3 4202 4975 4976
3 4916 4977 4917
3 4917 4977 4978
3 4278 4281 4853
3 4853 4281 4268
3 4819 4879 4816
3 4816 4879 4901
3 4889 4902 4979
3 4979 4902 4885
3 4981 4982 4980
3 4980 4982 4122
3 4794 4850 4795
3 4795 4850 4849
3 4917 4978 4873
3 4873 4978 4880
3 4808 4403 4809
3 4809 4403 4402
3 4353 4984 4983
3 4983 4984 4985
3 1363 1515 4837
3 4837 1515 4986
3 4758 4987 4366
3 4366 4987 4924
3 4988 4989 4480
3 4480 4989 4477
3 4442 4514 4989
3 4989 4514 4990
3 4526 4511 4991
3 4991 4511 4990
3 4527 4502 4991
3 4991 4502 4992
3 4992 4993 4484
3 4484 4993 4481
3 4543 4994 4501
3 4501 4994 4993
3 4994 4995 4549
3 4549 4995 4546
3 4997 4998 4996
3 4996 4998 4565
3 4997 4999 4577
3 4577 4999 4578
3 5000 5001 4595
3 4595 5001 4596
3 5002 4590 5003
3 5003 4590 4609
3 4625 4420 4626
3 4626 4420 4419
3 4836 4837 4626
3 4626 4837 4623
3 4760 4704 4829
3 4829 4704 5004
3 4704 4706 5004
3 5004 4706 5005
3 4307 4720 4074
3 4074 4720 4075
3 5006 4199 4796
3 4796 4199 4797
3 4684 4685 5007
3 5007 4685 5008
3 4888 4889 5009
3 5009 4889 4979
3 4322 1540 4323
3 4323 1540 1539
3 4384 4383 4357
3 4357 4383 4713
3 4395 4757 4839
3 4839 4757 4971
3 4865 4851 5010
3 5010 4851 5011
3 5012 4259 4979
3 4979 4259 5009
3 4874 4877 5013
3 5013 4877 5014
3 5016 5017 5015
3 5015 5017 5018
3 5015 5018 5019
3 5019 5018 5020
3 5022 5023 5021
3 5021 5023 5024
3 5026 5027 5025
3 5025 5027 5028
3 5030 5031 5029
3 5029 5031 5032
3 5034 5035 5033
3 5033 5035 5036
3 5038 5039 5037
3 5037 5039 5040
3 5042 5043 5041
3 5041 5043 5044
3 5037 5045 5038
3 5038 5045 5046
3 5048 5049 5047
3 5047 5049 5050
3 5052 5053 5051
3 5051 5053 5054
3 5056 5023 5055
3 5055 5023 5057
3 5059 5060 5058
3 5058 5060 5061
3 5063 5064 5062
3 5062 5064 5065
3 5042 5049 5063
3 5063 5049 5064
3 5037 5040 5066
3 5066 5040 5067
3 5069 5070 5068
3 5068 5070 5071
3 5073 5074 5072
3 5072 5074 5075
3 5033 5076 5034
3 5034 5076 5077
3 5079 5080 5078
3 5078 5080 5081
3 5083 5084 5082
3 5082 5084 5085
3 5084 5083 5086
3 5086 5083 5087
3 5089 5090 5088
3 5088 5090 5091
3 5093 5094 5092
3 5092 5094 5095
3 5097 5098 5096
3 5096 5098 5099
3 5101 5102 5100
3 5100 5102 5103
3 5104 5105 5107
3 5107 5105 5106
3 5109 5110 5108
3 5108 5110 5111
3 5113 5093 5112
3 5112 5093 5092
3 5115 5116 5114
3 5114 5116 5117
3 5119 5120 5118
3 5118 5120 5121
3 5123 5124 5122
3 5122 5124 5125
3 5127 5128 5126
3 5126 5128 5129
3 5096 5130 5097
3 5097 5130 5131
3 5133 5134 5132
3 5132 5134 5121
3 5083 5124 5087
3 5087 5124 5135
3 5137 5138 5136
3 5136 5138 5139
3 5141 5101 5140
3 5140 5101 5100
3 5105 5142 5106
3 5106 5142 5143
3 5145 5146 5144
3 5144 5146 5147
3 5148 5149 5108
3 5108 5149 5109
3 5150 5109 5151
3 5151 5109 5149
3 4714 5139 4715
3 4715 5139 5138
3 5142 4869 5143
3 5143 4869 4868
3 4114 5145 4115
3 4115 5145 5144
3 4790 4795 5148
3 5148 4795 5149
3 4795 4849 5149
3 5149 4849 5151
3 4857 5141 4858
3 4858 5141 5140
3 5152 5153 5114
3 5114 5153 5104
3 5155 5156 5154
3 5154 5156 5157
3 5158 5159 5052
3 5052 5159 5053
3 5160 5161 5019
3 5019 5161 5067
3 5025 5028 5162
3 5162 5028 5020
3 5082 5085 5163
3 5163 5085 5164
3 5089 5166 5165
3 5165 5166 5167
3 5168 5169 5171
3 5171 5169 5170
3 5173 5174 5172
3 5172 5174 5175
3 5176 5108 5177
3 5177 5108 5111
3 5178 5179 5181
3 5181 5179 5180
3 5122 5125 5119
3 5119 5125 5120
3 5179 5166 5180
3 5180 5166 5182
3 5183 5184 5178
3 5178 5184 5179
3 5185 5148 5176
3 5176 5148 5108
3 4867 5183 4864
3 4864 5183 5178
3 5187 5188 5186
3 5186 5188 5189
3 4276 4790 5185
3 5185 4790 5148
3 5178 5181 4864
3 4864 5181 4852
3 5188 4861 5189
3 5189 4861 4860
3 5155 5074 5190
3 5190 5074 5191
3 5035 5034 5192
3 5192 5034 5193
3 5114 5117 5152
3 5152 5117 5194
3 5021 5024 5195
3 5195 5024 5196
3 5154 5157 5068
3 5068 5157 5061
3 5062 5065 5197
3 5197 5065 5198
3 5072 5075 5199
3 5199 5075 5071
3 5201 5130 5200
3 5200 5130 5202
3 5142 5105 5203
3 5203 5105 5204
3 5113 5112 5205
3 5205 5112 5126
3 5097 5131 5192
3 5192 5131 5194
3 5203 5206 5142
3 5142 5206 4869
3 5087 5135 5207
3 5207 5135 5091
3 5208 5209 5088
3 5088 5209 5182
3 5210 5017 5059
3 5059 5017 5060
3 5016 5039 5069
3 5069 5039 5070
3 5190 5159 5155
3 5155 5159 5156
3 5047 5027 5048
3 5048 5027 5057
3 5206 5203 4857
3 4857 5203 5141
3 4858 5140 4714
3 4714 5140 5139
3 5211 5161 5041
3 5041 5161 5050
3 5181 5151 4852
3 4852 5151 4849
3 5213 5133 5212
3 5212 5133 5132
3 5163 5164 5132
3 5132 5164 5212
3 5214 5215 5200
3 5200 5215 5216
3 5146 5217 5147
3 5147 5217 5218
3 5146 5176 5217
3 5217 5176 5177
3 5140 5100 5139
3 5139 5100 5136
3 5200 5216 5201
3 5201 5216 5103
3 5145 5185 5146
3 5146 5185 5176
3 4276 5185 4114
3 4114 5185 5145
3 5190 5191 5030
3 5030 5191 5031
3 5051 5054 5219
3 5219 5054 5196
3 4115 5144 4868
3 4868 5144 5143
3 5033 5036 5213
3 5213 5036 5133
3 5096 5099 5113
3 5113 5099 5093
3 5107 5106 5218
3 5218 5106 5147
3 5220 5134 5115
3 5115 5134 5116
3 5123 5110 5208
3 5208 5110 5209
3 5106 5143 5147
3 5147 5143 5144
3 5151 5181 5150
3 5150 5181 5180
3 5207 5221 5087
3 5087 5221 5086
3 5221 5207 5170
3 5170 5207 5171
3 5222 1755 4697
3 4697 1755 1754
3 4426 5223 4106
3 4106 5223 4134
3 4177 4678 5224
3 5224 4678 5225
3 5226 5227 4891
3 4891 5227 4892
3 5228 5229 4170
3 4170 5229 4171
3 4854 4267 4883
3 4883 4267 4884
3 4883 4870 4854
3 4854 4870 4855
3 4683 5230 4895
3 4895 5230 4896
3 4767 4766 5008
3 5008 4766 5007
3 5204 5153 5101
3 5101 5153 5102
3 5098 5097 5193
3 5193 5097 5192
3 5197 5198 5078
3 5078 5198 5032
3 5101 5141 5204
3 5204 5141 5203
3 5223 4426 4680
3 4680 4426 4677
3 3711 3710 5231
3 5231 3710 5232
3 3967 3987 3962
3 3962 3987 3963
3 3975 4043 3971
3 3971 4043 3984
3 4037 4036 4035
3 4035 4036 4032
3 4793 4761 3730
3 3730 4761 3943
3 3730 3943 3721
3 3721 3943 3809
3 3873 5233 5231
3 5231 5233 3711
3 3905 3904 3866
3 3866 3904 4010
3 3903 4022 3904
3 3904 4022 4010
3 3718 3721 3810
3 3810 3721 3809
3 3811 3718 3686
3 3686 3718 3810
3 3715 3811 3685
3 3685 3811 3686
3 3712 3715 3684
3 3684 3715 3685
3 4809 4402 5234
3 5234 4402 4812
3 4344 1769 4813
3 4813 1769 1768
3 4066 4065 4057
3 4057 4065 5235
3 4042 4067 4048
3 4048 4067 4049
3 4033 5236 3988
3 3988 5236 3989
3 4030 4029 4071
3 4071 4029 4004
3 4002 4003 4001
3 4001 4003 4031
3 4003 4004 4031
3 4031 4004 4029
3 4066 4063 4067
3 4067 4063 4049
3 4057 4056 4066
3 4066 4056 4063
3 4034 4033 5237
3 5237 4033 3988
3 5235 5238 4057
3 4057 5238 5239
3 5233 3873 5240
3 5240 3873 3872
3 5240 3872 3880
3 3880 3872 3877
3 4799 4762 4787
3 4787 4762 4309
3 4762 4761 4309
3 4309 4761 4308
3 4761 4793 4308
3 4308 4793 4305
3 4793 4792 4305
3 4305 4792 4291
3 4292 4312 4301
3 4301 4312 4313
3 4301 4313 4302
3 4302 4313 4314
3 4302 4314 4702
3 4702 4314 4315
3 4034 4068 4042
3 4042 4068 4067
3 4323 1539 4356
3 4356 1539 1476
3 5231 3986 3873
3 3873 3986 3870
3 3986 5231 4012
3 4012 5231 5232
3 4012 5232 4013
3 4013 5232 5241
3 3887 4014 3864
3 3864 4014 4006
3 3865 4007 5242
3 5242 4007 4015
3 3872 5243 3877
3 3877 5243 3874
3 3964 5243 3871
3 3871 5243 3872
3 3875 3874 3964
3 3964 3874 5243
3 5242 4015 5241
3 5241 4015 4013
3 5245 5246 5244
3 5244 5246 5247
3 3575 3949 3576
3 3576 3949 3925
3 3583 3841 3584
3 3584 3841 3579
3 5248 5246 1783
3 1783 5246 1784
3 5249 5250 5252
3 5252 5250 5251
3 5254 5251 5253
3 5253 5251 5255
3 5253 5255 5257
3 5257 5255 5256
3 5257 5256 5259
3 5259 5256 5258
3 4355 5260 4423
3 4423 5260 5258
3 4354 5261 4355
3 4355 5261 5260
3 4923 5263 5262
3 5262 5263 5264
3 4692 5265 4690
3 4690 5265 5266
3 4350 5267 4351
3 4351 5267 5268
3 1807 1806 4350
3 4350 1806 5267
3 3579 3841 3580
3 3798 3801 3837
3 4799 4787 4800
3 4800 4787 4788
3 3728 3934 4800
3 4800 3934 4799
3 3727 3665 3728
3 3728 3665 3934
3 3727 3797 3665
3 3665 3797 3662
3 3797 3817 3662
3 3662 3817 3808
3 3817 3816 3808
3 3808 3816 3807
3 3795 3654 3816
3 3816 3654 3807
3 3614 3567 3795
3 3795 3567 3654
3 3572 3568 3614
3 3614 3568 3567
3 3571 3612 3572
3 3572 3612 3568
3 3791 3605 3571
3 3571 3605 3612
3 3606 3790 3948
3 3948 3790 3590
3 3589 3949 3590
3 3590 3949 3948
3 3804 3925 3589
3 3589 3925 3949
3 3803 3558 3804
3 3804 3558 3925
3 3803 3913 3558
3 3558 3913 3559
3 3923 3788 3912
3 3912 3788 3787
3 3923 3927 3788
3 3788 3927 3825
3 3927 3926 3825
3 3825 3926 3826
3 3926 3833 3826
3 3826 3833 3834
3 4078 4077 5269
3 5269 4077 5006
3 5270 5271 4232
3 4232 5271 5272
3 5274 5275 5273
3 5273 5275 5276
3 5277 5278 4235
3 4235 5278 4236
3 5277 5279 5270
3 5270 5279 5271
3 4234 5280 4235
3 4235 5280 5281
3 5283 5284 5282
3 5282 5284 5285
3 5287 5288 5286
3 5286 5288 5289
3 5291 5292 5290
3 5290 5292 5293
3 5286 5289 4725
3 4725 5289 5294
3 4292 4291 4312
3 4312 4291 4792
3 4719 4735 4718
3 4718 4735 5295
3 5296 4908 5297
3 5297 4908 4907
3 5298 5299 4975
3 4975 5299 5300
3 5301 4201 5302
3 5302 4201 4200
3 5303 5304 4982
3 4982 5304 5305
3 5307 5308 5306
3 5306 5308 5309
3 4721 4724 5282
3 5282 4724 5310
3 5290 5293 4124
3 4124 5293 4125
3 5312 5313 5311
3 5311 5313 5314
3 5315 5316 5318
3 5318 5316 5317
3 5320 5307 5319
3 5319 5307 5306
3 4818 4980 4872
3 4872 4980 5321
3 4980 4122 5321
3 5321 4122 4125
3 5323 5324 5322
3 5322 5324 5325
3 4763 5326 4974
3 4974 5326 5327
3 4171 5326 4168
3 4168 5326 5328
3 4767 4170 4768
3 4768 4170 4169
3 4242 4754 4243
3 4243 4754 5329
3 4754 4204 5329
3 5329 4204 4207
3 4205 4905 4206
3 4206 4905 4904
3 4685 5013 5008
3 5008 5013 5228
3 4755 4769 4169
3 4169 4769 4768
3 4169 4168 4755
3 4755 4168 4756
3 4272 5328 4763
3 4763 5328 5326
3 4275 5330 4272
3 4272 5330 5328
3 4769 4755 4242
3 4242 4755 4754
3 5332 4888 5331
3 5331 4888 5009
3 4876 5331 4877
3 4877 5331 4258
3 4874 4163 4875
3 4875 4163 4162
3 5333 5334 5323
3 5323 5334 5324
3 4982 5305 4122
3 4122 5305 4123
3 4817 4981 4818
3 4818 4981 4980
3 5331 5009 4258
3 4258 5009 4259
3 5013 4685 4874
3 4874 4685 4163
3 4170 4767 5228
3 5228 4767 5008
3 5336 4915 5335
3 5335 4915 4918
3 5292 5336 5293
3 5293 5336 5335
3 4981 4817 5332
3 5332 4817 4888
3 5337 5338 4261
3 4261 5338 5339
3 5306 5309 5337
3 5337 5309 5338
3 5340 5341 4203
3 4203 5341 5308
3 5335 4918 5321
3 5321 4918 4872
3 5293 5335 4125
3 4125 5335 5321
3 5322 5325 5342
3 5342 5325 5285
3 4913 5343 4914
3 4914 5343 5344
3 5311 5314 5343
3 5343 5314 5344
3 5346 5347 5345
3 5345 5347 5348
3 5349 5350 4831
3 4831 5350 4832
3 5351 5352 5348
3 5348 5352 5345
3 5353 5337 4264
3 4264 5337 4261
3 5319 5306 5353
3 5353 5306 5337
3 4200 5307 5302
3 5302 5307 5320
3 5355 5356 5354
3 5354 5356 4798
3 5357 5358 5333
3 5333 5358 5334
3 5357 5359 4092
3 4092 5359 4162
3 5359 5304 4162
3 4162 5304 4875
3 5304 5303 4875
3 4875 5303 4876
3 5269 4777 4078
3 4078 4777 4080
3 4778 5360 4773
3 4773 5360 5356
3 5355 5358 4774
3 4774 5358 4091
3 5332 5303 4981
3 4981 5303 4982
3 5331 4876 5332
3 5332 4876 5303
3 5014 4257 5229
3 5229 4257 5327
3 5326 4171 5327
3 5327 4171 5229
3 4168 5328 4756
3 4756 5328 5330
3 4756 5330 4204
3 4204 5330 4205
3 5330 4275 4205
3 4205 4275 4905
3 4275 4274 4905
3 4905 4274 4906
3 4274 4887 4906
3 4906 4887 4743
3 4886 4716 4744
3 4744 4716 4863
3 4715 5138 4860
3 4860 5138 5189
3 5138 5137 5189
3 5189 5137 5186
3 5137 5215 5186
3 5186 5215 5175
3 5214 5361 5172
3 5172 5361 5129
3 5363 5364 5362
3 5362 5364 5339
3 4741 4862 5365
3 5365 4862 4866
3 4861 5188 4867
3 4867 5188 5183
3 5188 5187 5183
3 5183 5187 5184
3 5187 5174 5184
3 5184 5174 5167
3 3559 3787 3560
3 3560 3787 3789
3 3595 3594 3607
3 3607 3594 3593
3 3597 3581 3594
3 3594 3581 3591
3 3599 3608 3600
3 3600 3608 3610
3 3601 3600 3611
3 3611 3600 3610
3 3605 3604 3612
3 3612 3604 3613
3 3792 5366 3793
3 3793 5366 5367
3 3597 3596 3599
3 3599 3596 3608
3 3792 3791 3574
3 3574 3791 3571
3 3560 3593 3557
3 3557 3593 3592
3 3806 3914 3803
3 3803 3914 3913
3 3915 3914 5369
3 5369 3914 5368
3 3601 3604 3602
3 3602 3604 3603
3 3605 3791 3606
3 3606 3791 3790
3 3913 3912 3559
3 3559 3912 3787
3 5173 5128 5165
3 5165 5128 5370
3 5169 5168 5092
3 5092 5168 5112
3 5165 5370 5089
3 5089 5370 5090
3 5127 5168 5371
3 5371 5168 5171
3 5126 5112 5127
3 5127 5112 5168
3 5113 5205 5202
3 5202 5205 5361
3 5199 5372 5072
3 5072 5372 5095
3 5373 5374 5199
3 5199 5374 5372
3 5038 5046 5373
3 5373 5046 5374
3 5086 5045 5084
3 5084 5045 5375
3 5211 5376 5066
3 5066 5376 5375
3 5041 5044 5211
3 5211 5044 5376
3 5063 5377 5042
3 5042 5377 5043
3 5062 5076 5063
3 5063 5076 5377
3 5078 5081 5197
3 5197 5081 5077
3 5098 5080 5099
3 5099 5080 5378
3 5099 5378 5093
3 5093 5378 5094
3 5380 5381 5379
3 5379 5381 5382
3 5384 5385 5383
3 5383 5385 5382
3 5384 5386 5385
3 5385 5386 5387
3 5389 5390 5388
3 5388 5390 5391
3 5392 5393 5395
3 5395 5393 5394
3 5397 5398 5396
3 5396 5398 5399
3 5401 5402 5400
3 5400 5402 5403
3 5405 5406 5404
3 5404 5406 5403
3 5407 5408 5162
3 5162 5408 5409
3 5410 5411 5413
3 5413 5411 5412
3 5056 5415 5414
3 5414 5415 5416
3 5392 5415 5417
3 5417 5415 5418
3 5395 5394 5419
3 5419 5394 5420
3 5422 5423 5421
3 5421 5423 5424
3 5414 5416 5219
3 5219 5416 5425
3 5417 5390 5392
3 5392 5390 5393
3 5413 5387 5410
3 5410 5387 5391
3 5058 5426 5059
3 5059 5426 5427
3 5422 5426 5428
3 5428 5426 5429
3 5431 5381 5430
3 5430 5381 5424
3 5428 5406 5422
3 5422 5406 5423
3 5379 5408 5380
3 5380 5408 5432
3 5380 5432 5421
3 5421 5432 5427
3 5026 5411 5055
3 5055 5411 5418
3 5434 5435 5433
3 5433 5435 5436
3 5158 5438 5437
3 5437 5438 5439
3 5052 5435 5158
3 5158 5435 5438
3 5440 5402 5397
3 5397 5402 5398
3 5162 5409 5025
3 5025 5409 5412
3 5437 5439 5441
3 5441 5439 5429
3 5443 5444 5442
3 5442 5444 5445
3 5446 5447 5449
3 5449 5447 5448
3 5450 5445 5451
3 5451 5445 5444
3 5453 5454 5452
3 5452 5454 5450
3 5455 5453 5457
3 5457 5453 5456
3 5459 5460 5458
3 5458 5460 5461
3 5463 5464 5462
3 5462 5464 5465
3 5467 5468 5466
3 5466 5468 5469
3 5471 5472 5470
3 5470 5472 5473
3 5474 5475 5477
3 5477 5475 5476
3 5478 5479 5481
3 5481 5479 5480
3 5482 5483 5447
3 5447 5483 5484
3 5447 5484 5448
3 5448 5484 5485
3 5486 5475 5487
3 5487 5475 5474
3 5489 5490 5488
3 5488 5490 5491
3 5493 5494 5492
3 5492 5494 5495
3 5497 5493 5496
3 5496 5493 5492
3 5499 5500 5498
3 5498 5500 5501
3 5502 5503 5445
3 5445 5503 5442
3 5505 5506 5504
3 5504 5506 5507
3 5509 5510 5508
3 5508 5510 5511
3 5513 5514 5512
3 5512 5514 5515
3 5517 5518 5516
3 5516 5518 5519
3 5494 5520 5495
3 5495 5520 5521
3 5523 5524 5522
3 5522 5524 5525
3 5526 5527 5493
3 5493 5527 5494
3 5498 5501 5528
3 5528 5501 5529
3 5530 5531 5484
3 5484 5531 5485
3 5484 5483 5530
3 5530 5483 5532
3 5481 5480 5533
3 5533 5480 5534
3 5535 5511 5505
3 5505 5511 5510
3 5454 5502 5450
3 5450 5502 5445
3 5466 5469 5510
3 5510 5469 5536
3 5537 5466 5509
3 5509 5466 5510
3 5539 5540 5538
3 5538 5540 5541
3 5542 5543 5545
3 5545 5543 5544
3 5547 5471 5546
3 5546 5471 5470
3 5492 5495 5548
3 5548 5495 5549
3 5495 5521 5549
3 5549 5521 5550
3 5552 5553 5551
3 5551 5553 5554
3 5556 5446 5555
3 5555 5446 5557
3 5556 5482 5446
3 5446 5482 5447
3 5477 5476 5552
3 5552 5476 5558
3 5476 5559 5558
3 5558 5559 5560
3 5475 5561 5476
3 5476 5561 5559
3 5475 5486 5561
3 5561 5486 5562
3 5559 5563 5560
3 5560 5563 5564
3 5563 5559 5565
3 5565 5559 5561
3 5562 5566 5561
3 5561 5566 5565
3 5568 5520 5567
3 5567 5520 5569
3 5480 5571 5570
3 5570 5571 5572
3 5573 5534 5570
3 5570 5534 5480
3 5575 5576 5574
3 5574 5576 5577
3 5578 5579 5455
3 5455 5579 5580
3 5474 5581 5487
3 5487 5581 5582
3 5583 5535 5504
3 5504 5535 5505
3 5584 5585 5587
3 5587 5585 5586
3 5589 5590 5588
3 5588 5590 5591
3 5518 5592 5519
3 5519 5592 5593
3 5594 5595 5461
3 5461 5595 5596
3 5598 5599 5597
3 5597 5599 5513
3 5601 5602 5600
3 5600 5602 5603
3 5523 5542 5524
3 5524 5542 5545
3 5542 5523 5605
3 5605 5523 5604
3 5606 5607 5499
3 5499 5607 5500
3 5609 5550 5608
3 5608 5550 5521
3 5610 5509 5597
3 5597 5509 5508
3 5611 5596 5456
3 5456 5596 5457
3 5509 5610 5537
3 5537 5610 5612
3 5579 5507 5580
3 5580 5507 5506
3 5614 5615 5613
3 5613 5615 5616
3 5618 5619 5617
3 5617 5619 5620
3 5622 5623 5621
3 5621 5623 5624
3 5626 5623 5625
3 5625 5623 5622
3 5628 5629 5627
3 5627 5629 5630
3 5632 5633 5631
3 5631 5633 5465
3 5634 5635 5462
3 5462 5635 5636
3 5522 5637 5523
3 5523 5637 5604
3 5638 5639 5640
3 5640 5639 5594
3 5610 5512 5612
3 5612 5512 5641
3 5642 5585 5607
3 5607 5585 5500
3 5621 5624 5589
3 5589 5624 5590
3 5597 5513 5610
3 5610 5513 5512
3 5644 5645 5643
3 5643 5645 5646
3 5619 5618 5490
3 5490 5618 5647
3 5648 5642 5491
3 5491 5642 5607
3 5649 5650 5652
3 5652 5650 5651
3 5462 5465 5634
3 5634 5465 5633
3 5596 5611 5461
3 5461 5611 5458
3 5634 5633 5522
3 5522 5633 5637
3 5653 5637 5632
3 5632 5637 5633
3 5654 5655 5524
3 5524 5655 5525
3 5657 5658 5656
3 5656 5658 5526
3 5659 5463 5636
3 5636 5463 5462
3 5631 5465 5660
3 5660 5465 5464
3 5660 5661 5631
3 5631 5661 5657
3 5661 5662 5657
3 5657 5662 5658
3 5664 5658 5663
3 5663 5658 5662
3 5631 5657 5632
3 5632 5657 5656
3 5665 5628 5529
3 5529 5628 5666
3 5527 5526 5664
3 5664 5526 5658
3 5667 5668 5569
3 5569 5668 5567
3 5668 5667 5669
3 5669 5667 5670
3 5645 5671 5672
3 5671 5673 5672
3 5672 5673 5674
3 5673 5459 5674
3 5674 5459 5458
3 5460 5675 5461
3 5461 5675 5594
3 5676 5677 5679
3 5679 5677 5678
3 5627 5680 5628
3 5628 5680 5666
3 5681 5528 5666
3 5666 5528 5529
3 5674 5458 5682
3 5682 5458 5611
3 5584 5665 5501
3 5501 5665 5529
3 5588 5683 5601
3 5601 5683 5602
3 5645 5644 5662
3 5662 5644 5663
3 5684 5646 5672
3 5672 5646 5645
3 5685 5686 5682
3 5682 5686 5684
3 5687 5688 5532
3 5532 5688 5530
3 5689 5690 5534
3 5534 5690 5533
3 5691 5689 5573
3 5573 5689 5534
3 5684 5686 5688
3 5688 5686 5692
3 5488 5693 5489
3 5489 5693 5694
3 5689 5691 5695
3 5695 5691 5696
3 5695 5643 5689
3 5689 5643 5690
3 5446 5449 5557
3 5557 5449 5697
3 5698 5699 5641
3 5641 5699 5612
3 5700 5701 5539
3 5539 5701 5540
3 5430 5702 5431
3 5431 5702 5696
3 5384 5383 5573
3 5573 5383 5691
3 5388 5386 5572
3 5572 5386 5570
3 5564 5389 5572
3 5572 5389 5388
3 5389 5564 5703
3 5703 5564 5563
3 5565 5704 5563
3 5563 5704 5703
3 5568 5440 5608
3 5608 5440 5397
3 5567 5404 5568
3 5568 5404 5440
3 5669 5705 5668
3 5668 5705 5405
3 5702 5430 5669
3 5669 5430 5705
3 5431 5696 5383
3 5383 5696 5691
3 5573 5570 5384
3 5384 5570 5386
3 5606 5706 5488
3 5488 5706 5693
3 5517 5707 5518
3 5518 5707 5708
3 5710 5575 5709
3 5709 5575 5574
3 5712 5713 5711
3 5711 5713 5714
3 5552 5551 5477
3 5477 5551 5715
3 5716 5474 5715
3 5715 5474 5477
3 5717 5718 5604
3 5604 5718 5605
3 5504 5621 5583
3 5583 5621 5589
3 5507 5622 5504
3 5504 5622 5621
3 5625 5622 5579
3 5579 5622 5507
3 5579 5578 5625
3 5625 5578 5719
3 5578 5720 5719
3 5719 5720 5721
3 5665 5584 5722
3 5722 5584 5587
3 5723 5724 5638
3 5638 5724 5639
3 5553 5725 5554
3 5554 5725 5726
3 5452 5727 5728
3 5688 5687 5684
3 5684 5687 5646
3 5603 5729 5511
3 5511 5729 5508
3 5627 5630 5617
3 5617 5630 5591
3 5600 5603 5535
3 5535 5603 5511
3 5731 5675 5730
3 5730 5675 5659
3 5729 5603 5732
3 5732 5603 5602
3 5562 5486 5550
3 5550 5486 5549
3 5488 5491 5606
3 5606 5491 5607
3 5572 5571 5564
3 5564 5571 5560
3 5608 5521 5568
3 5568 5521 5520
3 5498 5733 5499
3 5499 5733 5734
3 5595 5735 5720
3 5720 5735 5721
3 5736 5599 5593
3 5593 5599 5519
3 5598 5729 5516
3 5516 5729 5732
3 5659 5737 5730
3 5730 5737 5738
3 5647 5648 5490
3 5490 5648 5491
3 5500 5585 5501
3 5501 5585 5584
3 5524 5545 5654
3 5654 5545 5739
3 5599 5598 5519
3 5519 5598 5516
3 5707 5738 5708
3 5708 5738 5737
3 5635 5634 5525
3 5525 5634 5522
3 5669 5670 5702
3 5702 5670 5740
3 5489 5694 5741
3 5741 5694 5742
3 5681 5677 5743
3 5743 5677 5676
3 5677 5680 5678
3 5678 5680 5620
3 5741 5742 5678
3 5678 5742 5679
3 5617 5620 5627
3 5627 5620 5680
3 5724 5723 5588
3 5588 5723 5683
3 5455 5457 5578
3 5578 5457 5720
3 5674 5682 5672
3 5672 5682 5684
3 5528 5681 5744
3 5744 5681 5743
3 5720 5457 5595
3 5595 5457 5596
3 5700 5539 5718
3 5718 5539 5605
3 5702 5740 5696
3 5696 5740 5695
3 5499 5734 5606
3 5606 5734 5706
3 5548 5745 5492
3 5492 5745 5496
3 5699 5746 5612
3 5612 5746 5537
3 5419 5420 5433
3 5433 5420 5399
3 5688 5692 5530
3 5530 5692 5531
3 5704 5565 5747
3 5747 5565 5566
3 5608 5397 5609
3 5609 5397 5396
3 5668 5405 5567
3 5567 5405 5404
3 5487 5582 5548
3 5548 5582 5745
3 5713 5712 5709
3 5709 5712 5710
3 5746 5467 5537
3 5537 5467 5466
3 5547 5546 5748
3 5748 5546 5749
3 5732 5602 5750
3 5750 5602 5683
3 5588 5601 5589
3 5589 5601 5583
3 5635 5751 5613
3 5613 5751 5614
3 5752 5753 5737
3 5737 5753 5754
3 5601 5600 5583
3 5583 5600 5535
3 5722 5735 5629
3 5629 5735 5639
3 5594 5639 5595
3 5595 5639 5735
3 5733 5498 5744
3 5744 5498 5528
3 5626 5586 5642
3 5642 5586 5585
3 5552 5558 5553
3 5553 5558 5479
3 5558 5560 5479
3 5479 5560 5571
3 5553 5479 5725
3 5725 5479 5478
3 5748 5749 5714
3 5714 5749 5711
3 5682 5611 5685
3 5685 5611 5456
3 5677 5681 5680
3 5680 5681 5666
3 5597 5508 5598
3 5598 5508 5729
3 5678 5620 5741
3 5741 5620 5619
3 5651 5615 5652
3 5652 5615 5614
3 5219 5425 5051
3 5051 5425 5436
3 5486 5487 5549
3 5549 5487 5548
3 5741 5619 5489
3 5489 5619 5490
3 5550 5609 5562
3 5562 5609 5566
3 5609 5396 5566
3 5566 5396 5747
3 5613 5616 5752
3 5752 5616 5753
3 5479 5571 5480
3 5754 5755 5737
3 5737 5755 5708
3 5744 5743 5757
3 5757 5743 5756
3 5744 5757 5733
3 5733 5757 5758
3 5734 5733 5759
3 5759 5733 5758
3 5706 5734 5760
3 5760 5734 5759
3 5743 5676 5756
3 5756 5676 5761
3 5676 5679 5761
3 5761 5679 5762
3 5762 5679 5763
3 5763 5679 5742
3 5764 5765 5761
3 5761 5765 5756
3 5767 5768 5766
3 5766 5768 5769
3 5770 5771 5769
3 5769 5771 5766
3 5769 5768 5773
3 5773 5768 5772
3 5774 5775 5773
3 5773 5775 5776
3 5772 5777 5773
3 5773 5777 5774
3 5778 5765 5772
3 5772 5765 5777
3 5776 5770 5773
3 5773 5770 5769
3 5779 5780 5782
3 5782 5780 5781
3 5780 5779 5770
3 5770 5779 5771
3 5772 5768 5778
3 5778 5768 5767
3 5767 5758 5778
3 5778 5758 5757
3 5767 5783 5758
3 5758 5783 5759
3 5766 5784 5767
3 5767 5784 5783
3 5784 5766 5785
3 5785 5766 5771
3 5765 5778 5756
3 5756 5778 5757
3 5779 5786 5771
3 5771 5786 5785
3 5784 5785 5787
3 5787 5785 5788
3 5785 5786 5788
3 5788 5786 5789
3 5787 5788 5790
3 5790 5788 5791
3 5790 5792 5787
3 5787 5792 5793
3 5794 5791 5789
3 5789 5791 5788
3 5784 5787 5783
3 5783 5787 5793
3 5783 5793 5759
3 5759 5793 5760
3 5786 5779 5795
3 5795 5779 5782
3 5774 5777 5796
3 5796 5777 5765
3 5796 5797 5774
3 5774 5797 5775
3 5765 5764 5796
3 5796 5764 5798
3 5797 5796 5799
3 5799 5796 5798
3 5797 5800 5775
3 5775 5800 5801
3 5706 5760 5693
3 5693 5760 5802
3 5694 5803 5742
3 5742 5803 5763
3 5803 5694 5802
3 5802 5694 5693
3 5802 5792 5803
3 5803 5792 5804
3 5792 5790 5804
3 5804 5790 5805
3 5803 5804 5763
3 5763 5804 5806
3 5802 5760 5792
3 5792 5760 5793
3 5807 5762 5806
3 5806 5762 5763
3 5807 5764 5762
3 5762 5764 5761
3 5808 5798 5807
3 5807 5798 5764
3 5808 5807 5809
3 5809 5807 5806
3 5810 5808 5811
3 5811 5808 5809
3 5804 5805 5806
3 5806 5805 5809
3 5805 5812 5809
3 5809 5812 5811
3 5798 5808 5799
3 5799 5808 5810
3 5814 5799 5813
3 5813 5799 5810
3 5813 5816 5815
3 5815 5816 5817
3 5813 5810 5816
3 5816 5810 5811
3 5813 5815 5814
3 5814 5815 5795
3 5814 5795 5800
3 5800 5795 5782
3 5800 5797 5814
3 5814 5797 5799
3 5790 5791 5805
3 5805 5791 5812
3 5817 5812 5794
3 5794 5812 5791
3 5817 5816 5812
3 5812 5816 5811
3 5815 5817 5789
3 5789 5817 5794
3 5789 5786 5815
3 5815 5786 5795
3 5770 5776 5780
3 5780 5776 5781
3 5781 5801 5782
3 5782 5801 5800
3 5781 5776 5801
3 5801 5776 5775
3 5587 5586 5721
3 5721 5586 5719
3 5590 5618 5591
3 5591 5618 5617
3 5624 5623 5647
3 5647 5623 5648
3 5623 5626 5648
3 5648 5626 5642
3 5630 5629 5724
3 5724 5629 5639
3 5624 5647 5590
3 5590 5647 5618
3 5587 5721 5722
3 5722 5721 5735
3 5630 5724 5591
3 5591 5724 5588
3 5722 5629 5665
3 5665 5629 5628
3 5586 5626 5719
3 5719 5626 5625
3 5819 5820 5818
3 5818 5820 5821
3 5823 5824 5822
3 5822 5824 5825
3 5822 5825 5826
3 5826 5825 5827
3 5828 5829 5831
3 5831 5829 5830
3 5517 5832 5707
3 5707 5832 5833
3 5834 5835 5823
3 5823 5835 5824
3 5837 5838 5836
3 5836 5838 5839
3 5750 5683 5841
3 5841 5683 5840
3 5842 5840 5723
3 5723 5840 5683
3 5844 5845 5843
3 5843 5845 5846
3 5847 5829 5835
3 5835 5829 5824
3 5517 5750 5832
3 5832 5750 5841
3 5838 5837 5820
3 5820 5837 5848
3 5849 5847 5821
3 5821 5847 5835
3 5850 5844 5827
3 5827 5844 5851
3 5853 5854 5852
3 5852 5854 5855
3 5844 5843 5851
3 5851 5843 5856
3 5857 5826 5851
3 5851 5826 5827
3 5850 5827 5828
3 5828 5827 5825
3 5818 5858 5819
3 5819 5858 5859
3 5834 5860 5818
3 5818 5860 5858
3 5850 5828 5861
3 5861 5828 5831
3 5843 5846 5836
3 5836 5846 5833
3 5818 5821 5834
3 5834 5821 5835
3 5822 5862 5823
3 5823 5862 5863
3 5848 5849 5820
3 5820 5849 5821
3 5824 5829 5825
3 5825 5829 5828
3 5819 5859 5864
3 5864 5859 5865
3 5857 5853 5866
3 5866 5853 5852
3 5853 5856 5854
3 5854 5856 5839
3 5854 5864 5855
3 5855 5864 5865
3 5836 5839 5843
3 5843 5839 5856
3 5826 5857 5867
3 5867 5857 5866
3 5823 5863 5834
3 5834 5863 5860
3 5731 5730 5861
3 5861 5730 5845
3 5862 5822 5867
3 5867 5822 5826
3 5842 5830 5847
3 5847 5830 5829
3 5853 5857 5856
3 5856 5857 5851
3 5854 5839 5864
3 5864 5839 5838
3 5864 5838 5819
3 5819 5838 5820
3 5867 5866 5869
3 5869 5866 5868
3 5867 5869 5862
3 5862 5869 5870
3 5862 5870 5863
3 5863 5870 5871
3 5863 5871 5860
3 5860 5871 5872
3 5866 5852 5868
3 5868 5852 5873
3 5852 5855 5873
3 5873 5855 5874
3 5855 5865 5874
3 5874 5865 5875
3 5876 5877 5873
3 5873 5877 5868
3 5879 5880 5878
3 5878 5880 5881
3 5882 5883 5879
3 5879 5883 5880
3 5880 5883 5885
3 5885 5883 5884
3 5886 5887 5885
3 5885 5887 5888
3 5884 5889 5885
3 5885 5889 5886
3 5888 5881 5885
3 5885 5881 5880
3 5881 5890 5878
3 5878 5890 5891
3 5884 5883 5892
3 5892 5883 5882
3 5882 5870 5892
3 5892 5870 5869
3 5882 5893 5870
3 5870 5893 5871
3 5879 5894 5882
3 5882 5894 5893
3 5895 5894 5878
3 5878 5894 5879
3 5892 5877 5884
3 5884 5877 5889
3 5877 5892 5868
3 5868 5892 5869
3 5896 5895 5891
3 5891 5895 5878
3 5894 5895 5897
3 5897 5895 5898
3 5895 5896 5898
3 5898 5896 5899
3 5897 5898 5900
3 5900 5898 5901
3 5900 5902 5897
3 5897 5902 5903
3 5899 5904 5898
3 5898 5904 5901
3 5897 5903 5894
3 5894 5903 5893
3 5893 5903 5871
3 5871 5903 5872
3 5896 5891 5906
3 5906 5891 5905
3 5891 5890 5905
3 5905 5890 5907
3 5886 5889 5908
3 5908 5889 5877
3 5887 5886 5909
3 5909 5886 5908
3 5877 5876 5908
3 5908 5876 5910
3 5908 5910 5909
3 5909 5910 5911
3 5912 5913 5909
3 5909 5913 5887
3 5907 5913 5905
3 5905 5913 5912
3 5860 5872 5858
3 5858 5872 5914
3 5859 5915 5865
3 5865 5915 5875
3 5915 5859 5914
3 5914 5859 5858
3 5914 5902 5915
3 5915 5902 5916
3 5902 5900 5916
3 5916 5900 5917
3 5915 5916 5875
3 5875 5916 5918
3 5902 5914 5903
3 5903 5914 5872
3 5919 5874 5918
3 5918 5874 5875
3 5919 5876 5874
3 5874 5876 5873
3 5919 5920 5876
3 5876 5920 5910
3 5920 5919 5921
3 5921 5919 5918
3 5922 5920 5923
3 5923 5920 5921
3 5916 5917 5918
3 5918 5917 5921
3 5917 5924 5921
3 5921 5924 5923
3 5920 5922 5910
3 5910 5922 5911
3 5926 5911 5925
3 5925 5911 5922
3 5925 5928 5927
3 5927 5928 5929
3 5925 5922 5928
3 5928 5922 5923
3 5925 5927 5926
3 5926 5927 5906
3 5926 5906 5912
3 5912 5906 5905
3 5912 5909 5926
3 5926 5909 5911
3 5900 5901 5917
3 5917 5901 5924
3 5929 5924 5904
3 5904 5924 5901
3 5929 5928 5924
3 5924 5928 5923
3 5927 5929 5899
3 5899 5929 5904
3 5899 5896 5927
3 5927 5896 5906
3 5881 5888 5890
3 5890 5888 5907
3 5907 5888 5913
3 5913 5888 5887
3 5831 5830 5640
3 5640 5830 5638
3 5832 5837 5833
3 5833 5837 5836
3 5841 5840 5848
3 5848 5840 5849
3 5840 5842 5849
3 5849 5842 5847
3 5846 5845 5738
3 5738 5845 5730
3 5841 5848 5832
3 5832 5848 5837
3 5861 5831 5731
3 5731 5831 5640
3 5846 5738 5833
3 5833 5738 5707
3 5861 5845 5850
3 5850 5845 5844
3 5830 5842 5638
3 5638 5842 5723
3 5675 5731 5594
3 5594 5731 5640
3 5675 5460 5659
3 5659 5460 5463
3 5460 5459 5463
3 5463 5459 5464
3 5459 5673 5464
3 5464 5673 5660
3 5930 5931 5933
3 5933 5931 5932
3 5935 5936 5934
3 5934 5936 5937
3 5934 5937 5938
3 5938 5937 5939
3 5941 5942 5940
3 5940 5942 5943
3 5944 5945 5935
3 5935 5945 5936
3 5947 5948 5946
3 5946 5948 5949
3 5950 5951 5518
3 5518 5951 5592
3 5952 5950 5708
3 5708 5950 5518
3 5954 5955 5953
3 5953 5955 5956
3 5957 5941 5945
3 5945 5941 5936
3 5947 5958 5948
3 5948 5958 5932
3 5959 5957 5933
3 5933 5957 5945
3 5960 5954 5939
3 5939 5954 5961
3 5962 5963 5965
3 5965 5963 5964
3 5954 5953 5961
3 5961 5953 5966
3 5967 5938 5961
3 5961 5938 5939
3 5960 5939 5940
3 5940 5939 5937
3 5930 5968 5931
3 5931 5968 5969
3 5944 5970 5930
3 5930 5970 5968
3 5940 5943 5960
3 5960 5943 5971
3 5953 5956 5946
3 5946 5956 5972
3 5944 5930 5945
3 5945 5930 5933
3 5934 5973 5935
3 5935 5973 5974
3 5958 5959 5932
3 5932 5959 5933
3 5936 5941 5937
3 5937 5941 5940
3 5931 5969 5975
3 5975 5969 5976
3 5967 5963 5977
3 5977 5963 5962
3 5964 5963 5949
3 5949 5963 5966
3 5975 5976 5964
3 5964 5976 5965
3 5946 5949 5953
3 5953 5949 5966
3 5938 5967 5978
3 5978 5967 5977
3 5935 5974 5944
3 5944 5974 5970
3 5971 5753 5955
3 5955 5753 5616
3 5973 5934 5978
3 5978 5934 5938
3 5952 5942 5957
3 5957 5942 5941
3 5963 5967 5966
3 5966 5967 5961
3 5964 5949 5975
3 5975 5949 5948
3 5975 5948 5931
3 5931 5948 5932
3 5978 5977 5980
3 5980 5977 5979
3 5978 5980 5973
3 5973 5980 5981
3 5973 5981 5974
3 5974 5981 5982
3 5974 5982 5970
3 5970 5982 5983
3 5977 5962 5979
3 5979 5962 5984
3 5962 5965 5984
3 5984 5965 5985
3 5985 5965 5986
3 5986 5965 5976
3 5987 5988 5984
3 5984 5988 5979
3 5990 5991 5989
3 5989 5991 5992
3 5993 5994 5990
3 5990 5994 5991
3 5991 5994 5996
3 5996 5994 5995
3 5997 5998 5996
3 5996 5998 5999
3 5995 6000 5996
3 5996 6000 5997
3 5999 5992 5996
3 5996 5992 5991
3 6001 6002 5992
3 5992 6002 5989
3 5994 5993 5995
3 5995 5993 6003
3 5993 5981 6003
3 6003 5981 5980
3 5993 6004 5981
3 5981 6004 5982
3 5990 6005 5993
3 5993 6005 6004
3 6005 5990 6006
3 6006 5990 5989
3 5995 6003 6000
3 6000 6003 5988
3 5988 6003 5979
3 5979 6003 5980
3 6002 6007 5989
3 5989 6007 6006
3 6008 6005 6009
3 6009 6005 6006
3 6007 6010 6006
3 6006 6010 6009
3 6011 6008 6012
3 6012 6008 6009
3 6008 6011 6014
3 6014 6011 6013
3 6010 6015 6009
3 6009 6015 6012
3 6005 6008 6004
3 6004 6008 6014
3 6004 6014 5982
3 5982 6014 5983
3 6007 6002 6017
3 6017 6002 6016
3 6002 6001 6016
3 6016 6001 6018
3 5997 6000 6019
3 6019 6000 5988
3 5998 5997 6020
3 6020 5997 6019
3 5988 5987 6019
3 6019 5987 6021
3 6020 6019 6022
3 6022 6019 6021
3 6020 6023 5998
3 5998 6023 6024
3 6018 6024 6016
3 6016 6024 6023
3 5970 5983 5968
3 5968 5983 6025
3 5969 6026 5976
3 5976 6026 5986
3 6026 5969 6025
3 6025 5969 5968
3 6025 6013 6026
3 6026 6013 6027
3 6013 6011 6027
3 6027 6011 6028
3 6026 6027 5986
3 5986 6027 6029
3 6025 5983 6013
3 6013 5983 6014
3 6030 5985 6029
3 6029 5985 5986
3 6030 5987 5985
3 5985 5987 5984
3 6031 6021 6030
3 6030 6021 5987
3 6031 6030 6032
3 6032 6030 6029
3 6033 6031 6034
3 6034 6031 6032
3 6027 6028 6029
3 6029 6028 6032
3 6028 6035 6032
3 6032 6035 6034
3 6031 6033 6021
3 6021 6033 6022
3 6037 6022 6036
3 6036 6022 6033
3 6036 6039 6038
3 6038 6039 6040
3 6036 6033 6039
3 6039 6033 6034
3 6036 6038 6037
3 6037 6038 6017
3 6037 6017 6023
3 6023 6017 6016
3 6023 6020 6037
3 6037 6020 6022
3 6011 6012 6028
3 6028 6012 6035
3 6040 6035 6015
3 6015 6035 6012
3 6040 6039 6035
3 6035 6039 6034
3 6040 6015 6038
3 6038 6015 6010
3 6010 6007 6038
3 6038 6007 6017
3 5992 5999 6001
3 6001 5999 6018
3 6018 5999 6024
3 6024 5999 5998
3 5942 5755 5943
3 5943 5755 5754
3 6041 5947 5972
3 5972 5947 5946
3 5951 5950 5958
3 5958 5950 5959
3 5950 5952 5959
3 5959 5952 5957
3 5615 5956 5616
3 5616 5956 5955
3 6041 5951 5947
3 5947 5951 5958
3 5943 5754 5971
3 5971 5754 5753
3 5956 5615 5972
3 5972 5615 5651
3 5955 5954 5971
3 5971 5954 5960
3 5942 5952 5755
3 5755 5952 5708
3 6043 6044 6042
3 6042 6044 6045
3 6047 6048 6046
3 6046 6048 6049
3 6046 6049 6050
3 6050 6049 6051
3 6053 6054 6052
3 6052 6054 6055
3 6056 6057 6059
3 6059 6057 6058
3 6060 6061 6047
3 6047 6061 6048
3 6062 6063 6065
3 6065 6063 6064
3 6066 6067 6069
3 6069 6067 6068
3 6070 6068 5652
3 5652 6068 6067
3 6071 6072 6074
3 6074 6072 6073
3 6061 6075 6048
3 6048 6075 6053
3 6057 6066 6058
3 6058 6066 6069
3 6063 6076 6064
3 6064 6076 6044
3 6077 6075 6045
3 6045 6075 6061
3 6072 6079 6078
3 6078 6079 6051
3 6081 6082 6080
3 6080 6082 6083
3 6071 6084 6072
3 6072 6084 6079
3 6085 6050 6079
3 6079 6050 6051
3 6078 6051 6052
3 6052 6051 6049
3 6042 6086 6043
3 6043 6086 6087
3 6060 6088 6042
3 6042 6088 6086
3 6052 6055 6078
3 6078 6055 6089
3 6062 6071 6059
3 6059 6071 6074
3 6042 6045 6060
3 6060 6045 6061
3 6046 6090 6047
3 6047 6090 6091
3 6076 6077 6044
3 6044 6077 6045
3 6048 6053 6049
3 6049 6053 6052
3 6043 6087 6092
3 6092 6087 6093
3 6085 6081 6094
3 6094 6081 6080
3 6082 6081 6065
3 6065 6081 6084
3 6092 6093 6082
3 6082 6093 6083
3 6071 6062 6084
3 6084 6062 6065
3 6050 6085 6095
3 6095 6085 6094
3 6047 6091 6060
3 6060 6091 6088
3 5655 5654 6089
3 6089 5654 6073
3 6090 6046 6095
3 6095 6046 6050
3 6070 6054 6075
3 6075 6054 6053
3 6081 6085 6084
3 6084 6085 6079
3 6092 6082 6064
3 6064 6082 6065
3 6043 6092 6044
3 6044 6092 6064
3 6095 6094 6097
3 6097 6094 6096
3 6095 6097 6090
3 6090 6097 6098
3 6090 6098 6091
3 6091 6098 6099
3 6091 6099 6088
3 6088 6099 6100
3 6094 6080 6096
3 6096 6080 6101
3 6080 6083 6101
3 6101 6083 6102
3 6102 6083 6103
3 6103 6083 6093
3 6105 6096 6104
3 6104 6096 6101
3 6106 6107 6109
3 6109 6107 6108
3 6110 6111 6107
3 6107 6111 6108
3 6108 6111 6113
3 6113 6111 6112
3 6113 6114 6116
3 6116 6114 6115
3 6112 6117 6113
3 6113 6117 6114
3 6116 6109 6113
3 6113 6109 6108
3 6109 6118 6106
3 6106 6118 6119
3 6111 6110 6112
3 6112 6110 6120
3 6110 6098 6120
3 6120 6098 6097
3 6110 6121 6098
3 6098 6121 6099
3 6122 6121 6107
3 6107 6121 6110
3 6123 6122 6106
3 6106 6122 6107
3 6112 6120 6117
3 6117 6120 6105
3 6105 6120 6096
3 6096 6120 6097
3 6124 6123 6119
3 6119 6123 6106
3 6125 6122 6126
3 6126 6122 6123
3 6124 6127 6123
3 6123 6127 6126
3 6128 6125 6129
3 6129 6125 6126
3 6125 6128 6131
3 6131 6128 6130
3 6127 6132 6126
3 6126 6132 6129
3 6122 6125 6121
3 6121 6125 6131
3 6121 6131 6099
3 6099 6131 6100
3 6119 6133 6124
3 6124 6133 6134
3 6119 6118 6133
3 6133 6118 6135
3 6114 6117 6136
3 6136 6117 6105
3 6114 6136 6115
3 6115 6136 6137
3 6136 6105 6138
3 6138 6105 6104
3 6137 6136 6139
3 6139 6136 6138
3 6140 6141 6137
3 6137 6141 6115
3 6135 6141 6133
3 6133 6141 6140
3 6088 6100 6086
3 6086 6100 6142
3 6087 6143 6093
3 6093 6143 6103
3 6142 6143 6086
3 6086 6143 6087
3 6130 6144 6142
3 6142 6144 6143
3 6128 6145 6130
3 6130 6145 6144
3 6143 6144 6103
3 6103 6144 6146
3 6142 6100 6130
3 6130 6100 6131
3 6147 6102 6146
3 6146 6102 6103
3 6102 6147 6101
3 6101 6147 6104
3 6147 6148 6104
3 6104 6148 6138
3 6148 6147 6149
3 6149 6147 6146
3 6150 6148 6151
3 6151 6148 6149
3 6144 6145 6146
3 6146 6145 6149
3 6145 6152 6149
3 6149 6152 6151
3 6148 6150 6138
3 6138 6150 6139
3 6154 6139 6153
3 6153 6139 6150
3 6153 6156 6155
3 6155 6156 6157
3 6153 6150 6156
3 6156 6150 6151
3 6153 6155 6154
3 6154 6155 6134
3 6154 6134 6140
3 6140 6134 6133
3 6140 6137 6154
3 6154 6137 6139
3 6145 6128 6152
3 6152 6128 6129
3 6157 6152 6132
3 6132 6152 6129
3 6157 6156 6152
3 6152 6156 6151
3 6155 6157 6127
3 6127 6157 6132
3 6127 6124 6155
3 6155 6124 6134
3 6109 6116 6118
3 6118 6116 6135
3 6135 6116 6141
3 6141 6116 6115
3 6054 5614 6055
3 6055 5614 5751
3 6059 6058 6062
3 6062 6058 6063
3 6076 6069 6077
3 6077 6069 6068
3 6068 6070 6077
3 6077 6070 6075
3 6158 6056 6074
3 6074 6056 6059
3 6058 6069 6063
3 6063 6069 6076
3 6055 5751 6089
3 6089 5751 5655
3 6089 6073 6078
3 6078 6073 6072
3 6054 6070 5614
3 5614 6070 5652
3 5546 5470 6159
3 6159 5470 6160
3 5728 5576 6162
3 6162 5576 6161
3 5576 5575 6161
3 6161 5575 6163
3 5712 6164 5710
3 5710 6164 6165
3 5473 5728 6166
3 6166 5728 6162
3 5749 5546 6167
3 6167 5546 6159
3 5470 5473 6160
3 6160 5473 6166
3 6168 5711 6167
3 6167 5711 5749
3 5710 6165 5575
3 5575 6165 6163
3 6164 5712 6168
3 6168 5712 5711
3 6167 6169 6168
3 6168 6169 6170
3 6168 6170 6164
3 6164 6170 6171
3 6164 6171 6165
3 6165 6171 6172
3 6165 6172 6163
3 6163 6172 6173
3 6167 6159 6169
3 6169 6159 6174
3 6159 6160 6174
3 6174 6160 6175
3 6160 6166 6175
3 6175 6166 6176
3 6178 6169 6177
3 6177 6169 6174
3 6180 6181 6179
3 6179 6181 6182
3 6183 6184 6180
3 6180 6184 6181
3 6185 6186 6184
3 6184 6186 6181
3 6185 6187 6186
3 6186 6187 6188
3 6189 6182 6186
3 6186 6182 6181
3 6182 6189 6190
3 6190 6189 6191
3 6190 6192 6182
3 6182 6192 6179
3 6185 6184 6193
3 6193 6184 6183
3 6183 6171 6193
3 6193 6171 6170
3 6183 6194 6171
3 6171 6194 6172
3 6180 6195 6183
3 6183 6195 6194
3 6195 6180 6196
3 6196 6180 6179
3 6185 6193 6187
3 6187 6193 6178
3 6178 6193 6169
3 6169 6193 6170
3 6192 6197 6179
3 6179 6197 6196
3 6198 6195 6199
3 6199 6195 6196
3 6197 6200 6196
3 6196 6200 6199
3 6201 6198 6202
3 6202 6198 6199
3 6198 6201 6204
3 6204 6201 6203
3 6200 6205 6199
3 6199 6205 6202
3 6195 6198 6194
3 6194 6198 6204
3 6194 6204 6172
3 6172 6204 6173
3 6197 6192 6207
3 6207 6192 6206
3 6192 6190 6206
3 6206 6190 6191
3 6188 6187 6208
3 6208 6187 6178
3 6209 6188 6210
3 6210 6188 6208
3 6208 6178 6211
3 6211 6178 6177
3 6210 6208 6212
3 6212 6208 6211
3 6210 6213 6209
3 6209 6213 6214
3 6191 6214 6206
3 6206 6214 6213
3 6189 6186 6209
3 6209 6186 6188
3 6191 6189 6214
3 6214 6189 6209
3 6161 6163 6215
3 6215 6163 6173
3 6166 6162 6176
3 6176 6162 6216
3 6215 6216 6161
3 6161 6216 6162
3 6203 6217 6215
3 6215 6217 6216
3 6201 6218 6203
3 6203 6218 6217
3 6216 6217 6176
3 6176 6217 6219
3 6215 6173 6203
3 6203 6173 6204
3 6220 6175 6219
3 6219 6175 6176
3 6175 6220 6174
3 6174 6220 6177
3 6220 6221 6177
3 6177 6221 6211
3 6221 6220 6222
3 6222 6220 6219
3 6223 6221 6224
3 6224 6221 6222
3 6217 6218 6219
3 6219 6218 6222
3 6218 6225 6222
3 6222 6225 6224
3 6221 6223 6211
3 6211 6223 6212
3 6227 6212 6226
3 6226 6212 6223
3 6228 6226 6230
3 6230 6226 6229
3 6226 6223 6229
3 6229 6223 6224
3 6226 6228 6227
3 6227 6228 6207
3 6227 6207 6213
3 6213 6207 6206
3 6213 6210 6227
3 6227 6210 6212
3 6218 6201 6225
3 6225 6201 6202
3 6230 6225 6205
3 6205 6225 6202
3 6230 6229 6225
3 6225 6229 6224
3 6228 6230 6200
3 6200 6230 6205
3 6200 6197 6228
3 6228 6197 6207
3 5673 5671 5660
3 5660 5671 5661
3 5661 5671 5662
3 5662 5671 5645
3 5650 6041 5651
3 5651 6041 5972
3 5517 5516 5750
3 5750 5516 5732
3 5737 5659 5752
3 5752 5659 5636
3 5751 5635 5655
3 5655 5635 5525
3 5951 6041 5592
3 5592 6041 5650
3 5592 5650 5593
3 5593 5650 5649
3 5599 5736 5513
3 5513 5736 5514
3 5545 5544 5739
3 5739 5544 6231
3 6231 6057 5739
3 5739 6057 6056
3 6066 6057 6232
3 6232 6057 6231
3 6232 6231 6233
3 6233 6231 5544
3 6233 5544 6234
3 6234 5544 5543
3 5605 6235 5542
3 5542 6235 5543
3 6234 5543 5538
3 5538 5543 6235
3 6236 6234 5541
3 5541 6234 5538
3 6234 6236 6233
3 6233 6236 6237
3 6233 6237 6232
3 6232 6237 6238
3 5652 6067 5649
3 5649 6067 6238
3 5641 5512 6239
3 6239 5512 5515
3 5538 6235 5539
3 5539 6235 5605
3 5635 5613 5636
3 5636 5613 5752
3 6238 5736 5649
3 5649 5736 5593
3 6238 6067 6232
3 6232 6067 6066
3 6074 6073 6158
3 6158 6073 5654
3 6056 6158 5739
3 5739 6158 5654
3 5514 5736 6237
3 6237 5736 6238
3 6237 6236 5514
3 5514 6236 5515
3 5541 6239 6236
3 6236 6239 5515
3 6239 5541 5641
3 5641 5541 5540
3 5701 5698 5540
3 5540 5698 5641
3 5581 5474 5716
3 5469 5442 5536
3 5536 5442 5503
3 5468 5443 5469
3 5469 5443 5442
3 5725 5556 5726
3 5726 5556 5555
3 5536 5503 5510
3 5510 5503 5505
3 5503 5502 5505
3 5505 5502 5506
3 5502 5454 5506
3 5506 5454 5580
3 5454 5453 5580
3 5580 5453 5455
3 5472 5452 5473
3 5473 5452 5728
3 5456 5453 5472
3 5472 5453 5452
3 5472 5471 5456
3 5456 5471 5685
3 5471 5547 5685
3 5685 5547 5686
3 5748 5692 5547
3 5547 5692 5686
3 5714 5531 5748
3 5748 5531 5692
3 5713 5485 5714
3 5714 5485 5531
3 5713 5709 5485
3 5485 5709 5448
3 5727 5577 5728
3 5728 5577 5576
3 5451 5444 5697
3 5697 5444 5557
3 5444 5443 5557
3 5557 5443 5555
3 5443 5468 5555
3 5555 5468 5726
3 5468 5467 5726
3 5726 5467 5554
3 5467 5746 5554
3 5554 5746 5551
3 5746 5699 5551
3 5551 5699 5715
3 5699 5698 5715
3 5715 5698 5716
3 5698 5701 5716
3 5716 5701 5581
3 5701 5700 5581
3 5581 5700 5582
3 5725 5478 5556
3 5556 5478 5482
3 5482 5478 5483
3 5483 5478 5481
3 5533 5532 5481
3 5481 5532 5483
3 5690 5687 5533
3 5533 5687 5532
3 5643 5646 5690
3 5690 5646 5687
3 5718 5745 5700
3 5700 5745 5582
3 5717 5496 5718
3 5718 5496 5745
3 5717 5604 5653
3 5653 5604 5637
3 5497 5653 5656
3 5656 5653 5632
3 5496 5717 5497
3 5497 5717 5653
3 5656 5526 5497
3 5497 5526 5493
3 5527 5569 5494
3 5494 5569 5520
3 5664 5667 5527
3 5527 5667 5569
3 5663 5670 5664
3 5664 5670 5667
3 5644 5740 5663
3 5663 5740 5670
3 5643 5695 5644
3 5644 5695 5740
3 5709 5574 5448
3 5448 5574 5449
3 5574 5577 5449
3 5449 5577 5697
3 5577 5727 5697
3 5697 5727 5451
3 5451 5727 5450
3 5450 5727 5452
3 3618 6240 3619
3 3619 6240 6241
3 6242 6243 3627
3 3627 6243 3628
3 6244 6245 3633
3 3633 6245 3630
3 6246 6247 3635
3 3635 6247 3636
3 6248 6249 3641
3 3641 6249 3638
3 3638 6249 3642
3 3642 6249 6250
3 3742 6251 3743
3 3743 6251 6252
3 6245 6242 3630
3 3630 6242 3627
3 3752 6253 3753
3 3753 6253 6254
3 3856 6255 3618
3 3618 6255 6240
3 6256 6244 3931
3 3931 6244 3633
3 6241 6246 3619
3 3619 6246 3635
3 6257 6258 3945
3 3945 6258 3946
3 6259 6248 3947
3 3947 6248 3641
3 6243 6257 3628
3 3628 6257 3945
3 3946 6258 3752
3 3752 6258 6253
3 6247 6259 3636
3 3636 6259 3947
3 3642 6250 3742
3 3742 6250 6251
3 3743 6252 3931
3 3931 6252 6256
3 6249 6248 6250
3 6250 6248 6251
3 6244 6260 6245
3 6245 6260 6261
3 6262 6263 6246
3 6246 6263 6247
3 6251 6264 6252
3 6252 6264 6265
3 6245 6261 6242
3 6242 6261 6266
3 6267 6260 6256
3 6256 6260 6244
3 6268 6262 6241
3 6241 6262 6246
3 6269 6270 6259
3 6259 6270 6248
3 6263 6269 6247
3 6247 6269 6259
3 6252 6265 6256
3 6256 6265 6267
3 6248 6270 6251
3 6251 6270 6264
3 6253 6258 6271
3 6271 6258 6272
3 6265 6264 6269
3 6269 6264 6270
3 6267 6265 6263
3 6263 6265 6269
3 6260 6267 6262
3 6262 6267 6263
3 6268 6261 6262
3 6262 6261 6260
3 4185 4184 6273
3 6273 4184 6274
3 6240 6275 6241
3 6241 6275 6268
3 6257 6243 6276
3 6276 6243 6277
3 6255 6278 6240
3 6240 6278 6275
3 6258 6257 6272
3 6272 6257 6276
3 6242 6266 6243
3 6243 6266 6277
3 6275 6266 6268
3 6268 6266 6261
3 6253 6271 6254
3 6254 6271 6279
3 3864 3712 3887
3 3887 3712 3684
3 5241 5232 3891
3 3891 5232 3710
3 3899 5242 3891
3 3891 5242 5241
3 3733 3865 3899
3 3899 3865 5242
3 4116 6280 4117
3 4117 6280 6281
3 4117 6281 4277
3 4277 6281 4878
3 4716 4886 4717
3 4717 4886 4279
3 4791 4277 4881
3 4881 4277 4878
3 4794 4791 6282
3 6282 4791 4881
3 4851 4850 5011
3 5011 4850 6283
3 4855 5206 4856
3 4856 5206 4857
3 4859 4278 4856
3 4856 4278 4853
3 4717 4279 4859
3 4859 4279 4278
3 4863 4862 4744
3 4744 4862 4741
3 5365 4866 5010
3 5010 4866 4865
3 4870 4883 4871
3 4871 4883 4882
3 4871 4882 4116
3 4116 4882 6280
3 6283 4850 6282
3 6282 4850 4794
3 4851 4865 4852
3 4852 4865 4864
3 4870 4869 4855
3 4855 4869 5206
3 4716 4715 4863
3 4863 4715 4860
3 4867 4866 4861
3 4861 4866 4862
3 4267 4854 4268
3 4268 4854 4853
3 4280 4273 4281
3 4281 4273 4764
3 4743 4742 4906
3 4906 4742 4903
3 4873 4880 4819
3 4819 4880 4879
3 4884 5012 4885
3 4885 5012 4979
3 4887 4274 4280
3 4280 4274 4273
3 4901 6281 4902
3 4902 6281 6280
3 6282 4978 6283
3 6283 4978 4977
3 4281 4764 4268
3 4268 4764 4265
3 4879 4878 4901
3 4901 4878 6281
3 4902 6280 4885
3 4885 6280 4882
3 4881 4880 6282
3 6282 4880 4978
3 5012 4884 4266
3 4266 4884 4267
3 4887 4886 4743
3 4743 4886 4744
3 4409 6284 4410
3 4410 6284 4811
3 4749 4748 6285
3 6285 4748 6286
3 6288 4694 6287
3 6287 4694 4254
3 4749 4674 4750
3 4750 4674 4964
3 6289 6290 4962
3 4962 6290 4959
3 4806 4805 4410
3 4410 4805 4407
3 6291 6292 4958
3 4958 6292 4955
3 4957 6293 4958
3 4958 6293 4954
3 4961 4963 4962
3 4962 4963 4804
3 4961 4960 4750
3 4750 4960 4747
3 6295 6296 6294
3 6294 6296 6297
3 6298 6299 6287
3 6287 6299 4734
3 6301 4960 6300
3 6300 4960 4959
3 6303 6286 6302
3 6302 6286 4748
3 4967 6304 4968
3 4968 6304 6305
3 4412 6307 6306
3 6306 6307 4899
3 6300 4959 6308
3 6308 4959 6290
3 4411 4407 6309
3 6309 4407 4805
3 4695 6310 4255
3 4255 6310 6311
3 6302 4748 6312
3 6312 4748 4747
3 6312 4747 6301
3 6301 4747 4960
3 6314 6315 6313
3 6313 6315 6316
3 4083 6317 6314
3 6314 6317 6315
3 4082 6318 4083
3 4083 6318 6317
3 4111 6319 4082
3 4082 6319 6318
3 6321 4137 6320
3 6320 4137 4136
3 6323 4127 6322
3 6322 4127 4126
3 4126 4192 6322
3 6322 4192 6324
3 4192 4890 6324
3 6324 4890 6325
3 4890 6326 6325
3 6325 6326 6327
3 6326 4823 5226
3 5226 4823 5227
3 5230 4683 6328
3 6328 4683 4682
3 4682 4098 6328
3 6328 4098 6329
3 4098 4101 6329
3 6329 4101 6330
3 4173 4825 4428
3 4428 4825 4828
3 4172 4740 4173
3 4173 4740 4825
3 4179 4737 4172
3 4172 4737 4740
3 6331 6332 4179
3 4179 6332 4737
3 6273 6333 4185
3 4185 6333 4187
3 4180 4824 4179
3 4179 4824 6331
3 5043 5212 5044
3 5044 5212 5164
3 5045 5086 5046
3 5046 5086 5221
3 5076 5062 5077
3 5077 5062 5197
3 5080 5098 5081
3 5081 5098 5193
3 5094 5073 5095
3 5095 5073 5072
3 5372 5169 5095
3 5095 5169 5092
3 5374 5170 5372
3 5372 5170 5169
3 5046 5221 5374
3 5374 5221 5170
3 5045 5037 5375
3 5375 5037 5066
3 5376 5085 5375
3 5375 5085 5084
3 5044 5164 5376
3 5376 5164 5085
3 5377 5213 5043
3 5043 5213 5212
3 5076 5033 5377
3 5377 5033 5213
3 5081 5193 5077
3 5077 5193 5034
3 5080 5079 5378
3 5378 5079 6334
3 5378 6334 5094
3 5094 6334 5073
3 5031 5079 5032
3 5032 5079 5078
3 5039 5016 5040
3 5040 5016 5015
3 5049 5042 5050
3 5050 5042 5041
3 5064 5022 5065
3 5065 5022 5021
3 5049 5048 5064
3 5064 5048 5022
3 5040 5015 5067
3 5067 5015 5019
3 5070 5373 5071
3 5071 5373 5199
3 5074 5155 5075
3 5075 5155 5154
3 5161 5211 5067
3 5067 5211 5066
3 5074 5073 5191
3 5191 5073 6334
3 5065 5021 5198
3 5198 5021 5195
3 5075 5154 5071
3 5071 5154 5068
3 5039 5038 5070
3 5070 5038 5373
3 5161 5160 5050
3 5050 5160 5047
3 5191 6334 5031
3 5031 6334 5079
3 5198 5195 5032
3 5032 5195 5029
3 5017 5210 5018
3 5018 5210 5407
3 5018 5407 5020
3 5020 5407 5162
3 5023 5056 5024
3 5024 5056 5414
3 5027 5047 5028
3 5028 5047 5160
3 5053 5030 5054
3 5054 5030 5029
3 5023 5022 5057
3 5057 5022 5048
3 5060 5069 5061
3 5061 5069 5068
3 5156 5437 5157
3 5157 5437 5441
3 5159 5190 5053
3 5053 5190 5030
3 5028 5160 5020
3 5020 5160 5019
3 5024 5414 5196
3 5196 5414 5219
3 5157 5441 5061
3 5061 5441 5058
3 5017 5016 5060
3 5060 5016 5069
3 5159 5158 5156
3 5156 5158 5437
3 5027 5026 5057
3 5057 5026 5055
3 5054 5029 5196
3 5196 5029 5195
3 5408 5379 5409
3 5409 5379 6335
3 5025 5412 5026
3 5026 5412 5411
3 5395 5416 5392
3 5392 5416 5415
3 5415 5056 5418
3 5418 5056 5055
3 5416 5395 5425
3 5425 5395 5419
3 5426 5422 5427
3 5427 5422 5421
3 5426 5058 5429
3 5429 5058 5441
3 5408 5407 5432
3 5432 5407 5210
3 5432 5210 5427
3 5427 5210 5059
3 5411 5410 5418
3 5418 5410 5417
3 5435 5052 5436
3 5436 5052 5051
3 5438 5401 5439
3 5439 5401 5400
3 5435 5434 5438
3 5438 5434 5401
3 5409 6335 5412
3 5412 6335 5413
3 5439 5400 5429
3 5429 5400 5428
3 5425 5419 5436
3 5436 5419 5433
3 5381 5431 5382
3 5382 5431 5383
3 5385 6335 5382
3 5382 6335 5379
3 6335 5385 5413
3 5413 5385 5387
3 5390 5417 5391
3 5391 5417 5410
3 5704 5394 5703
3 5703 5394 5393
3 5398 5434 5399
3 5399 5434 5433
3 5402 5440 5403
3 5403 5440 5404
3 5406 5428 5403
3 5403 5428 5400
3 5394 5704 5420
3 5420 5704 5747
3 5423 5705 5424
3 5424 5705 5430
3 5390 5389 5393
3 5393 5389 5703
3 5391 5387 5388
3 5388 5387 5386
3 5381 5380 5424
3 5424 5380 5421
3 5406 5405 5423
3 5423 5405 5705
3 5402 5401 5398
3 5398 5401 5434
3 5420 5747 5399
3 5399 5747 5396
3 4096 4720 4097
3 4097 4720 4230
3 4232 5272 4097
3 4097 5272 4094
3 6336 6337 4784
3 4784 6337 4785
3 4075 4779 4072
3 4072 4779 4780
3 4781 4189 4780
3 4780 4189 4072
3 4782 4900 4781
3 4781 4900 4189
3 4779 4075 4096
3 4096 4075 4720
3 6336 2878 4700
3 4700 2878 2877
3 5279 6338 5271
3 5271 6338 6339
3 5281 5280 6340
3 6340 5280 6341
3 4108 6301 4109
3 4109 6301 6300
3 4282 6303 4283
3 4283 6303 6302
3 6304 4378 6305
3 6305 4378 4377
3 4109 6300 4427
3 4427 6300 6308
3 6309 4687 4411
3 4411 4687 4686
3 4283 6302 4752
3 4752 6302 6312
3 4752 6312 4108
3 4108 6312 6301
3 6342 5225 4427
3 4427 5225 4426
3 4146 4899 4415
3 4415 4899 6307
3 6311 6310 4240
3 4240 6310 4719
3 5222 6343 4701
3 4701 6343 4698
3 4220 4219 6344
3 6344 4219 6345
3 5275 5274 6346
3 6346 5274 6347
3 5274 4727 6347
3 6347 4727 6348
3 4726 6349 5283
3 5283 6349 5284
3 6350 6351 6353
3 6353 6351 6352
3 5312 5311 5291
3 5291 5311 5292
3 5311 5343 5292
3 5292 5343 5336
3 5343 4913 5336
3 5336 4913 4915
3 4913 4912 4915
3 4915 4912 4916
3 4912 6354 4916
3 4916 6354 4977
3 6355 6356 6283
3 6283 6356 5011
3 6356 6357 5011
3 5011 6357 5010
3 5010 6357 5365
3 5365 6357 6358
3 6359 4741 6358
3 6358 4741 5365
3 4742 6360 4903
3 4903 6360 5363
3 5362 4904 5363
3 5363 4904 4903
3 5362 6361 4904
3 4904 6361 4206
3 6361 6362 4206
3 4206 6362 4207
3 6362 5341 4207
3 4207 5341 5329
3 5341 5340 5329
3 5329 5340 4243
3 5340 6363 4243
3 4243 6363 4244
3 6363 6364 4244
3 4244 6364 4245
3 6365 6366 4252
3 4252 6366 4249
3 4213 6367 4210
3 4210 6367 4379
3 4379 4378 4210
3 4210 4378 4282
3 4378 6304 4282
3 4282 6304 6303
3 6304 4967 6303
3 6303 4967 6286
3 4967 4966 6286
3 6286 4966 6285
3 4966 6296 6285
3 6285 6296 4675
3 6295 4375 4287
3 4287 4375 4284
3 4375 4372 4284
3 4284 4372 4289
3 6368 6369 6371
3 6371 6369 6370
3 5244 6372 5245
3 5245 6372 6373
3 4316 6374 4317
3 4317 6374 6375
3 4330 6376 4331
3 4331 6376 6377
3 6378 4332 6375
3 6375 4332 4317
3 4342 6379 4343
3 4343 6379 6380
3 4346 6381 4347
3 4347 6381 6382
3 4373 6370 4330
3 4330 6370 6376
3 4332 6378 4425
3 4425 6378 6383
3 4689 6384 4346
3 4346 6384 6381
3 4331 6377 4316
3 4316 6377 6374
3 4921 6385 4922
3 4922 6385 6386
3 6387 6388 4374
3 4374 6388 6389
3 6354 6355 4977
3 4977 6355 6283
3 4741 6359 4742
3 4742 6359 6360
3 6390 4237 6391
3 6391 4237 4718
3 6391 4718 6392
3 6392 4718 5295
3 6394 6395 6393
3 6393 6395 6396
3 6398 6399 6397
3 6397 6399 6400
3 6401 5301 6402
3 6402 5301 5302
3 5302 5320 6402
3 6402 5320 6403
3 5319 6404 5320
3 5320 6404 6403
3 5318 6405 5349
3 5349 6405 5350
3 5318 5317 6405
3 6405 5317 6406
3 5287 4196 6407
3 6407 4196 6408
3 4216 4215 6409
3 6409 4215 6410
3 5226 6411 6326
3 6326 6411 6327
3 4891 6412 5226
3 5226 6412 6411
3 4227 6413 4891
3 4891 6413 6412
3 4226 6414 4227
3 4227 6414 6413
3 4247 6415 4226
3 4226 6415 6414
3 4246 6416 4247
3 4247 6416 6415
3 6416 4246 6418
3 6418 4246 6417
3 6418 6417 6420
3 6420 6417 6419
3 6421 5300 6422
3 6422 5300 5299
3 6422 5299 6423
3 6423 5299 6398
3 6407 6408 6397
3 6397 6408 6424
3 6425 6426 6396
3 6396 6426 6393
3 6427 4223 6428
3 6428 4223 4222
3 6346 6345 5275
3 5275 6345 4219
3 6345 6346 6340
3 6340 6346 6338
3 5279 5277 5281
3 5281 5277 4235
3 4895 5223 4683
3 4683 5223 4680
3 4131 4134 4895
3 4895 4134 5223
3 4130 4135 4131
3 4131 4135 4134
3 4225 4753 4130
3 4130 4753 4135
3 4250 4212 4225
3 4225 4212 4753
3 4249 4213 4250
3 4250 4213 4212
3 4249 6366 4213
3 4213 6366 6367
3 6366 4909 6367
3 6367 4909 4736
3 4908 5296 4735
3 4735 5296 5295
3 5296 6394 5295
3 5295 6394 6392
3 6426 6429 6393
3 6393 6429 6430
3 6428 4382 6427
3 6427 4382 4381
3 4218 5276 4219
3 4219 5276 5275
3 4221 4696 4382
3 4382 4696 4217
3 6344 4698 4220
3 4220 4698 6343
3 6341 4699 6344
3 6344 4699 4698
3 4234 4785 5280
3 5280 4785 6337
3 4233 4786 4234
3 4234 4786 4785
3 5278 5277 6431
3 6431 5277 5270
3 4236 5278 6432
3 6432 5278 6431
3 4786 4233 6432
3 6432 4233 4236
3 6434 6435 6433
3 6433 6435 6436
3 6358 6437 6359
3 6359 6437 6436
3 6438 6439 6440
3 6440 6439 6437
3 6442 6438 6441
3 6441 6438 6440
3 6356 6355 6441
3 6441 6355 6443
3 6443 6445 6444
3 6444 6445 6446
3 4911 6445 4912
3 4912 6445 6354
3 6360 6435 5363
3 5363 6435 5364
3 5318 5349 5315
3 5315 5349 6447
3 4831 6448 5349
3 5349 6448 6447
3 4830 6449 4831
3 4831 6449 6448
3 5353 6450 5319
3 5319 6450 6404
3 4264 6451 5353
3 5353 6451 6450
3 4263 6452 4264
3 4264 6452 6451
3 6449 4830 6446
3 6446 4830 6444
3 4262 6434 4263
3 4263 6434 6433
3 6453 6452 6438
3 6438 6452 6439
3 6438 6442 6453
3 6453 6442 4833
3 4832 6454 4833
3 4833 6454 6453
3 5350 6455 4832
3 4832 6455 6454
3 6456 6390 6457
3 6457 6390 6391
3 6457 6391 6430
3 6430 6391 6392
3 5297 6395 5296
3 5296 6395 6394
3 6401 6399 5301
3 5301 6399 5298
3 6401 6402 6458
3 6458 6402 6459
3 6459 6402 6460
3 6460 6402 6403
3 6404 6461 6403
3 6403 6461 6460
3 6405 6461 5350
3 5350 6461 6455
3 6405 6406 6461
3 6461 6406 6460
3 6406 6462 6460
3 6460 6462 6459
3 6462 6463 6459
3 6459 6463 6458
3 6463 6464 6458
3 6458 6464 6400
3 6429 6465 6430
3 6430 6465 6457
3 6465 6409 6457
3 6457 6409 6456
3 6409 6410 6456
3 6456 6410 6466
3 6395 6423 6396
3 6396 6423 6424
3 6392 6394 6430
3 6430 6394 6393
3 6450 6455 6404
3 6404 6455 6461
3 6451 6454 6450
3 6450 6454 6455
3 6452 6453 6451
3 6451 6453 6454
3 6442 6444 4833
3 4833 6444 4830
3 6439 6452 6433
3 6433 6452 4263
3 6467 5305 5359
3 5359 5305 5304
3 6468 4123 6467
3 6467 4123 5305
3 6469 4124 6468
3 6468 4124 4123
3 6470 5290 6469
3 6469 5290 4124
3 6352 5291 6470
3 6470 5291 5290
3 5291 6352 5312
3 5312 6352 6351
3 5346 5313 6351
3 6351 5313 5312
3 5352 5317 5345
3 5345 5317 5316
3 5333 6467 5357
3 5357 6467 5359
3 5323 6468 5333
3 5333 6468 6467
3 5322 6469 5323
3 5323 6469 6468
3 5342 6470 5322
3 5322 6470 6469
3 6353 6352 5342
3 5342 6352 6470
3 6347 6348 4269
3 4269 6348 5310
3 5271 6339 5272
3 5272 6339 4271
3 6431 5270 4231
3 4231 5270 4232
3 4293 6431 4294
3 4294 6431 4231
3 6431 4293 6432
3 6432 4293 4300
3 4300 4299 6432
3 6432 4299 4786
3 4703 4783 4299
3 4299 4783 4786
3 4703 3012 4783
3 4783 3012 1306
3 5102 6471 5103
3 5103 6471 5201
3 5107 5115 5104
3 5104 5115 5114
3 5110 5123 5111
3 5111 5123 5122
3 5153 5204 5104
3 5104 5204 5105
3 5166 5179 5167
3 5167 5179 5184
3 5174 5187 5175
3 5175 5187 5186
3 5111 5122 5177
3 5177 5122 5119
3 5166 5089 5182
3 5182 5089 5088
3 5209 5150 5182
3 5182 5150 5180
3 5215 5137 5216
3 5216 5137 5136
3 5217 5118 5218
3 5218 5118 5220
3 5217 5177 5118
3 5118 5177 5119
3 5216 5136 5103
3 5103 5136 5100
3 5115 5107 5220
3 5220 5107 5218
3 5110 5109 5209
3 5209 5109 5150
3 5153 5152 5102
3 5102 5152 6471
3 5215 5214 5175
3 5175 5214 5172
3 5174 5173 5167
3 5167 5173 5165
3 5090 5171 5091
3 5091 5171 5207
3 5116 5036 5117
3 5117 5036 5035
3 5120 5163 5121
3 5121 5163 5132
3 5124 5083 5125
3 5125 5083 5082
3 5128 5173 5129
3 5129 5173 5172
3 5130 5201 5131
3 5131 5201 6471
3 5134 5220 5121
3 5121 5220 5118
3 5124 5123 5135
3 5135 5123 5208
3 5125 5082 5120
3 5120 5082 5163
3 5117 5035 5194
3 5194 5035 5192
3 5130 5096 5202
3 5202 5096 5113
3 5131 6471 5194
3 5194 6471 5152
3 5135 5208 5091
3 5091 5208 5088
3 5134 5133 5116
3 5116 5133 5036
3 5361 5205 5129
3 5129 5205 5126
3 5371 5370 5127
3 5127 5370 5128
3 5370 5371 5090
3 5090 5371 5171
3 5361 5214 5202
3 5202 5214 5200
3 6462 6406 5352
3 5352 6406 5317
3 6463 6462 5351
3 5351 6462 5352
3 6407 6464 5287
3 5287 6464 5288
3 4195 4223 6425
3 6425 4223 6426
3 6429 6426 6427
3 6427 6426 4223
3 6465 6429 4381
3 4381 6429 6427
3 6409 6465 4216
3 4216 6465 4381
3 4239 4238 3014
3 3014 4238 3015
3 4253 4256 3016
3 3016 4256 3017
3 6472 6473 4731
3 4731 6473 6474
3 6473 6373 6474
3 6474 6373 6372
3 5245 6373 3021
3 3021 6373 3022
3 4253 6298 4254
3 4254 6298 6287
3 6472 6299 3023
3 3023 6299 3024
3 6475 4256 6311
3 6311 4256 4255
3 4239 6475 4240
3 4240 6475 6311
3 6476 4238 6390
3 6390 4238 4237
3 6466 6476 6456
3 6456 6476 6390
3 6410 3028 6466
3 6466 3028 3027
3 4215 3029 6410
3 6410 3029 3028
3 6478 6479 6477
3 6477 6479 6480
3 6482 6483 6481
3 6481 6483 6484
3 6485 6486 4101
3 4101 6486 6330
3 6482 6487 6477
3 6477 6487 6488
3 4428 4828 6489
3 6489 4828 6478
3 6490 6485 4100
3 4100 6485 4101
3 4894 6490 4898
3 4898 6490 4100
3 4159 6487 4156
3 4156 6487 6491
3 6488 4086 6489
3 6489 4086 4089
3 4266 4260 5012
3 5012 4260 4259
3 4257 4260 5327
3 5327 4260 4974
3 4260 4266 4974
3 4974 4266 4265
3 5366 3792 3911
3 3911 3792 3574
3 6493 3615 6492
3 6492 3615 3794
3 6495 3588 6494
3 6494 3588 3587
3 6494 3587 5367
3 5367 3587 3793
3 3840 3839 3049
3 3049 3839 3050
3 3911 3910 3051
3 3051 3910 3052
3 3928 3929 3053
3 3053 3929 3054
3 5369 3929 3915
3 3915 3929 3922
3 3937 5368 3806
3 3806 5368 3914
3 3588 6495 3805
3 3805 6495 3936
3 3937 3936 3055
3 3055 3936 3056
3 3050 3839 3057
3 3057 3839 3942
3 3729 4807 3726
3 3726 4807 3942
3 3819 3950 3794
3 3794 3950 6492
3 3950 3840 3058
3 3058 3840 3049
3 3910 3573 6493
3 6493 3573 3615
3 3822 3928 3823
3 3823 3928 3951
3 4060 4059 3059
3 3059 4059 3060
3 6496 6497 4900
3 4900 6497 4789
3 6332 6498 4737
3 4737 6498 4738
3 6499 6500 6313
3 6313 6500 4417
3 6501 6274 4416
3 4416 6274 4184
3 6502 6496 4782
3 4782 6496 4900
3 6497 4059 4789
3 4789 4059 4058
3 4807 4060 3068
3 3068 4060 3059
3 5366 3070 5367
3 5367 3070 3069
3 5368 3072 5369
3 5369 3072 3071
3 6273 6274 3073
3 3073 6274 3074
3 6498 6503 4738
3 4738 6503 6316
3 6332 6331 3076
3 3076 6331 3077
3 6333 6273 3078
3 3078 6273 3073
3 6331 4824 3077
3 3077 4824 3079
3 6333 6502 4187
3 4187 6502 4782
3 4824 4688 3079
3 3079 4688 1329
3 6505 4746 6504
3 6504 4746 4745
3 6504 6506 6505
3 6505 6506 6507
3 4296 6508 4919
3 4919 6508 6509
3 4295 6510 4296
3 4296 6510 6508
3 6505 6507 4318
3 4318 6507 6511
3 4371 4370 6513
3 6513 4370 6512
3 6510 4295 5250
3 5250 4295 4304
3 5250 5249 6510
3 6510 5249 6514
3 6515 6508 6514
3 6514 6508 6510
3 6516 6506 6518
3 6518 6506 6517
3 6511 6519 6512
3 6512 6519 6513
3 6506 6516 6507
3 6507 6516 6520
3 5248 6522 6521
3 6521 6522 6523
3 6524 6369 5252
3 5252 6369 6525
3 4369 4322 4370
3 4370 4322 4325
3 4369 3102 4322
3 4322 3102 1540
3 6520 6516 6526
3 6526 6516 6518
3 6519 6527 6513
3 6513 6527 6528
3 6530 6531 6529
3 6529 6531 6532
3 5249 6533 6514
3 6514 6533 6534
3 6529 6532 6535
3 6535 6532 6536
3 6525 6537 6533
3 6533 6537 6536
3 6514 6534 6515
3 6515 6534 6538
3 4324 4320 4325
3 4325 4320 4319
3 4370 4325 6512
3 6512 4325 4319
3 6530 4730 6540
3 6540 4730 6539
3 4730 4729 6539
3 6539 4729 6541
3 4729 3120 6541
3 6541 3120 3119
3 6529 4327 6530
3 6530 4327 4730
3 4327 6529 4328
3 4328 6529 6535
3 4328 6535 6523
3 6523 6535 6542
3 6543 6544 6521
3 6521 6544 5247
3 6388 6387 5244
3 5244 6387 6372
3 6387 6545 6372
3 6372 6545 6474
3 4732 6545 6294
3 6294 6545 4376
3 4731 6474 4732
3 4732 6474 6545
3 4392 4431 4393
3 4393 4431 4434
3 4433 4671 4841
3 4841 4671 4670
3 4439 4438 4440
3 4440 4438 4437
3 4435 4449 4436
3 4436 4449 4397
3 4446 4443 4447
3 4447 4443 4391
3 4445 4463 4432
3 4432 4463 6546
3 4453 4422 4454
3 4454 4422 4421
3 4451 4480 4452
3 4452 4480 4479
3 4457 4388 4458
3 4458 4388 4387
3 4455 4470 4456
3 4456 4470 4467
3 4390 4459 4391
3 4391 4459 4447
3 4460 4466 4444
3 4444 4466 4464
3 4436 4397 4628
3 4628 4397 4396
3 4437 4627 4440
3 4440 4627 4630
3 4840 4628 4838
3 4838 4628 4396
3 4627 4841 4630
3 4630 4841 4670
3 4929 4988 4451
3 4451 4988 4480
3 4928 4926 4435
3 4435 4926 4449
3 4932 4386 4933
3 4933 4386 4385
3 4930 4474 4931
3 4931 4474 4473
3 4935 4448 4932
3 4932 4448 4386
3 4934 4471 4455
3 4455 4471 4470
3 4388 4457 4390
3 4390 4457 4459
3 4456 4467 4460
3 4460 4467 4466
3 4933 4385 4453
3 4453 4385 4422
3 4452 4479 4930
3 4930 4479 4474
3 4574 4996 4575
3 4575 4996 4638
3 4578 4595 4579
3 4579 4595 4594
3 4582 4581 4571
3 4571 4581 4568
3 4586 4943 4587
3 4587 4943 4561
3 4587 4561 4589
3 4589 4561 4560
3 4575 4638 4641
3 4641 4638 4637
3 4641 4844 4640
3 4640 4844 4845
3 4844 4589 4845
3 4845 4589 4560
3 4940 4937 4594
3 4594 4937 4579
3 4937 4939 4667
3 4667 4939 4668
3 4582 4941 4583
3 4583 4941 4946
3 4581 4586 4568
3 4568 4586 4585
3 4999 5000 4578
3 4578 5000 4595
3 4557 4559 4584
3 4584 4559 4585
3 4564 4638 4565
3 4565 4638 4996
3 4567 4566 4576
3 4576 4566 4577
3 4569 4553 4570
3 4570 4553 4555
3 4639 4564 4636
3 4636 4564 4545
3 4661 4663 4664
3 4664 4663 4843
3 4661 4557 4588
3 4588 4557 4584
3 4553 4569 4556
3 4556 4569 4559
3 4570 4666 4571
3 4571 4666 4942
3 4550 4669 4551
3 4551 4669 4665
3 4639 4663 4637
3 4637 4663 4662
3 4669 4567 4667
3 4667 4567 4576
3 4998 4995 4565
3 4565 4995 4542
3 4607 4563 4602
3 4602 4563 4562
3 4572 4592 4573
3 4573 4592 4591
3 4596 4613 4597
3 4597 4613 4612
3 4600 4599 4583
3 4583 4599 4580
3 4562 4561 4603
3 4603 4561 4943
3 4642 4592 4640
3 4640 4592 4572
3 4642 4846 4643
3 4643 4846 4847
3 4563 4846 4560
3 4560 4846 4845
3 4944 4940 4597
3 4597 4940 4594
3 4940 4944 4938
3 4938 4944 4945
3 4600 4947 4601
3 4601 4947 4619
3 4599 4603 4580
3 4580 4603 4943
3 5001 5002 4596
3 4596 5002 4613
3 4987 4758 4952
3 4952 4758 4401
3 4705 6547 4706
3 4706 6547 6548
3 4310 4927 4418
3 4418 4927 6549
3 4920 4919 6550
3 6550 4919 6551
3 4924 6552 4925
3 4925 6552 6553
3 4927 4920 4801
3 4801 4920 6550
3 6554 4984 6549
3 6549 4984 4418
3 4951 6555 4952
3 4952 6555 4648
3 4970 6556 4705
3 4705 6556 6547
3 4987 4647 4924
3 4924 4647 6552
3 4706 6548 5005
3 5005 6548 4986
3 4919 6509 6551
3 6551 6509 6517
3 6557 6509 6515
3 6515 6509 6508
3 6558 6557 6538
3 6538 6557 6515
3 6530 6540 6531
3 6531 6540 6559
3 6539 6560 6540
3 6540 6560 6528
3 6541 6561 6539
3 6539 6561 6560
3 6541 3119 6561
3 6561 3119 3141
3 4365 6562 4759
3 4759 6562 4969
3 4814 6563 4815
3 4815 6563 6564
3 3146 3145 6564
3 6564 3145 4815
3 6563 6562 6564
3 6564 6562 6565
3 4836 4384 4356
3 4356 4384 4357
3 6564 6565 3146
3 3146 6565 3148
3 4693 1208 3149
3 5246 5248 5247
3 5247 5248 6521
3 6371 6389 6544
3 6544 6389 6388
3 6374 5253 6375
3 6375 5253 5257
3 6376 6524 6377
3 6377 6524 5254
3 5259 6378 5257
3 5257 6378 6375
3 6379 6566 6380
3 6380 6566 6567
3 6381 6568 6382
3 6382 6568 6569
3 6376 6370 6524
3 6524 6370 6369
3 6378 5259 6383
3 6383 5259 6570
3 6384 6571 6381
3 6381 6571 6568
3 6377 5254 6374
3 6374 5254 5253
3 6385 6572 6386
3 6386 6572 6573
3 6544 6388 5247
3 5247 6388 5244
3 4674 4749 4675
3 4675 4749 6285
3 4733 6288 4734
3 4734 6288 6287
3 4803 6289 4804
3 4804 6289 4962
3 4810 4806 4811
3 4811 4806 4410
3 4953 6291 4954
3 4954 6291 4958
3 4963 4961 4964
3 4964 4961 4750
3 6284 4820 4811
3 4811 4820 4808
3 4674 4286 4964
3 4964 4286 4209
3 6293 4144 4954
3 4954 4144 4153
3 4963 4119 4804
3 4804 4119 4118
3 6297 4965 4733
3 4733 4965 6288
3 6299 6472 4734
3 4734 6472 4731
3 6296 6295 4675
3 4675 6295 4287
3 6522 3159 4329
3 4329 3159 3158
3 5252 5251 6524
3 6524 5251 5254
3 5255 5251 4304
3 4304 5251 5250
3 4303 5256 4304
3 4304 5256 5255
3 4423 5258 4303
3 4303 5258 5256
3 5260 6570 5258
3 5258 6570 5259
3 5261 6572 5260
3 5260 6572 6570
3 5263 6566 5264
3 5264 6566 6573
3 5265 6571 5266
3 5266 6571 6567
3 5267 6569 5268
3 5268 6569 6568
3 1806 3160 5267
3 5267 3160 6569
3 6523 6522 4328
3 4328 6522 4329
3 5252 6525 5249
3 5249 6525 6533
3 6542 6537 6543
3 6543 6537 6368
3 6523 6542 6521
3 6521 6542 6543
3 3070 5366 3051
3 3051 5366 3911
3 6492 3162 6493
3 6493 3162 3161
3 3163 444 3770
3 3770 444 3760
3 460 3164 3918
3 3918 3164 3919
3 329 409 3838
3 3838 409 3909
3 331 330 3551
3 3551 330 3550
3 463 303 3917
3 3917 303 3815
3 384 457 3765
3 3765 457 3893
3 411 414 3761
3 3761 414 3762
3 3165 336 3747
3 3747 336 3744
3 3071 3054 5369
3 5369 3054 3929
3 3072 5368 3055
3 3055 5368 3937
3 3166 3056 6495
3 6495 3056 3936
3 3068 3057 4807
3 4807 3057 3942
3 410 3165 3850
3 3850 3165 3747
3 3058 3162 3950
3 3950 3162 6492
3 335 3163 3771
3 3771 3163 3770
3 3052 3910 3161
3 3161 3910 6493
3 3053 3167 3928
3 3928 3167 3951
3 3164 829 3919
3 3919 829 3944
3 3169 3168 6496
3 6496 3168 6497
3 3170 1353 5004
3 5004 1353 4829
3 3171 3169 6502
3 6502 3169 6496
3 3168 3060 6497
3 6497 3060 4059
3 3172 3170 5005
3 5005 3170 5004
3 3078 3171 6333
3 6333 3171 6502
3 3173 3024 6298
3 6298 3024 6299
3 6575 6576 6574
3 6574 6576 6577
3 4611 4610 6578
3 6578 4610 6579
3 6581 6582 6580
3 6580 6582 6583
3 6583 6584 4617
3 4617 6584 4620
3 6585 6586 6588
3 6588 6586 6587
3 6587 6586 6589
3 6589 6586 6590
3 6591 4605 6589
3 6589 4605 4622
3 6593 6575 6592
3 6592 6575 6574
3 6594 6581 6578
3 6578 6581 6580
3 6579 6596 6595
3 6595 6596 6597
3 6576 6575 6598
3 6598 6575 6599
3 6594 6595 6600
3 6600 6595 6601
3 6582 6581 6602
3 6602 6581 6603
3 6585 6605 6604
3 6604 6605 6606
3 6586 6585 6607
3 6607 6585 6604
3 6586 6607 6590
3 6590 6607 6608
3 6575 6593 6599
3 6599 6593 6609
3 6581 6594 6603
3 6603 6594 6600
3 6598 6610 6576
3 6576 6610 6597
3 6612 6613 6611
3 6611 6613 6614
3 6616 6617 6615
3 6615 6617 6618
3 6620 6621 6619
3 6619 6621 6622
3 6624 6625 6623
3 6623 6625 6626
3 6628 6629 6627
3 6627 6629 6630
3 6632 6633 6631
3 6631 6633 6634
3 6636 6637 6635
3 6635 6637 6638
3 6639 6640 6636
3 6636 6640 6637
3 6642 6632 6641
3 6641 6632 6631
3 6644 6645 6643
3 6643 6645 6646
3 6645 6647 6646
3 6646 6647 6648
3 6650 6651 6649
3 6649 6651 6652
3 6652 6651 6653
3 6653 6651 6654
3 6655 6656 6658
3 6658 6656 6657
3 6660 6661 6659
3 6659 6661 6662
3 6661 6660 6663
3 6663 6660 6664
3 6666 6656 6665
3 6665 6656 6655
3 6668 6669 6667
3 6667 6669 6670
3 6671 6672 6669
3 6669 6672 6670
3 6673 6674 6676
3 6676 6674 6675
3 6674 6677 6675
3 6675 6677 6678
3 6680 6681 6679
3 6679 6681 6682
3 6683 6684 6682
3 6682 6684 6679
3 6686 6687 6685
3 6685 6687 6688
3 6686 6689 6687
3 6687 6689 6690
3 6618 6617 6632
3 6632 6617 6633
3 6631 6634 6692
3 6692 6634 6691
3 6616 6693 6635
3 6635 6693 6636
3 6694 6691 6638
3 6638 6691 6634
3 6636 6693 6639
3 6639 6693 6695
3 6697 6637 6696
3 6696 6637 6640
3 6642 6615 6632
3 6632 6615 6618
3 6641 6698 6640
3 6640 6698 6696
3 6645 6644 6699
3 6699 6644 6620
3 6643 6700 6653
3 6653 6700 6701
3 6699 6702 6645
3 6645 6702 6647
3 6692 6703 6648
3 6648 6703 6646
3 6619 6622 6650
3 6650 6622 6651
3 6692 6648 6698
3 6698 6648 6649
3 6651 6622 6654
3 6654 6622 6621
3 6653 6701 6652
3 6652 6701 6696
3 6614 6613 6656
3 6656 6613 6657
3 6704 6655 6703
3 6703 6655 6658
3 6612 6705 6659
3 6659 6705 6660
3 6703 6658 6700
3 6700 6658 6662
3 6660 6705 6664
3 6664 6705 6706
3 6707 6701 6663
3 6663 6701 6661
3 6611 6614 6666
3 6666 6614 6656
3 6665 6708 6663
3 6663 6708 6707
3 6628 6709 6668
3 6668 6709 6669
3 6667 6710 6678
3 6678 6710 6711
3 6712 6671 6709
3 6709 6671 6669
3 6713 6670 6704
3 6704 6670 6672
3 6627 6630 6673
3 6673 6630 6674
3 6704 6672 6708
3 6708 6672 6676
3 6630 6629 6674
3 6674 6629 6677
3 6711 6707 6678
3 6678 6707 6675
3 6624 6714 6681
3 6681 6714 6682
3 6715 6716 6680
3 6680 6716 6690
3 6717 6683 6714
3 6714 6683 6682
3 6718 6679 6713
3 6713 6679 6684
3 6623 6626 6685
3 6685 6626 6686
3 6688 6710 6684
3 6684 6710 6713
3 6626 6625 6686
3 6686 6625 6689
3 6716 6711 6690
3 6690 6711 6687
3 6611 6706 6612
3 6612 6706 6705
3 6615 6695 6616
3 6616 6695 6693
3 6702 6699 6619
3 6619 6699 6620
3 6714 6624 6717
3 6717 6624 6623
3 6709 6628 6712
3 6712 6628 6627
3 6638 6634 6635
3 6635 6634 6633
3 6640 6639 6641
3 6641 6639 6642
3 6653 6654 6643
3 6643 6654 6644
3 6650 6649 6647
3 6647 6649 6648
3 6658 6657 6662
3 6662 6657 6659
3 6664 6666 6663
3 6663 6666 6665
3 6677 6668 6678
3 6678 6668 6667
3 6672 6671 6676
3 6676 6671 6673
3 6689 6681 6690
3 6690 6681 6680
3 6684 6683 6688
3 6688 6683 6685
3 6635 6633 6616
3 6616 6633 6617
3 6637 6697 6638
3 6638 6697 6694
3 6639 6695 6642
3 6642 6695 6615
3 6692 6698 6631
3 6631 6698 6641
3 6654 6621 6644
3 6644 6621 6620
3 6703 6700 6646
3 6646 6700 6643
3 6650 6647 6619
3 6619 6647 6702
3 6649 6652 6698
3 6698 6652 6696
3 6612 6659 6613
3 6613 6659 6657
3 6662 6661 6700
3 6700 6661 6701
3 6664 6706 6666
3 6666 6706 6611
3 6704 6708 6655
3 6655 6708 6665
3 6629 6628 6677
3 6677 6628 6668
3 6713 6710 6670
3 6670 6710 6667
3 6671 6712 6673
3 6673 6712 6627
3 6676 6675 6708
3 6708 6675 6707
3 6625 6624 6689
3 6689 6624 6681
3 6679 6718 6680
3 6680 6718 6715
3 6683 6717 6685
3 6685 6717 6623
3 6710 6688 6711
3 6688 6687 6711
3 6592 6719 6593
3 6593 6719 6720
3 6721 6719 4606
3 4606 6719 4848
3 6591 6722 6721
3 6721 6722 6723
3 4609 4608 6577
3 6577 4608 6574
3 6595 6594 6579
3 6579 6594 6578
3 4617 4616 6583
3 6583 4616 6580
3 6588 6584 6585
3 6585 6584 6605
3 4621 4618 6587
3 6587 4618 6588
3 4621 6587 4622
3 4622 6587 6589
3 4608 4644 6574
3 6574 4644 6592
3 4616 4611 6580
3 6580 4611 6578
3 5003 4609 6596
3 6596 4609 6577
3 4644 4848 6592
3 6592 4848 6719
3 6723 6720 6721
3 6721 6720 6719
3 6721 4606 6591
3 6591 4606 4605
3 6724 6609 6720
3 6720 6609 6593
3 6722 6725 6723
3 6723 6725 6726
3 6726 6724 6723
3 6723 6724 6720
3 6727 6728 6604
3 6604 6728 6607
3 6604 6606 6727
3 6727 6606 6729
3 6730 6731 6603
3 6603 6731 6602
3 6732 6733 6724
3 6724 6733 6609
3 6734 6732 6726
3 6726 6732 6724
3 6734 6726 6735
3 6735 6726 6725
3 6590 6608 6722
3 6722 6608 6725
3 6722 6591 6590
3 6590 6591 6589
3 6737 6738 6736
3 6736 6738 6739
3 6739 6738 6741
3 6741 6738 6740
3 6742 6743 6740
3 6740 6743 6741
3 6744 6745 6742
3 6742 6745 6743
3 6746 6747 6744
3 6744 6747 6745
3 6748 6749 6746
3 6746 6749 6747
3 6751 6737 6750
3 6750 6737 6736
3 6753 6751 6752
3 6752 6751 6750
3 6755 6753 6754
3 6754 6753 6752
3 6757 6749 6756
3 6756 6749 6748
3 6759 6755 6758
3 6758 6755 6754
3 6761 6759 6760
3 6760 6759 6758
3 6763 6761 6762
3 6762 6761 6760
3 6756 6763 6757
3 6757 6763 6762
3 6765 6740 6764
3 6764 6740 6738
3 6766 6742 6765
3 6765 6742 6740
3 6767 6744 6766
3 6766 6744 6742
3 6768 6746 6767
3 6767 6746 6744
3 6769 6748 6768
3 6768 6748 6746
3 6771 6768 6770
3 6770 6768 6767
3 6772 6769 6771
3 6771 6769 6768
3 6773 6774 6771
3 6771 6774 6772
3 6776 6777 6775
3 6775 6777 6778
3 6774 6773 6777
3 6777 6773 6778
3 6770 6779 6771
3 6771 6779 6773
3 6779 6780 6773
3 6773 6780 6778
3 6780 6781 6778
3 6778 6781 6775
3 6783 6784 6782
3 6782 6784 6785
3 6785 6786 6782
3 6782 6786 6787
3 6789 6787 6788
3 6788 6787 6786
3 6785 6784 6790
3 6790 6784 6791
3 6790 6792 6785
3 6785 6792 6786
3 6792 6793 6786
3 6786 6793 6788
3 6794 6795 6793
3 6793 6795 6788
3 6789 6788 6796
3 6796 6788 6795
3 6797 6764 6737
3 6737 6764 6738
3 6798 6797 6751
3 6751 6797 6737
3 6766 6799 6767
3 6767 6799 6770
3 6765 6800 6766
3 6766 6800 6799
3 6801 6800 6764
3 6764 6800 6765
3 6797 6802 6764
3 6764 6802 6801
3 6803 6802 6798
3 6798 6802 6797
3 6804 6805 6803
3 6803 6805 6802
3 6806 6798 6753
3 6753 6798 6751
3 6807 6803 6806
3 6806 6803 6798
3 6808 6804 6807
3 6807 6804 6803
3 6809 6810 6804
3 6804 6810 6805
3 6811 6812 6809
3 6809 6812 6810
3 6813 6814 6795
3 6795 6814 6796
3 6812 6813 6815
3 6815 6813 6816
3 6815 6817 6812
3 6812 6817 6810
3 6818 6805 6817
3 6817 6805 6810
3 6801 6802 6818
3 6818 6802 6805
3 6756 6748 6819
3 6819 6748 6769
3 6819 6769 6820
3 6820 6769 6772
3 6820 6772 6821
3 6821 6772 6774
3 6821 6774 6822
3 6822 6774 6777
3 6823 6822 6776
3 6776 6822 6777
3 6783 6824 6776
3 6776 6824 6823
3 6825 6826 6787
3 6787 6826 6782
3 6827 6825 6789
3 6789 6825 6787
3 6828 6827 6796
3 6796 6827 6789
3 6814 6829 6796
3 6796 6829 6828
3 6831 6811 6830
3 6830 6811 6809
3 6830 6809 6808
3 6808 6809 6804
3 6735 6799 6734
3 6734 6799 6800
3 6732 6734 6801
3 6801 6734 6800
3 6733 6732 6818
3 6818 6732 6801
3 6832 6733 6817
3 6817 6733 6818
3 6833 6832 6815
3 6815 6832 6817
3 6815 6816 6833
3 6833 6816 6834
3 6836 6794 6835
3 6835 6794 6793
3 6835 6793 6730
3 6730 6793 6792
3 6731 6730 6790
3 6790 6730 6792
3 6790 6791 6731
3 6731 6791 6729
3 6728 6727 6780
3 6780 6727 6781
3 6837 6806 6755
3 6755 6806 6753
3 6838 6837 6759
3 6759 6837 6755
3 6839 6838 6761
3 6761 6838 6759
3 6840 6839 6763
3 6763 6839 6761
3 6819 6840 6756
3 6756 6840 6763
3 6840 6819 6841
3 6841 6819 6820
3 6839 6840 6842
3 6842 6840 6841
3 6838 6839 6843
3 6843 6839 6842
3 6837 6838 6844
3 6844 6838 6843
3 6806 6837 6807
3 6807 6837 6844
3 6841 6820 6845
3 6845 6820 6821
3 6842 6841 6846
3 6846 6841 6845
3 6843 6842 6847
3 6847 6842 6846
3 6844 6843 6848
3 6848 6843 6847
3 6807 6844 6808
3 6808 6844 6848
3 6849 6830 6848
3 6848 6830 6808
3 6850 6849 6847
3 6847 6849 6848
3 6846 6851 6847
3 6847 6851 6850
3 6852 6851 6845
3 6845 6851 6846
3 6845 6821 6852
3 6852 6821 6822
3 6852 6822 6853
3 6853 6822 6823
3 6853 6854 6852
3 6852 6854 6851
3 6855 6850 6854
3 6854 6850 6851
3 6855 6856 6850
3 6850 6856 6849
3 6856 6831 6849
3 6849 6831 6830
3 6824 6857 6823
3 6823 6857 6853
3 6859 6826 6858
3 6858 6826 6825
3 6858 6825 6860
3 6860 6825 6827
3 6861 6860 6828
3 6828 6860 6827
3 6829 6862 6828
3 6828 6862 6861
3 6862 6863 6861
3 6861 6863 6864
3 6857 6865 6853
3 6853 6865 6854
3 6866 6864 6865
3 6865 6864 6863
3 6868 6858 6867
3 6867 6858 6860
3 6866 6868 6864
3 6864 6868 6867
3 6860 6861 6867
3 6867 6861 6864
3 6866 6859 6868
3 6868 6859 6858
3 6752 6750 6697
3 6697 6750 6694
3 6696 6754 6697
3 6697 6754 6752
3 6758 6754 6701
3 6701 6754 6696
3 6760 6758 6707
3 6707 6758 6701
3 6762 6760 6711
3 6711 6760 6707
3 6757 6762 6716
3 6716 6762 6711
3 6749 6757 6715
3 6715 6757 6716
3 6718 6747 6715
3 6715 6747 6749
3 6713 6745 6718
3 6718 6745 6747
3 6704 6743 6713
3 6713 6743 6745
3 6703 6741 6704
3 6704 6741 6743
3 6739 6741 6692
3 6692 6741 6703
3 6736 6739 6691
3 6691 6739 6692
3 6750 6736 6694
3 6694 6736 6691
3 6600 6601 6835
3 6835 6601 6836
3 6603 6600 6730
3 6730 6600 6835
3 6598 6599 6833
3 6833 6599 6832
3 6833 6834 6598
3 6598 6834 6610
3 6599 6609 6832
3 6832 6609 6733
3 6779 6770 6869
3 6869 6770 6735
3 6735 6770 6799
3 6869 6728 6779
3 6779 6728 6780
3 6607 6728 6608
3 6608 6728 6869
3 6608 6869 6725
3 6725 6869 6735
3 5013 5014 5228
3 5228 5014 5229
3 4257 5014 4258
3 4258 5014 4877
3 3470 3012 4702
3 4702 3012 4703
3 2878 6336 1305
3 1305 6336 4784
3 828 3470 4315
3 4315 3470 4702
3 4701 3471 5222
3 5222 3471 1755
3 6870 6871 4533
3 4533 6871 4534
3 6870 4664 6871
3 6871 4664 4843
3 6870 6872 4664
3 4664 6872 4558
3 6870 4533 6872
3 6872 4533 4541
3 4152 4151 4821
3 4821 4151 4406
3 4151 4167 4406
3 4406 4167 4341
3 4342 4167 4922
3 4922 4167 4166
3 4362 4361 4971
3 4971 4361 4839
3 4361 4393 4839
3 4839 4393 4838
3 4400 4399 4985
3 4985 4399 4983
3 4434 4433 4840
3 4840 4433 4841
3 4505 4504 4529
3 4529 4504 4530
3 4505 4534 4506
3 4506 4534 4842
3 4660 4659 4515
3 4515 4659 4516
3 4672 4671 4936
3 4936 4671 6546
3 4399 4923 4983
3 4983 4923 5262
3 4672 4659 4673
3 4673 4659 4658
3 4504 4660 4530
3 4530 4660 4515
3 4951 4400 6873
3 6873 4400 4985
3 4953 4152 6874
3 6874 4152 4821
3 4362 4972 4363
3 4363 4972 4973
3 5263 4923 5266
3 5266 4923 4690
3 6292 6291 6875
3 6875 6291 6876
3 6379 4342 6386
3 6386 4342 4922
3 4393 4434 4838
3 4838 4434 4840
3 4671 4433 6546
3 6546 4433 4432
3 4972 6555 4973
3 4973 6555 6877
3 6566 6379 6573
3 6573 6379 6386
3 6291 4953 6876
3 6876 4953 6874
3 6566 5263 6567
3 6567 5263 5266
3 4144 4143 4153
3 4153 4143 4150
3 4193 4143 4424
3 4424 4143 4142
3 4354 4353 5262
3 5262 4353 4983
3 4359 4358 4363
3 4363 4358 4360
3 4443 4358 4391
3 4391 4358 4336
3 4446 4445 4431
3 4431 4445 4432
3 4463 4462 6546
3 6546 4462 4936
3 4518 4517 4653
3 4653 4517 4508
3 4532 4531 4498
3 4498 4531 4497
3 4532 4541 4529
3 4529 4541 4533
3 4518 4531 4515
3 4515 4531 4530
3 4921 4193 4425
3 4425 4193 4424
3 4462 4517 4936
3 4936 4517 4516
3 6554 4950 6873
3 6873 4950 6877
3 4957 4956 6289
3 6289 4956 6290
3 4333 4359 4711
3 4711 4359 4949
3 4984 4353 4418
3 4418 4353 4352
3 5261 4354 5264
3 5264 4354 5262
3 6293 4957 4803
3 4803 4957 6289
3 6385 4921 6383
3 6383 4921 4425
3 4443 4446 4392
3 4392 4446 4431
3 4463 4445 4464
3 4464 4445 4444
3 4984 6554 4985
3 4985 6554 6873
3 6572 6385 6570
3 6570 6385 6383
3 4144 6293 4145
3 4145 6293 4803
3 6572 5261 6573
3 6573 5261 5264
3 4541 4540 6872
3 6872 4540 4558
3 4534 6871 4842
3 4842 6871 4843
3 4103 4102 6878
3 6878 4102 6342
3 4104 6292 6306
3 6306 6292 6875
3 4103 4955 4104
3 4104 4955 6292
3 4955 4103 4956
3 4956 4103 6878
3 4956 6878 6290
3 6290 6878 6308
3 4647 4987 4648
3 4648 4987 4952
3 4801 4802 4927
3 4927 4802 6549
3 6549 4802 6554
3 6554 4802 4950
3 1515 3172 4986
3 4986 3172 5005
3 6518 6517 6557
3 6557 6517 6509
3 6526 6518 6558
3 6558 6518 6557
3 6527 6559 6528
3 6528 6559 6540
3 6547 4624 6548
3 6548 4624 4623
3 6550 6551 4745
3 4745 6551 6504
3 6552 4710 6553
3 6553 4710 4709
3 4801 6550 4712
3 4712 6550 4745
3 6555 4972 4648
3 4648 4972 4645
3 6556 4948 6547
3 6547 4948 4624
3 4647 4646 6552
3 6552 4646 4710
3 6548 4623 4986
3 4986 4623 4837
3 6551 6517 6504
3 6504 6517 6506
3 6560 4371 6528
3 6528 4371 6513
3 6561 4368 6560
3 6560 4368 4371
3 3141 3481 6561
3 6561 3481 4368
3 6555 4951 6877
3 6877 4951 6873
3 4950 4949 6877
3 6877 4949 4973
3 3167 439 3951
3 4203 4202 5340
3 5340 4202 6363
3 4218 4221 6428
3 6428 4221 4382
3 4318 4321 6505
3 6505 4321 4746
3 4339 4713 4340
3 4340 4713 4383
3 4374 4376 6387
3 6387 4376 6545
3 4377 4380 6310
3 6310 4380 4719
3 4448 4340 4386
3 4386 4340 4383
3 4472 4471 4476
3 4476 4471 4473
3 4491 4490 4486
3 4486 4490 4487
3 4522 4490 4521
3 4521 4490 4489
3 4491 4537 4492
3 4492 4537 4554
3 4537 4552 4554
3 4554 4552 4555
3 4619 4614 4620
3 4620 4614 4617
3 4651 4650 4367
3 4367 4650 4364
3 4522 4654 4523
3 4523 4654 4655
3 4552 4666 4555
3 4555 4666 4570
3 4650 1209 4364
3 4364 1209 1208
3 4697 4696 5222
3 5222 4696 6343
3 4339 4338 4321
3 4321 4338 4746
3 4725 4728 5286
3 5286 4728 4197
3 4380 4379 4736
3 4736 4379 6367
3 4835 4834 4450
3 4450 4834 4708
3 4909 6366 4910
3 4910 6366 6365
3 4911 4914 6449
3 6449 4914 6448
3 4926 4835 4449
3 4449 4835 4450
3 4929 4928 4438
3 4438 4928 4435
3 4935 4934 4458
3 4458 4934 4455
3 4472 4654 4469
3 4469 4654 4509
3 4941 4582 4942
3 4942 4582 4571
3 4947 4600 4946
3 4946 4600 4583
3 4948 4834 4624
3 4624 4834 4625
3 4965 4968 6288
3 6288 4968 4694
3 4970 4651 4925
3 4925 4651 4367
3 4202 4976 6363
3 6363 4976 6364
3 4989 4988 4442
3 4442 4988 4439
3 4989 4990 4477
3 4477 4990 4511
3 4991 4990 4527
3 4527 4990 4514
3 4991 4992 4526
3 4526 4992 4484
3 4993 4992 4501
3 4501 4992 4502
3 4993 4994 4481
3 4481 4994 4549
3 4542 4995 4543
3 4543 4995 4994
3 4998 4997 4566
3 4566 4997 4577
3 4999 4997 4574
3 4574 4997 4996
3 5001 5000 4591
3 4591 5000 4573
3 5002 5003 4613
3 4613 5003 4610
3 3482 4214 1754
3 1754 4214 4697
3 5273 5276 4194
3 4194 5276 4222
3 4725 5294 4726
3 4726 5294 6349
3 5308 5341 5309
3 5309 5341 6362
3 5314 5313 5315
3 5315 5313 5316
3 5338 6361 5339
3 5339 6361 5362
3 5309 6362 5338
3 5338 6362 6361
3 4203 5308 4200
3 4200 5308 5307
3 4914 5344 6448
3 6448 5344 6447
3 5344 5314 6447
3 6447 5314 5315
3 5347 5346 6350
3 6350 5346 6351
3 5364 4262 5339
3 5339 4262 4261
3 6294 6297 4732
3 4732 6297 4733
3 4968 6305 4694
3 4694 6305 4695
3 6305 4377 4695
3 4695 4377 6310
3 6368 6371 6543
3 6543 6371 6544
3 4374 6389 4372
3 4372 6389 4373
3 6420 6421 4910
3 4910 6421 4907
3 4909 4908 4736
3 4736 4908 4735
3 5276 4218 4222
3 4222 4218 6428
3 4696 4221 6343
3 6343 4221 4220
3 6435 6360 6436
3 6436 6360 6359
3 6437 6439 6436
3 6436 6439 6433
3 6437 6358 6440
3 6440 6358 6357
3 6441 6440 6356
3 6356 6440 6357
3 6441 6443 6442
3 6442 6443 6444
3 6445 6443 6354
3 6354 6443 6355
3 6445 4911 6446
3 6446 4911 6449
3 6435 6434 5364
3 5364 6434 4262
3 5313 5346 5316
3 5316 5346 5345
3 4318 6511 4319
3 4319 6511 6512
3 6519 6511 6520
3 6520 6511 6507
3 6527 6519 6526
3 6526 6519 6520
3 6531 6538 6532
3 6532 6538 6534
3 6532 6534 6536
3 6536 6534 6533
3 6537 6542 6536
3 6536 6542 6535
3 6294 4376 6295
3 6295 4376 4375
3 4988 4929 4439
3 4439 4929 4438
3 4926 4928 4421
3 4421 4928 4454
3 4448 4935 4387
3 4387 4935 4458
3 4471 4934 4473
3 4473 4934 4931
3 4941 4939 4946
3 4946 4939 4938
3 5000 4999 4573
3 4573 4999 4574
3 4668 4942 4665
3 4665 4942 4666
3 4995 4998 4546
3 4546 4998 4566
3 4947 4945 4619
3 4619 4945 4614
3 5002 5001 4590
3 4590 5001 4591
3 6556 4970 6553
3 6553 4970 4925
3 6531 6559 6538
3 6538 6559 6558
3 6389 6371 4373
3 4373 6371 6370
3 4965 6297 4966
3 4966 6297 6296
3 6537 6525 6368
3 6368 6525 6369
3 6584 6588 4620
3 4620 6588 4618
3 6596 6577 6597
3 6597 6577 6576
3 6605 6582 6606
3 6606 6582 6602
3 6610 6601 6597
3 6597 6601 6595
3 6584 6583 6605
3 6605 6583 6582
3 6596 6579 5003
3 5003 6579 4610
3 6606 6602 6729
3 6729 6602 6731
3 6775 6784 6776
3 6776 6784 6783
3 6784 6775 6791
3 6791 6775 6781
3 6814 6813 6811
3 6811 6813 6812
3 6816 6813 6794
3 6794 6813 6795
3 6824 6783 6826
3 6826 6783 6782
3 6829 6814 6831
3 6831 6814 6811
3 6816 6794 6834
3 6834 6794 6836
3 6791 6781 6729
3 6729 6781 6727
3 6857 6824 6859
3 6859 6824 6826
3 6862 6829 6856
3 6856 6829 6831
3 6863 6862 6855
3 6855 6862 6856
3 6865 6857 6866
3 6866 6857 6859
3 6865 6863 6854
3 6854 6863 6855
3 6834 6836 6610
3 6610 6836 6601
3 6559 6527 6558
3 6558 6527 6526
3 4948 6556 4709
3 4709 6556 6553
3 4429 4089 4174
3 4174 4089 4088
3 4776 4112 4154
3 4154 4112 4085
3 4174 4088 4175
3 4175 4088 4141
3 4198 4270 4199
3 4199 4270 4797
3 4198 4094 4271
3 4271 4094 5272
3 4405 4404 4403
3 4403 4404 4345
3 4409 4408 6876
3 6876 4408 6875
3 4408 4412 6875
3 6875 4412 6306
3 4414 4147 4415
3 4415 4147 4146
3 4689 4404 4343
3 4343 4404 4341
3 4692 4691 4351
3 4351 4691 4348
3 4700 4699 6336
3 6336 4699 6337
3 4777 4776 4080
3 4080 4776 4154
3 4820 4405 4808
3 4808 4405 4403
3 4175 4141 4180
3 4180 4141 4414
3 4759 4969 4398
3 4398 4969 4691
3 4199 5006 4095
3 4095 5006 4077
3 5265 4692 5268
3 5268 4692 4351
3 5269 5006 5360
3 5360 5006 4796
3 4777 5269 4778
3 4778 5269 5360
3 6284 4409 6874
3 6874 4409 6876
3 6307 4412 4686
3 4686 4412 4411
3 6479 6319 6480
3 6480 6319 6879
3 4700 2877 4701
3 4701 2877 3471
3 6338 6346 6339
3 6339 6346 6347
3 6340 6341 6345
3 6345 6341 6344
3 4415 6307 4413
3 4413 6307 4686
3 6384 4689 6380
3 6380 4689 4343
3 5281 6340 5279
3 5279 6340 6338
3 4699 6341 6337
3 6337 6341 5280
3 6339 6347 4271
3 4271 6347 4269
3 6479 6478 4827
3 4827 6478 4828
3 6489 6478 6488
3 6488 6478 6477
3 4089 4429 6489
3 6489 4429 4428
3 6562 6563 4969
3 4969 6563 4814
3 4693 6565 4365
3 4365 6565 6562
3 6571 6384 6567
3 6567 6384 6380
3 4820 6284 4821
3 4821 6284 6874
3 6571 5265 6568
3 6568 5265 5268
3 3481 3102 4368
3 4368 3102 4369
3 3120 4729 3484
3 3484 4729 4326
3 6276 6279 6272
3 6272 6279 6271
3 6266 6275 6277
3 6277 6275 6278
3 6277 6278 6276
3 6276 6278 6279
3 6278 6255 6279
3 6279 6255 6254
3 6255 3856 6254
3 6254 3856 3753
3 3856 3855 3753
3 3753 3855 3754
3 3855 3702 3754
3 3754 3702 3862
3 3702 3701 3862
3 3862 3701 3758
3 3701 3705 3758
3 3758 3705 3669
3 3705 3704 3669
3 3669 3704 3667
3 3704 3772 3667
3 3667 3772 3881
3 3881 3772 3882
3 3882 3772 3706
3 3706 3707 3882
3 3882 3707 3879
3 3707 3709 3879
3 3879 3709 3880
3 3708 5240 3709
3 3709 5240 3880
3 5240 3708 5233
3 5233 3708 3785
3 3692 3711 3785
3 3785 3711 5233
3 4050 4054 4051
3 4051 4054 4055
3 4055 4054 4056
3 4056 4054 4053
3 4065 5237 5235
3 5235 5237 3988
3 4065 4068 5237
3 5237 4068 4034
3 6880 3961 3959
3 3959 3961 3956
3 6882 4069 6881
3 6881 4069 3940
3 4069 6882 4070
3 4070 6882 6883
3 4070 6883 4071
3 4071 6883 6884
3 6884 6885 4071
3 4071 6885 4030
3 3954 6880 3955
3 3955 6880 3959
3 6883 3990 6884
3 6884 3990 3989
3 6882 6886 6883
3 6883 6886 3990
3 6886 6887 3990
3 3990 6887 3991
3 6887 6886 6888
3 6888 6886 6889
3 6886 6882 6889
3 6889 6882 6881
3 4057 5239 3952
3 3952 5239 3953
3 5235 6887 5238
3 5238 6887 6888
3 5236 6885 3989
3 3989 6885 6884
3 4033 4030 5236
3 5236 4030 6885
3 6880 6881 3961
3 3961 6881 3940
3 6880 3954 6881
3 6881 3954 6889
3 3954 3953 6889
3 6889 3953 6888
3 5238 6888 5239
3 5239 6888 3953
3 6887 5235 3991
3 3991 5235 3988
3 3868 3867 3887
3 3887 3867 4014
3 3867 4011 4014
3 4014 4011 4009
3 4011 4021 4009
3 4009 4021 4008
3 4021 4020 4008
3 4008 4020 4017
3 4019 3973 4000
3 4000 3973 3995
3 4020 4019 4028
3 4028 4019 4000
3 4084 4155 4085
3 4085 4155 4154
3 4112 4776 4113
3 4113 4776 4775
3 4129 4128 4093
3 4093 4128 4090
3 4138 4772 4139
3 4139 4772 4771
3 4148 4177 4149
3 4149 4177 5224
3 4159 4158 4086
3 4086 4158 4087
3 4148 4147 4178
3 4178 4147 4140
3 4084 4083 4182
3 4182 4083 6314
3 4178 4140 4158
3 4158 4140 4087
3 4191 4129 4161
3 4161 4129 4093
3 4196 5287 4197
3 4197 5287 5286
3 4228 4765 4229
3 4229 4765 4770
3 4244 4245 4241
3 4241 4245 4248
3 4182 6314 4417
3 4417 6314 6313
3 4678 4177 4679
3 4679 4177 4176
3 4723 4797 4724
3 4724 4797 4270
3 4727 5274 4728
3 4728 5274 5273
3 4229 4770 4248
3 4248 4770 4241
3 4723 4722 4798
3 4798 4722 5354
3 4822 4823 4890
3 4890 4823 6326
3 4822 4191 4160
3 4160 4191 4161
3 4892 4766 4228
3 4228 4766 4765
3 4893 4894 4897
3 4897 4894 4898
3 4105 4149 4102
3 4102 4149 5224
3 4679 4893 4676
3 4676 4893 4897
3 6419 4976 5300
3 5300 4976 4975
3 4678 4677 5225
3 5225 4677 4426
3 5227 5007 4892
3 4892 5007 4766
3 5284 6353 5285
3 5285 6353 5342
3 5288 5351 5289
3 5289 5351 5348
3 5289 5348 5294
3 5294 5348 5347
3 5301 5298 4201
3 4201 5298 4975
3 4724 4270 5310
3 5310 4270 4269
3 5324 4722 5325
3 5325 4722 4721
3 5334 5354 5324
3 5324 5354 4722
3 5325 4721 5285
3 5285 4721 5282
3 4798 5356 4796
3 4796 5356 5360
3 5358 5355 5334
3 5334 5355 5354
3 4774 4773 5355
3 5355 4773 5356
3 5358 5357 4091
3 4091 5357 4092
3 6315 4739 6316
3 6316 4739 4738
3 6317 4826 6315
3 6315 4826 4739
3 6318 4827 6317
3 6317 4827 4826
3 6319 6479 6318
3 6318 6479 4827
3 6483 6321 6484
3 6484 6321 6320
3 6486 6323 6330
3 6330 6323 6322
3 6330 6322 6329
3 6329 6322 6324
3 6324 6325 6329
3 6329 6325 6328
3 6325 6327 6328
3 6328 6327 5230
3 4823 4684 5227
3 5227 4684 5007
3 5225 6342 5224
3 5224 6342 4102
3 4727 4726 6348
3 6348 4726 5283
3 6349 6350 5284
3 5284 6350 6353
3 4246 4245 6417
3 6417 4245 6364
3 6399 6401 6400
3 6400 6401 6458
3 4196 4195 6408
3 6408 4195 6425
3 6411 4896 6327
3 6327 4896 5230
3 6412 4132 6411
3 6411 4132 4896
3 6413 4133 6412
3 6412 4133 4132
3 6414 4224 6413
3 6413 4224 4133
3 6415 4251 6414
3 6414 4251 4224
3 6416 4252 6415
3 6415 4252 4251
3 4252 6416 6365
3 6365 6416 6418
3 6365 6418 4910
3 4910 6418 6420
3 6421 6422 4907
3 4907 6422 5297
3 5297 6422 6395
3 6395 6422 6423
3 6408 6425 6424
3 6424 6425 6396
3 5299 5298 6398
3 6398 5298 6399
3 6464 6407 6400
3 6400 6407 6397
3 6423 6398 6424
3 6424 6398 6397
3 6348 5283 5310
3 5310 5283 5282
3 6464 6463 5288
3 5288 6463 5351
3 6487 6482 6491
3 6491 6482 6481
3 6485 6490 6481
3 6481 6490 6491
3 6490 4894 6491
3 6491 4894 4156
3 6487 4159 6488
3 6488 4159 4086
3 6500 6501 4417
3 4417 6501 4416
3 6503 6499 6316
3 6316 6499 6313
3 3496 3495 6500
3 6500 3495 6501
3 3498 3497 6503
3 6503 3497 6499
3 4728 5273 4197
3 4197 5273 4194
3 6417 6364 6419
3 6419 6364 4976
3 5294 5347 6349
3 6349 5347 6350
3 5300 6421 6419
3 6419 6421 6420
3 4112 4111 4085
3 4085 4111 4082
3 6319 4111 6879
3 6879 4111 4110
3 4090 4771 4091
3 4091 4771 4774
3 4128 4139 4090
3 4090 4139 4771
3 4136 4139 4127
3 4127 4139 4128
3 4127 6323 4136
3 4136 6323 6320
3 6323 6486 6320
3 6320 6486 6484
3 6486 6485 6484
3 6484 6485 6481
3 4773 4772 4778
3 4778 4772 4775
3 4772 4138 4775
3 4775 4138 4113
3 4138 4137 4113
3 4113 4137 4110
3 4137 6321 4110
3 4110 6321 6879
3 6321 6483 6879
3 6879 6483 6480
3 6483 6482 6480
3 6480 6482 6477
3 6878 6342 6308
3 6308 6342 4427
3 4105 4104 4899
3 4899 4104 6306
3 3499 3166 6494
3 6494 3166 6495
3 3499 6494 3069
3 3069 6494 5367
3 3501 5234 3500
3 3500 5234 4812
3 3023 3502 6472
3 6472 3502 6473
3 3502 3022 6473
3 6473 3022 6373
3 3503 1769 4347
3 4347 1769 4344
3 3501 3504 5234
3 5234 3504 4809
3 3497 3496 6499
3 6499 3496 6500
3 3495 3074 6501
3 6501 3074 6274
3 6298 4253 3173
3 3173 4253 3016
3 1768 3500 4813
3 4813 3500 4812
3 3505 3017 6475
3 6475 3017 4256
3 3506 3498 6498
3 6498 3498 6503
3 3029 4215 3482
3 3482 4215 4214
3 3076 3506 6332
3 6332 3506 6498
3 1783 3159 5248
3 5248 3159 6522
3 3014 3505 4239
3 4239 3505 6475
3 3507 3503 6382
3 6382 3503 4347
3 3508 3015 6476
3 6476 3015 4238
3 3027 3508 6466
3 6466 3508 6476
3 3021 1784 5245
3 5245 1784 5246
3 3160 3507 6569
3 6569 3507 6382
3 3149 3148 4693
3 4693 3148 6565
3 1326 4806 3509
3 3509 4806 4810
3 3509 4810 3504
3 3504 4810 4809
3 3145 3510 4815
3 4815 3510 4349
3 3510 1807 4349
3 4349 1807 4350
3 3484 4326 3158
3 3158 4326 4329
3 1325 3511 4805
3 4805 3511 6309
3 3511 1330 6309
3 6309 1330 4687
