pixel_x,pixel_y,z_smpl_m,z_vggt_raw,scale_ratio,valid
308.0,69.0,8.664825439453125,0.886699914932251,9.771992683410645,1
308.0,70.0,8.694320678710938,0.8873261213302612,9.79833698272705,1
323.0,71.0,8.709095001220703,0.8886248469352722,9.800642967224121,1
317.0,73.0,8.62548828125,0.8864924907684326,9.72990608215332,1
327.0,74.0,8.689958572387695,0.8939909338951111,9.720410346984863,1
303.0,75.0,8.684359550476074,0.8892772197723389,9.76563835144043,1
308.0,78.0,8.784928321838379,0.8893035054206848,9.878437042236328,1
327.0,78.0,8.715863227844238,0.8909801840782166,9.782331466674805,1
315.0,79.0,8.79132080078125,0.8858317732810974,9.924367904663086,1
315.0,81.0,8.590678215026855,0.8857311606407166,9.698967933654785,1
326.0,81.0,8.639310836791992,0.8896389603614807,9.711030006408691,1
301.0,82.0,8.724289894104004,0.9040392637252808,9.650343894958496,1
302.0,83.0,8.671494483947754,0.8992902040481567,9.642598152160645,1
301.0,84.0,8.660798072814941,0.9145257472991943,9.470261573791504,1
302.0,84.0,8.732522964477539,0.8980605006217957,9.72375774383545,1
302.0,85.0,8.6602201461792,0.9002898931503296,9.619368553161621,1
304.0,85.0,8.647016525268555,0.8949968814849854,9.661504745483398,1
324.0,85.0,8.754578590393066,0.8868631720542908,9.871397018432617,1
328.0,85.0,8.710921287536621,0.894889235496521,9.734077453613281,1
301.0,86.0,8.642074584960938,0.9281312227249146,9.311264038085938,1
302.0,86.0,8.64529037475586,0.9040656685829163,9.562679290771484,1
327.0,86.0,8.63905143737793,0.8894457221031189,9.712848663330078,1
328.0,86.0,8.685763359069824,0.8946651816368103,9.708395004272461,1
329.0,86.0,8.701621055603027,0.8990035057067871,9.679184913635254,1
303.0,87.0,8.661703109741211,0.8989824056625366,9.635008811950684,1
308.0,87.0,8.611455917358398,0.8912789225578308,9.661909103393555,1
318.0,87.0,8.79061508178711,0.8855642080307007,9.926569938659668,1
323.0,87.0,8.762346267700195,0.8866296410560608,9.882758140563965,1
330.0,87.0,8.696328163146973,0.9236280918121338,9.415400505065918,1
302.0,88.0,8.6521635055542,0.9197975397109985,9.406595230102539,1
305.0,88.0,8.643835067749023,0.893953263759613,9.669224739074707,1
327.0,88.0,8.699581146240234,0.8897123336791992,9.777970314025879,1
328.0,88.0,8.699604988098145,0.8936426639556885,9.734992980957031,1
329.0,88.0,8.699573516845703,0.9117844700813293,9.541260719299316,1
330.0,88.0,8.68505573272705,0.9545099139213562,9.098968505859375,1
302.0,89.0,8.644867897033691,0.9295912981033325,9.299643516540527,1
303.0,89.0,8.651764869689941,0.9054823517799377,9.554868698120117,1
308.0,89.0,8.7924165725708,0.8913698792457581,9.863937377929688,1
310.0,89.0,8.795059204101562,0.8905121684074402,9.876405715942383,1
323.0,89.0,8.760422706604004,0.8866285085678101,9.880600929260254,1
326.0,89.0,8.632796287536621,0.889403223991394,9.706279754638672,1
327.0,89.0,8.696158409118652,0.8907101154327393,9.763175010681152,1
328.0,89.0,8.703666687011719,0.8958646655082703,9.715381622314453,1
329.0,89.0,8.695375442504883,0.9173747301101685,9.47854232788086,1
330.0,89.0,8.688729286193848,0.9648169279098511,9.005573272705078,1
302.0,90.0,8.696390151977539,0.9393593072891235,9.25778865814209,1
303.0,90.0,8.659335136413574,0.9052236676216125,9.565961837768555,1
312.0,90.0,8.797075271606445,0.8891326785087585,9.893996238708496,1
328.0,90.0,8.687838554382324,0.898259699344635,9.671855926513672,1
302.0,91.0,8.645227432250977,0.9499020576477051,9.101178169250488,1
304.0,91.0,8.755223274230957,0.8982716202735901,9.746744155883789,1
305.0,91.0,8.773019790649414,0.8953744769096375,9.79815673828125,1
327.0,91.0,8.697144508361816,0.8951690793037415,9.715644836425781,1
329.0,91.0,8.68704891204834,0.9400160908699036,9.24138355255127,1
304.0,92.0,8.742079734802246,0.8988642692565918,9.72569465637207,1
305.0,92.0,8.75409984588623,0.8958544135093689,9.771788597106934,1
306.0,92.0,8.639216423034668,0.8932155966758728,9.672039031982422,1
308.0,92.0,8.762819290161133,0.8899497389793396,9.846420288085938,1
309.0,92.0,8.76774787902832,0.8896346688270569,9.855447769165039,1
313.0,92.0,8.782625198364258,0.8881958723068237,9.888162612915039,1
314.0,92.0,8.59488582611084,0.8877401947975159,9.681757926940918,1
317.0,92.0,8.785947799682617,0.8862728476524353,9.913366317749023,1
327.0,92.0,8.690484046936035,0.8980181813240051,9.677403450012207,1
329.0,92.0,8.685346603393555,0.9643725752830505,9.00621509552002,1
302.0,93.0,8.726710319519043,0.9782785773277283,8.920475959777832,1
306.0,93.0,8.758380889892578,0.8937979340553284,9.79906177520752,1
313.0,93.0,8.773670196533203,0.8881455063819885,9.878640174865723,1
314.0,93.0,8.771679878234863,0.887744128704071,9.880865097045898,1
315.0,93.0,8.772954940795898,0.8873227834701538,9.886994361877441,1
318.0,93.0,8.773160934448242,0.8861177563667297,9.90067195892334,1
319.0,93.0,8.772107124328613,0.886067271232605,9.900046348571777,1
320.0,93.0,8.767142295837402,0.8866774439811707,9.88763427734375,1
326.0,93.0,8.672144889831543,0.8942130208015442,9.698075294494629,1
329.0,93.0,8.685904502868652,0.9730539917945862,8.926436424255371,1
306.0,94.0,8.755424499511719,0.8946186304092407,9.78676700592041,1
310.0,94.0,8.785847663879395,0.8885626196861267,9.887707710266113,1
316.0,94.0,8.774259567260742,0.887126624584198,9.890650749206543,1
322.0,94.0,8.757796287536621,0.8880823254585266,9.861469268798828,1
325.0,94.0,8.656396865844727,0.8912539482116699,9.712604522705078,1
317.0,95.0,8.7718505859375,0.8867363333702087,9.892287254333496,1
321.0,95.0,8.763317108154297,0.8878958225250244,9.869758605957031,1
327.0,95.0,8.692591667175293,0.9144729971885681,9.505575180053711,1
303.0,96.0,8.729694366455078,0.9692652225494385,9.00650691986084,1
309.0,97.0,8.784993171691895,0.8882490992546082,9.890235900878906,1
322.0,97.0,8.613404273986816,0.8884312510490417,9.69507122039795,1
235.0,98.0,9.127727508544922,0.9483864903450012,9.624481201171875,1
307.0,98.0,8.62283706665039,0.8943424224853516,9.641538619995117,1
318.0,98.0,8.589115142822266,0.885792076587677,9.69653606414795,1
237.0,99.0,9.213342666625977,0.9490060806274414,9.708413124084473,1
308.0,99.0,8.757340431213379,0.889163076877594,9.848970413208008,1
314.0,99.0,8.766031265258789,0.8861497044563293,9.892269134521484,1
315.0,99.0,8.768498420715332,0.8857462406158447,9.89955997467041,1
232.0,100.0,9.106451034545898,0.9478344321250916,9.60763931274414,1
233.0,100.0,9.212789535522461,0.9475743770599365,9.722497940063477,1
309.0,100.0,8.770698547363281,0.886646568775177,9.891989707946777,1
311.0,100.0,8.774916648864746,0.8854061365127563,9.910612106323242,1
312.0,100.0,8.582047462463379,0.885790228843689,9.688577651977539,1
313.0,100.0,8.770583152770996,0.8854571580886841,9.905146598815918,1
324.0,100.0,8.708904266357422,0.8902131915092468,9.782941818237305,1
226.0,101.0,9.172868728637695,0.9515121579170227,9.64030647277832,1
305.0,101.0,8.740531921386719,0.892245352268219,9.79610824584961,1
310.0,101.0,8.585783958435059,0.8844662308692932,9.707305908203125,1
311.0,101.0,8.77247142791748,0.8840487599372864,9.923063278198242,1
317.0,101.0,8.759672164916992,0.8829064965248108,9.921403884887695,1
306.0,102.0,8.613110542297363,0.8862028121948242,9.71911907196045,1
307.0,102.0,8.744858741760254,0.8854348063468933,9.876343727111816,1
311.0,102.0,8.768444061279297,0.882667601108551,9.934027671813965,1
235.0,103.0,9.097672462463379,0.9465894103050232,9.611001968383789,1
305.0,103.0,8.6885347366333,0.8842213749885559,9.82619857788086,1
306.0,103.0,8.736283302307129,0.8834985494613647,9.888282775878906,1
307.0,103.0,8.73950481414795,0.8830904960632324,9.896499633789062,1
308.0,103.0,8.74406909942627,0.8825333118438721,9.907919883728027,1
309.0,103.0,8.760183334350586,0.8819890022277832,9.932304382324219,1
311.0,103.0,8.766502380371094,0.8812174797058105,9.948171615600586,1
314.0,103.0,8.760570526123047,0.8805599212646484,9.948863983154297,1
315.0,103.0,8.566810607910156,0.88021320104599,9.732653617858887,1
319.0,103.0,8.56643009185791,0.8801221251487732,9.73322868347168,1
323.0,103.0,8.599534034729004,0.8820136785507202,9.749887466430664,1
248.0,104.0,9.149087905883789,0.9521552324295044,9.608819961547852,1
304.0,104.0,8.604340553283691,0.8857486844062805,9.714200973510742,1
305.0,104.0,8.589868545532227,0.8828739523887634,9.729439735412598,1
310.0,104.0,8.758865356445312,0.8797956109046936,9.955568313598633,1
311.0,104.0,8.762480735778809,0.8795273900032043,9.962715148925781,1
314.0,104.0,8.760896682739258,0.8790280222892761,9.966572761535645,1
315.0,104.0,8.75438117980957,0.8785994648933411,9.964017868041992,1
316.0,104.0,8.751596450805664,0.8786541223526001,9.96022891998291,1
317.0,104.0,8.753037452697754,0.8786964416503906,9.961389541625977,1
236.0,105.0,9.241634368896484,0.9473083019256592,9.755677223205566,1
250.0,105.0,9.192413330078125,0.9536346793174744,9.639344215393066,1
308.0,105.0,8.677288055419922,0.879467785358429,9.866521835327148,1
321.0,105.0,8.55789566040039,0.8777800798416138,9.749475479125977,1
323.0,105.0,8.570049285888672,0.8779599666595459,9.761321067810059,1
306.0,106.0,8.656023025512695,0.880933940410614,9.825961112976074,1
310.0,106.0,8.7487211227417,0.8786218166351318,9.95732307434082,1
312.0,106.0,8.751903533935547,0.8784956932067871,9.962374687194824,1
321.0,106.0,8.677453994750977,0.8766548037528992,9.898370742797852,1
298.0,107.0,8.610054969787598,0.8979543447494507,9.588521957397461,1
304.0,107.0,8.635467529296875,0.8840053677558899,9.768568992614746,1
316.0,107.0,8.739803314208984,0.8766759634017944,9.96925163269043,1
323.0,107.0,8.644412994384766,0.8756516575813293,9.871976852416992,1
225.0,108.0,9.115642547607422,0.947894811630249,9.616724014282227,1
318.0,108.0,8.697754859924316,0.8760915994644165,9.927906036376953,1
319.0,108.0,8.517926216125488,0.8756933212280273,9.727065086364746,1
328.0,108.0,8.52780818939209,0.8764373064041138,9.730083465576172,1
330.0,108.0,8.521462440490723,0.8756303191184998,9.731803894042969,1
234.0,109.0,9.088078498840332,0.9468837380409241,9.597882270812988,1
241.0,109.0,9.097578048706055,0.9457281827926636,9.619653701782227,1
308.0,109.0,8.664505004882812,0.8801735639572144,9.844086647033691,1
310.0,109.0,8.74000358581543,0.878971517086029,9.943443298339844,1
222.0,110.0,9.182292938232422,0.9486824870109558,9.678995132446289,1
236.0,110.0,9.089570999145508,0.9466912150382996,9.601410865783691,1
297.0,110.0,8.576776504516602,0.8918942213058472,9.616360664367676,1
310.0,110.0,8.671394348144531,0.8790318369865417,9.864709854125977,1
315.0,110.0,8.693130493164062,0.8770643472671509,9.911622047424316,1
231.0,111.0,9.093523979187012,0.9472627639770508,9.599790573120117,1
233.0,111.0,9.086078643798828,0.9472841620445251,9.591713905334473,1
234.0,111.0,9.090374946594238,0.9470639824867249,9.598480224609375,1
243.0,111.0,9.10363483428955,0.946404218673706,9.619182586669922,1
248.0,111.0,9.12534236907959,0.9497616291046143,9.608034133911133,1
310.0,111.0,8.66845989227295,0.8791379332542419,9.86018180847168,1
321.0,111.0,8.659838676452637,0.8744153380393982,9.903575897216797,1
328.0,111.0,8.57532787322998,0.8738376498222351,9.813410758972168,1
226.0,112.0,9.106287956237793,0.9474484920501709,9.611380577087402,1
232.0,112.0,9.083984375,0.9472182989120483,9.590169906616211,1
233.0,112.0,9.086767196655273,0.9472299814224243,9.592988967895508,1
235.0,112.0,9.242488861083984,0.9466321468353271,9.763548851013184,1
244.0,112.0,9.23314094543457,0.9467848539352417,9.752099990844727,1
249.0,112.0,9.211039543151855,0.9495764970779419,9.700155258178711,1
293.0,112.0,8.579241752624512,0.8928708434104919,9.608603477478027,1
299.0,112.0,8.65703296661377,0.8877037763595581,9.752163887023926,1
321.0,112.0,8.652575492858887,0.8731488585472107,9.909622192382812,1
329.0,112.0,8.571303367614746,0.8715909123420715,9.834090232849121,1
231.0,113.0,9.084485054016113,0.9473404884338379,9.589461326599121,1
232.0,113.0,9.087679862976074,0.9475754499435425,9.590455055236816,1
233.0,113.0,9.092009544372559,0.9474930167198181,9.59585952758789,1
234.0,113.0,9.092844009399414,0.9471360445022583,9.600357055664062,1
235.0,113.0,9.093023300170898,0.9468232989311218,9.603716850280762,1
242.0,113.0,9.105133056640625,0.9462725520133972,9.622103691101074,1
288.0,113.0,8.6091890335083,0.8983209133148193,9.58364486694336,1
306.0,113.0,8.536828994750977,0.8811643123626709,9.68812370300293,1
311.0,113.0,8.521728515625,0.8776661157608032,9.70953369140625,1
316.0,113.0,8.499460220336914,0.8744534850120544,9.71973991394043,1
232.0,114.0,9.234920501708984,0.9477592706680298,9.743951797485352,1
234.0,114.0,9.245918273925781,0.9472467303276062,9.760833740234375,1
237.0,114.0,9.237709999084473,0.9465157985687256,9.759699821472168,1
292.0,114.0,8.70161247253418,0.8935477137565613,9.738273620605469,1
306.0,114.0,8.666321754455566,0.8811782598495483,9.834924697875977,1
225.0,115.0,9.112144470214844,0.9484005570411682,9.60790729522705,1
231.0,115.0,9.091471672058105,0.9474983811378479,9.595236778259277,1
232.0,115.0,9.246831893920898,0.9478887319564819,9.755187034606934,1
233.0,115.0,9.09984302520752,0.947654664516449,9.60248851776123,1
234.0,115.0,9.242302894592285,0.9472599625587463,9.756880760192871,1
235.0,115.0,9.240376472473145,0.946853756904602,9.759032249450684,1
236.0,115.0,9.23794937133789,0.9468457698822021,9.756551742553711,1
250.0,115.0,9.155914306640625,0.9525737762451172,9.611763954162598,1
285.0,115.0,8.640207290649414,0.9029508233070374,9.568857192993164,1
310.0,115.0,8.517659187316895,0.8780015110969543,9.701189994812012,1
317.0,115.0,8.660088539123535,0.8732357025146484,9.917240142822266,1
325.0,115.0,8.617177963256836,0.8708925843238831,9.89465045928955,1
226.0,116.0,9.213276863098145,0.947625994682312,9.722481727600098,1
231.0,116.0,9.08951187133789,0.9473528265953064,9.594642639160156,1
232.0,116.0,9.099520683288574,0.9475701451301575,9.603004455566406,1
234.0,116.0,9.237192153930664,0.9471060037612915,9.753070831298828,1
244.0,116.0,9.22638988494873,0.9473808407783508,9.738839149475098,1
247.0,116.0,9.126981735229492,0.9491658210754395,9.615792274475098,1
231.0,117.0,9.090468406677246,0.9473083019256592,9.59610366821289,1
233.0,117.0,9.242467880249023,0.9474623203277588,9.754971504211426,1
235.0,117.0,9.237372398376465,0.9468339085578918,9.756064414978027,1
245.0,117.0,9.121448516845703,0.9484244585037231,9.617474555969238,1
246.0,117.0,9.124029159545898,0.9490641355514526,9.613712310791016,1
248.0,117.0,9.152582168579102,0.9476529359817505,9.658158302307129,1
315.0,117.0,8.489511489868164,0.8740657567977905,9.712669372558594,1
319.0,117.0,8.655051231384277,0.8713504076004028,9.932916641235352,1
342.0,117.0,8.473854064941406,0.8710281848907471,9.728564262390137,1
230.0,118.0,9.107141494750977,0.9473385214805603,9.613397598266602,1
232.0,118.0,9.242701530456543,0.94769287109375,9.75284481048584,1
233.0,118.0,9.2371187210083,0.9475849270820618,9.748064041137695,1
235.0,118.0,9.23681926727295,0.9469380378723145,9.754406929016113,1
239.0,118.0,9.236994743347168,0.9466068744659424,9.758005142211914,1
242.0,118.0,9.107403755187988,0.9468719959259033,9.61841106414795,1
244.0,118.0,9.118316650390625,0.9480952620506287,9.617510795593262,1
245.0,118.0,9.214751243591309,0.948980987071991,9.710153579711914,1
246.0,118.0,9.138949394226074,0.9495296478271484,9.624711990356445,1
247.0,118.0,9.18149471282959,0.9501816034317017,9.662883758544922,1
248.0,118.0,9.182952880859375,0.9485726356506348,9.680811882019043,1
329.0,118.0,8.460968017578125,0.8688886165618896,9.737689971923828,1
229.0,119.0,9.111639976501465,0.9475064277648926,9.61644172668457,1
232.0,119.0,9.099990844726562,0.9479753971099854,9.599395751953125,1
243.0,119.0,9.112964630126953,0.9475336670875549,9.617563247680664,1
245.0,119.0,9.134211540222168,0.9491416215896606,9.623655319213867,1
246.0,119.0,9.18925952911377,0.950162947177887,9.671245574951172,1
247.0,119.0,9.200469970703125,0.9510449767112732,9.674063682556152,1
304.0,119.0,8.524404525756836,0.8818435668945312,9.666572570800781,1
222.0,120.0,9.170044898986816,0.9490572214126587,9.662267684936523,1
229.0,120.0,9.217048645019531,0.9473883509635925,9.728901863098145,1
243.0,120.0,9.227842330932617,0.9478906989097595,9.735133171081543,1
246.0,120.0,9.200057983398438,0.9513818025588989,9.670206069946289,1
249.0,120.0,9.166953086853027,0.9583832025527954,9.565018653869629,1
288.0,120.0,8.724800109863281,0.8946912884712219,9.75174331665039,1
300.0,120.0,8.707597732543945,0.8850353956222534,9.838700294494629,1
317.0,120.0,8.676301956176758,0.8708881735801697,9.962590217590332,1
341.0,120.0,8.457135200500488,0.869026780128479,9.731731414794922,1
291.0,121.0,8.724620819091797,0.8922954797744751,9.777726173400879,1
338.0,121.0,8.591350555419922,0.8679671883583069,9.89824390411377,1
243.0,122.0,9.223784446716309,0.9498384594917297,9.710898399353027,1
249.0,122.0,9.172189712524414,0.9752100110054016,9.40534782409668,1
311.0,122.0,8.695229530334473,0.8748986721038818,9.938555717468262,1
225.0,123.0,9.127677917480469,0.948102593421936,9.627310752868652,1
245.0,123.0,9.144495964050293,0.9533206224441528,9.592256546020508,1
280.0,123.0,8.684317588806152,0.9000089764595032,9.649145126342773,1
305.0,123.0,8.715686798095703,0.8795413970947266,9.909353256225586,1
311.0,123.0,8.49367618560791,0.8747106194496155,9.710269927978516,1
331.0,123.0,8.445541381835938,0.8663069605827332,9.7489013671875,1
235.0,124.0,9.10714054107666,0.94756680727005,9.611080169677734,1
245.0,124.0,9.149340629577637,0.9545420408248901,9.585058212280273,1
246.0,124.0,9.150192260742188,0.958092987537384,9.550421714782715,1
293.0,124.0,8.728620529174805,0.889431357383728,9.813709259033203,1
333.0,124.0,8.629959106445312,0.8665364384651184,9.959141731262207,1
335.0,124.0,8.439631462097168,0.8667725324630737,9.736846923828125,1
222.0,125.0,9.141070365905762,0.9482977986335754,9.639451026916504,1
226.0,125.0,9.202348709106445,0.9477741122245789,9.709432601928711,1
243.0,125.0,9.130301475524902,0.9548855423927307,9.561671257019043,1
246.0,125.0,9.15603256225586,0.9640706777572632,9.497262954711914,1
247.0,125.0,9.160857200622559,0.9768566489219666,9.377893447875977,1
325.0,125.0,8.665851593017578,0.866926372051239,9.996064186096191,1
244.0,126.0,9.20351791381836,0.9567007422447205,9.6200590133667,1
246.0,126.0,9.160748481750488,0.9710246920585632,9.434104919433594,1
290.0,126.0,8.731224060058594,0.8913979530334473,9.794979095458984,1
304.0,126.0,8.730094909667969,0.8802961707115173,9.917224884033203,1
330.0,126.0,8.444544792175293,0.8655683994293213,9.75606918334961,1
342.0,126.0,8.438430786132812,0.8674758076667786,9.727568626403809,1
346.0,126.0,8.460664749145508,0.8713809847831726,9.709489822387695,1
242.0,127.0,9.135775566101074,0.9540488123893738,9.57579517364502,1
243.0,127.0,9.191475868225098,0.9561914801597595,9.612588882446289,1
244.0,127.0,9.146279335021973,0.9500031471252441,9.627630233764648,1
245.0,127.0,9.150036811828613,0.9475573897361755,9.65644645690918,1
246.0,127.0,9.1651611328125,0.9831406474113464,9.3223295211792,1
294.0,127.0,8.53355598449707,0.887130081653595,9.619283676147461,1
325.0,127.0,8.45186710357666,0.8665454983711243,9.753518104553223,1
336.0,127.0,8.629682540893555,0.8658924698829651,9.966228485107422,1
220.0,128.0,9.168516159057617,0.9485253095626831,9.666074752807617,1
236.0,128.0,9.21428108215332,0.9515546560287476,9.683396339416504,1
242.0,128.0,9.140356063842773,0.9473006129264832,9.648843765258789,1
243.0,128.0,9.144512176513672,0.9565328359603882,9.560060501098633,1
244.0,128.0,9.150984764099121,0.9876350164413452,9.26555347442627,1
245.0,128.0,9.165164947509766,1.0149110555648804,9.030510902404785,1
278.0,128.0,8.627644538879395,0.901265561580658,9.572810173034668,1
297.0,128.0,8.524818420410156,0.8849306702613831,9.633317947387695,1
311.0,128.0,8.490785598754883,0.8756102323532104,9.696991920471191,1
326.0,128.0,8.673155784606934,0.8664947748184204,10.009472846984863,1
330.0,128.0,8.444450378417969,0.8655097484588623,9.756620407104492,1
219.0,129.0,9.143796920776367,0.9473682641983032,9.651786804199219,1
223.0,129.0,9.204256057739258,0.9472644329071045,9.716670036315918,1
224.0,129.0,9.117727279663086,0.9468743205070496,9.629289627075195,1
301.0,129.0,8.519831657409668,0.882122814655304,9.65832805633545,1
305.0,129.0,8.738533973693848,0.8797184228897095,9.933330535888672,1
341.0,129.0,8.431110382080078,0.8663218021392822,9.732076644897461,1
220.0,130.0,9.122666358947754,0.9477866888046265,9.625231742858887,1
233.0,130.0,9.133726119995117,0.951617419719696,9.59810733795166,1
243.0,130.0,9.160046577453613,1.0153650045394897,9.021431922912598,1
281.0,130.0,8.610630989074707,0.8970023989677429,9.599340438842773,1
325.0,130.0,8.451373100280762,0.8667250275611877,9.750927925109863,1
336.0,130.0,8.639731407165527,0.8656119108200073,9.981067657470703,1
339.0,130.0,8.426260948181152,0.8658328652381897,9.731971740722656,1
344.0,130.0,8.552978515625,0.8684483766555786,9.8485746383667,1
218.0,131.0,9.20029067993164,0.9473340511322021,9.711770057678223,1
220.0,131.0,9.106767654418945,0.9475233554840088,9.611126899719238,1
222.0,131.0,9.10266399383545,0.9468601942062378,9.613524436950684,1
229.0,131.0,9.12095832824707,0.9478403329849243,9.622884750366211,1
235.0,131.0,9.144229888916016,0.9578297138214111,9.546822547912598,1
239.0,131.0,9.200579643249512,0.9892808794975281,9.300270080566406,1
241.0,131.0,9.142081260681152,1.0468003749847412,8.733356475830078,1
319.0,131.0,8.705602645874023,0.869441568851471,10.012866973876953,1
322.0,131.0,8.697244644165039,0.8678154349327087,10.021998405456543,1
334.0,131.0,8.445698738098145,0.8656701445579529,9.756255149841309,1
277.0,132.0,8.687299728393555,0.9021839499473572,9.629188537597656,1
281.0,132.0,8.618529319763184,0.8962778449058533,9.615912437438965,1
297.0,132.0,8.743127822875977,0.884077787399292,9.889545440673828,1
345.0,132.0,8.43988037109375,0.8688706755638123,9.713621139526367,1
347.0,132.0,8.49551773071289,0.8721261024475098,9.741157531738281,1
217.0,133.0,9.23570442199707,0.9473410844802856,9.749080657958984,1
224.0,133.0,9.216570854187012,0.9432613253593445,9.770962715148926,1
235.0,133.0,9.163844108581543,0.9753403663635254,9.39553451538086,1
242.0,133.0,9.172699928283691,1.059510588645935,8.657487869262695,1
277.0,133.0,8.637653350830078,0.9022728204727173,9.573216438293457,1
283.0,133.0,8.603193283081055,0.894616425037384,9.61662769317627,1
300.0,133.0,8.748434066772461,0.8823700547218323,9.91469955444336,1
333.0,133.0,8.448609352111816,0.8655261993408203,9.761240005493164,1
342.0,133.0,8.600735664367676,0.865409255027771,9.938344955444336,1
229.0,134.0,9.208247184753418,0.9459274411201477,9.734622955322266,1
231.0,134.0,9.144795417785645,0.948917031288147,9.637086868286133,1
282.0,134.0,8.620157241821289,0.8952828049659729,9.62841796875,1
283.0,134.0,8.729450225830078,0.8946691751480103,9.757182121276855,1
310.0,134.0,8.490391731262207,0.8759676218032837,9.692585945129395,1
312.0,134.0,8.744686126708984,0.8741302490234375,10.003870964050293,1
335.0,134.0,8.431448936462402,0.8656077980995178,9.740495681762695,1
341.0,134.0,8.618176460266113,0.8647956848144531,9.965563774108887,1
212.0,135.0,9.223442077636719,0.9651705026626587,9.556282997131348,1
217.0,135.0,9.091523170471191,0.9461413621902466,9.609053611755371,1
223.0,135.0,9.057716369628906,0.9431970715522766,9.603206634521484,1
224.0,135.0,9.045989036560059,0.9418756365776062,9.604228973388672,1
282.0,135.0,8.613487243652344,0.895244836807251,9.621376037597656,1
288.0,135.0,8.555913925170898,0.8905820250511169,9.60710334777832,1
230.0,136.0,9.202025413513184,0.9475454092025757,9.711434364318848,1
231.0,136.0,9.143009185791016,0.9494994878768921,9.629293441772461,1
283.0,136.0,8.624094009399414,0.8944511413574219,9.641772270202637,1
284.0,136.0,8.599205017089844,0.8943206667900085,9.615348815917969,1
290.0,136.0,8.692169189453125,0.8889948129653931,9.777524948120117,1
292.0,136.0,8.718860626220703,0.8871088624000549,9.828399658203125,1
308.0,136.0,8.758543968200684,0.8769209384918213,9.987837791442871,1
310.0,136.0,8.755784034729004,0.875514030456543,10.00073528289795,1
316.0,136.0,8.744913101196289,0.8709642291069031,10.040495872497559,1
336.0,136.0,8.48221206665039,0.8643934726715088,9.812906265258789,1
341.0,136.0,8.626391410827637,0.8643485307693481,9.980223655700684,1
211.0,137.0,9.2415189743042,0.9890207052230835,9.344110488891602,1
212.0,137.0,9.277193069458008,0.9535669684410095,9.728937149047852,1
222.0,137.0,9.249250411987305,0.9413999319076538,9.824995994567871,1
227.0,137.0,9.085861206054688,0.9414570331573486,9.650850296020508,1
278.0,137.0,8.636406898498535,0.9015392661094666,9.579623222351074,1
285.0,137.0,8.654818534851074,0.8933889865875244,9.687625885009766,1
295.0,137.0,8.734742164611816,0.88511061668396,9.868531227111816,1
315.0,137.0,8.46933650970459,0.8720467686653137,9.712020874023438,1
331.0,137.0,8.45622730255127,0.8652933239936829,9.772671699523926,1
332.0,137.0,8.444624900817871,0.8660239577293396,9.751029014587402,1
338.0,137.0,8.652742385864258,0.8643525838851929,10.010663032531738,1
342.0,137.0,8.533272743225098,0.8648208379745483,9.867098808288574,1
212.0,138.0,9.159451484680176,0.9522175788879395,9.619073867797852,1
213.0,138.0,9.124767303466797,0.9496608972549438,9.608448028564453,1
214.0,138.0,9.088417053222656,0.9481450319290161,9.585471153259277,1
228.0,138.0,9.078926086425781,0.9428113698959351,9.629631996154785,1
284.0,138.0,8.616165161132812,0.8943668603897095,9.63381576538086,1
334.0,138.0,8.478269577026367,0.865399956703186,9.796937942504883,1
339.0,138.0,8.419172286987305,0.8644498586654663,9.739341735839844,1
342.0,138.0,8.58764934539795,0.8647937178611755,9.930286407470703,1
223.0,139.0,9.303191184997559,0.9386484026908875,9.911263465881348,1
226.0,139.0,9.221997261047363,0.9382531642913818,9.828900337219238,1
230.0,139.0,9.118658065795898,0.9443399906158447,9.65611743927002,1
275.0,139.0,8.67833137512207,0.9029595255851746,9.61098575592041,1
278.0,139.0,8.634915351867676,0.9013267159461975,9.580227851867676,1
285.0,139.0,8.643508911132812,0.893281877040863,9.676127433776855,1
290.0,139.0,8.686300277709961,0.8890297412872314,9.770539283752441,1
320.0,139.0,8.460440635681152,0.8691228032112122,9.734458923339844,1
333.0,139.0,8.47225570678711,0.8658076524734497,9.785378456115723,1
334.0,139.0,8.42482852935791,0.86543208360672,9.734823226928711,1
339.0,139.0,8.526199340820312,0.8642339706420898,9.865614891052246,1
344.0,139.0,8.519147872924805,0.8673656582832336,9.821864128112793,1
347.0,139.0,8.482288360595703,0.872696042060852,9.719636917114258,1
213.0,140.0,9.123909950256348,0.9490899443626404,9.613325119018555,1
285.0,140.0,8.591951370239258,0.8931208252906799,9.620144844055176,1
291.0,140.0,8.719466209411621,0.8883336782455444,9.815530776977539,1
295.0,140.0,8.724274635314941,0.8851492404937744,9.85627555847168,1
307.0,140.0,8.770467758178711,0.8778224587440491,9.99116325378418,1
337.0,140.0,8.492987632751465,0.8638104796409607,9.832003593444824,1
213.0,141.0,9.082671165466309,0.9484703540802002,9.576125144958496,1
230.0,141.0,9.16367244720459,0.9389190673828125,9.759810447692871,1
275.0,141.0,8.691460609436035,0.9009726047515869,9.646753311157227,1
278.0,141.0,8.639301300048828,0.9008828401565552,9.58981704711914,1
283.0,141.0,8.632960319519043,0.8942843079566956,9.653485298156738,1
285.0,141.0,8.619138717651367,0.8930882215499878,9.650938034057617,1
286.0,141.0,8.73429012298584,0.8923126459121704,9.788373947143555,1
290.0,141.0,8.693288803100586,0.889102041721344,9.777605056762695,1
334.0,141.0,8.476740837097168,0.8652748465538025,9.796587944030762,1
338.0,141.0,8.663070678710938,0.8638359308242798,10.028606414794922,1
224.0,142.0,9.330558776855469,0.933643639087677,9.993704795837402,1
303.0,142.0,8.518997192382812,0.8806716203689575,9.673295974731445,1
341.0,142.0,8.586817741394043,0.863956868648529,9.938942909240723,1
210.0,143.0,9.15738296508789,0.9549251794815063,9.58963394165039,1
218.0,143.0,9.013934135437012,0.9372686147689819,9.617237091064453,1
225.0,143.0,9.316070556640625,0.9324807524681091,9.990630149841309,1
227.0,143.0,8.979911804199219,0.9332247376441956,9.622453689575195,1
291.0,143.0,8.698298454284668,0.8884705305099487,9.790193557739258,1
301.0,143.0,8.760732650756836,0.8818051815032959,9.93499755859375,1
332.0,143.0,8.472676277160645,0.8665311932563782,9.777693748474121,1
218.0,144.0,9.355462074279785,0.9360167384147644,9.994973182678223,1
227.0,144.0,9.271387100219727,0.9318851828575134,9.949066162109375,1
232.0,144.0,9.190055847167969,0.9361048936843872,9.81733512878418,1
331.0,144.0,8.456734657287598,0.8664619326591492,9.760076522827148,1
226.0,145.0,8.971492767333984,0.9308446645736694,9.638012886047363,1
230.0,145.0,9.222677230834961,0.931747317314148,9.898260116577148,1
311.0,145.0,8.768462181091309,0.8753727078437805,10.016833305358887,1
336.0,145.0,8.679909706115723,0.863600492477417,10.0508394241333,1
211.0,146.0,9.102192878723145,0.9441143870353699,9.640985488891602,1
226.0,146.0,9.310609817504883,0.9301321506500244,10.00998592376709,1
230.0,146.0,9.256828308105469,0.9308341145515442,9.944659233093262,1
234.0,146.0,9.070684432983398,0.9364965558052063,9.685763359069824,1
311.0,146.0,8.494016647338867,0.8756259679794312,9.700508117675781,1
322.0,146.0,8.471389770507812,0.8700697422027588,9.736449241638184,1
334.0,146.0,8.419509887695312,0.8651226758956909,9.732156753540039,1
339.0,146.0,8.55495548248291,0.8633300065994263,9.909253120422363,1
341.0,146.0,8.512263298034668,0.8635180592536926,9.85765552520752,1
284.0,147.0,8.642443656921387,0.8937244415283203,9.670143127441406,1
335.0,147.0,8.49888801574707,0.8646184206008911,9.82964038848877,1
218.0,148.0,8.999576568603516,0.9336774349212646,9.638850212097168,1
221.0,148.0,8.98396110534668,0.9317848682403564,9.641669273376465,1
235.0,148.0,9.106987953186035,0.9346423149108887,9.743821144104004,1
275.0,148.0,8.665355682373047,0.903242290019989,9.593611717224121,1
305.0,148.0,8.761028289794922,0.8790522813796997,9.966447830200195,1
327.0,148.0,8.717608451843262,0.869458794593811,10.026476860046387,1
340.0,148.0,8.592351913452148,0.8629715442657471,9.956703186035156,1
206.0,149.0,9.214201927185059,0.9841000437736511,9.36307430267334,1
212.0,149.0,9.334583282470703,0.9417248368263245,9.912219047546387,1
229.0,149.0,8.95683479309082,0.9291314482688904,9.640007972717285,1
231.0,149.0,9.271833419799805,0.9299424290657043,9.970330238342285,1
235.0,149.0,9.154755592346191,0.9339755177497864,9.801922798156738,1
287.0,149.0,8.651737213134766,0.8913779854774475,9.706025123596191,1
338.0,149.0,8.644323348999023,0.8624170422554016,10.023367881774902,1
206.0,150.0,9.192927360534668,0.970055103302002,9.476706504821777,1
208.0,150.0,9.173738479614258,0.9497202634811401,9.659411430358887,1
215.0,150.0,9.020359992980957,0.9372946619987488,9.623825073242188,1
218.0,150.0,9.001761436462402,0.9330938458442688,9.64721965789795,1
225.0,150.0,8.956491470336914,0.928433358669281,9.646886825561523,1
301.0,150.0,8.751455307006836,0.8817583918571472,9.925004005432129,1
210.0,151.0,9.102645874023438,0.9444093704223633,9.638453483581543,1
232.0,151.0,9.273482322692871,0.9302812814712524,9.96847152709961,1
236.0,151.0,9.157959938049316,0.9361318945884705,9.782766342163086,1
237.0,151.0,9.099127769470215,0.9363518357276917,9.71763801574707,1
334.0,151.0,8.463591575622559,0.8639078140258789,9.796869277954102,1
217.0,152.0,9.003662109375,0.9344571232795715,9.63517951965332,1
218.0,152.0,9.37842845916748,0.9332438111305237,10.049280166625977,1
224.0,152.0,8.954648971557617,0.9276197552680969,9.653361320495605,1
225.0,152.0,9.371798515319824,0.9276201128959656,10.103056907653809,1
313.0,152.0,8.763045310974121,0.8749874234199524,10.015052795410156,1
320.0,152.0,8.748786926269531,0.8713769316673279,10.040186882019043,1
328.0,152.0,8.724761962890625,0.8690053224563599,10.03994083404541,1
343.0,152.0,8.397470474243164,0.8630526661872864,9.729963302612305,1
212.0,153.0,9.321648597717285,0.9412119388580322,9.903878211975098,1
213.0,153.0,9.350061416625977,0.9398337602615356,9.948633193969727,1
214.0,153.0,9.02215576171875,0.9385051727294922,9.613325119018555,1
229.0,153.0,9.307229995727539,0.9280826449394226,10.028450012207031,1
234.0,153.0,9.02851676940918,0.9317498207092285,9.689850807189941,1
238.0,153.0,9.10537052154541,0.9409618377685547,9.67666244506836,1
210.0,154.0,9.304157257080078,0.9443933963775635,9.851993560791016,1
221.0,154.0,8.991719245910645,0.9296202659606934,9.672464370727539,1
222.0,154.0,8.959336280822754,0.9288374781608582,9.645751953125,1
230.0,154.0,9.301873207092285,0.9283282160758972,10.020026206970215,1
233.0,154.0,8.97292709350586,0.9311168193817139,9.636735916137695,1
236.0,154.0,9.190616607666016,0.9363920092582703,9.814924240112305,1
276.0,154.0,8.727096557617188,0.8989043235778809,9.708593368530273,1
282.0,154.0,8.65174674987793,0.8947823643684387,9.669107437133789,1
309.0,154.0,8.519603729248047,0.8768406510353088,9.7162504196167,1
338.0,154.0,8.639738082885742,0.8614674806594849,10.029093742370605,1
206.0,155.0,9.251866340637207,0.962170422077179,9.615621566772461,1
211.0,155.0,9.31190013885498,0.942676842212677,9.87814712524414,1
212.0,155.0,9.319462776184082,0.9412428140640259,9.901230812072754,1
221.0,155.0,9.31402587890625,0.9292821884155273,10.022817611694336,1
227.0,155.0,8.945996284484863,0.927329421043396,9.647052764892578,1
359.0,155.0,8.758904457092285,0.978113055229187,8.954899787902832,1
210.0,156.0,9.103586196899414,0.9439955353736877,9.643674850463867,1
212.0,156.0,9.318679809570312,0.9409835338592529,9.903127670288086,1
213.0,156.0,9.351689338684082,0.9396920800209045,9.951865196228027,1
220.0,156.0,8.99754524230957,0.9298994541168213,9.675826072692871,1
224.0,156.0,9.316006660461426,0.9264132380485535,10.055994987487793,1
236.0,156.0,9.255082130432129,0.9360284209251404,9.88760757446289,1
238.0,156.0,9.063909530639648,0.9396262764930725,9.646291732788086,1
273.0,156.0,8.684488296508789,0.9027366638183594,9.620179176330566,1
359.0,156.0,8.746566772460938,0.9764004945755005,8.95797061920166,1
361.0,156.0,8.74815559387207,0.972317099571228,8.997224807739258,1
215.0,157.0,9.318696022033691,0.9372689127922058,9.94239330291748,1
216.0,157.0,9.32059097290039,0.9355440139770508,9.962749481201172,1
217.0,157.0,9.383655548095703,0.934136688709259,10.045269966125488,1
220.0,157.0,8.971590995788574,0.9298416972160339,9.648514747619629,1
227.0,157.0,9.31293773651123,0.9271141290664673,10.045082092285156,1
239.0,157.0,9.07855224609375,0.9407702088356018,9.650127410888672,1
277.0,157.0,8.744121551513672,0.8981494307518005,9.735709190368652,1
285.0,157.0,8.671499252319336,0.8939467668533325,9.700241088867188,1
307.0,157.0,8.538690567016602,0.8783759474754333,9.72099781036377,1
322.0,157.0,8.494163513183594,0.871284008026123,9.749017715454102,1
341.0,157.0,8.482625961303711,0.8609398603439331,9.852750778198242,1
361.0,157.0,8.756292343139648,0.9697822332382202,9.029132843017578,1
210.0,158.0,9.068289756774902,0.9441739916801453,9.604469299316406,1
211.0,158.0,9.305176734924316,0.9425575733184814,9.87226390838623,1
220.0,158.0,9.310653686523438,0.9296819567680359,10.014880180358887,1
226.0,158.0,9.334280967712402,0.9263505935668945,10.076401710510254,1
227.0,158.0,9.366372108459473,0.926792323589325,10.10622501373291,1
236.0,158.0,9.282183647155762,0.9359909892082214,9.916958808898926,1
237.0,158.0,9.271124839782715,0.9376468658447266,9.887650489807129,1
300.0,158.0,8.55151653289795,0.8824100494384766,9.691091537475586,1
333.0,158.0,8.518074035644531,0.8628247380256653,9.872310638427734,1
346.0,158.0,8.4583740234375,0.8611160516738892,9.822571754455566,1
359.0,158.0,8.718221664428711,0.9686835408210754,9.000072479248047,1
209.0,159.0,9.281426429748535,0.9462293386459351,9.808855056762695,1
214.0,159.0,9.31468391418457,0.9382516741752625,9.927702903747559,1
219.0,159.0,9.011948585510254,0.9311560392379761,9.678236961364746,1
224.0,159.0,9.007043838500977,0.9260509014129639,9.72629451751709,1
232.0,159.0,9.013530731201172,0.9307499527931213,9.684159278869629,1
234.0,159.0,9.043937683105469,0.9325609803199768,9.697958946228027,1
238.0,159.0,9.24547004699707,0.9392945766448975,9.842992782592773,1
240.0,159.0,9.084575653076172,0.9437437653541565,9.626104354858398,1
318.0,159.0,8.500997543334961,0.8730353713035583,9.737288475036621,1
342.0,159.0,8.38560962677002,0.8608821034431458,9.740717887878418,1
345.0,159.0,8.448995590209961,0.8607593178749084,9.815747261047363,1
348.0,159.0,8.473258018493652,0.8622990846633911,9.826355934143066,1
358.0,159.0,8.709808349609375,0.9439100623130798,9.227371215820312,1
361.0,159.0,8.723310470581055,0.9558905959129333,9.125845909118652,1
365.0,159.0,8.791067123413086,0.9417595267295837,9.334726333618164,1
366.0,159.0,8.777414321899414,0.9394736289978027,9.342906951904297,1
367.0,159.0,8.763898849487305,0.9369959235191345,9.353187561035156,1
212.0,160.0,9.048026084899902,0.9410311579704285,9.615012168884277,1
215.0,160.0,9.330565452575684,0.9371069073677063,9.956777572631836,1
217.0,160.0,9.325943946838379,0.9334427118301392,9.990911483764648,1
220.0,160.0,8.98730182647705,0.9290356636047363,9.673796653747559,1
222.0,160.0,8.945980072021484,0.927386462688446,9.646442413330078,1
224.0,160.0,9.004894256591797,0.9255682229995728,9.729043960571289,1
226.0,160.0,9.313522338867188,0.9259843230247498,10.05797004699707,1
233.0,160.0,8.99717903137207,0.9312504529953003,9.661396026611328,1
236.0,160.0,9.057873725891113,0.9358499050140381,9.678767204284668,1
241.0,160.0,9.108619689941406,0.9451210498809814,9.637516021728516,1
333.0,160.0,8.52298641204834,0.8634070158004761,9.871342658996582,1
349.0,160.0,8.406890869140625,0.8616896271705627,9.75628662109375,1
359.0,160.0,8.736284255981445,0.908713698387146,9.61390209197998,1
365.0,160.0,8.781124114990234,0.9004583954811096,9.751837730407715,1
366.0,160.0,8.793740272521973,0.8998731374740601,9.772199630737305,1
367.0,160.0,8.752752304077148,0.9007070660591125,9.717645645141602,1
368.0,160.0,8.780083656311035,0.9025099873542786,9.728516578674316,1
370.0,160.0,8.758753776550293,0.906933605670929,9.657546997070312,1
208.0,161.0,9.155356407165527,0.94949871301651,9.642305374145508,1
214.0,161.0,9.358026504516602,0.9383410215377808,9.97294807434082,1
221.0,161.0,9.310295104980469,0.9281062483787537,10.03149700164795,1
229.0,161.0,9.029912948608398,0.9272041916847229,9.738861083984375,1
232.0,161.0,8.963905334472656,0.9305938482284546,9.63245677947998,1
280.0,161.0,8.75780963897705,0.896109938621521,9.773141860961914,1
283.0,161.0,8.674161911010742,0.8960306644439697,9.680652618408203,1
291.0,161.0,8.69051742553711,0.8897268176078796,9.767624855041504,1
299.0,161.0,8.752365112304688,0.883466362953186,9.906846046447754,1
306.0,161.0,8.77143383026123,0.8792327642440796,9.976236343383789,1
322.0,161.0,8.767455101013184,0.8718600869178772,10.056034088134766,1
337.0,161.0,8.664182662963867,0.860862672328949,10.064535140991211,1
347.0,161.0,8.397884368896484,0.860254168510437,9.762096405029297,1
359.0,161.0,8.720438003540039,0.8946335315704346,9.74749755859375,1
360.0,161.0,8.717504501342773,0.9024235606193542,9.660102844238281,1
363.0,161.0,8.708429336547852,0.9003045558929443,9.672759056091309,1
364.0,161.0,8.793994903564453,0.8962143063545227,9.812379837036133,1
366.0,161.0,8.705547332763672,0.8947145938873291,9.729970932006836,1
367.0,161.0,8.742280960083008,0.894790768623352,9.770195960998535,1
368.0,161.0,8.773168563842773,0.8950486779212952,9.801889419555664,1
370.0,161.0,8.72818660736084,0.8981627225875854,9.717823028564453,1
220.0,162.0,8.964781761169434,0.9286500215530396,9.653563499450684,1
221.0,162.0,9.312722206115723,0.927782416343689,10.037614822387695,1
222.0,162.0,9.002845764160156,0.9271331429481506,9.710412979125977,1
225.0,162.0,9.017179489135742,0.92545086145401,9.743553161621094,1
236.0,162.0,9.296507835388184,0.9361343383789062,9.930741310119629,1
273.0,162.0,8.71501350402832,0.9013521671295166,9.668822288513184,1
278.0,162.0,8.763945579528809,0.8991687893867493,9.746719360351562,1
315.0,162.0,8.509095191955566,0.8748321533203125,9.726546287536621,1
335.0,162.0,8.40920639038086,0.8622753024101257,9.752345085144043,1
351.0,162.0,8.5274019241333,0.8626149296760559,9.885525703430176,1
355.0,162.0,8.49272346496582,0.8683935403823853,9.779809951782227,1
357.0,162.0,8.698383331298828,0.8770617246627808,9.917640686035156,1
366.0,162.0,8.731254577636719,0.8919625878334045,9.788812637329102,1
368.0,162.0,8.767839431762695,0.8930468559265137,9.817893981933594,1
223.0,163.0,9.017929077148438,0.9264910817146301,9.73342227935791,1
291.0,163.0,8.665132522583008,0.8905017971992493,9.73061752319336,1
336.0,163.0,8.453893661499023,0.8620434999465942,9.806806564331055,1
362.0,163.0,8.672747611999512,0.8920817375183105,9.721920013427734,1
221.0,164.0,9.023059844970703,0.9269083142280579,9.734576225280762,1
232.0,164.0,9.313173294067383,0.930726945400238,10.006342887878418,1
243.0,164.0,9.117191314697266,0.9495067596435547,9.602028846740723,1
273.0,164.0,8.688249588012695,0.9008569121360779,9.644428253173828,1
292.0,164.0,8.617437362670898,0.8890841007232666,9.692488670349121,1
293.0,164.0,8.597628593444824,0.8880717754364014,9.681231498718262,1
307.0,164.0,8.549386024475098,0.8787344694137573,9.729203224182129,1
335.0,164.0,8.544873237609863,0.863585352897644,9.894648551940918,1
358.0,164.0,8.571842193603516,0.8751698732376099,9.794489860534668,1
363.0,164.0,8.812389373779297,0.8864161372184753,9.941594123840332,1
364.0,164.0,8.807330131530762,0.8876035809516907,9.92259407043457,1
365.0,164.0,8.789950370788574,0.8875640034675598,9.903454780578613,1
367.0,164.0,8.729393005371094,0.8887160420417786,9.822477340698242,1
368.0,164.0,8.770978927612305,0.8896310329437256,9.859119415283203,1
370.0,164.0,8.740456581115723,0.8913475275039673,9.805891036987305,1
210.0,165.0,9.103949546813965,0.9450982809066772,9.632806777954102,1
217.0,165.0,9.390764236450195,0.9322212934494019,10.073534965515137,1
236.0,165.0,9.062759399414062,0.9370503425598145,9.671582221984863,1
280.0,165.0,8.773648262023926,0.8974528312683105,9.776166915893555,1
284.0,165.0,8.727575302124023,0.896210253238678,9.738312721252441,1
285.0,165.0,8.714767456054688,0.8961278200149536,9.724915504455566,1
334.0,165.0,8.712259292602539,0.8663557171821594,10.056215286254883,1
335.0,165.0,8.440513610839844,0.864646315574646,9.761810302734375,1
336.0,165.0,8.40439224243164,0.8634129166603088,9.733920097351074,1
347.0,165.0,8.534128189086914,0.8605915904045105,9.916583061218262,1
356.0,165.0,8.504079818725586,0.8703014850616455,9.771418571472168,1
358.0,165.0,8.63241958618164,0.8744804859161377,9.87148380279541,1
362.0,165.0,8.809252738952637,0.8829699754714966,9.976842880249023,1
363.0,165.0,8.815399169921875,0.8839146494865417,9.97313404083252,1
364.0,165.0,8.813053131103516,0.8864089250564575,9.942423820495605,1
366.0,165.0,8.759925842285156,0.8873534798622131,9.871969223022461,1
214.0,166.0,9.0506591796875,0.9372261762619019,9.65685749053955,1
217.0,166.0,9.336224555969238,0.9318872094154358,10.018620491027832,1
221.0,166.0,8.993590354919434,0.9267053604125977,9.70490837097168,1
237.0,166.0,9.281964302062988,0.9389265775680542,9.885719299316406,1
272.0,166.0,8.713264465332031,0.9072757959365845,9.603766441345215,1
321.0,166.0,8.503637313842773,0.8721209764480591,9.750524520874023,1
322.0,166.0,8.77133846282959,0.872036337852478,10.058455467224121,1
344.0,166.0,8.383072853088379,0.8601810336112976,9.745707511901855,1
345.0,166.0,8.518011093139648,0.8602297902107239,9.902018547058105,1
357.0,166.0,8.659540176391602,0.8719505667686462,9.931228637695312,1
359.0,166.0,8.566574096679688,0.8756341338157654,9.783280372619629,1
362.0,166.0,8.638815879821777,0.8813086152076721,9.80225944519043,1
363.0,166.0,8.803451538085938,0.8825245499610901,9.97530460357666,1
364.0,166.0,8.711284637451172,0.8857734799385071,9.834664344787598,1
365.0,166.0,8.775269508361816,0.8862398862838745,9.901686668395996,1
366.0,166.0,8.673538208007812,0.8870515823364258,9.77794075012207,1
367.0,166.0,8.747418403625488,0.8879194855690002,9.85158920288086,1
214.0,167.0,9.297353744506836,0.9370396733283997,9.922049522399902,1
219.0,167.0,8.959457397460938,0.9290814399719238,9.643349647521973,1
225.0,167.0,9.030838012695312,0.9247188568115234,9.766036033630371,1
231.0,167.0,8.999824523925781,0.9294506907463074,9.682950019836426,1
232.0,167.0,9.052287101745605,0.9316040277481079,9.716882705688477,1
273.0,167.0,8.683353424072266,0.9066555500030518,9.577345848083496,1
279.0,167.0,8.672235488891602,0.9002382755279541,9.63326644897461,1
294.0,167.0,8.716920852661133,0.887536883354187,9.821474075317383,1
337.0,167.0,8.401360511779785,0.8637304306030273,9.726831436157227,1
367.0,167.0,8.772902488708496,0.8876184821128845,9.883641242980957,1
242.0,168.0,9.139619827270508,0.948120653629303,9.639721870422363,1
347.0,168.0,8.397417068481445,0.8606048226356506,9.757575988769531,1
361.0,168.0,8.603607177734375,0.8787352442741394,9.790898323059082,1
362.0,168.0,8.79426383972168,0.8801226019859314,9.99208927154541,1
363.0,168.0,8.803313255310059,0.8814749121665955,9.98702621459961,1
364.0,168.0,8.777225494384766,0.8851126432418823,9.91650676727295,1
365.0,168.0,8.771483421325684,0.8858438730239868,9.901839256286621,1
367.0,168.0,8.748340606689453,0.8875745534896851,9.856456756591797,1
369.0,168.0,8.696798324584961,0.8895894289016724,9.776193618774414,1
225.0,169.0,9.420716285705566,0.9250129461288452,10.184415817260742,1
229.0,169.0,9.302949905395508,0.9276074767112732,10.028972625732422,1
232.0,169.0,9.300496101379395,0.9325224757194519,9.973482131958008,1
277.0,169.0,8.772255897521973,0.9014613032341003,9.73115062713623,1
285.0,169.0,8.728720664978027,0.8970025777816772,9.730987548828125,1
300.0,169.0,8.558371543884277,0.8828973770141602,9.693506240844727,1
309.0,169.0,8.533885955810547,0.8766806125640869,9.734315872192383,1
337.0,169.0,8.44711685180664,0.8661730289459229,9.752227783203125,1
349.0,169.0,8.569415092468262,0.8610407114028931,9.952392578125,1
361.0,169.0,8.799440383911133,0.8789469003677368,10.011344909667969,1
362.0,169.0,8.80396842956543,0.8803353309631348,10.000699043273926,1
367.0,169.0,8.736096382141113,0.8878679275512695,9.839409828186035,1
369.0,169.0,8.73253059387207,0.8900101780891418,9.81171989440918,1
236.0,170.0,9.07388973236084,0.9399645924568176,9.653437614440918,1
239.0,170.0,9.191923141479492,0.943981945514679,9.737393379211426,1
345.0,170.0,8.398113250732422,0.8608648180961609,9.755437850952148,1
353.0,170.0,8.603984832763672,0.8646684288978577,9.950617790222168,1
357.0,170.0,8.662057876586914,0.8713756799697876,9.940670013427734,1
358.0,170.0,8.682517051696777,0.873179018497467,9.943570137023926,1
361.0,170.0,8.790143966674805,0.8793469071388245,9.99621868133545,1
363.0,170.0,8.77458667755127,0.8826056122779846,9.94168472290039,1
364.0,170.0,8.712807655334473,0.8864666819572449,9.828691482543945,1
366.0,170.0,8.726247787475586,0.8880253434181213,9.82657527923584,1
368.0,170.0,8.73739242553711,0.8896301984786987,9.821375846862793,1
228.0,171.0,9.421577453613281,0.9268001914024353,10.165704727172852,1
240.0,171.0,9.1096773147583,0.9466500282287598,9.623067855834961,1
279.0,171.0,8.785933494567871,0.9012039303779602,9.749107360839844,1
339.0,171.0,8.419410705566406,0.8664236664772034,9.717429161071777,1
348.0,171.0,8.552167892456055,0.8621602654457092,9.919464111328125,1
365.0,171.0,8.655338287353516,0.8881828784942627,9.744996070861816,1
211.0,172.0,9.132217407226562,0.9385592937469482,9.730037689208984,1
219.0,172.0,9.35875415802002,0.9283415079116821,10.081154823303223,1
220.0,172.0,9.416679382324219,0.926698625087738,10.16153335571289,1
222.0,172.0,8.988008499145508,0.9258066415786743,9.70829963684082,1
223.0,172.0,8.911717414855957,0.925900936126709,9.624914169311523,1
234.0,172.0,9.26448917388916,0.9366384744644165,9.89121150970459,1
237.0,172.0,9.231851577758789,0.9419336318969727,9.800957679748535,1
273.0,172.0,8.69226360321045,1.0038100481033325,8.659271240234375,1
284.0,172.0,8.799522399902344,0.8987916111946106,9.79039192199707,1
287.0,172.0,8.721842765808105,0.8976794481277466,9.715988159179688,1
299.0,172.0,8.75247573852539,0.8840083479881287,9.900897026062012,1
351.0,172.0,8.454432487487793,0.8649700284004211,9.774249076843262,1
361.0,172.0,8.768704414367676,0.879840612411499,9.966241836547852,1
363.0,172.0,8.759191513061523,0.8833222985267639,9.916190147399902,1
365.0,172.0,8.723626136779785,0.8881540894508362,9.822198867797852,1
366.0,172.0,8.672395706176758,0.888850212097168,9.756869316101074,1
367.0,172.0,8.683064460754395,0.8893465995788574,9.763420104980469,1
238.0,173.0,9.194758415222168,0.9437001943588257,9.743304252624512,1
278.0,173.0,8.775747299194336,0.9056912660598755,9.689557075500488,1
319.0,173.0,8.503573417663574,0.8720391392707825,9.75136661529541,1
343.0,173.0,8.46291446685791,0.8652798533439636,9.78055191040039,1
356.0,173.0,8.638086318969727,0.8719581365585327,9.906538009643555,1
361.0,173.0,8.771376609802246,0.8811419010162354,9.954556465148926,1
362.0,173.0,8.760793685913086,0.8827859163284302,9.924029350280762,1
363.0,173.0,8.76850700378418,0.8843908905982971,9.914741516113281,1
364.0,173.0,8.741670608520508,0.8885294198989868,9.838357925415039,1
365.0,173.0,8.7190580368042,0.8893319368362427,9.80405330657959,1
366.0,173.0,8.7225341796875,0.8897867202758789,9.802948951721191,1
222.0,174.0,9.356449127197266,0.9259215593338013,10.105012893676758,1
230.0,174.0,9.412555694580078,0.9301795363426208,10.119073867797852,1
237.0,174.0,9.113861083984375,0.9425949454307556,9.668905258178711,1
333.0,174.0,8.524478912353516,0.8729863166809082,9.76473331451416,1
346.0,174.0,8.507166862487793,0.867201566696167,9.809906959533691,1
359.0,174.0,8.58080005645752,0.8769538998603821,9.784778594970703,1
362.0,174.0,8.76225471496582,0.8847865462303162,9.903241157531738,1
363.0,174.0,8.752357482910156,0.8861066699028015,9.877318382263184,1
366.0,174.0,8.738873481750488,0.8917376399040222,9.799825668334961,1
209.0,175.0,9.186041831970215,0.9437274932861328,9.733786582946777,1
212.0,175.0,9.152591705322266,0.9360595345497131,9.777788162231445,1
216.0,175.0,9.072845458984375,0.9311861991882324,9.74332046508789,1
230.0,175.0,9.424200057983398,0.9304710030555725,10.128418922424316,1
289.0,175.0,8.66895580291748,0.89530348777771,9.682701110839844,1
336.0,175.0,8.543856620788574,0.8743636608123779,9.771513938903809,1
338.0,175.0,8.619173049926758,0.8738707304000854,9.863212585449219,1
360.0,175.0,8.645200729370117,0.8831114172935486,9.78947925567627,1
361.0,175.0,8.624235153198242,0.8853899836540222,9.740606307983398,1
362.0,175.0,8.64024543762207,0.8871418833732605,9.739418029785156,1
363.0,175.0,8.652713775634766,0.8882899284362793,9.740866661071777,1
364.0,175.0,8.678088188171387,0.8930673599243164,9.717170715332031,1
224.0,176.0,9.436925888061523,0.9260669350624084,10.190327644348145,1
225.0,176.0,9.050679206848145,0.9266065359115601,9.76755428314209,1
232.0,176.0,9.414350509643555,0.9336566925048828,10.083311080932617,1
290.0,176.0,8.694670677185059,0.8940288424491882,9.725268363952637,1
300.0,176.0,8.753592491149902,0.8827081918716431,9.91674518585205,1
215.0,177.0,9.089585304260254,0.9338443279266357,9.733511924743652,1
217.0,177.0,9.299838066101074,0.9306879043579102,9.99243450164795,1
223.0,177.0,9.368209838867188,0.9268902540206909,10.10714054107666,1
228.0,177.0,8.97928524017334,0.9287787079811096,9.667840957641602,1
277.0,177.0,8.746055603027344,0.9448804259300232,9.256256103515625,1
288.0,177.0,8.72201156616211,0.8963044285774231,9.73108196258545,1
293.0,177.0,8.58393669128418,0.8893975615501404,9.651405334472656,1
307.0,177.0,8.770618438720703,0.8771864175796509,9.998579978942871,1
311.0,177.0,8.777688980102539,0.8747966289520264,10.033976554870605,1
334.0,177.0,8.52177619934082,0.8746951818466187,9.74256706237793,1
336.0,177.0,8.669612884521484,0.8765217065811157,9.8909273147583,1
225.0,178.0,9.055378913879395,0.9273117184638977,9.765193939208984,1
226.0,178.0,9.305610656738281,0.9279749393463135,10.027868270874023,1
227.0,178.0,8.907933235168457,0.928803563117981,9.590761184692383,1
230.0,178.0,8.950122833251953,0.9310799837112427,9.612625122070312,1
288.0,178.0,8.66909122467041,0.8962996006011963,9.672090530395508,1
325.0,178.0,8.759940147399902,0.8713458776473999,10.0533447265625,1
210.0,179.0,9.23747444152832,0.9422564506530762,9.803566932678223,1
214.0,179.0,9.106552124023438,0.9353477358818054,9.736006736755371,1
222.0,179.0,8.9013671875,0.9270775318145752,9.601534843444824,1
226.0,179.0,8.90179443359375,0.9283336997032166,9.58900260925293,1
228.0,179.0,8.956046104431152,0.9294939041137695,9.635400772094727,1
233.0,179.0,9.431665420532227,0.9358195662498474,10.078508377075195,1
235.0,179.0,9.42140007019043,0.9394038915634155,10.029126167297363,1
238.0,179.0,9.241935729980469,0.9446983337402344,9.782949447631836,1
282.0,179.0,8.79248046875,0.9079904556274414,9.683450698852539,1
331.0,179.0,8.736573219299316,0.8729803562164307,10.0077543258667,1
211.0,180.0,9.253690719604492,0.9398187398910522,9.846250534057617,1
213.0,180.0,9.15816593170166,0.9368897676467896,9.775073051452637,1
225.0,180.0,9.442407608032227,0.9277245402336121,10.17802906036377,1
227.0,180.0,9.375628471374512,0.9292855858802795,10.089071273803711,1
232.0,180.0,8.969234466552734,0.9335951805114746,9.607198715209961,1
238.0,180.0,9.132477760314941,0.9440387487411499,9.673837661743164,1
292.0,180.0,8.752262115478516,0.8895602226257324,9.83886432647705,1
219.0,181.0,8.936777114868164,0.9297295808792114,9.61223316192627,1
222.0,181.0,9.426897048950195,0.9278524518013,10.15990924835205,1
228.0,181.0,9.060447692871094,0.9295370578765869,9.747268676757812,1
235.0,181.0,9.430109024047852,0.9386805295944214,10.04613208770752,1
238.0,181.0,8.971610069274902,0.9443458318710327,9.500344276428223,1
293.0,181.0,8.583560943603516,0.8882766962051392,9.663161277770996,1
339.0,181.0,8.594869613647461,0.8784863948822021,9.78372573852539,1
222.0,182.0,9.395040512084961,0.9281010627746582,10.12286376953125,1
223.0,182.0,8.969245910644531,0.928126335144043,9.663820266723633,1
229.0,182.0,9.376021385192871,0.9301425218582153,10.080198287963867,1
238.0,182.0,9.243846893310547,0.9445023536682129,9.787002563476562,1
240.0,182.0,9.172234535217285,0.9483095407485962,9.672194480895996,1
291.0,182.0,8.833823204040527,0.8913070559501648,9.911088943481445,1
298.0,182.0,8.81077766418457,0.8837898373603821,9.969313621520996,1
327.0,182.0,8.497138977050781,0.8714843392372131,9.750191688537598,1
217.0,183.0,9.083122253417969,0.9323980212211609,9.741679191589355,1
220.0,183.0,9.30543327331543,0.9293832182884216,10.012482643127441,1
237.0,183.0,9.003792762756348,0.9429459571838379,9.548577308654785,1
240.0,183.0,8.974236488342285,0.9482932686805725,9.463566780090332,1
247.0,183.0,9.368827819824219,0.9648488759994507,9.710150718688965,1
284.0,183.0,8.780488967895508,0.9044358134269714,9.708250045776367,1
316.0,183.0,8.501154899597168,0.8714306950569153,9.755399703979492,1
210.0,184.0,9.187458038330078,0.9426198601722717,9.746726989746094,1
213.0,184.0,9.140775680541992,0.9376116991043091,9.74899959564209,1
220.0,184.0,8.92894172668457,0.929816722869873,9.6029052734375,1
223.0,184.0,8.89427375793457,0.928740382194519,9.576705932617188,1
227.0,184.0,8.898159980773926,0.9295580387115479,9.572463035583496,1
251.0,184.0,9.343101501464844,1.0037174224853516,9.308497428894043,1
252.0,184.0,9.321744918823242,1.0365225076675415,8.993287086486816,1
289.0,184.0,8.750909805297852,0.8935146927833557,9.793806076049805,1
305.0,184.0,8.531126976013184,0.8769105672836304,9.728616714477539,1
322.0,184.0,8.764938354492188,0.8701884746551514,10.072460174560547,1
222.0,185.0,8.958964347839355,0.929104745388031,9.642577171325684,1
230.0,185.0,9.370086669921875,0.9307544827461243,10.067194938659668,1
234.0,185.0,9.43587875366211,0.9364799857139587,10.075900077819824,1
245.0,185.0,9.029143333435059,0.9545105695724487,9.459447860717773,1
246.0,185.0,9.020833969116211,0.9554027318954468,9.441917419433594,1
296.0,185.0,8.85340404510498,0.885185182094574,10.001753807067871,1
300.0,185.0,8.86331844329834,0.8811385631561279,10.058938026428223,1
220.0,186.0,8.921677589416504,0.9303079843521118,9.590025901794434,1
225.0,186.0,9.438186645507812,0.9287740588188171,10.161983489990234,1
245.0,186.0,9.331008911132812,0.9537614583969116,9.783377647399902,1
249.0,186.0,9.370193481445312,0.9593523144721985,9.767208099365234,1
254.0,186.0,9.345897674560547,0.9785528182983398,9.55073356628418,1
257.0,186.0,9.31397819519043,1.0329508781433105,9.016864776611328,1
289.0,186.0,8.773462295532227,0.8922274708747864,9.833212852478027,1
303.0,186.0,8.828940391540527,0.8789945840835571,10.044363021850586,1
306.0,186.0,8.86172866821289,0.8761681914329529,10.11418628692627,1
315.0,186.0,8.77817440032959,0.8716462850570679,10.070798873901367,1
320.0,186.0,8.490119934082031,0.8701846599578857,9.756688117980957,1
324.0,186.0,8.757294654846191,0.8700913786888123,10.064798355102539,1
225.0,187.0,9.306002616882324,0.9289327263832092,10.017951011657715,1
226.0,187.0,8.899100303649902,0.9293395280838013,9.575725555419922,1
235.0,187.0,8.92892837524414,0.9377886056900024,9.521259307861328,1
241.0,187.0,9.404841423034668,0.949166476726532,9.908526420593262,1
246.0,187.0,9.38300895690918,0.9544052481651306,9.831262588500977,1
251.0,187.0,9.044528007507324,0.9608672857284546,9.412879943847656,1
287.0,187.0,8.64482593536377,0.8994839191436768,9.610873222351074,1
289.0,187.0,8.596664428710938,0.8918808102607727,9.63880443572998,1
292.0,187.0,8.831474304199219,0.8883858323097229,9.941034317016602,1
304.0,187.0,8.758893966674805,0.8770577311515808,9.986679077148438,1
309.0,187.0,8.512797355651855,0.8739873170852661,9.74018383026123,1
314.0,187.0,8.868557929992676,0.8716934323310852,10.173941612243652,1
320.0,187.0,8.88288688659668,0.8700777292251587,10.20930290222168,1
328.0,187.0,8.747039794921875,0.8707267045974731,10.045677185058594,1
223.0,188.0,8.955928802490234,0.9300169348716736,9.629855155944824,1
232.0,188.0,9.37338638305664,0.9332515597343445,10.043793678283691,1
233.0,188.0,8.99804973602295,0.9344627261161804,9.62911605834961,1
237.0,188.0,9.357375144958496,0.9428713917732239,9.924338340759277,1
249.0,188.0,9.31567096710205,0.9598739743232727,9.705098152160645,1
250.0,188.0,9.076295852661133,0.9600858092308044,9.453629493713379,1
253.0,188.0,9.081204414367676,0.9632049202919006,9.428112983703613,1
259.0,188.0,9.284637451171875,0.9810766577720642,9.463723182678223,1
317.0,188.0,8.866117477416992,0.870640754699707,10.183439254760742,1
325.0,188.0,8.896400451660156,0.8698568940162659,10.22743034362793,1
217.0,189.0,9.092473030090332,0.934836208820343,9.726273536682129,1
223.0,189.0,8.925209045410156,0.9306121468544006,9.590685844421387,1
226.0,189.0,9.30860710144043,0.9306411743164062,10.002359390258789,1
254.0,189.0,9.278738021850586,0.9640960097312927,9.624288558959961,1
261.0,189.0,9.293071746826172,0.9761427640914917,9.520196914672852,1
311.0,189.0,8.770866394042969,0.8730854988098145,10.045827865600586,1
313.0,189.0,8.903536796569824,0.8718181848526001,10.212607383728027,1
322.0,189.0,8.877718925476074,0.8697348237037659,10.207386016845703,1
326.0,189.0,8.897777557373047,0.8698808550834656,10.228731155395508,1
338.0,189.0,8.542733192443848,0.872123658657074,9.795323371887207,1
214.0,190.0,9.290851593017578,0.9389240145683289,9.895211219787598,1
216.0,190.0,9.303232192993164,0.9363999962806702,9.935105323791504,1
227.0,190.0,9.063610076904297,0.9317476749420166,9.727537155151367,1
231.0,190.0,9.29378604888916,0.9335565567016602,9.955246925354004,1
233.0,190.0,9.285316467285156,0.9362323880195618,9.917747497558594,1
237.0,190.0,9.101390838623047,0.9436376690864563,9.64500617980957,1
239.0,190.0,9.37928295135498,0.947210967540741,9.901999473571777,1
240.0,190.0,9.02322006225586,0.9513417482376099,9.48473072052002,1
242.0,190.0,9.383661270141602,0.9560796022415161,9.814727783203125,1
249.0,190.0,9.012088775634766,0.9624283909797668,9.363905906677246,1
257.0,190.0,9.07199478149414,0.9688653945922852,9.363524436950684,1
258.0,190.0,9.105470657348633,0.9702644348144531,9.38452434539795,1
297.0,190.0,8.854754447937012,0.883251965045929,10.025174140930176,1
302.0,190.0,8.879048347473145,0.8790867924690247,10.100309371948242,1
323.0,190.0,8.90841293334961,0.8697338700294495,10.242688179016113,1
326.0,190.0,8.89841079711914,0.8698421716690063,10.229914665222168,1
229.0,191.0,8.947613716125488,0.9331419467926025,9.588695526123047,1
230.0,191.0,9.066316604614258,0.9337866306304932,9.709195137023926,1
238.0,191.0,9.009799003601074,0.9450156092643738,9.534021377563477,1
239.0,191.0,9.14136028289795,0.946892261505127,9.65406608581543,1
241.0,191.0,9.197196960449219,0.95572829246521,9.623233795166016,1
252.0,191.0,9.34532642364502,0.9636346697807312,9.697997093200684,1
254.0,191.0,9.32271957397461,0.9643955826759338,9.66690444946289,1
255.0,191.0,9.118927955627441,0.9647757411003113,9.451863288879395,1
258.0,191.0,9.330650329589844,0.9694822430610657,9.624363899230957,1
259.0,191.0,9.256498336791992,0.9704310297966003,9.538543701171875,1
307.0,191.0,8.900687217712402,0.8752670884132385,10.169110298156738,1
313.0,191.0,8.85257339477539,0.8718312978744507,10.153998374938965,1
209.0,192.0,9.223804473876953,0.9437249898910522,9.773826599121094,1
213.0,192.0,9.294310569763184,0.9408921003341675,9.878190040588379,1
227.0,192.0,9.060980796813965,0.9339609742164612,9.701669692993164,1
234.0,192.0,8.9738130569458,0.9394347071647644,9.552353858947754,1
243.0,192.0,9.026944160461426,0.9637994170188904,9.365999221801758,1
245.0,192.0,9.042236328125,0.9682872295379639,9.338382720947266,1
251.0,192.0,9.094222068786621,0.9641071557998657,9.432791709899902,1
253.0,192.0,9.036396026611328,0.9649892449378967,9.364245414733887,1
255.0,192.0,9.044779777526855,0.9655152559280396,9.367826461791992,1
256.0,192.0,9.052071571350098,0.9661158919334412,9.369550704956055,1
257.0,192.0,9.329805374145508,0.9669631123542786,9.648564338684082,1
259.0,192.0,9.075066566467285,0.9685056805610657,9.370173454284668,1
261.0,192.0,9.311816215515137,0.9714873433113098,9.585113525390625,1
264.0,192.0,9.27853012084961,0.9778234362602234,9.48896312713623,1
299.0,192.0,8.822075843811035,0.8814332485198975,10.008785247802734,1
311.0,192.0,8.768439292907715,0.8729070425033569,10.045101165771484,1
317.0,192.0,8.905245780944824,0.8704736828804016,10.230344772338867,1
336.0,192.0,8.516493797302246,0.8707101941108704,9.781088829040527,1
250.0,193.0,9.053732872009277,0.9698177576065063,9.335498809814453,1
252.0,193.0,9.07863998413086,0.9683965444564819,9.374919891357422,1
254.0,193.0,9.046416282653809,0.9673648476600647,9.351607322692871,1
255.0,193.0,9.316627502441406,0.9670625329017639,9.63394546508789,1
260.0,193.0,9.080833435058594,0.970004677772522,9.361639022827148,1
261.0,193.0,9.319964408874512,0.971099853515625,9.597328186035156,1
262.0,193.0,9.102333068847656,0.9721797108650208,9.362809181213379,1
305.0,193.0,8.837357521057129,0.8759742379188538,10.088603973388672,1
312.0,193.0,8.8636474609375,0.8720633387565613,10.163994789123535,1
314.0,193.0,8.876141548156738,0.8714533448219299,10.185446739196777,1
320.0,193.0,8.473362922668457,0.8698811531066895,9.740828514099121,1
331.0,193.0,8.710864067077637,0.8702934980392456,10.009110450744629,1
208.0,194.0,9.225303649902344,0.94514399766922,9.760738372802734,1
236.0,194.0,9.085508346557617,0.9442529678344727,9.62190055847168,1
254.0,194.0,9.258119583129883,0.9707819819450378,9.536765098571777,1
255.0,194.0,9.284597396850586,0.9697270393371582,9.574443817138672,1
257.0,194.0,9.289534568786621,0.9690238237380981,9.58648681640625,1
258.0,194.0,9.06335735321045,0.9690916538238525,9.352425575256348,1
259.0,194.0,9.289786338806152,0.9691739082336426,9.585262298583984,1
262.0,194.0,9.316070556640625,0.9722630977630615,9.581841468811035,1
264.0,194.0,9.149049758911133,0.9757319092750549,9.376602172851562,1
288.0,194.0,8.701804161071777,0.896681547164917,9.704453468322754,1
292.0,194.0,8.552220344543457,0.8864627480506897,9.64758014678955,1
307.0,194.0,8.843399047851562,0.8753111362457275,10.1031494140625,1
313.0,194.0,8.484884262084961,0.871679425239563,9.7339506149292,1
319.0,194.0,8.922520637512207,0.8701163530349731,10.254399299621582,1
239.0,195.0,9.244224548339844,0.9497610926628113,9.733210563659668,1
254.0,195.0,9.084968566894531,0.974397599697113,9.323677062988281,1
257.0,195.0,9.244828224182129,0.9707272052764893,9.523611068725586,1
258.0,195.0,9.2763671875,0.9704024195671082,9.55929946899414,1
259.0,195.0,9.320430755615234,0.9701917767524719,9.606792449951172,1
263.0,195.0,9.311538696289062,0.9733641147613525,9.566347122192383,1
311.0,195.0,8.922027587890625,0.8729969263076782,10.219999313354492,1
312.0,195.0,8.875456809997559,0.8721188902854919,10.176888465881348,1
324.0,195.0,8.944504737854004,0.8697492480278015,10.284004211425781,1
253.0,196.0,9.128702163696289,0.9800941348075867,9.314107894897461,1
254.0,196.0,9.255742073059082,0.9779641032218933,9.464296340942383,1
259.0,196.0,9.11629581451416,0.9721603989601135,9.377357482910156,1
260.0,196.0,9.316390037536621,0.9722129106521606,9.582664489746094,1
261.0,196.0,9.252812385559082,0.9726724028587341,9.512773513793945,1
262.0,196.0,9.134602546691895,0.9733285307884216,9.38491153717041,1
263.0,196.0,9.270395278930664,0.9740334749221802,9.517532348632812,1
265.0,196.0,9.136792182922363,0.9776226878166199,9.345929145812988,1
304.0,196.0,8.859081268310547,0.8763719201087952,10.108814239501953,1
315.0,196.0,8.902774810791016,0.8712413311004639,10.218494415283203,1
320.0,196.0,8.927190780639648,0.870292067527771,10.257695198059082,1
324.0,196.0,8.9274320602417,0.869929850101471,10.262243270874023,1
325.0,196.0,8.927680015563965,0.8699319958686829,10.262503623962402,1
210.0,197.0,9.14880084991455,0.9443249106407166,9.688191413879395,1
215.0,197.0,9.093107223510742,0.9411095380783081,9.662113189697266,1
222.0,197.0,9.057160377502441,0.9378942847251892,9.656909942626953,1
236.0,197.0,9.278550148010254,0.9443168044090271,9.825675010681152,1
240.0,197.0,9.235732078552246,0.9545409679412842,9.67557430267334,1
254.0,197.0,9.14577865600586,0.9788854122161865,9.343053817749023,1
255.0,197.0,9.154154777526855,0.9769745469093323,9.369900703430176,1
256.0,197.0,9.14078426361084,0.9747001528739929,9.378046989440918,1
257.0,197.0,9.150796890258789,0.9742435216903687,9.392720222473145,1
260.0,197.0,9.098465919494629,0.9729316234588623,9.351598739624023,1
262.0,197.0,9.293217658996582,0.9737778306007385,9.543468475341797,1
264.0,197.0,9.157227516174316,0.9760406613349915,9.382014274597168,1
265.0,197.0,9.109267234802246,0.977691113948822,9.317121505737305,1
267.0,197.0,9.164655685424805,0.983562171459198,9.31782054901123,1
303.0,197.0,8.76069450378418,0.8774420619010925,9.984356880187988,1
305.0,197.0,8.850515365600586,0.8758484721183777,10.10507583618164,1
314.0,197.0,8.895615577697754,0.8715305924415588,10.206888198852539,1
320.0,197.0,8.941046714782715,0.8702818751335144,10.273736953735352,1
321.0,197.0,8.753520965576172,0.8701913356781006,10.059306144714355,1
324.0,197.0,8.746150970458984,0.8699562549591064,10.053552627563477,1
328.0,197.0,8.724724769592285,0.8705769181251526,10.021773338317871,1
329.0,197.0,8.927449226379395,0.8706420063972473,10.25386905670166,1
338.0,197.0,8.64231014251709,0.8716596961021423,9.914775848388672,1
229.0,198.0,9.30873966217041,0.9393669366836548,9.909588813781738,1
241.0,198.0,9.218366622924805,0.957292377948761,9.62962532043457,1
255.0,198.0,9.140580177307129,0.9774379730224609,9.351570129394531,1
256.0,198.0,9.238131523132324,0.9751619696617126,9.473432540893555,1
262.0,198.0,9.105934143066406,0.9739346504211426,9.34963607788086,1
263.0,198.0,9.115006446838379,0.9743025898933411,9.355416297912598,1
264.0,198.0,9.277664184570312,0.9758246541023254,9.507511138916016,1
265.0,198.0,9.106558799743652,0.9774009585380554,9.317116737365723,1
266.0,198.0,9.249100685119629,0.9789747595787048,9.447741508483887,1
269.0,198.0,9.26195240020752,0.9960696697235107,9.298498153686523,1
298.0,198.0,8.519566535949707,0.8810173273086548,9.670145988464355,1
307.0,198.0,8.888423919677734,0.875127911567688,10.15671443939209,1
308.0,198.0,8.853181838989258,0.8740589022636414,10.128815650939941,1
319.0,198.0,8.9363431930542,0.8705558180809021,10.265100479125977,1
325.0,198.0,8.928613662719727,0.869937539100647,10.263511657714844,1
327.0,198.0,8.936902046203613,0.8702915906906128,10.26885986328125,1
328.0,198.0,8.934938430786133,0.8706709742546082,10.262129783630371,1
329.0,198.0,8.924554824829102,0.8707001209259033,10.249860763549805,1
330.0,198.0,8.933631896972656,0.8708491921424866,10.258529663085938,1
206.0,199.0,9.249739646911621,0.9562989473342896,9.67243480682373,1
209.0,199.0,9.29209041595459,0.9457830786705017,9.824758529663086,1
234.0,199.0,9.290785789489746,0.9417218565940857,9.865742683410645,1
256.0,199.0,9.15329647064209,0.9752281904220581,9.385799407958984,1
257.0,199.0,9.154635429382324,0.9747308492660522,9.391962051391602,1
258.0,199.0,9.176036834716797,0.9743967056274414,9.417146682739258,1
261.0,199.0,9.086170196533203,0.9735453128814697,9.333073616027832,1
262.0,199.0,9.089160919189453,0.9737008213996887,9.334654808044434,1
264.0,199.0,9.131560325622559,0.975375771522522,9.36209487915039,1
265.0,199.0,9.122611999511719,0.9766718149185181,9.340509414672852,1
266.0,199.0,9.171838760375977,0.9779435396194458,9.37869930267334,1
267.0,199.0,9.15757942199707,0.9790773987770081,9.35327434539795,1
268.0,199.0,9.166464805603027,0.9849514365196228,9.306514739990234,1
288.0,199.0,8.702077865600586,0.8996112942695618,9.673152923583984,1
307.0,199.0,8.878087997436523,0.8749009966850281,10.147534370422363,1
308.0,199.0,8.894243240356445,0.8739315867424011,10.177276611328125,1
309.0,199.0,8.858442306518555,0.8734273910522461,10.142162322998047,1
310.0,199.0,8.86396598815918,0.8730947375297546,10.152353286743164,1
313.0,199.0,8.885540962219238,0.8718652725219727,10.191414833068848,1
316.0,199.0,8.903290748596191,0.8712073564529419,10.21948528289795,1
319.0,199.0,8.936697006225586,0.8704647421836853,10.266581535339355,1
329.0,199.0,8.929489135742188,0.8708280324935913,10.254021644592285,1
211.0,200.0,9.123539924621582,0.9446374177932739,9.658245086669922,1
216.0,200.0,9.072528839111328,0.9413185119628906,9.638107299804688,1
256.0,200.0,9.173233032226562,0.975928008556366,9.399497985839844,1
260.0,200.0,9.226692199707031,0.9734902381896973,9.477950096130371,1
263.0,200.0,9.090161323547363,0.9732568860054016,9.339940071105957,1
265.0,200.0,9.141895294189453,0.9759123921394348,9.367536544799805,1
267.0,200.0,9.116025924682617,0.9780446290969849,9.320664405822754,1
268.0,200.0,9.169933319091797,0.9814637899398804,9.343119621276855,1
308.0,200.0,8.883851051330566,0.8737875819206238,10.167059898376465,1
314.0,200.0,8.909833908081055,0.8715465664863586,10.223015785217285,1
315.0,200.0,8.891100883483887,0.8713244199752808,10.204122543334961,1
319.0,200.0,8.929327964782715,0.8703285455703735,10.259720802307129,1
320.0,200.0,8.910051345825195,0.8701798319816589,10.2393217086792,1
323.0,200.0,8.912708282470703,0.8699783682823181,10.244747161865234,1
327.0,200.0,8.918264389038086,0.869900107383728,10.252056121826172,1
257.0,201.0,9.182300567626953,0.9751481413841248,9.416313171386719,1
258.0,201.0,9.17365837097168,0.9745765328407288,9.412968635559082,1
259.0,201.0,9.212837219238281,0.9740425944328308,9.458351135253906,1
262.0,201.0,9.09650993347168,0.972700297832489,9.351811408996582,1
263.0,201.0,9.305720329284668,0.9727902412414551,9.566009521484375,1
264.0,201.0,9.10165786743164,0.9740740060806274,9.343908309936523,1
265.0,201.0,9.286083221435547,0.9749647378921509,9.524532318115234,1
266.0,201.0,9.12633228302002,0.9760971069335938,9.349820137023926,1
267.0,201.0,9.135696411132812,0.9770326614379883,9.350451469421387,1
272.0,201.0,9.24918270111084,0.9894237518310547,9.348050117492676,1
309.0,201.0,8.88886833190918,0.8732592463493347,10.178956985473633,1
317.0,201.0,8.888594627380371,0.8707442879676819,10.20804214477539,1
318.0,201.0,8.919611930847168,0.8705511689186096,10.245936393737793,1
319.0,201.0,8.898061752319336,0.8702835440635681,10.224325180053711,1
321.0,201.0,8.896312713623047,0.8700136542320251,10.225486755371094,1
322.0,201.0,8.912826538085938,0.8700051307678223,10.24456787109375,1
328.0,201.0,8.903034210205078,0.870233416557312,10.23062801361084,1
329.0,201.0,8.905566215515137,0.8703096508979797,10.232641220092773,1
233.0,202.0,9.049736976623535,0.9412428140640259,9.614667892456055,1
234.0,202.0,9.293495178222656,0.94174724817276,9.868353843688965,1
257.0,202.0,9.178182601928711,0.9751547574996948,9.412026405334473,1
258.0,202.0,9.22277545928955,0.9745513200759888,9.463611602783203,1
259.0,202.0,9.222012519836426,0.9740779399871826,9.467428207397461,1
262.0,202.0,9.298209190368652,0.9725104570388794,9.56103801727295,1
266.0,202.0,9.128266334533691,0.9748092889785767,9.364155769348145,1
268.0,202.0,9.17884635925293,0.9775537848472595,9.389607429504395,1
270.0,202.0,9.255229949951172,0.9799709916114807,9.444392204284668,1
272.0,202.0,9.248958587646484,0.9846389889717102,9.393248558044434,1
303.0,202.0,8.503154754638672,0.8765063285827637,9.701189994812012,1
315.0,202.0,8.901886940002441,0.8713880777359009,10.215754508972168,1
318.0,202.0,8.880526542663574,0.8705016374588013,10.201619148254395,1
319.0,202.0,8.875598907470703,0.870429515838623,10.19680404663086,1
323.0,202.0,8.905586242675781,0.8700658679008484,10.235530853271484,1
324.0,202.0,8.887052536010742,0.869791567325592,10.217451095581055,1
325.0,202.0,8.897088050842285,0.869753897190094,10.229432106018066,1
326.0,202.0,8.897357940673828,0.8699126243591309,10.227875709533691,1
327.0,202.0,8.914742469787598,0.8701359629631042,10.245229721069336,1
328.0,202.0,8.91832160949707,0.870268702507019,10.24777889251709,1
336.0,202.0,8.510926246643066,0.8706949949264526,9.77486515045166,1
342.0,202.0,8.589384078979492,0.8765907883644104,9.798624992370605,1
242.0,203.0,9.186033248901367,0.9551544785499573,9.617327690124512,1
258.0,203.0,9.217952728271484,0.9743930697441101,9.460199356079102,1
262.0,203.0,9.093514442443848,0.9721730351448059,9.353802680969238,1
263.0,203.0,9.103717803955078,0.9718751311302185,9.367168426513672,1
266.0,203.0,9.28549861907959,0.973084032535553,9.542340278625488,1
267.0,203.0,9.157038688659668,0.9735689163208008,9.4056396484375,1
268.0,203.0,9.172388076782227,0.9748693108558655,9.408838272094727,1
269.0,203.0,9.179208755493164,0.9757370948791504,9.407461166381836,1
270.0,203.0,9.250923156738281,0.9766307473182678,9.472283363342285,1
317.0,203.0,8.883609771728516,0.8707493543624878,10.202258110046387,1
321.0,203.0,8.871099472045898,0.8700354099273682,10.196250915527344,1
322.0,203.0,8.878698348999023,0.8699464797973633,10.20602798461914,1
325.0,203.0,8.88830280303955,0.8698951005935669,10.217672348022461,1
327.0,203.0,8.895499229431152,0.8701452612876892,10.223005294799805,1
329.0,203.0,8.904777526855469,0.8703435659408569,10.231335639953613,1
262.0,204.0,9.298981666564941,0.971290111541748,9.573845863342285,1
263.0,204.0,9.095499992370605,0.9710150361061096,9.367002487182617,1
264.0,204.0,9.09988784790039,0.9709743857383728,9.371912956237793,1
265.0,204.0,9.123185157775879,0.9707919955253601,9.397672653198242,1
267.0,204.0,9.286938667297363,0.9704995155334473,9.569235801696777,1
268.0,204.0,9.178001403808594,0.9707960486412048,9.45409870147705,1
271.0,204.0,9.2606201171875,0.9717971086502075,9.529376029968262,1
272.0,204.0,9.26151180267334,0.9730191826820374,9.51832389831543,1
319.0,204.0,8.87442684173584,0.8702195882797241,10.197916984558105,1
321.0,204.0,8.877363204956055,0.8699694275856018,10.204224586486816,1
322.0,204.0,8.870125770568848,0.8697876334190369,10.198036193847656,1
323.0,204.0,8.872032165527344,0.8698546290397644,10.199441909790039,1
327.0,204.0,8.88716983795166,0.8699339032173157,10.215913772583008,1
214.0,205.0,9.331255912780762,0.9429826736450195,9.895468711853027,1
229.0,205.0,9.038102149963379,0.9401265382766724,9.61370849609375,1
262.0,205.0,9.299497604370117,0.9700159430503845,9.586953163146973,1
263.0,205.0,9.098848342895508,0.9694814085960388,9.385273933410645,1
264.0,205.0,9.100698471069336,0.9691362380981445,9.390525817871094,1
266.0,205.0,9.122709274291992,0.9684507250785828,9.419899940490723,1
267.0,205.0,9.289389610290527,0.9678623676300049,9.597841262817383,1
268.0,205.0,9.282695770263672,0.9673328995704651,9.596175193786621,1
269.0,205.0,9.1587553024292,0.9670630693435669,9.470690727233887,1
270.0,205.0,9.283442497253418,0.9672166705131531,9.598099708557129,1
272.0,205.0,9.261150360107422,0.968257486820221,9.564760208129883,1
273.0,205.0,9.25787353515625,0.9682487845420837,9.561461448669434,1
203.0,206.0,9.210394859313965,1.0144199132919312,9.079469680786133,1
216.0,206.0,9.056198120117188,0.9408971667289734,9.625066757202148,1
263.0,206.0,9.105571746826172,0.9676271080970764,9.410207748413086,1
265.0,206.0,9.129185676574707,0.9665005207061768,9.445609092712402,1
266.0,206.0,9.136493682861328,0.9660510420799255,9.457568168640137,1
267.0,206.0,9.12796688079834,0.9653443694114685,9.455658912658691,1
268.0,206.0,9.150312423706055,0.9643132090568542,9.48894214630127,1
269.0,206.0,9.157312393188477,0.9635201692581177,9.504016876220703,1
270.0,206.0,9.272226333618164,0.963382363319397,9.624658584594727,1
271.0,206.0,9.252739906311035,0.9632136821746826,9.60611343383789,1
321.0,206.0,8.744499206542969,0.870071530342102,10.050322532653809,1
212.0,207.0,9.089555740356445,0.9428332448005676,9.640682220458984,1
228.0,207.0,9.320632934570312,0.9400020241737366,9.915545463562012,1
239.0,207.0,9.253365516662598,0.9449480772018433,9.792459487915039,1
240.0,207.0,9.239916801452637,0.9471246600151062,9.755755424499512,1
241.0,207.0,9.120377540588379,0.9486182928085327,9.614380836486816,1
266.0,207.0,9.134722709655762,0.9632222652435303,9.483504295349121,1
267.0,207.0,9.131629943847656,0.96247798204422,9.487625122070312,1
268.0,207.0,9.155722618103027,0.9613078236579895,9.524235725402832,1
269.0,207.0,9.155560493469238,0.9604454040527344,9.53261947631836,1
270.0,207.0,9.28057861328125,0.9599805474281311,9.667465209960938,1
272.0,207.0,9.251561164855957,0.9597352743148804,9.639700889587402,1
273.0,207.0,9.257591247558594,0.9595391750335693,9.647955894470215,1
286.0,207.0,8.606049537658691,0.9423390626907349,9.132646560668945,1
266.0,208.0,9.2936372756958,0.9579364657402039,9.701725959777832,1
269.0,208.0,9.273831367492676,0.9555589556694031,9.705138206481934,1
270.0,208.0,9.283388137817383,0.9548924565315247,9.721920013427734,1
339.0,208.0,8.525321006774902,0.8735129833221436,9.759810447692871,1
213.0,209.0,9.333672523498535,0.9414113759994507,9.914552688598633,1
269.0,209.0,9.281007766723633,0.9526561498641968,9.742242813110352,1
303.0,209.0,8.773919105529785,0.8753466606140137,10.023365020751953,1
311.0,209.0,8.47029972076416,0.8725720643997192,9.70727825164795,1
343.0,209.0,8.616064071655273,0.8791160583496094,9.800827026367188,1
205.0,210.0,9.16329288482666,0.9475598335266113,9.670411109924316,1
316.0,210.0,8.460298538208008,0.8714005947113037,9.708850860595703,1
291.0,211.0,8.541121482849121,0.8803213834762573,9.702276229858398,1
293.0,211.0,8.75706672668457,0.8792297840118408,9.959929466247559,1
314.0,211.0,8.76191234588623,0.8716768622398376,10.051789283752441,1
207.0,213.0,9.134984970092773,0.9443444013595581,9.673361778259277,1
240.0,213.0,9.070918083190918,0.9466086626052856,9.582542419433594,1
308.0,213.0,8.49477481842041,0.8730440139770508,9.730064392089844,1
324.0,213.0,8.463397979736328,0.870775580406189,9.719379425048828,1
337.0,213.0,8.666015625,0.8739731907844543,9.915654182434082,1
238.0,214.0,9.247791290283203,0.9439764022827148,9.79663372039795,1
287.0,214.0,8.585952758789062,0.8884368538856506,9.664111137390137,1
230.0,215.0,9.032273292541504,0.9409611821174622,9.59898567199707,1
291.0,215.0,8.547761917114258,0.8800519108772278,9.71279239654541,1
307.0,215.0,8.774270057678223,0.873195230960846,10.048462867736816,1
321.0,215.0,8.746424674987793,0.8707904815673828,10.044235229492188,1
332.0,216.0,8.483346939086914,0.8727864623069763,9.719842910766602,1
204.0,217.0,9.269680976867676,0.9490554332733154,9.7672700881958,1
285.0,217.0,8.639920234680176,0.9205043911933899,9.386072158813477,1
317.0,217.0,8.471092224121094,0.8706520199775696,9.729596138000488,1
228.0,218.0,9.338300704956055,0.9400114417076111,9.93424129486084,1
243.0,218.0,9.088462829589844,0.9546811580657959,9.519893646240234,1
234.0,219.0,9.288823127746582,0.9419463872909546,9.861308097839355,1
334.0,219.0,8.682352066040039,0.8749514818191528,9.923238754272461,1
201.0,220.0,9.203983306884766,0.9873588681221008,9.321821212768555,1
220.0,220.0,9.362049102783203,0.9387949109077454,9.972411155700684,1
233.0,220.0,9.03316879272461,0.9416510462760925,9.592905044555664,1
243.0,220.0,9.14300537109375,0.954681932926178,9.577016830444336,1
341.0,220.0,8.526896476745605,0.8815212249755859,9.672933578491211,1
210.0,221.0,9.082159042358398,0.9405550360679626,9.656169891357422,1
212.0,221.0,9.06047534942627,0.9396278858184814,9.642621040344238,1
289.0,221.0,8.590063095092773,0.8818700313568115,9.74073600769043,1
311.0,221.0,8.765063285827637,0.8720039129257202,10.05163288116455,1
236.0,222.0,9.247215270996094,0.9429654479026794,9.806526184082031,1
334.0,222.0,8.679405212402344,0.8758670687675476,9.909500122070312,1
202.0,223.0,9.251830101013184,0.974398136138916,9.494917869567871,1
209.0,223.0,9.112568855285645,0.941642165184021,9.677315711975098,1
230.0,223.0,9.322972297668457,0.9404639005661011,9.913163185119629,1
318.0,223.0,8.735878944396973,0.8712735772132874,10.026562690734863,1
321.0,223.0,8.71036434173584,0.8715338110923767,9.994293212890625,1
202.0,224.0,9.207792282104492,0.9830273389816284,9.366771697998047,1
218.0,224.0,9.034387588500977,0.9388130903244019,9.623201370239258,1
319.0,224.0,8.49415397644043,0.871828556060791,9.742918014526367,1
242.0,225.0,9.164810180664062,0.9495412111282349,9.651829719543457,1
316.0,225.0,8.64979076385498,0.8725924491882324,9.912750244140625,1
317.0,225.0,8.657331466674805,0.8724188804626465,9.923365592956543,1
325.0,225.0,8.685101509094238,0.8734482526779175,9.943464279174805,1
205.0,226.0,9.29909610748291,0.9524023532867432,9.76383113861084,1
286.0,226.0,8.675969123840332,0.8934739232063293,9.71037769317627,1
225.0,227.0,9.024012565612793,0.9399354457855225,9.600672721862793,1
231.0,227.0,9.301422119140625,0.9411258697509766,9.883292198181152,1
295.0,227.0,8.777009963989258,0.8791215419769287,9.983840942382812,1
315.0,227.0,8.636602401733398,0.8743703961372375,9.877510070800781,1
214.0,228.0,9.063684463500977,0.9419822096824646,9.621927261352539,1
233.0,228.0,9.253317832946777,0.9419088959693909,9.824005126953125,1
242.0,228.0,9.164298057556152,0.949124813079834,9.655524253845215,1
314.0,228.0,8.542718887329102,0.8755776882171631,9.75666618347168,1
233.0,229.0,9.222947120666504,0.9420239329338074,9.790565490722656,1
204.0,230.0,9.24972152709961,0.9740980267524719,9.495677947998047,1
236.0,230.0,9.027115821838379,0.9431145787239075,9.571599960327148,1
316.0,230.0,8.658346176147461,0.8771546483039856,9.870945930480957,1
228.0,232.0,9.198326110839844,0.9409128427505493,9.775959968566895,1
229.0,232.0,9.202187538146973,0.9409669637680054,9.779500961303711,1
290.0,232.0,8.748090744018555,0.8851015567779541,9.883713722229004,1
313.0,232.0,8.622035026550293,0.8795340657234192,9.802957534790039,1
226.0,233.0,9.194673538208008,0.9410228133201599,9.770936012268066,1
342.0,233.0,8.549595832824707,0.8885894417762756,9.621536254882812,1
207.0,234.0,9.32269287109375,0.9637597799301147,9.673254013061523,1
218.0,234.0,9.07504653930664,0.9446003437042236,9.607287406921387,1
222.0,234.0,9.36038589477539,0.9414343237876892,9.942686080932617,1
324.0,235.0,8.490964889526367,0.8776158094406128,9.675036430358887,1
226.0,236.0,9.204474449157715,0.9421913623809814,9.769219398498535,1
230.0,236.0,9.242049217224121,0.942242443561554,9.808568000793457,1
341.0,236.0,8.625650405883789,0.8874844908714294,9.719212532043457,1
219.0,237.0,9.130380630493164,0.9465861916542053,9.645587921142578,1
290.0,237.0,8.746102333068848,0.8866065144538879,9.864694595336914,1
222.0,238.0,9.19023323059082,0.9434993267059326,9.740582466125488,1
216.0,239.0,9.353904724121094,0.9514172673225403,9.831547737121582,1
238.0,240.0,9.043801307678223,0.9470884203910828,9.549057006835938,1
244.0,240.0,9.10506820678711,0.9642900228500366,9.442251205444336,1
315.0,241.0,8.606722831726074,0.8838223814964294,9.738068580627441,1
340.0,241.0,8.621427536010742,0.8859944939613342,9.730791091918945,1
311.0,242.0,8.63752555847168,0.8886446356773376,9.719886779785156,1
215.0,243.0,9.348986625671387,0.9532008171081543,9.807992935180664,1
221.0,243.0,9.058979034423828,0.9458602070808411,9.577503204345703,1
295.0,243.0,8.770647048950195,0.8847619295120239,9.913002014160156,1
313.0,243.0,8.689249992370605,0.8867191076278687,9.79932689666748,1
244.0,245.0,9.106437683105469,0.9665973782539368,9.421128273010254,1
330.0,245.0,8.653594970703125,0.8792396187782288,9.842134475708008,1
221.0,246.0,9.201080322265625,0.9464555382728577,9.721619606018066,1
225.0,246.0,9.175135612487793,0.9455928802490234,9.70305061340332,1
303.0,246.0,8.602526664733887,0.8850432634353638,9.719894409179688,1
332.0,246.0,8.497320175170898,0.880111813545227,9.654818534851074,1
226.0,247.0,9.232806205749512,0.9454601407051086,9.765410423278809,1
221.0,248.0,9.349152565002441,0.9471099376678467,9.871243476867676,1
240.0,249.0,9.165245056152344,0.9526447653770447,9.620841979980469,1
309.0,249.0,8.742793083190918,0.8900181651115417,9.823162078857422,1
213.0,250.0,9.201421737670898,0.9522685408592224,9.662632942199707,1
288.0,250.0,8.65467643737793,0.8876349925994873,9.750265121459961,1
314.0,250.0,8.558846473693848,0.887609601020813,9.642580032348633,1
228.0,252.0,9.035750389099121,0.9456788301467896,9.554777145385742,1
305.0,252.0,8.619304656982422,0.8875398635864258,9.711456298828125,1
320.0,252.0,8.619004249572754,0.8795750141143799,9.799055099487305,1
338.0,252.0,8.6132230758667,0.8851838111877441,9.73043441772461,1
228.0,253.0,9.285673141479492,0.9455292820930481,9.820609092712402,1
291.0,253.0,8.743781089782715,0.8864232897758484,9.864114761352539,1
206.0,254.0,9.281843185424805,0.9807241559028625,9.464275360107422,1
215.0,254.0,9.204174041748047,0.9520809650421143,9.667428016662598,1
242.0,254.0,9.109419822692871,0.9588019251823425,9.500836372375488,1
308.0,254.0,8.736340522766113,0.8920332193374634,9.793739318847656,1
310.0,254.0,8.709980964660645,0.8953943252563477,9.72753620147705,1
222.0,255.0,9.14046573638916,0.9480658769607544,9.6411714553833,1
324.0,255.0,8.487850189208984,0.8788580298423767,9.657816886901855,1
338.0,255.0,8.546087265014648,0.8856058716773987,9.649989128112793,1
215.0,256.0,9.33530330657959,0.9521891474723816,9.80404281616211,1
226.0,256.0,9.25566291809082,0.946022093296051,9.783770561218262,1
230.0,256.0,9.170964241027832,0.9448893666267395,9.705860137939453,1
227.0,257.0,9.281115531921387,0.9457362294197083,9.813640594482422,1
236.0,258.0,9.057781219482422,0.9482623934745789,9.55197811126709,1
317.0,259.0,8.52322769165039,0.881877064704895,9.664870262145996,1
319.0,259.0,8.508199691772461,0.880508542060852,9.662824630737305,1
222.0,260.0,9.056962966918945,0.948170006275177,9.552045822143555,1
288.0,260.0,8.662734031677246,0.8863387107849121,9.773615837097168,1
290.0,260.0,8.642364501953125,0.8855733871459961,9.759060859680176,1
206.0,261.0,9.260283470153809,0.9805760383605957,9.443717956542969,1
331.0,261.0,8.624614715576172,0.8788554668426514,9.813462257385254,1
335.0,261.0,8.60644817352295,0.8818981051445007,9.759005546569824,1
207.0,262.0,9.279475212097168,0.9706833958625793,9.559734344482422,1
220.0,263.0,9.108434677124023,0.9517959356307983,9.569734573364258,1
221.0,263.0,9.089947700500488,0.94913250207901,9.57711124420166,1
239.0,263.0,9.140511512756348,0.9531853795051575,9.589437484741211,1
240.0,263.0,9.114361763000488,0.9581582546234131,9.512375831604004,1
301.0,264.0,8.758169174194336,0.8890171647071838,9.851518630981445,1
297.0,265.0,8.621063232421875,0.8871150612831116,9.71808910369873,1
210.0,266.0,9.219544410705566,0.9518080353736877,9.686348915100098,1
222.0,266.0,9.316740036010742,0.9470605254173279,9.837533950805664,1
304.0,266.0,8.630008697509766,0.8930163383483887,9.663887023925781,1
332.0,266.0,8.49764633178711,0.87959885597229,9.660820007324219,1
215.0,267.0,9.208817481994629,0.9504587650299072,9.688813209533691,1
318.0,267.0,8.587509155273438,0.8802103400230408,9.756200790405273,1
320.0,268.0,8.500113487243652,0.8781323432922363,9.679763793945312,1
321.0,268.0,8.598362922668457,0.8777013421058655,9.796456336975098,1
208.0,269.0,9.233550071716309,0.952475905418396,9.694260597229004,1
227.0,269.0,9.154205322265625,0.9453069567680359,9.683844566345215,1
229.0,269.0,9.04211139678955,0.9445229172706604,9.57320499420166,1
230.0,269.0,9.153298377990723,0.9446529150009155,9.68958854675293,1
294.0,269.0,8.630046844482422,0.8867548704147339,9.73216724395752,1
315.0,269.0,8.544473648071289,0.8863657116889954,9.639896392822266,1
221.0,271.0,9.081451416015625,0.9496020674705505,9.56342887878418,1
334.0,273.0,8.513006210327148,0.8812741637229919,9.659884452819824,1
207.0,274.0,9.296772956848145,0.9561663269996643,9.722966194152832,1
232.0,274.0,9.047343254089355,0.9454094171524048,9.569762229919434,1
236.0,274.0,9.139739036560059,0.9489333629608154,9.631591796875,1
287.0,274.0,8.693107604980469,0.8897771835327148,9.76998233795166,1
328.0,274.0,8.606963157653809,0.8765762448310852,9.818840980529785,1
218.0,276.0,9.220614433288574,0.9521965384483337,9.683520317077637,1
305.0,277.0,8.652592658996582,0.9060567617416382,9.549724578857422,1
323.0,278.0,8.476243019104004,0.8747784495353699,9.68958854675293,1
222.0,280.0,9.05550479888916,0.94571852684021,9.575263977050781,1
225.0,280.0,9.136234283447266,0.9450653195381165,9.667304992675781,1
318.0,280.0,8.557235717773438,0.8753755688667297,9.77550220489502,1
203.0,281.0,9.243352890014648,0.9717747569084167,9.511826515197754,1
220.0,281.0,9.283316612243652,0.9523134231567383,9.748173713684082,1
286.0,282.0,8.634157180786133,0.8896008133888245,9.705653190612793,1
301.0,282.0,8.718180656433105,0.89139723777771,9.780354499816895,1
218.0,283.0,9.285063743591309,0.954862117767334,9.723983764648438,1
213.0,284.0,9.219749450683594,0.9497080445289612,9.707983016967773,1
223.0,284.0,9.03712272644043,0.945092499256134,9.562156677246094,1
236.0,284.0,9.0938720703125,0.9487847685813904,9.584757804870605,1
299.0,284.0,8.715046882629395,0.8884363174438477,9.809422492980957,1
326.0,284.0,8.463150024414062,0.8743898272514343,9.67892074584961,1
299.0,285.0,8.636048316955566,0.8881673216819763,9.723447799682617,1
332.0,286.0,8.562005043029785,0.8792405724525452,9.737955093383789,1
205.0,287.0,9.214118957519531,0.950856626033783,9.69033432006836,1
235.0,287.0,9.105974197387695,0.9487918019294739,9.597441673278809,1
209.0,288.0,9.316444396972656,0.9485770463943481,9.821495056152344,1
216.0,289.0,9.25054931640625,0.9549274444580078,9.687174797058105,1
290.0,289.0,8.609053611755371,0.8878185153007507,9.69686222076416,1
329.0,289.0,8.564021110534668,0.8761531114578247,9.774571418762207,1
287.0,290.0,8.72347640991211,0.8886497020721436,9.81655216217041,1
298.0,292.0,8.695236206054688,0.8864263892173767,9.80931568145752,1
299.0,292.0,8.671598434448242,0.8871358633041382,9.774826049804688,1
219.0,294.0,9.07747745513916,0.9560930132865906,9.494345664978027,1
316.0,294.0,8.468984603881836,0.8764246106147766,9.663106918334961,1
231.0,295.0,9.030807495117188,0.9465910196304321,9.540348052978516,1
236.0,295.0,9.078997611999512,0.9624632596969604,9.433084487915039,1
200.0,296.0,9.281673431396484,0.9697336554527283,9.57136344909668,1
201.0,296.0,9.220760345458984,0.964397668838501,9.56116008758545,1
332.0,297.0,8.473658561706543,0.8818366527557373,9.609102249145508,1
209.0,298.0,9.204949378967285,0.9531198740005493,9.657703399658203,1
211.0,298.0,9.21218204498291,0.9544702768325806,9.651617050170898,1
279.0,299.0,8.669055938720703,0.9082481265068054,9.54481029510498,1
332.0,299.0,8.537591934204102,0.8829963207244873,9.6688871383667,1
284.0,300.0,8.607131958007812,0.8918933272361755,9.650404930114746,1
294.0,302.0,8.605749130249023,0.8894328474998474,9.675546646118164,1
297.0,302.0,8.618331909179688,0.8953017592430115,9.626175880432129,1
221.0,304.0,9.114212989807129,0.9518835544586182,9.57492446899414,1
229.0,304.0,9.130815505981445,0.9463563561439514,9.648390769958496,1
235.0,305.0,9.105172157287598,0.9504345059394836,9.580010414123535,1
200.0,307.0,9.242765426635742,0.969613790512085,9.532419204711914,1
313.0,307.0,8.499454498291016,0.8791204690933228,9.668133735656738,1
318.0,308.0,8.546003341674805,0.8743818998336792,9.773765563964844,1
226.0,309.0,9.129508018493652,0.9480105042457581,9.630175590515137,1
222.0,310.0,9.066156387329102,0.9543786644935608,9.49953842163086,1
327.0,310.0,8.544320106506348,0.8745755553245544,9.769676208496094,1
228.0,311.0,9.040234565734863,0.9474698901176453,9.541447639465332,1
200.0,312.0,9.245715141296387,0.9701196551322937,9.530489921569824,1
203.0,312.0,9.291919708251953,0.9607274532318115,9.671753883361816,1
281.0,312.0,8.627089500427246,0.8939091563224792,9.650968551635742,1
209.0,313.0,9.227445602416992,0.9573813080787659,9.638214111328125,1
315.0,314.0,8.527602195739746,0.8776324987411499,9.716597557067871,1
317.0,314.0,8.454594612121582,0.875340461730957,9.658636093139648,1
326.0,315.0,8.455191612243652,0.8755059242248535,9.657492637634277,1
205.0,318.0,9.300117492675781,0.9574847221374512,9.713071823120117,1
210.0,319.0,9.28931713104248,0.9581112265586853,9.69544792175293,1
281.0,319.0,8.62979793548584,0.8909684419631958,9.68586254119873,1
228.0,320.0,9.12517261505127,0.9477522373199463,9.628226280212402,1
292.0,320.0,8.62682056427002,0.8909092545509338,9.683164596557617,1
224.0,321.0,9.078639030456543,0.9484172463417053,9.572410583496094,1
233.0,321.0,9.120361328125,0.9481635689735413,9.618974685668945,1
201.0,322.0,9.259252548217773,0.9643188118934631,9.601858139038086,1
210.0,323.0,9.2669095993042,0.960006833076477,9.652961730957031,1
210.0,324.0,9.280218124389648,0.9613358974456787,9.653460502624512,1
232.0,325.0,9.125544548034668,0.9482645988464355,9.62341594696045,1
228.0,326.0,9.071388244628906,0.948488175868988,9.56404972076416,1
284.0,326.0,8.693758964538574,0.8903284072875977,9.764665603637695,1
208.0,327.0,9.246092796325684,0.9618106484413147,9.613215446472168,1
289.0,327.0,8.690274238586426,0.8888381123542786,9.777116775512695,1
316.0,327.0,8.517108917236328,0.8762499094009399,9.719954490661621,1
317.0,327.0,8.461031913757324,0.8756330609321594,9.662759780883789,1
229.0,329.0,9.121644020080566,0.9482629895210266,9.619318962097168,1
321.0,329.0,8.529658317565918,0.87423175573349,9.756747245788574,1
206.0,330.0,9.297921180725098,0.9624975919723511,9.660202026367188,1
236.0,330.0,9.12713623046875,0.9522371888160706,9.584939956665039,1
204.0,331.0,9.228059768676758,0.9630586504936218,9.582033157348633,1
280.0,331.0,8.644113540649414,0.8935402631759644,9.674005508422852,1
226.0,332.0,9.109810829162598,0.9487731456756592,9.60167407989502,1
201.0,333.0,9.269622802734375,0.9726218581199646,9.53055191040039,1
290.0,333.0,8.665142059326172,0.8889254331588745,9.747883796691895,1
320.0,333.0,8.46167278289795,0.8738729953765869,9.682954788208008,1
211.0,334.0,9.265119552612305,0.9689887762069702,9.561637878417969,1
236.0,334.0,9.094779968261719,0.9490755796432495,9.58277702331543,1
318.0,334.0,8.525197982788086,0.8748519420623779,9.744731903076172,1
233.0,336.0,9.139713287353516,0.9450217485427856,9.671431541442871,1
202.0,337.0,9.224071502685547,0.9679008722305298,9.529974937438965,1
208.0,337.0,9.24636459350586,0.9626210331916809,9.6054048538208,1
233.0,337.0,9.080939292907715,0.9443115592002869,9.61646556854248,1
289.0,337.0,8.63883113861084,0.8894203305244446,9.712878227233887,1
225.0,338.0,9.102423667907715,0.9554685950279236,9.52665901184082,1
243.0,338.0,9.123176574707031,0.9477612376213074,9.626028060913086,1
315.0,338.0,8.507002830505371,0.8766627311706543,9.703848838806152,1
200.0,339.0,9.244178771972656,0.9732041954994202,9.498703956604004,1
201.0,339.0,9.274760246276855,0.969446063041687,9.567071914672852,1
205.0,339.0,9.34267520904541,0.9609612822532654,9.72221851348877,1
219.0,339.0,9.374314308166504,0.985968828201294,9.507719039916992,1
230.0,339.0,9.127606391906738,0.9451806545257568,9.656996726989746,1
321.0,339.0,8.534956932067871,0.8732227683067322,9.774088859558105,1
209.0,340.0,9.386846542358398,0.9639370441436768,9.738028526306152,1
209.0,341.0,9.413615226745605,0.963911771774292,9.7660551071167,1
212.0,341.0,9.404339790344238,0.977527916431427,9.620532989501953,1
213.0,341.0,9.420729637145996,0.9802372455596924,9.610662460327148,1
215.0,341.0,9.415449142456055,0.9817903637886047,9.590081214904785,1
218.0,341.0,9.424251556396484,0.9824097752571106,9.592994689941406,1
220.0,341.0,9.400378227233887,0.9806991815567017,9.585384368896484,1
221.0,341.0,9.42593765258789,0.9799299240112305,9.61899185180664,1
283.0,341.0,8.691895484924316,0.8909080624580383,9.756220817565918,1
285.0,341.0,8.612804412841797,0.8899792432785034,9.677534103393555,1
210.0,342.0,9.289739608764648,0.9660843014717102,9.61586856842041,1
213.0,342.0,9.424588203430176,0.9774216413497925,9.642295837402344,1
227.0,342.0,9.084701538085938,0.9467118978500366,9.596056938171387,1
200.0,343.0,9.244762420654297,0.9672718048095703,9.557563781738281,1
205.0,343.0,9.341389656066895,0.9601148962974548,9.729450225830078,1
208.0,343.0,9.291092872619629,0.9616641998291016,9.661473274230957,1
210.0,343.0,9.38103199005127,0.9654659032821655,9.716585159301758,1
214.0,343.0,9.42424488067627,0.9751534461975098,9.664371490478516,1
217.0,343.0,9.368062019348145,0.9761084914207458,9.597357749938965,1
220.0,343.0,9.411205291748047,0.9740555286407471,9.661877632141113,1
312.0,343.0,8.478167533874512,0.8803690671920776,9.630242347717285,1
325.0,343.0,8.504441261291504,0.8740216493606567,9.730240821838379,1
205.0,344.0,9.248117446899414,0.9594945311546326,9.638530731201172,1
207.0,344.0,9.257088661193848,0.9600551128387451,9.642247200012207,1
252.0,344.0,9.157525062561035,0.9477954506874084,9.661921501159668,1
228.0,345.0,9.078083038330078,0.942206859588623,9.634915351867676,1
237.0,345.0,9.130890846252441,0.9375585317611694,9.739008903503418,1
242.0,345.0,9.080382347106934,0.9380282163619995,9.68028736114502,1
247.0,345.0,9.089876174926758,0.9398738741874695,9.671379089355469,1
279.0,345.0,8.652587890625,0.8987382054328918,9.627484321594238,1
289.0,345.0,8.732608795166016,0.889634907245636,9.815946578979492,1
226.0,346.0,9.087847709655762,0.9428609609603882,9.63858699798584,1
227.0,346.0,9.113227844238281,0.9414897561073303,9.679582595825195,1
231.0,346.0,9.121639251708984,0.9384595155715942,9.71980094909668,1
236.0,346.0,9.121935844421387,0.9370545744895935,9.734689712524414,1
291.0,346.0,8.659975051879883,0.8904085755348206,9.725844383239746,1
253.0,347.0,9.104743003845215,0.9444707036018372,9.640048027038574,1
257.0,347.0,9.13505744934082,0.9498201012611389,9.617671012878418,1
258.0,347.0,9.1461181640625,0.9505289196968079,9.622135162353516,1
316.0,347.0,8.534350395202637,0.8766969442367554,9.734663963317871,1
250.0,348.0,9.153327941894531,0.9421088695526123,9.71578598022461,1
255.0,348.0,9.100056648254395,0.9458523988723755,9.621011734008789,1
323.0,348.0,8.479015350341797,0.875653088092804,9.683075904846191,1
328.0,348.0,8.554200172424316,0.8786754012107849,9.735336303710938,1
242.0,349.0,9.085980415344238,0.9386894106864929,9.679431915283203,1
251.0,349.0,9.075834274291992,0.9418951869010925,9.63571548461914,1
253.0,349.0,9.087882041931152,0.9424602389335632,9.642722129821777,1
254.0,349.0,9.139071464538574,0.9427016973495483,9.694552421569824,1
255.0,349.0,9.14384651184082,0.942893385887146,9.697646141052246,1
256.0,349.0,9.101700782775879,0.9435193538665771,9.646543502807617,1
257.0,349.0,9.11033821105957,0.9436860680580139,9.653992652893066,1
258.0,349.0,9.159751892089844,0.9438651204109192,9.704513549804688,1
282.0,349.0,8.605172157287598,0.8908554315567017,9.659448623657227,1
288.0,349.0,8.635076522827148,0.8896756768226624,9.705869674682617,1
249.0,350.0,9.102651596069336,0.9396691918373108,9.687081336975098,1
254.0,350.0,9.083077430725098,0.939344584941864,9.66958999633789,1
257.0,350.0,9.110387802124023,0.9393893480300903,9.698202133178711,1
312.0,350.0,8.464170455932617,0.8799775242805481,9.618620872497559,1
314.0,350.0,8.508790016174316,0.8779917359352112,9.69119644165039,1
281.0,351.0,8.73922061920166,0.8908714652061462,9.809743881225586,1
297.0,351.0,8.78569221496582,0.9112928509712219,9.640910148620605,1
279.0,352.0,8.624951362609863,0.8921717405319214,9.667366981506348,1
285.0,352.0,8.791397094726562,0.8887748718261719,9.891590118408203,1
334.0,352.0,8.619654655456543,0.8887832760810852,9.698264122009277,1
289.0,353.0,8.813955307006836,0.8905803561210632,9.896866798400879,1
292.0,353.0,8.828289031982422,0.89454585313797,9.869017601013184,1
298.0,353.0,8.815825462341309,0.9099249839782715,9.688518524169922,1
284.0,354.0,8.819689750671387,0.8881003260612488,9.930960655212402,1
288.0,354.0,8.831279754638672,0.8895021080970764,9.928340911865234,1
295.0,354.0,8.840635299682617,0.8986847400665283,9.83730411529541,1
298.0,354.0,8.844483375549316,0.9068074226379395,9.753430366516113,1
336.0,354.0,8.537405014038086,0.8826150894165039,9.6728515625,1
342.0,354.0,8.637561798095703,0.8887842893600464,9.718400955200195,1
285.0,355.0,8.820651054382324,0.8873800039291382,9.940105438232422,1
288.0,355.0,8.835625648498535,0.8888421058654785,9.94060230255127,1
289.0,355.0,8.685718536376953,0.8895138502120972,9.764568328857422,1
316.0,355.0,8.456056594848633,0.8718470335006714,9.699013710021973,1
333.0,355.0,8.511072158813477,0.8753495216369629,9.723055839538574,1
341.0,355.0,8.621068954467773,0.8839255571365356,9.753161430358887,1
342.0,355.0,8.578516006469727,0.8845126628875732,9.698578834533691,1
282.0,356.0,8.737878799438477,0.8866832256317139,9.85456657409668,1
285.0,356.0,8.81534194946289,0.8870464563369751,9.937858581542969,1
287.0,356.0,8.785865783691406,0.8877426385879517,9.89686107635498,1
288.0,356.0,8.685654640197754,0.8886615633964539,9.773860931396484,1
290.0,356.0,8.83709716796875,0.8902525305747986,9.926506042480469,1
295.0,356.0,8.777010917663574,0.8961440920829773,9.794196128845215,1
297.0,356.0,8.826870918273926,0.8998095393180847,9.809710502624512,1
344.0,356.0,8.579802513122559,0.8831530809402466,9.714966773986816,1
345.0,356.0,8.600774765014648,0.8836374282836914,9.733375549316406,1
279.0,357.0,8.625822067260742,0.8864553570747375,9.730690002441406,1
322.0,357.0,8.5388822555542,0.8695347905158997,9.82005786895752,1
339.0,357.0,8.62342643737793,0.8768478035926819,9.834575653076172,1
341.0,357.0,8.651406288146973,0.8786512613296509,9.846234321594238,1
343.0,357.0,8.560436248779297,0.8798633813858032,9.729278564453125,1
345.0,357.0,8.588136672973633,0.8814067244529724,9.743670463562012,1
285.0,358.0,8.634151458740234,0.8855317234992981,9.750245094299316,1
287.0,358.0,8.64613151550293,0.8864952921867371,9.753161430358887,1
318.0,358.0,8.456413269042969,0.8690187931060791,9.730990409851074,1
322.0,358.0,8.52916431427002,0.8689831495285034,9.815109252929688,1
334.0,358.0,8.610719680786133,0.8723518252372742,9.870696067810059,1
338.0,358.0,8.612045288085938,0.8745079040527344,9.847875595092773,1
343.0,358.0,8.544958114624023,0.8777332305908203,9.73525619506836,1
345.0,358.0,8.560702323913574,0.8792756795883179,9.736084938049316,1
317.0,359.0,8.508528709411621,0.8685712218284607,9.796006202697754,1
338.0,359.0,8.559920310974121,0.8728557825088501,9.806797981262207,1
314.0,360.0,8.488719940185547,0.8692469596862793,9.765602111816406,1
316.0,360.0,8.460884094238281,0.8685703873634338,9.741161346435547,1
332.0,360.0,8.51564884185791,0.8705470561981201,9.781950950622559,1
