ply
format ascii 1.0
element vertex 6890
property float x
property float y
property float z
property uchar red
property uchar green
property uchar blue
element face 13776
property list uchar int vertex_indices
end_header
-0.4189366 -0.6342111 9.2110395 231 76 96
-0.4174385 -0.6187456 9.2057629 231 76 96
-0.4277402 -0.6185461 9.2153654 231 76 96
-0.4334894 -0.6307607 9.2211246 231 76 96
-0.4247500 -0.6075457 9.2128668 231 76 96
-0.4182258 -0.6067411 9.2025537 231 76 96
-0.4392783 -0.6156479 9.2220602 231 76 96
-0.4464189 -0.6253951 9.2278204 231 76 96
-0.4609729 -0.5845132 9.2278423 231 76 96
-0.4708251 -0.5837613 9.2311249 231 76 96
-0.4659532 -0.5947989 9.2312803 231 76 96
-0.4570997 -0.5928736 9.2269106 231 76 96
-0.4715717 -0.5624101 9.2252159 65 132 208
-0.4672387 -0.5513747 9.2188454 65 132 208
-0.4788480 -0.5462168 9.2203703 65 132 208
-0.4843176 -0.5572847 9.2253027 65 132 208
-0.4411217 -0.5563813 9.1881838 231 76 96
-0.4439052 -0.5507266 9.1935530 91 180 105
-0.4425214 -0.5570721 9.1976013 231 76 96
-0.4400645 -0.5622950 9.1916332 231 76 96
-0.4326815 -0.5637225 9.1796131 231 76 96
-0.4338636 -0.5699826 9.1808710 231 76 96
-0.4278553 -0.5718657 9.1764011 231 76 96
-0.4259940 -0.5645469 9.1757641 231 76 96
-0.4429147 -0.5515051 9.1827068 91 180 105
-0.4461962 -0.5457279 9.1884441 91 180 105
-0.4380449 -0.5612302 9.1837015 231 76 96
-0.4377768 -0.5565267 9.1816053 231 76 96
-0.4300964 -0.5472055 9.1789284 91 180 105
-0.4299893 -0.5520250 9.1801949 91 180 105
-0.4233427 -0.5508673 9.1771412 91 180 105
-0.4255734 -0.5461230 9.1760082 91 180 105
-0.4390905 -0.5497352 9.1817150 91 180 105
-0.4356519 -0.5515295 9.1818848 91 180 105
-0.4345450 -0.5472220 9.1797276 91 180 105
-0.4382476 -0.5463011 9.1785440 91 180 105
-0.4317273 -0.5586303 9.1786709 231 76 96
-0.4245993 -0.5581175 9.1759615 231 76 96
-0.4176993 -0.5571323 9.1723671 231 76 96
-0.4170176 -0.5484622 9.1732197 91 180 105
-0.4547587 -0.5406708 9.2035179 91 180 105
-0.4485164 -0.5454448 9.1990299 91 180 105
-0.4497908 -0.5409970 9.1939402 91 180 105
-0.4544005 -0.5368993 9.1982679 91 180 105
-0.4423375 -0.5449744 9.1794195 91 180 105
-0.4472814 -0.5305610 9.1830864 91 180 105
-0.4459009 -0.5339765 9.1833296 91 180 105
-0.4421051 -0.5335676 9.1776018 91 180 105
-0.4435060 -0.5304115 9.1780186 91 180 105
-0.4682055 -0.5306732 9.2072229 91 180 105
-0.4644287 -0.5281437 9.2020159 91 180 105
-0.4693454 -0.5229112 9.2020645 91 180 105
-0.4746727 -0.5246028 9.2066021 91 180 105
-0.4723404 -0.5183498 9.1994457 91 180 105
-0.4802482 -0.5186914 9.2048273 91 180 105
-0.4846404 -0.5061970 9.1963387 91 180 105
-0.4830801 -0.5117927 9.2005796 91 180 105
-0.4739596 -0.5133598 9.1956081 91 180 105
-0.4728521 -0.5079796 9.1905107 91 180 105
-0.4635786 -0.5093797 9.1799889 91 180 105
-0.4616781 -0.5074145 9.1747065 91 180 105
-0.4679471 -0.4976134 9.1787043 91 180 105
-0.4699597 -0.5018161 9.1844015 91 180 105
-0.4535733 -0.5267801 9.1821404 91 180 105
-0.4561915 -0.5277357 9.1857071 91 180 105
-0.4534523 -0.5281709 9.1862230 91 180 105
-0.4499672 -0.5280848 9.1825581 91 180 105
-0.4580666 -0.5282707 9.1889248 91 180 105
-0.4589433 -0.5282770 9.1904497 91 180 105
-0.4572878 -0.5288870 9.1904497 91 180 105
-0.4574161 -0.5286378 9.1889200 91 180 105
-0.4569361 -0.5281624 9.1870861 91 180 105
-0.4573014 -0.5264063 9.1860971 91 180 105
-0.4578914 -0.5274270 9.1880894 91 180 105
-0.4549825 -0.5247298 9.1829386 91 180 105
-0.4482766 -0.5202909 9.1716328 91 180 105
-0.4493922 -0.5210394 9.1750107 91 180 105
-0.4487161 -0.5252405 9.1736946 91 180 105
-0.4476170 -0.5248910 9.1708384 91 180 105
-0.4550463 -0.5300034 9.1891260 91 180 105
-0.4547830 -0.5314597 9.1914759 91 180 105
-0.4504652 -0.5326692 9.1882439 91 180 105
-0.4519334 -0.5303296 9.1870489 91 180 105
-0.4543032 -0.5333329 9.1941385 91 180 105
-0.4575049 -0.5302331 9.1925592 91 180 105
-0.4577367 -0.5312284 9.1956472 91 180 105
-0.4595593 -0.5268149 9.1898432 91 180 105
-0.4617192 -0.5259612 9.1922083 91 180 105
-0.4597084 -0.5278045 9.1930218 91 180 105
-0.4623676 -0.5230305 9.1902628 91 180 105
-0.4591958 -0.5248195 9.1875353 91 180 105
-0.4573093 -0.5223123 9.1843710 91 180 105
-0.4545107 -0.5196089 9.1803532 91 180 105
-0.4591995 -0.5165590 9.1823006 91 180 105
-0.4612825 -0.5197355 9.1868105 91 180 105
-0.4497685 -0.5365954 9.1903811 91 180 105
-0.4618354 -0.5279052 9.1968651 91 180 105
-0.4593675 -0.5334471 9.2005663 91 180 105
-0.4648052 -0.5242519 9.1963568 91 180 105
-0.4666857 -0.5204881 9.1941996 91 180 105
-0.4666131 -0.5165365 9.1904831 91 180 105
-0.4651549 -0.5126547 9.1854477 91 180 105
-0.4803221 -0.4930195 9.1811543 91 180 105
-0.4818181 -0.4985706 9.1885643 91 180 105
-0.4228308 -0.6000484 9.2011003 231 76 96
-0.4259309 -0.6001897 9.2094383 231 76 96
-0.4331869 -0.5943955 9.2096243 231 76 96
-0.4323368 -0.5966117 9.2114553 231 76 96
-0.4289228 -0.5968166 9.2064848 231 76 96
-0.4303978 -0.5938633 9.2061129 231 76 96
-0.4508873 -0.5930544 9.2215338 231 76 96
-0.4457898 -0.5930954 9.2171679 231 76 96
-0.4483899 -0.5901914 9.2171822 231 76 96
-0.4538817 -0.5871436 9.2226477 231 76 96
-0.4440337 -0.5808907 9.2096252 231 76 96
-0.4468459 -0.5831787 9.2139072 231 76 96
-0.4418721 -0.5882579 9.2108479 231 76 96
-0.4397372 -0.5866833 9.2078953 231 76 96
-0.4383344 -0.5855318 9.2042150 231 76 96
-0.4365199 -0.5848740 9.2002296 231 76 96
-0.4391686 -0.5803755 9.2000580 231 76 96
-0.4413492 -0.5802894 9.2048273 231 76 96
-0.4272808 -0.5974626 9.2001915 231 76 96
-0.4270707 -0.5963441 9.1928368 231 76 96
-0.4290186 -0.5937776 9.1942177 231 76 96
-0.4283873 -0.5941580 9.2005053 231 76 96
-0.4359859 -0.5901298 9.1833305 231 76 96
-0.4340062 -0.5917836 9.1849022 231 76 96
-0.4322014 -0.5926366 9.1814947 231 76 96
-0.4345846 -0.5890464 9.1802740 231 76 96
-0.4362338 -0.5864887 9.1821432 231 76 96
-0.4364235 -0.5884881 9.1844940 231 76 96
-0.4132385 -0.6548068 9.2031450 231 76 96
-0.4103445 -0.6369093 9.1981077 231 76 96
-0.4286633 -0.6525115 9.2170238 231 76 96
-0.4413065 -0.6445407 9.2273617 231 76 96
-0.4545720 -0.6343272 9.2331409 231 76 96
-0.4732634 -0.5369934 9.2137127 91 180 105
-0.4821069 -0.5308964 9.2143841 91 180 105
-0.4902580 -0.5413808 9.2215328 65 132 208
-0.4982771 -0.5337547 9.2191629 65 132 208
-0.4891645 -0.5230070 9.2118807 91 180 105
-0.4972205 -0.5075067 9.1997871 91 180 105
-0.4945177 -0.5146019 9.2069712 91 180 105
-0.5064061 -0.5263916 9.2142811 65 132 208
-0.5159473 -0.5427687 9.2205086 65 132 208
-0.5058649 -0.5470867 9.2242870 65 132 208
-0.5218721 -0.5605974 9.2240868 65 132 208
-0.5283986 -0.5387447 9.2149353 65 132 208
-0.5296790 -0.5623394 9.2200279 65 132 208
-0.5352479 -0.5073525 9.2037878 65 132 208
-0.5422399 -0.4995154 9.2063198 91 180 105
-0.5545081 -0.5079183 9.2131777 65 132 208
-0.5464599 -0.5159337 9.2131367 65 132 208
-0.4962196 -0.5519388 9.2258110 65 132 208
-0.4687490 -0.6070196 9.2332973 231 76 96
-0.4590993 -0.6036648 9.2291994 231 76 96
-0.4760796 -0.5964425 9.2349176 231 76 96
-0.4662224 -0.6658520 9.2376699 231 76 96
-0.4510275 -0.6561210 9.2337828 231 76 96
-0.4630253 -0.6444060 9.2374563 231 76 96
-0.4748026 -0.6552531 9.2423906 231 76 96
-0.4454111 -0.6944503 9.2139263 231 76 96
-0.4259253 -0.6764043 9.2119350 231 76 96
-0.4370310 -0.6686707 9.2238722 231 76 96
-0.4527053 -0.6814830 9.2254839 231 76 96
-0.4866465 -0.6604858 9.2450256 231 76 96
-0.5026947 -0.6670812 9.2446671 65 132 208
-0.5039992 -0.6836310 9.2416344 231 76 96
-0.4842796 -0.6774636 9.2398739 231 76 96
-0.5033839 -0.7043316 9.2304039 235 193 62
-0.4784818 -0.6964180 9.2295113 231 76 96
-0.5432018 -0.5532944 9.2184105 65 132 208
-0.5392377 -0.5701078 9.2192268 65 132 208
-0.5365729 -0.5257588 9.2120647 65 132 208
-0.5488119 -0.5374516 9.2168455 65 132 208
-0.5016311 -0.7184399 9.2133427 235 193 62
-0.4731842 -0.7113068 9.2133904 231 76 96
-0.5546944 -0.6622866 9.2328873 65 132 208
-0.5406411 -0.6750576 9.2347212 235 193 62
-0.5313696 -0.6593011 9.2415972 65 132 208
-0.5464742 -0.6488288 9.2383127 65 132 208
-0.5632090 -0.6752732 9.2220860 235 193 62
-0.5467119 -0.6914573 9.2262812 235 193 62
-0.5740941 -0.6096471 9.2132769 65 132 208
-0.5725841 -0.5914029 9.2024355 65 132 208
-0.5832473 -0.5954339 9.1956034 65 132 208
-0.5859558 -0.6154894 9.2044992 65 132 208
-0.4336209 -0.6069834 9.2189331 231 76 96
-0.4313465 -0.5997203 9.2155485 231 76 96
-0.4384198 -0.5988860 9.2189131 231 76 96
-0.4423847 -0.6046016 9.2226334 231 76 96
-0.4496657 -0.6107782 9.2263899 231 76 96
-0.4581614 -0.6172579 9.2304459 231 76 96
-0.4745981 -0.6356580 9.2395668 231 76 96
-0.4839125 -0.6459014 9.2433672 231 76 96
-0.5056829 -0.6540365 9.2451096 65 132 208
-0.4931257 -0.6491934 9.2451286 231 76 96
-0.5295422 -0.6445486 9.2439051 65 132 208
-0.5382194 -0.6379123 9.2393370 65 132 208
-0.5489844 -0.5844161 9.2170486 65 132 208
-0.5552770 -0.5634380 9.2119827 65 132 208
-0.5650523 -0.5702785 9.2028408 65 132 208
-0.5624017 -0.5890302 9.2101736 65 132 208
-0.5842850 -0.5749583 9.1912088 65 132 208
-0.5751731 -0.5735008 9.1961231 65 132 208
-0.5693466 -0.5315335 9.2106247 65 132 208
-0.5790641 -0.5196638 9.2105589 65 132 208
-0.5903016 -0.5255403 9.2042561 65 132 208
-0.5794179 -0.5362393 9.2030468 65 132 208
-0.5998100 -0.5273816 9.1957684 65 132 208
-0.6053863 -0.5282280 9.1855450 244 145 55
-0.5948668 -0.5437815 9.1857433 65 132 208
-0.5883938 -0.5409336 9.1939640 65 132 208
-0.5281428 -0.4876586 9.1872253 91 180 105
-0.5345735 -0.4815059 9.1885767 91 180 105
-0.5402631 -0.4859444 9.1985779 91 180 105
-0.5342212 -0.4929935 9.1957388 91 180 105
-0.5896037 -0.5108317 9.2121401 65 132 208
-0.6011369 -0.5173712 9.2058144 65 132 208
-0.5600200 -0.6034424 9.2195272 65 132 208
-0.5507413 -0.6016555 9.2241793 65 132 208
-0.6108996 -0.5184699 9.1977510 244 145 55
-0.5801328 -0.5561181 9.1941833 65 132 208
-0.5703541 -0.5516591 9.2023487 65 132 208
-0.5878716 -0.5792961 9.1803646 65 132 208
-0.5924727 -0.5988103 9.1877117 65 132 208
-0.4379156 -0.5668557 9.1861200 231 76 96
-0.4371002 -0.5828546 9.1900673 231 76 96
-0.4355821 -0.5862757 9.1910896 231 76 96
-0.4357996 -0.5874761 9.1871901 231 76 96
-0.4365818 -0.5844629 9.1856785 231 76 96
-0.4090174 -0.6160920 9.1806278 231 76 96
-0.4153833 -0.5998206 9.1785069 231 76 96
-0.4152038 -0.6045251 9.1912241 231 76 96
-0.4120281 -0.6180378 9.1936684 231 76 96
-0.4539058 -0.5583790 9.2157927 231 76 96
-0.4454333 -0.5611999 9.2070942 231 76 96
-0.4468929 -0.5519409 9.2038555 231 76 96
-0.4543578 -0.5473698 9.2093964 91 180 105
-0.4422823 -0.5930749 9.2147512 231 76 96
-0.4414387 -0.5949056 9.2164488 231 76 96
-0.4393025 -0.5938727 9.2139435 231 76 96
-0.4609925 -0.5361343 9.2056170 91 180 105
-0.4636261 -0.5422351 9.2121525 91 180 105
-0.4824368 -0.5835422 9.2333965 65 132 208
-0.4504818 -0.5999882 9.2250204 231 76 96
-0.4368123 -0.7041843 9.1921902 231 76 96
-0.4141998 -0.6816972 9.1924133 231 76 96
-0.4982932 -0.7296433 9.1922121 235 193 62
-0.4673487 -0.7213860 9.1925077 231 76 96
-0.5490162 -0.7025030 9.2069302 235 193 62
-0.5665136 -0.6863270 9.2042780 235 193 62
-0.5671823 -0.6922376 9.1812916 235 193 62
-0.5478746 -0.7076934 9.1817713 235 193 62
-0.5951417 -0.6201503 9.1933451 65 132 208
-0.6075869 -0.5287045 9.1778593 244 145 55
-0.5987062 -0.5449288 9.1770868 244 145 55
-0.4067293 -0.6556812 9.1880760 231 76 96
-0.4060854 -0.6350195 9.1850538 231 76 96
-0.4667396 -0.6264238 9.2359657 231 76 96
-0.4612002 -0.5753649 9.2268381 231 76 96
-0.4540557 -0.5801698 9.2226143 231 76 96
-0.4517152 -0.5747568 9.2201214 231 76 96
-0.4597402 -0.5674934 9.2237844 231 76 96
-0.4723492 -0.5715831 9.2288246 65 132 208
-0.4861516 -0.5702763 9.2287617 65 132 208
-0.5018666 -0.5685928 9.2303057 65 132 208
-0.5134501 -0.5622538 9.2274475 65 132 208
-0.5188298 -0.6677825 9.2434797 65 132 208
-0.5240542 -0.6859370 9.2373428 235 193 62
-0.5266812 -0.7030726 9.2283154 235 193 62
-0.5283276 -0.7166657 9.2127895 235 193 62
-0.5188044 -0.6563436 9.2447462 65 132 208
-0.5280491 -0.7237581 9.1889267 235 193 62
-0.4411142 -0.5379446 9.1767883 91 180 105
-0.4450528 -0.5397746 9.1836662 91 180 105
-0.4395009 -0.5415460 9.1751699 91 180 105
-0.4523505 -0.5175034 9.1761112 91 180 105
-0.4510691 -0.5163480 9.1722288 91 180 105
-0.4564775 -0.5131364 9.1728344 91 180 105
-0.4574817 -0.5143779 9.1774139 91 180 105
-0.4944547 -0.4955262 9.1821337 91 180 105
-0.4965833 -0.5005276 9.1910429 91 180 105
-0.5213051 -0.4930512 9.1858101 91 180 105
-0.5271642 -0.4993179 9.1937218 91 180 105
-0.4316560 -0.5467968 9.1751404 91 180 105
-0.4311824 -0.5469754 9.1735401 91 180 105
-0.4336894 -0.5469541 9.1733408 91 180 105
-0.4339722 -0.5470733 9.1753302 91 180 105
-0.4554461 -0.5285268 9.1877441 91 180 105
-0.4415052 -0.5295575 9.1734085 91 180 105
-0.4409057 -0.5291580 9.1704597 91 180 105
-0.4439512 -0.5268723 9.1706572 91 180 105
-0.4444937 -0.5271534 9.1736403 91 180 105
-0.5148523 -0.5168033 9.2049465 91 180 105
-0.5266606 -0.5139075 9.2024317 91 180 105
-0.5662196 -0.5121506 9.2136555 65 132 208
-0.5576181 -0.5240393 9.2146320 65 132 208
-0.5611389 -0.5466568 9.2115421 65 132 208
-0.5881195 -0.5601636 9.1870832 65 132 208
-0.5934331 -0.5607988 9.1800051 65 132 208
-0.5936698 -0.5675393 9.1600962 244 145 55
-0.5933541 -0.5849390 9.1597433 244 145 55
-0.5930727 -0.5825608 9.1700449 65 132 208
-0.5942399 -0.5664441 9.1687870 244 145 55
-0.5098427 -0.5043109 9.1923447 91 180 105
-0.5065504 -0.4988007 9.1829195 91 180 105
-0.5147449 -0.4977131 9.1842031 91 180 105
-0.5191494 -0.5040008 9.1926670 91 180 105
-0.4319805 -0.5439351 9.1700439 91 180 105
-0.4309877 -0.5424826 9.1686621 91 180 105
-0.4345410 -0.5418730 9.1691132 91 180 105
-0.4342006 -0.5438511 9.1710110 91 180 105
-0.4365289 -0.5463755 9.1760998 91 180 105
-0.4368077 -0.5453756 9.1739025 91 180 105
-0.4378745 -0.5439042 9.1742983 91 180 105
-0.4312271 -0.5464365 9.1764879 91 180 105
-0.4342005 -0.5465372 9.1769552 91 180 105
-0.4265828 -0.5450791 9.1719713 91 180 105
-0.4281512 -0.5457099 9.1745882 91 180 105
-0.4222623 -0.5429831 9.1719189 91 180 105
-0.4327142 -0.5453513 9.1715279 91 180 105
-0.4347186 -0.5449850 9.1720686 91 180 105
-0.4355888 -0.5468587 9.1749992 91 180 105
-0.4355283 -0.5464174 9.1733503 91 180 105
-0.4283267 -0.5460452 9.1722765 91 180 105
-0.4296076 -0.5463442 9.1739988 91 180 105
-0.4192877 -0.5651066 9.1721897 231 76 96
-0.4163884 -0.5649415 9.1665764 231 76 96
-0.4149022 -0.5565444 9.1662045 231 76 96
-0.4147254 -0.5473461 9.1661863 91 180 105
-0.4196529 -0.5413356 9.1659937 91 180 105
-0.5120944 -0.4946003 9.1769352 91 180 105
-0.5179129 -0.4896497 9.1788654 91 180 105
-0.4050426 -0.6336403 9.1691122 231 76 96
-0.4088342 -0.6134637 9.1682520 231 76 96
-0.4575204 -0.5284258 9.1882410 91 180 105
-0.4229631 -0.5986879 9.1922054 231 76 96
-0.4472697 -0.5709444 9.2141495 231 76 96
-0.4401014 -0.5691266 9.1932726 231 76 96
-0.4420760 -0.5650228 9.1996574 231 76 96
-0.4409455 -0.5732946 9.1998911 231 76 96
-0.4392561 -0.5757123 9.1941366 231 76 96
-0.4238144 -0.5964088 9.1829529 231 76 96
-0.4210207 -0.5909883 9.1736908 231 76 96
-0.4275692 -0.5921338 9.1772022 231 76 96
-0.4309074 -0.5865956 9.1761475 231 76 96
-0.4240364 -0.5822809 9.1733665 231 76 96
-0.4307491 -0.5780590 9.1769619 231 76 96
-0.4347166 -0.5828189 9.1788225 231 76 96
-0.4362865 -0.5943829 9.2121086 231 76 96
-0.4367307 -0.5961358 9.2146969 231 76 96
-0.4355272 -0.5754179 9.1820049 231 76 96
-0.4383340 -0.5725254 9.1873693 231 76 96
-0.4382573 -0.5780385 9.1886253 231 76 96
-0.4370947 -0.5802699 9.1834116 231 76 96
-0.4433766 -0.5712751 9.2065926 231 76 96
-0.4449572 -0.5970148 9.2205257 231 76 96
-0.4484921 -0.5864834 9.2163353 231 76 96
-0.5402962 -0.6039307 9.2270927 65 132 208
-0.5392883 -0.5918824 9.2230682 65 132 208
-0.5268350 -0.5753319 9.2314758 65 132 208
-0.5253785 -0.5711147 9.2288275 65 132 208
-0.5274848 -0.5753568 9.2229166 65 132 208
-0.5292030 -0.5788820 9.2292509 65 132 208
-0.5186881 -0.6283367 9.2421999 65 132 208
-0.5183252 -0.6359689 9.2428436 65 132 208
-0.5118364 -0.6344122 9.2424889 65 132 208
-0.5160544 -0.6283724 9.2411547 65 132 208
-0.5091526 -0.6287917 9.2403488 65 132 208
-0.5056244 -0.6303100 9.2404842 65 132 208
-0.5083378 -0.6233225 9.2394638 65 132 208
-0.5111636 -0.6245580 9.2392912 65 132 208
-0.4997928 -0.6397695 9.2426071 65 132 208
-0.4929755 -0.6338462 9.2398968 65 132 208
-0.5004415 -0.6251910 9.2377100 65 132 208
-0.4812854 -0.6129028 9.2368393 231 76 96
-0.4970572 -0.6081890 9.2367487 65 132 208
-0.4967642 -0.6186745 9.2365828 65 132 208
-0.4864174 -0.6257986 9.2374001 231 76 96
-0.5204552 -0.5731776 9.2307539 65 132 208
-0.5132849 -0.5778195 9.2320194 65 132 208
-0.5340558 -0.5813851 9.2218733 65 132 208
-0.5681171 -0.7027361 9.1728687 235 193 62
-0.5490825 -0.7245306 9.1732836 235 193 62
-0.5665441 -0.6463079 9.2285671 65 132 208
-0.5763515 -0.6565906 9.2174921 235 193 62
-0.5550034 -0.6361171 9.2328100 65 132 208
-0.5443263 -0.6275346 9.2338772 65 132 208
-0.5845901 -0.6667454 9.2057047 235 193 62
-0.5860664 -0.6741282 9.1880121 235 193 62
-0.4887468 -0.5971447 9.2369947 65 132 208
-0.5016127 -0.5973051 9.2353210 65 132 208
-0.5719416 -0.6289086 9.2204332 65 132 208
-0.5831613 -0.6374105 9.2119207 65 132 208
-0.5596447 -0.6208571 9.2254381 65 132 208
-0.5490563 -0.6157661 9.2300549 65 132 208
-0.5900535 -0.6464944 9.1987686 235 193 62
-0.6014624 -0.6248878 9.1787271 65 132 208
-0.5970336 -0.6475258 9.1822929 235 193 62
-0.5220837 -0.5854743 9.2344952 65 132 208
-0.5190844 -0.5818670 9.2330141 65 132 208
-0.5229313 -0.5778844 9.2308722 65 132 208
-0.5237818 -0.5799953 9.2345304 65 132 208
-0.4956252 -0.5832482 9.2341843 65 132 208
-0.5076357 -0.5867544 9.2337904 65 132 208
-0.4212040 -0.5730698 9.1728468 231 76 96
-0.4194189 -0.5816157 9.1669531 231 76 96
-0.4178966 -0.5733385 9.1669893 231 76 96
-0.4183183 -0.5906273 9.1671267 231 76 96
-0.4615653 -0.7227036 9.1693916 231 76 96
-0.4349694 -0.7064214 9.1697168 231 76 96
-0.5217549 -0.7330002 9.1685324 235 193 62
-0.4905635 -0.7323763 9.1697187 235 193 62
-0.4603807 -0.5065508 9.1703911 91 180 105
-0.4666048 -0.4953956 9.1726999 91 180 105
-0.4387609 -0.5367902 9.1722860 91 180 105
-0.4385355 -0.5360397 9.1695013 91 180 105
-0.4396366 -0.5323961 9.1700840 91 180 105
-0.4399650 -0.5330160 9.1729670 91 180 105
-0.4291949 -0.5950103 9.1861343 231 76 96
-0.5987457 -0.6034427 9.1739855 65 132 208
-0.6006211 -0.5466959 9.1693192 244 145 55
-0.6076127 -0.5300096 9.1685162 244 145 55
-0.6175371 -0.5175022 9.1874285 244 145 55
-0.6193830 -0.5165535 9.1770401 244 145 55
-0.4368295 -0.5392136 9.1690464 91 180 105
-0.4374602 -0.5400769 9.1716003 91 180 105
-0.4299580 -0.5461362 9.1714420 91 180 105
-0.4463273 -0.5276282 9.1779480 91 180 105
-0.4361596 -0.5424824 9.1715174 91 180 105
-0.4355311 -0.5442618 9.1721783 91 180 105
-0.4342511 -0.5412010 9.1670990 91 180 105
-0.4369400 -0.5389330 9.1675301 91 180 105
-0.4377088 -0.5813496 9.1949720 231 76 96
-0.4359716 -0.5853075 9.1955462 231 76 96
-0.4268544 -0.5420933 9.1693773 91 180 105
-0.4287028 -0.5441933 9.1702204 91 180 105
-0.4267162 -0.5408040 9.1662092 91 180 105
-0.5499189 -0.4912874 9.2082472 91 180 105
-0.5631211 -0.4980224 9.2130690 65 132 208
-0.4408288 -0.5290808 9.1684418 91 180 105
-0.4438111 -0.5266401 9.1686039 91 180 105
-0.4129099 -0.6828309 9.1694260 231 76 96
-0.6029042 -0.6214225 9.1602240 235 193 62
-0.5993426 -0.6441063 9.1636648 235 193 62
-0.5070052 -0.6051841 9.2368069 65 132 208
-0.5132897 -0.6035812 9.2373724 65 132 208
-0.5120743 -0.6118817 9.2376528 65 132 208
-0.5055934 -0.6133357 9.2364845 65 132 208
-0.5243529 -0.4841554 9.1801367 91 180 105
-0.5767003 -0.5038318 9.2138281 65 132 208
-0.6196450 -0.5168177 9.1665726 244 145 55
-0.4435285 -0.5917094 9.2143927 231 76 96
-0.4432887 -0.5900358 9.2130785 231 76 96
-0.4311926 -0.5929827 9.1887865 231 76 96
-0.5826900 -0.6753259 9.1659975 235 193 62
-0.4517746 -0.5225508 9.1790342 91 180 105
-0.4505277 -0.5258270 9.1776161 91 180 105
-0.5989307 -0.5496208 9.1591473 244 145 55
-0.5045760 -0.4959366 9.1753674 91 180 105
-0.4304918 -0.5415034 9.1672096 91 180 105
-0.5986248 -0.6024868 9.1598568 65 132 208
-0.5159833 -0.6191183 9.2403765 65 132 208
-0.5141373 -0.6167311 9.2413549 65 132 208
-0.5158340 -0.6140946 9.2408190 65 132 208
-0.5164512 -0.6148239 9.2394981 65 132 208
-0.5098023 -0.6181871 9.2420177 65 132 208
-0.5126342 -0.6158044 9.2430391 65 132 208
-0.5123795 -0.6187040 9.2445192 65 132 208
-0.5096751 -0.6214688 9.2437286 65 132 208
-0.5062237 -0.6190186 9.2379494 65 132 208
-0.5100820 -0.6147540 9.2400293 65 132 208
-0.5131925 -0.6210050 9.2457190 65 132 208
-0.5109992 -0.6228761 9.2459822 65 132 208
-0.5110148 -0.6250178 9.2438869 65 132 208
-0.5138916 -0.6267691 9.2406206 65 132 208
-0.5138118 -0.6250018 9.2483358 65 132 208
-0.5140650 -0.6276487 9.2455292 65 132 208
-0.5184281 -0.6266527 9.2508698 65 132 208
-0.5187248 -0.6293418 9.2471333 65 132 208
-0.5247332 -0.6265118 9.2522602 65 132 208
-0.5254855 -0.6291294 9.2474413 65 132 208
-0.5151075 -0.5875950 9.2350454 65 132 208
-0.5204698 -0.5911065 9.2357836 65 132 208
-0.5302055 -0.6234457 9.2518034 65 132 208
-0.5316584 -0.6252936 9.2462349 65 132 208
-0.5349947 -0.6176602 9.2508478 65 132 208
-0.5374646 -0.6195194 9.2459106 65 132 208
-0.5376979 -0.6105912 9.2492056 65 132 208
-0.5412299 -0.6094453 9.2451248 65 132 208
-0.5386401 -0.6034167 9.2483816 65 132 208
-0.5399013 -0.6030701 9.2435045 65 132 208
-0.5377486 -0.5967987 9.2451363 65 132 208
-0.5396450 -0.5946488 9.2407389 65 132 208
-0.5198925 -0.6256018 9.2471685 65 132 208
-0.5247044 -0.6244350 9.2480783 65 132 208
-0.5218047 -0.6253541 9.2397890 65 132 208
-0.5155317 -0.6242166 9.2462597 65 132 208
-0.5227232 -0.6113864 9.2395077 65 132 208
-0.5227475 -0.6150761 9.2375641 65 132 208
-0.5232789 -0.6138925 9.2377014 65 132 208
-0.5254053 -0.6131877 9.2371540 65 132 208
-0.5161603 -0.5966645 9.2368193 65 132 208
-0.5196855 -0.5984225 9.2379646 65 132 208
-0.5168806 -0.6031790 9.2382479 65 132 208
-0.5214220 -0.5950473 9.2363882 65 132 208
-0.5216396 -0.5968745 9.2354717 65 132 208
-0.5200109 -0.6000540 9.2353792 65 132 208
-0.5182018 -0.6044016 9.2350225 65 132 208
-0.5241175 -0.5966575 9.2360725 65 132 208
-0.5242912 -0.5946937 9.2371187 65 132 208
-0.5236170 -0.5981018 9.2348642 65 132 208
-0.5223789 -0.5982469 9.2345667 65 132 208
-0.5221509 -0.6008905 9.2336645 65 132 208
-0.5228244 -0.6051881 9.2340622 65 132 208
-0.5105563 -0.5959641 9.2362785 65 132 208
-0.5330074 -0.6040747 9.2331295 65 132 208
-0.5334874 -0.5950511 9.2295389 65 132 208
-0.5348781 -0.5902349 9.2420893 65 132 208
-0.5372492 -0.5852574 9.2387943 65 132 208
-0.5277882 -0.5777512 9.2372437 65 132 208
-0.5334219 -0.5785694 9.2384472 65 132 208
-0.5269856 -0.6214724 9.2385912 65 132 208
-0.5314165 -0.6168619 9.2380333 65 132 208
-0.5319278 -0.5858927 9.2279758 65 132 208
-0.5338562 -0.6108502 9.2362986 65 132 208
-0.5353070 -0.6002338 9.2427015 65 132 208
-0.5331423 -0.5956693 9.2403126 65 132 208
-0.5358013 -0.6051329 9.2456207 65 132 208
-0.5249761 -0.5910687 9.2375669 65 132 208
-0.5267321 -0.5852156 9.2370911 65 132 208
-0.5310547 -0.5867178 9.2398052 65 132 208
-0.5297062 -0.5927978 9.2380323 65 132 208
-0.5314037 -0.6015744 9.2425842 65 132 208
-0.5300609 -0.5988266 9.2397146 65 132 208
-0.5288305 -0.6038243 9.2405167 65 132 208
-0.5279565 -0.6017395 9.2378292 65 132 208
-0.5259049 -0.5987616 9.2365646 65 132 208
-0.5274906 -0.5962878 9.2378550 65 132 208
-0.5272959 -0.6046016 9.2342892 65 132 208
-0.5274740 -0.6072914 9.2375221 65 132 208
-0.5250831 -0.6003826 9.2342749 65 132 208
-0.5287407 -0.6059427 9.2424679 65 132 208
-0.5286291 -0.6099965 9.2440834 65 132 208
-0.5242126 -0.6106719 9.2428074 65 132 208
-0.5260661 -0.6087409 9.2401495 65 132 208
-0.5352023 -0.6108159 9.2464123 65 132 208
-0.5319492 -0.6100653 9.2456303 65 132 208
-0.5325025 -0.6057529 9.2438231 65 132 208
-0.5303496 -0.6152396 9.2465849 65 132 208
-0.5328827 -0.6169416 9.2468319 65 132 208
-0.5279858 -0.6142156 9.2449036 65 132 208
-0.5252291 -0.6140780 9.2441940 65 132 208
-0.5238464 -0.6218116 9.2469997 65 132 208
-0.5274734 -0.6193628 9.2470465 65 132 208
-0.5290689 -0.6218174 9.2479992 65 132 208
-0.5257824 -0.6173163 9.2459154 65 132 208
-0.5231508 -0.6192914 9.2456226 65 132 208
-0.5229665 -0.6174301 9.2442036 65 132 208
-0.5249859 -0.6165598 9.2447309 65 132 208
-0.5142704 -0.6213139 9.2438126 65 132 208
-0.5133561 -0.6192961 9.2425785 65 132 208
-0.5166751 -0.6226178 9.2448006 65 132 208
-0.5155452 -0.6233938 9.2430811 65 132 208
-0.5176080 -0.6208447 9.2433014 65 132 208
-0.5153923 -0.6221996 9.2418346 65 132 208
-0.5177597 -0.6187528 9.2423029 65 132 208
-0.5183043 -0.6157573 9.2407598 65 132 208
-0.5443638 -0.4651079 9.1940842 112 91 190
-0.5399646 -0.4741369 9.1912832 91 180 105
-0.5360774 -0.4713599 9.1822405 91 180 105
-0.5418140 -0.4630082 9.1830320 112 91 190
-0.5203496 -0.6179767 9.2434950 65 132 208
-0.5203779 -0.6203633 9.2446280 65 132 208
-0.5202302 -0.6230818 9.2459183 65 132 208
-0.5215895 -0.6133347 9.2416315 65 132 208
-0.5226406 -0.6129889 9.2427549 65 132 208
-0.5227180 -0.6149105 9.2434807 65 132 208
-0.5206372 -0.6154623 9.2423401 65 132 208
-0.5159355 -0.6075652 9.2378502 65 132 208
-0.5192515 -0.6073564 9.2364779 65 132 208
-0.5236281 -0.6073300 9.2366734 65 132 208
-0.5701645 -0.4578356 9.2219973 112 91 190
-0.5840361 -0.4655225 9.2317362 112 91 190
-0.5827557 -0.4715709 9.2241087 112 91 190
-0.5697004 -0.4650300 9.2161579 112 91 190
-0.5606878 -0.4376890 9.2357311 112 91 190
-0.5527288 -0.4200774 9.2389545 112 91 190
-0.5615485 -0.4256978 9.2556839 112 91 190
-0.5777336 -0.4470088 9.2552423 112 91 190
-0.5483360 -0.4088981 9.2568283 112 91 190
-0.5427228 -0.4037845 9.2415371 112 91 190
-0.5194127 -0.3618045 9.2645979 190 84 166
-0.5280934 -0.3767820 9.2615385 190 84 166
-0.5224667 -0.3740296 9.2484808 190 84 166
-0.5129462 -0.3592421 9.2518148 190 84 166
-0.5061346 -0.2916659 9.2959900 190 84 166
-0.4980895 -0.2923084 9.2875042 190 84 166
-0.4991516 -0.2767640 9.2819643 91 180 105
-0.5089929 -0.2741244 9.2908745 190 84 166
-0.5667662 -0.3790929 9.3069601 190 84 166
-0.5715246 -0.3701357 9.3112450 190 84 166
-0.5742004 -0.3851600 9.3098373 190 84 166
-0.5705122 -0.3950347 9.3057451 190 84 166
-0.6179089 -0.4826534 9.2656107 112 91 190
-0.6169404 -0.4854484 9.2523317 112 91 190
-0.5998770 -0.4713052 9.2492504 112 91 190
-0.5985702 -0.4679778 9.2631493 112 91 190
-0.5582810 -0.3085767 9.3155279 190 84 166
-0.5480295 -0.3159859 9.3141556 190 84 166
-0.5427033 -0.3050751 9.3141069 190 84 166
-0.5516446 -0.2969491 9.3149843 190 84 166
-0.5607395 -0.2212150 9.2983208 222 112 151
-0.5454028 -0.2193051 9.2913475 222 112 151
-0.5466858 -0.1981333 9.2932224 222 112 151
-0.5629223 -0.1996228 9.3001299 222 112 151
-0.6153808 -0.2452057 9.3056288 190 84 166
-0.6173573 -0.2273150 9.3073626 222 112 151
-0.6375235 -0.2276789 9.3005047 231 76 96
-0.6365170 -0.2445898 9.2999840 231 76 96
-0.5330597 -0.3623143 9.2865505 190 84 166
-0.5416465 -0.3771573 9.2845106 190 84 166
-0.5348396 -0.3774201 9.2734823 190 84 166
-0.5263636 -0.3625913 9.2762651 190 84 166
-0.5583770 -0.2620709 9.3725157 45 146 205
-0.5630803 -0.2850699 9.3649464 45 146 205
-0.5677236 -0.2765078 9.3527756 45 146 205
-0.5634484 -0.2537522 9.3606262 45 146 205
-0.6225137 -0.1334776 9.3085814 222 112 151
-0.6236520 -0.1159265 9.3117514 222 112 151
-0.6438861 -0.1195317 9.3032322 222 112 151
-0.6410545 -0.1370977 9.3005819 222 112 151
-0.5858684 -0.4000593 9.3475332 190 84 166
-0.5976014 -0.4094360 9.3609543 190 84 166
-0.6008381 -0.4247252 9.3553782 112 91 190
-0.5883478 -0.4123706 9.3453894 112 91 190
-0.5626977 -0.3491293 9.3109503 190 84 166
-0.5675055 -0.3595114 9.3109627 190 84 166
-0.5605474 -0.3669937 9.3072300 190 84 166
-0.5550568 -0.3549742 9.3070498 190 84 166
-0.6398507 -0.2747792 9.3044224 231 76 96
-0.6410573 -0.2894926 9.3052912 231 76 96
-0.6253914 -0.2904139 9.3099823 190 84 166
-0.6220244 -0.2755237 9.3097610 190 84 166
-0.6182656 -0.2606314 9.3080206 190 84 166
-0.6379017 -0.2594068 9.3027878 231 76 96
-0.5478505 -0.3581846 9.3018732 190 84 166
-0.5549266 -0.3725275 9.3013611 190 84 166
-0.5483184 -0.3752450 9.2940149 190 84 166
-0.5402641 -0.3605599 9.2949848 190 84 166
-0.5033323 -0.2625061 9.2740946 91 180 105
-0.5153156 -0.2593752 9.2847729 190 84 166
-0.6012344 -0.1113664 9.3147850 222 112 151
-0.6013449 -0.1289515 9.3115177 222 112 151
-0.5804242 -0.1240548 9.3086071 222 112 151
-0.5790789 -0.1064331 9.3118143 222 112 151
-0.5327810 -0.2361804 9.2769156 91 180 105
-0.5444294 -0.2374620 9.2865534 190 84 166
-0.5361239 -0.2499580 9.2877741 190 84 166
-0.5258570 -0.2487395 9.2780619 91 180 105
-0.5580147 -0.1025082 9.3048716 222 112 151
-0.5612348 -0.1201525 9.3016014 222 112 151
-0.5439621 -0.1180421 9.2937860 222 112 151
-0.5410296 -0.0986710 9.2976465 222 112 151
-0.5374495 -0.3926691 9.2589931 190 84 166
-0.5321897 -0.3889188 9.2449188 190 84 166
-0.5241669 -0.2937335 9.3077898 190 84 166
-0.5153450 -0.2920495 9.3027573 190 84 166
-0.5187848 -0.2746006 9.2984552 190 84 166
-0.5281976 -0.2772721 9.3045177 190 84 166
-0.5895870 -0.3457842 9.3160067 190 84 166
-0.5921732 -0.3551613 9.3144865 190 84 166
-0.5809019 -0.3720313 9.3133097 190 84 166
-0.5791548 -0.3587543 9.3152342 190 84 166
-0.6464416 -0.1027310 9.3078136 222 112 151
-0.6248344 -0.0989698 9.3158760 222 112 151
-0.5588543 -0.0841228 9.3070030 222 112 151
-0.5413290 -0.0792989 9.2996778 222 112 151
-0.6442274 -0.3425826 9.3205910 48 174 181
-0.6347562 -0.3458410 9.3198261 48 174 181
-0.6363816 -0.3414788 9.3172665 190 84 166
-0.6455838 -0.3394037 9.3190136 231 76 96
-0.4850379 -0.2911575 9.2556658 91 180 105
-0.4919174 -0.2727987 9.2634439 91 180 105
-0.4914221 -0.2855631 9.2737131 91 180 105
-0.4885240 -0.3006147 9.2674389 91 180 105
-0.5362618 -0.2632358 9.3004961 190 84 166
-0.5264212 -0.2600862 9.2937565 190 84 166
-0.5462298 -0.2525997 9.2964287 190 84 166
-0.4856274 -0.2813793 9.2420101 91 180 105
-0.4975787 -0.2581812 9.2500172 91 180 105
-0.5262344 -0.3838975 9.2302485 112 91 190
-0.5165066 -0.3697765 9.2339420 190 84 166
-0.5341390 -0.3990874 9.2268991 112 91 190
-0.5425301 -0.4143944 9.2226772 112 91 190
-0.5329525 -0.4102237 9.2080698 112 91 190
-0.5260444 -0.3948537 9.2121096 112 91 190
-0.5478778 -0.4310065 9.2189140 112 91 190
-0.5385792 -0.4253271 9.2038050 112 91 190
-0.5573547 -0.4520423 9.2095003 112 91 190
-0.5576781 -0.4598996 9.2055960 112 91 190
-0.5758356 -0.3497129 9.3136835 190 84 166
-0.5722285 -0.3403938 9.3129377 190 84 166
-0.5794517 -0.0887751 9.3139362 222 112 151
-0.7001597 -0.4206189 9.2586470 112 91 190
-0.6951655 -0.4233065 9.2768354 112 91 190
-0.6996918 -0.4074974 9.2709312 112 91 190
-0.7046931 -0.4038329 9.2539062 231 76 96
-0.5990782 -0.4669306 9.2779913 112 91 190
-0.6191489 -0.4824973 9.2779875 112 91 190
-0.6787238 -0.3529389 9.3119001 231 76 96
-0.6759193 -0.3465675 9.3115101 231 76 96
-0.6788932 -0.3437673 9.3045301 231 76 96
-0.6825346 -0.3521701 9.3048801 231 76 96
-0.6601119 -0.3398978 9.3220615 48 174 181
-0.6648704 -0.3412030 9.3236790 48 174 181
-0.6620415 -0.3329351 9.3284588 48 174 181
-0.6582996 -0.3308588 9.3260326 48 174 181
-0.6596885 -0.1229190 9.2908516 222 112 151
-0.6564983 -0.1402969 9.2882118 222 112 151
-0.6821791 -0.2545143 9.2670708 231 76 96
-0.6825910 -0.2716408 9.2731838 231 76 96
-0.6705438 -0.2650819 9.2854099 231 76 96
-0.6700721 -0.2481849 9.2807550 231 76 96
-0.6809777 -0.3880851 9.1563549 222 112 151
-0.6893424 -0.3944585 9.1746655 222 112 151
-0.6909745 -0.3789777 9.1737385 222 112 151
-0.6827109 -0.3737661 9.1554766 222 112 151
-0.7000788 -0.4250996 9.2193146 222 112 151
-0.6954847 -0.4169714 9.1963663 222 112 151
-0.6918131 -0.4310578 9.1977091 222 112 151
-0.6953339 -0.4404534 9.2213736 112 91 190
-0.7039031 -0.4157534 9.2379885 112 91 190
-0.7073478 -0.3991976 9.2344894 231 76 96
-0.6556582 -0.2768504 9.2973537 231 76 96
-0.6556426 -0.2911882 9.3000040 231 76 96
-0.6557909 -0.3107226 9.3053484 231 76 96
-0.6549932 -0.3184560 9.3076773 231 76 96
-0.6441825 -0.3177195 9.3099642 231 76 96
-0.6437980 -0.3100103 9.3085108 231 76 96
-0.6154360 -0.4899501 9.2408037 112 91 190
-0.6358898 -0.4935609 9.2494249 112 91 190
-0.6338885 -0.4976985 9.2357044 112 91 190
-0.6668555 -0.4744440 9.1926327 112 91 190
-0.6643113 -0.4795073 9.2038460 112 91 190
-0.6703161 -0.4742985 9.2081776 112 91 190
-0.6715574 -0.4687794 9.1926823 222 112 151
-0.6960603 -0.3108081 9.1763678 231 76 96
-0.6932477 -0.2883176 9.1800299 231 76 96
-0.6869076 -0.2864288 9.1581059 222 112 151
-0.6902060 -0.3085815 9.1553564 222 112 151
-0.6633853 -0.3275290 9.3087292 231 76 96
-0.6697474 -0.3310946 9.3063650 231 76 96
-0.6684191 -0.3360821 9.3113785 231 76 96
-0.6629103 -0.3321967 9.3123531 231 76 96
-0.6713400 -0.3258827 9.3012295 231 76 96
-0.6642098 -0.3209288 9.3051805 231 76 96
-0.6658899 -0.3133687 9.3020926 231 76 96
-0.6742554 -0.3180958 9.2980757 231 76 96
-0.6811982 -0.2878472 9.2796373 231 76 96
-0.6796083 -0.3002815 9.2878456 231 76 96
-0.6680545 -0.2953033 9.2939730 231 76 96
-0.6691822 -0.2813449 9.2892809 231 76 96
-0.6733291 -0.2209086 9.1687870 151 98 185
-0.6782247 -0.2402088 9.1656027 151 98 185
-0.6844230 -0.2414950 9.1841459 151 98 185
-0.6800059 -0.2209607 9.1860418 151 98 185
-0.6164262 -0.3461404 9.3216953 48 174 181
-0.6147713 -0.3339160 9.3230944 48 174 181
-0.6027794 -0.3383079 9.3200121 48 174 181
-0.6038875 -0.3484371 9.3196106 48 174 181
-0.6655383 -0.3374230 9.3430948 48 174 181
-0.6657037 -0.3417075 9.3468332 48 174 181
-0.6623558 -0.3340678 9.3549023 151 98 185
-0.6629141 -0.3304890 9.3506832 151 98 185
-0.6211865 -0.3107009 9.3277006 151 98 185
-0.6172220 -0.2905325 9.3311787 151 98 185
-0.6061593 -0.2970914 9.3282967 151 98 185
-0.6107660 -0.3169255 9.3245716 151 98 185
-0.6432121 -0.4856578 9.2875786 112 91 190
-0.6409454 -0.4882013 9.2753992 112 91 190
-0.6193542 -0.4813002 9.2899380 112 91 190
-0.6423281 -0.3198143 9.3259439 48 174 181
-0.6503374 -0.3187701 9.3269930 48 174 181
-0.6481652 -0.3037530 9.3330784 151 98 185
-0.6401162 -0.3031819 9.3295021 151 98 185
-0.5588770 -0.2694274 9.3876381 45 146 205
-0.5645942 -0.2919481 9.3802729 45 146 205
-0.6236684 -0.2662663 9.3402739 151 98 185
-0.6273025 -0.2858705 9.3328218 151 98 185
-0.6368074 -0.2842888 9.3362246 151 98 185
-0.6335238 -0.2645994 9.3465061 151 98 185
-0.6682939 -0.2318567 9.2763367 231 76 96
-0.6794255 -0.2368839 9.2614956 231 76 96
-0.6801164 -0.1278868 9.2575569 231 76 96
-0.6759624 -0.1469228 9.2557449 231 76 96
-0.6683515 -0.1440261 9.2724590 231 76 96
-0.6722400 -0.1260441 9.2751341 231 76 96
-0.6635568 -0.1057221 9.2943106 222 112 151
-0.6840168 -0.1087939 9.2600269 231 76 96
-0.6762782 -0.1078241 9.2783680 231 76 96
-0.6203454 -0.5059398 9.2165108 112 91 190
-0.6280243 -0.5015766 9.2252188 112 91 190
-0.6405689 -0.4999848 9.2112093 112 91 190
-0.6313227 -0.5057920 9.2051086 112 91 190
-0.6870321 0.0064146 9.3182182 231 76 96
-0.6637827 0.0075883 9.3336725 113 165 78
-0.6672574 0.0393858 9.3368177 113 165 78
-0.6904706 0.0371795 9.3169374 231 76 96
-0.6505586 -0.4889216 9.1776524 112 91 190
-0.6408430 -0.4978463 9.1768036 112 91 190
-0.6376088 -0.5016536 9.1912670 112 91 190
-0.6473511 -0.4944602 9.1944199 112 91 190
-0.6837014 -0.0222259 9.3175955 231 76 96
-0.6613132 -0.0188991 9.3312559 231 76 96
-0.6057131 -0.4980979 9.2217865 112 91 190
-0.6114570 -0.4935688 9.2307425 112 91 190
-0.5921075 -0.4869206 9.2213907 112 91 190
-0.5970026 -0.4808307 9.2288446 112 91 190
-0.5783759 -0.4795358 9.2181177 112 91 190
-0.6412337 0.0157430 9.3442755 113 165 78
-0.6449240 0.0451280 9.3499136 113 165 78
-0.6217620 -0.5121052 9.2002907 112 91 190
-0.6284385 -0.5097838 9.1883507 112 91 190
-0.6313478 -0.5074052 9.1765604 244 145 55
-0.6309312 -0.5066620 9.1644230 244 145 55
-0.6284990 -0.5064330 9.1516438 244 145 55
-0.6193351 -0.5168912 9.1563168 244 145 55
-0.6475236 -0.0867527 9.3121223 222 112 151
-0.6673359 -0.0896089 9.2992811 231 76 96
-0.7233338 0.1436237 9.2497215 45 146 205
-0.7138231 0.1595069 9.2594728 235 193 62
-0.7033509 0.1635629 9.2309418 235 193 62
-0.7160857 0.1463534 9.2228937 45 146 205
-0.6811746 0.1400788 9.1686058 45 146 205
-0.7023144 0.1463770 9.1967793 45 146 205
-0.6867975 0.1613926 9.2033424 45 146 205
-0.6647729 0.1554545 9.1757555 45 146 205
-0.7058884 0.0102385 9.1632929 235 193 62
-0.7010180 -0.0105034 9.1665688 235 193 62
-0.7143889 -0.0109406 9.1891298 235 193 62
-0.7201338 0.0093032 9.1862478 235 193 62
-0.6807321 -0.0912883 9.2823257 231 76 96
-0.6891170 -0.0916715 9.2636032 231 76 96
-0.6250995 -0.0832443 9.3188763 222 112 151
-0.6442838 0.1761574 9.3592787 190 84 166
-0.6499016 0.2066576 9.3539047 190 84 166
-0.6815650 0.2029912 9.3390188 235 193 62
-0.6781795 0.1723160 9.3469810 235 193 62
-0.7098126 0.1998797 9.2889786 235 193 62
-0.7035344 0.2018612 9.2583513 235 193 62
-0.7077877 0.1789051 9.2607651 235 193 62
-0.7126901 0.1744812 9.2923050 235 193 62
-0.5249465 -0.0754302 9.2898998 65 132 208
-0.5257343 -0.0567325 9.2907858 65 132 208
-0.5426143 -0.0610246 9.3005142 222 112 151
-0.4897978 -0.0657089 9.2525063 65 132 208
-0.4889880 -0.0478116 9.2535210 65 132 208
-0.4991269 -0.0502866 9.2665672 65 132 208
-0.4995320 -0.0689124 9.2665825 65 132 208
-0.5052407 0.0609364 9.2547178 151 98 185
-0.5031711 0.0386993 9.2590895 151 98 185
-0.4952497 0.0375578 9.2477913 151 98 185
-0.4983722 0.0593225 9.2448053 151 98 185
-0.6159222 0.0247282 9.3482313 113 165 78
-0.6130143 -0.0031257 9.3402414 113 165 78
-0.5884271 0.0063422 9.3347282 113 165 78
-0.5899703 0.0330667 9.3417978 113 165 78
-0.6699702 0.1723784 9.2065859 235 193 62
-0.6476728 0.1655691 9.1852798 235 193 62
-0.6080706 0.1750905 9.3603859 190 84 166
-0.6140423 0.2089512 9.3581276 190 84 166
-0.5802742 0.2099675 9.3478870 190 84 166
-0.5762470 0.1754974 9.3489170 190 84 166
-0.5535876 0.1765966 9.3271112 190 84 166
-0.5565909 0.2091071 9.3251896 190 84 166
-0.5347034 0.1451548 9.2333345 222 112 151
-0.5394935 0.1515902 9.2322025 190 84 166
-0.5279498 0.1357354 9.2533178 222 112 151
-0.5217292 0.1241455 9.2496529 222 112 151
-0.7030822 0.0978192 9.1570206 45 146 205
-0.7206094 0.1028668 9.1824913 45 146 205
-0.7128205 0.1254569 9.1881170 45 146 205
-0.6952981 0.1183494 9.1612616 45 146 205
-0.6928515 -0.0906986 9.2440510 231 76 96
-0.6873986 -0.1087520 9.2415075 231 76 96
-0.6864135 -0.1087058 9.2238045 231 76 96
-0.6830566 -0.1306672 9.2228127 231 76 96
-0.6836781 -0.1292040 9.2401018 231 76 96
-0.6915236 -0.2523686 9.2259054 231 76 96
-0.6969531 -0.2718079 9.2324247 231 76 96
-0.6911298 -0.2614982 9.2512331 231 76 96
-0.6870898 -0.2442250 9.2448149 231 76 96
-0.6982915 -0.4013246 9.1947327 222 112 151
-0.7003847 -0.3851237 9.1929274 222 112 151
-0.6876955 0.1969930 9.2281113 235 193 62
-0.6908363 0.2202260 9.2298069 235 193 62
-0.6667917 0.2162140 9.2057772 235 193 62
-0.6551590 0.1880981 9.2030029 235 193 62
-0.7083347 0.2256524 9.2840452 235 193 62
-0.7021277 0.1987092 9.3169069 235 193 62
-0.7024735 0.2275130 9.3098879 235 193 62
-0.6513267 0.2366069 9.3489866 190 84 166
-0.6820439 0.2314827 9.3324976 190 84 166
-0.5824705 0.2421217 9.3452597 190 84 166
-0.5601389 0.2410989 9.3226919 190 84 166
-0.5525674 0.2066472 9.2383499 190 84 166
-0.5602562 0.2318869 9.2348814 190 84 166
-0.5518538 0.2350742 9.2618713 190 84 166
-0.5455772 0.2087159 9.2656507 190 84 166
-0.5246043 0.0740944 9.2888231 151 98 185
-0.5321426 0.0949069 9.2980967 222 112 151
-0.5482855 0.0770281 9.3184853 222 112 151
-0.5467924 0.0568965 9.3132496 113 165 78
-0.5001025 -0.0898192 9.2660866 65 132 208
-0.4921518 -0.0856213 9.2544365 65 132 208
-0.5247814 -0.0957174 9.2887297 65 132 208
-0.5104738 -0.0932113 9.2778301 65 132 208
-0.5108458 -0.0719133 9.2785501 65 132 208
-0.5027735 -0.1748030 9.2590733 65 132 208
-0.5027422 -0.1546654 9.2591162 65 132 208
-0.5151855 -0.1558396 9.2719803 65 132 208
-0.5157619 -0.1754125 9.2723131 65 132 208
-0.5156683 -0.1972722 9.2734327 91 180 105
-0.5029711 -0.1967521 9.2585964 91 180 105
-0.5106925 -0.2391198 9.2487059 91 180 105
-0.5215172 -0.2366039 9.2644892 91 180 105
-0.5131842 -0.2502849 9.2658434 91 180 105
-0.5191526 -0.3789991 9.2156572 112 91 190
-0.5113294 -0.3641260 9.2195683 91 180 105
-0.6173750 0.0531228 9.3571644 113 165 78
-0.6215933 0.1910765 9.1890039 235 193 62
-0.6364066 0.2166944 9.1912127 112 91 190
-0.6091852 0.2194789 9.1893063 112 91 190
-0.5971017 0.1958443 9.1902332 112 91 190
-0.6376063 -0.0109442 9.3385201 113 165 78
-0.6016847 -0.0941291 9.3181553 222 112 151
-0.6026912 -0.0781411 9.3206692 222 112 151
-0.5897765 -0.2499928 9.3064871 190 84 166
-0.5958639 -0.2266218 9.3072433 222 112 151
-0.4935615 -0.2950917 9.2803450 190 84 166
-0.4934638 -0.3061641 9.2780390 190 84 166
-0.7032016 0.1710939 9.3226929 235 193 62
-0.5856689 0.2724609 9.3408661 190 84 166
-0.5651396 0.2719347 9.3184652 190 84 166
-0.5701210 0.3021143 9.3137770 190 84 166
-0.5894910 0.3023370 9.3357229 190 84 166
-0.5844674 0.2538356 9.2138758 190 84 166
-0.5962504 0.2824104 9.2157640 190 84 166
-0.5811763 0.2856002 9.2325859 190 84 166
-0.5707555 0.2580996 9.2328062 190 84 166
-0.6047904 0.3112947 9.2177849 190 84 166
-0.6129668 0.3399627 9.2177277 65 132 208
-0.5975074 0.3442868 9.2316494 190 84 166
-0.5885860 0.3153021 9.2330437 190 84 166
-0.6158261 0.2397621 9.3543730 190 84 166
-0.6507442 0.2949017 9.3392286 190 84 166
-0.6502396 0.2649536 9.3437357 190 84 166
-0.6170815 0.2702406 9.3491526 190 84 166
-0.6195832 0.3003217 9.3446341 190 84 166
-0.7036515 0.2236126 9.2562132 235 193 62
-0.5634653 0.2043851 9.2170944 190 84 166
-0.5725650 0.2278154 9.2148647 190 84 166
-0.6339179 0.2777447 9.1988869 112 91 190
-0.6230123 0.2475607 9.1930819 112 91 190
-0.6492518 0.2457974 9.1954432 112 91 190
-0.6586778 0.2762355 9.2014217 112 91 190
-0.7089322 0.2790382 9.2813940 65 132 208
-0.7083673 0.2521940 9.2820902 235 193 62
-0.7002409 0.2543053 9.3071890 235 193 62
-0.6996622 0.2822744 9.3052740 65 132 208
-0.6790659 0.2590068 9.3282213 190 84 166
-0.6780784 0.2881618 9.3241186 65 132 208
-0.6520811 0.3533393 9.3316097 65 132 208
-0.6514004 0.3246334 9.3353033 65 132 208
-0.6216265 0.3299830 9.3399410 190 84 166
-0.6228724 0.3582309 9.3351765 65 132 208
-0.6789130 0.3458600 9.3180742 65 132 208
-0.6784337 0.3171745 9.3212147 65 132 208
-0.6989787 0.3384235 9.3016729 65 132 208
-0.6990914 0.3105233 9.3036633 65 132 208
-0.7068445 0.3332040 9.2812729 65 132 208
-0.7079768 0.3061913 9.2818432 65 132 208
-0.7076503 0.3303092 9.2599850 65 132 208
-0.7078552 0.3042754 9.2585154 65 132 208
-0.6999676 0.3035156 9.2364674 65 132 208
-0.7004108 0.3298381 9.2404490 65 132 208
-0.6864622 0.3300054 9.2247648 65 132 208
-0.6844524 0.3033672 9.2192059 65 132 208
-0.6494272 0.3339278 9.2082253 65 132 208
-0.6422742 0.3064373 9.2041740 112 91 190
-0.6646475 0.3048353 9.2073078 112 91 190
-0.6693780 0.3315168 9.2127304 65 132 208
-0.6735110 0.4358774 9.2145452 45 146 205
-0.6681384 0.4094940 9.2121372 65 132 208
-0.6819387 0.4064101 9.2223864 65 132 208
-0.6863852 0.4331276 9.2243156 45 146 205
-0.6989480 0.4304237 9.2335539 45 146 205
-0.6934863 0.4050381 9.2335501 65 132 208
-0.7036670 0.4038816 9.2453957 65 132 208
-0.7090476 0.4290252 9.2455835 45 146 205
-0.7053951 0.4089730 9.2776299 65 132 208
-0.7107463 0.4343494 9.2778339 45 146 205
-0.7137653 0.4297880 9.2603788 45 146 205
-0.7084073 0.4048067 9.2603893 65 132 208
-0.7014062 0.4145536 9.2975254 65 132 208
-0.7045510 0.4396414 9.2967730 45 146 205
-0.6840480 0.4221589 9.3120518 65 132 208
-0.6858889 0.4475368 9.3091402 113 165 78
-0.6580768 0.4302795 9.3168383 65 132 208
-0.6608440 0.4549152 9.3148746 113 165 78
-0.6218942 0.4245661 9.2221203 65 132 208
-0.6340837 0.4189202 9.2103863 65 132 208
-0.6422899 0.4446172 9.2109966 45 146 205
-0.6282536 0.4502385 9.2206144 45 146 205
-0.6035880 0.4344723 9.2634611 65 132 208
-0.6163107 0.4584744 9.2613840 113 165 78
-0.6068491 0.4612017 9.2846432 113 165 78
-0.5980910 0.4368616 9.2890301 65 132 208
-0.6532171 0.3800965 9.3273697 65 132 208
-0.6793626 0.3722229 9.3146124 65 132 208
-0.6986147 0.3647233 9.2991066 65 132 208
-0.7049102 0.3591990 9.2794752 65 132 208
-0.6564361 0.3592570 9.2095995 65 132 208
-0.6742695 0.3562814 9.2166471 65 132 208
-0.6058061 0.3726611 9.2293835 65 132 208
-0.6201240 0.3673877 9.2160196 65 132 208
-0.6050447 0.4118423 9.3130808 65 132 208
-0.6277748 0.4102613 9.3235359 65 132 208
-0.6249955 0.3846370 9.3296309 65 132 208
-0.6019791 0.3857862 9.3167400 65 132 208
-0.6815146 0.3972831 9.3131905 65 132 208
-0.6991806 0.3897838 9.2978792 65 132 208
-0.7038291 0.3842586 9.2782726 65 132 208
-0.7012003 0.3797297 9.2449875 65 132 208
-0.7061231 0.3804340 9.2608423 65 132 208
-0.6907287 0.3801612 9.2322893 65 132 208
-0.6627007 0.3839755 9.2113171 65 132 208
-0.6785427 0.3812856 9.2195444 65 132 208
-0.6144427 0.3992923 9.2263012 65 132 208
-0.6276215 0.3935249 9.2133408 65 132 208
-0.6148788 0.4617850 9.3092394 113 165 78
-0.6367530 0.4598584 9.3188772 113 165 78
-0.6312280 0.4361624 9.3207645 65 132 208
-0.6070974 0.4388769 9.3119345 65 132 208
-0.6269571 0.4824667 9.3029470 113 165 78
-0.6194297 0.4834358 9.2833166 113 165 78
-0.7152509 0.4559340 9.2468443 45 146 205
-0.7054667 0.4575692 9.2339115 45 146 205
-0.7200719 0.4573756 9.2603998 45 146 205
-0.6881214 0.4741200 9.3096991 113 165 78
-0.7093313 0.4660009 9.2973127 113 165 78
-0.6642153 0.4805302 9.3145838 113 165 78
-0.6429000 0.4807339 9.3146849 113 165 78
-0.6566263 0.5005329 9.2197495 45 146 205
-0.6438181 0.5045595 9.2298117 113 165 78
-0.6366588 0.4751310 9.2263250 45 146 205
-0.6497252 0.4715556 9.2166176 45 146 205
-0.6858981 0.4935874 9.2150822 45 146 205
-0.6783649 0.4647357 9.2184505 45 146 205
-0.6921738 0.4613555 9.2258797 45 146 205
-0.7019684 0.4894471 9.2193623 45 146 205
-0.7263346 0.4848569 9.2433529 45 146 205
-0.7160680 0.4857731 9.2293491 45 146 205
-0.7316486 0.4848903 9.2601385 45 146 205
-0.7137933 0.4946367 9.2974463 113 165 78
-0.7292791 0.4880817 9.2800312 48 174 181
-0.7197464 0.4599675 9.2794342 45 146 205
-0.6905161 0.5018291 9.3126307 113 165 78
-0.6692807 0.5392487 9.3137178 113 165 78
-0.6951784 0.5321637 9.3164444 113 165 78
-0.6636881 0.5097534 9.3119287 113 165 78
-0.6685980 0.6362689 9.2945395 222 112 151
-0.6740181 0.6696726 9.2927475 222 112 151
-0.6884795 0.6663638 9.3053389 222 112 151
-0.6840755 0.6330832 9.3094883 48 174 181
-0.6605679 0.5312327 9.2172070 244 145 55
-0.6483662 0.5341469 9.2308397 244 145 55
-0.7111799 0.5196915 9.2141190 244 145 55
-0.6928363 0.5244043 9.2095041 244 145 55
-0.7270211 0.5553689 9.3019638 48 174 181
-0.7430731 0.5498214 9.2817545 48 174 181
-0.7367836 0.5182284 9.2819157 48 174 181
-0.7199575 0.5245680 9.3012676 48 174 181
-0.6610589 0.6294351 9.2282648 222 112 151
-0.6548143 0.5970941 9.2277651 244 145 55
-0.6687129 0.5946440 9.2121820 244 145 55
-0.6738262 0.6273679 9.2143850 222 112 151
-0.7162563 0.5519049 9.2096138 244 145 55
-0.7203786 0.5849872 9.2083845 244 145 55
-0.7020177 0.5888472 9.2033358 244 145 55
-0.6976097 0.5565035 9.2054634 244 145 55
-0.7327558 0.6225435 9.2984200 48 174 181
-0.7480857 0.6192036 9.2806292 48 174 181
-0.7472525 0.5834082 9.2816734 48 174 181
-0.7314030 0.5879763 9.3010511 48 174 181
-0.6744317 0.5690978 9.3138332 113 165 78
-0.6803862 0.6005130 9.3126230 48 174 181
-0.7062830 0.5937885 9.3139648 48 174 181
-0.7013465 0.5624930 9.3160238 48 174 181
-0.6582450 0.5722679 9.2971029 113 165 78
-0.6637564 0.6034234 9.2970400 113 165 78
-0.6854692 0.6974562 9.2274456 222 112 151
-0.6746278 0.7014027 9.2392235 222 112 151
-0.6684801 0.6647043 9.2339630 222 112 151
-0.6802919 0.6613125 9.2218151 222 112 151
-0.7232406 0.6190139 9.2120504 222 112 151
-0.7237341 0.6552404 9.2185678 222 112 151
-0.7080478 0.6571015 9.2144938 222 112 151
-0.7057418 0.6220478 9.2067099 222 112 151
-0.7326626 0.6963795 9.2919197 231 76 96
-0.7437565 0.6943265 9.2762461 231 76 96
-0.7465583 0.6565332 9.2789822 48 174 181
-0.7332541 0.6589235 9.2953129 48 174 181
-0.6933579 0.7023345 9.3012304 231 76 96
-0.7141331 0.6992278 9.3029680 231 76 96
-0.7117171 0.6621516 9.3076925 48 174 181
-0.6803807 0.7050142 9.2901173 222 112 151
-0.6850012 0.7399237 9.2893171 231 76 96
-0.6959879 0.7378712 9.2983570 231 76 96
-0.6895155 0.7322827 9.2328005 231 76 96
-0.6813225 0.7351359 9.2449150 231 76 96
-0.7105188 0.7280797 9.2240591 231 76 96
-0.7097921 0.6934623 9.2205658 222 112 151
-0.7236621 0.6910918 9.2237186 222 112 151
-0.7236251 0.7256861 9.2267933 231 76 96
-0.7455975 0.6928397 9.2457151 231 76 96
-0.7432290 0.7270908 9.2471867 231 76 96
-0.7355539 0.7254139 9.2347231 231 76 96
-0.7368436 0.6910973 9.2326193 222 112 151
-0.7403449 0.7285647 9.2736807 231 76 96
-0.7441971 0.7278000 9.2594862 231 76 96
-0.7482633 0.6930802 9.2601910 231 76 96
-0.7316548 0.7305907 9.2895527 231 76 96
-0.7150195 0.7344089 9.3001175 231 76 96
-0.5943929 0.1683648 9.1896944 235 193 62
-0.6069203 0.1740598 9.1910944 235 193 62
-0.5859529 0.1801928 9.1940393 112 91 190
-0.5759490 0.1716804 9.1974277 112 91 190
-0.5686136 0.2924383 9.2576780 190 84 166
-0.5602990 0.2626598 9.2597380 190 84 166
-0.5854815 0.3503868 9.2517252 190 84 166
-0.5761758 0.3222204 9.2556629 190 84 166
-0.5953284 0.3780588 9.2489948 65 132 208
-0.6128082 0.4305536 9.2418184 65 132 208
-0.6058773 0.4041331 9.2463703 65 132 208
-0.6212189 0.4555479 9.2412033 45 146 205
-0.6290151 0.4815794 9.2436962 113 165 78
-0.6351115 0.5093784 9.2474613 113 165 78
-0.6451295 0.5670001 9.2509174 244 145 55
-0.6418408 0.5373275 9.2505493 113 165 78
-0.6512854 0.5652122 9.2293549 244 145 55
-0.6553859 0.6320786 9.2510891 222 112 151
-0.6491487 0.5988856 9.2505579 244 145 55
-0.6703374 0.7045240 9.2564774 222 112 151
-0.6625088 0.6681421 9.2537365 222 112 151
-0.6781244 0.7381142 9.2607737 231 76 96
-0.5421811 0.1524445 9.3004789 190 84 166
-0.5406187 0.1295441 9.3014221 222 112 151
-0.5346230 0.1418318 9.2757692 190 84 166
-0.5375812 0.1606836 9.2733316 190 84 166
-0.5500874 0.1585568 9.2146692 113 165 78
-0.5553498 0.1600361 9.2117977 113 165 78
-0.5477841 0.1579000 9.2202139 190 84 166
-0.5440173 0.1548575 9.2221994 190 84 166
-0.6559781 0.4057045 9.3224897 65 132 208
-0.7067410 0.3556959 9.2602835 65 132 208
-0.6886516 0.3549556 9.2289019 65 132 208
-0.7002946 0.3547481 9.2435284 65 132 208
-0.5942396 0.4094046 9.2670317 65 132 208
-0.5926790 0.4114450 9.2913733 65 132 208
-0.5890701 0.3857250 9.2957630 65 132 208
-0.5887339 0.3825882 9.2716694 65 132 208
-0.6524974 0.5450505 9.2965803 113 165 78
-0.6431413 0.5418134 9.2735195 113 165 78
-0.6492490 0.5706199 9.2740383 113 165 78
-0.6468642 0.5200050 9.2961311 113 165 78
-0.7420149 0.5146306 9.2608833 48 174 181
-0.7377294 0.5142226 9.2416945 48 174 181
-0.7337718 0.5480492 9.2222872 244 145 55
-0.7266367 0.5161122 9.2262383 244 145 55
-0.7460160 0.5457318 9.2388411 48 174 181
-0.5709915 0.3290670 9.2811155 190 84 166
-0.5798092 0.3559814 9.2760792 190 84 166
-0.5830221 0.3586870 9.3011980 190 84 166
-0.5756003 0.3310728 9.3072672 190 84 166
-0.6713961 -0.1655212 9.2533598 151 98 185
-0.6640984 -0.1620087 9.2694082 222 112 151
-0.5552040 -0.2763151 9.3102789 190 84 166
-0.5459406 -0.2686141 9.3062439 190 84 166
-0.5575958 -0.2575280 9.3029499 190 84 166
-0.5695406 -0.2650416 9.3077068 190 84 166
-0.5779220 -0.2756769 9.3116512 190 84 166
-0.5627566 -0.2864308 9.3137445 190 84 166
-0.5847672 -0.2882845 9.3138409 190 84 166
-0.5695660 -0.2984940 9.3151665 190 84 166
-0.6031729 -0.3374015 9.3123751 190 84 166
-0.6066352 -0.3437582 9.3145227 190 84 166
-0.5020424 -0.2359279 9.2318516 91 180 105
-0.4970641 -0.2161038 9.2378635 91 180 105
-0.5063558 -0.2182458 9.2549458 91 180 105
-0.5109708 -0.0531011 9.2792873 65 132 208
-0.5274268 0.0385245 9.2885017 113 165 78
-0.5137947 0.0399444 9.2719994 151 98 185
-0.5139931 0.0650169 9.2672281 151 98 185
-0.5178232 0.1243997 9.2342424 151 98 185
-0.5236487 0.1365030 9.2229471 151 98 185
-0.5371596 0.1501282 9.2165623 113 165 78
-0.5443420 0.1568504 9.2118797 113 165 78
-0.6829132 -0.2182040 9.2040243 151 98 185
-0.6873883 -0.2390971 9.2035789 151 98 185
-0.6784527 -0.4027185 9.1568747 222 112 151
-0.6869556 -0.4084526 9.1759367 222 112 151
-0.6811619 -0.4350731 9.1768951 222 112 151
-0.6734602 -0.4281089 9.1573830 222 112 151
-0.6702452 -0.4395469 9.1574583 222 112 151
-0.6772520 -0.4458706 9.1760492 222 112 151
-0.6409748 -0.4968480 9.1617813 112 91 190
-0.6483087 -0.4832180 9.1619368 112 91 190
-0.5655349 0.1593399 9.2033682 235 193 62
-0.5726758 0.1617770 9.1986094 112 91 190
-0.5600939 0.1622667 9.2072372 113 165 78
-0.5452310 0.1845756 9.2420492 190 84 166
-0.5397847 0.1668067 9.2462959 190 84 166
-0.5481103 0.1708694 9.2241526 190 84 166
-0.5548551 0.1855684 9.2205143 190 84 166
-0.6713847 0.1395539 9.3527136 235 193 62
-0.6360540 0.1441422 9.3637362 222 112 151
-0.6928153 0.1774133 9.2315645 235 193 62
-0.6241148 -0.2231899 9.3719501 151 98 185
-0.6292279 -0.2444438 9.3587542 151 98 185
-0.6370312 -0.2449535 9.3697424 151 98 185
-0.6303107 -0.2238222 9.3833485 151 98 185
-0.7022773 -0.3142964 9.1991978 231 76 96
-0.6989330 -0.2884693 9.2083254 231 76 96
-0.5995929 -0.4762515 9.2380352 112 91 190
-0.6161320 -0.4731911 9.3167419 112 91 190
-0.6183777 -0.4781004 9.3027344 112 91 190
-0.5981324 -0.4632534 9.3031912 112 91 190
-0.5960034 -0.4596706 9.3139725 112 91 190
-0.6830856 -0.4377479 9.2986574 112 91 190
-0.6888098 -0.4394264 9.2839899 112 91 190
-0.6785271 -0.4554440 9.2901783 112 91 190
-0.6734117 -0.4523347 9.3043385 112 91 190
-0.7251759 0.0321971 9.1814013 235 193 62
-0.7095625 0.0320042 9.1591377 235 193 62
-0.6746486 -0.1568966 9.1874580 151 98 185
-0.6746325 -0.1796575 9.1868525 151 98 185
-0.6784600 -0.1764615 9.2036781 151 98 185
-0.6788313 -0.1544327 9.2047310 151 98 185
-0.7024378 -0.3033022 9.2302103 231 76 96
-0.6981095 -0.2883260 9.2446938 231 76 96
-0.4824820 -0.3044063 9.2362118 91 180 105
-0.4857388 -0.3109992 9.2500019 91 180 105
-0.4911547 -0.3279681 9.2454700 91 180 105
-0.4868008 -0.3233460 9.2314043 91 180 105
-0.6494675 -0.2842906 9.3762932 151 98 185
-0.6475112 -0.2712156 9.3676491 151 98 185
-0.6513675 -0.2906697 9.3522587 151 98 185
-0.6553516 -0.2984248 9.3576221 151 98 185
-0.7167631 0.1512900 9.2912846 235 193 62
-0.7024523 0.1368814 9.3252535 235 193 62
-0.6536651 -0.1944565 9.2862139 222 112 151
-0.6530088 -0.1760435 9.2846832 222 112 151
-0.6649603 -0.1802690 9.2695484 222 112 151
-0.6659011 -0.1983553 9.2709131 231 76 96
-0.6545030 -0.2451419 9.2913904 231 76 96
-0.6542857 -0.2290832 9.2891235 231 76 96
-0.6556400 -0.2609670 9.2952242 231 76 96
-0.6537768 -0.3404550 9.3209038 48 174 181
-0.6542943 -0.3394835 9.3186960 231 76 96
-0.6611313 -0.3410727 9.3180771 231 76 96
-0.5407904 0.1827772 9.2699490 190 84 166
-0.5275534 0.1146055 9.2760601 222 112 151
-0.5184861 0.1025721 9.2701912 151 98 185
-0.5578619 0.1593867 9.2075806 235 193 62
-0.5530879 0.1597156 9.2068577 235 193 62
-0.5717335 -0.4888688 9.2144041 65 132 208
-0.5853368 -0.4948446 9.2165709 65 132 208
-0.6306769 -0.3056101 9.3284178 151 98 185
-0.6338201 -0.3231319 9.3255148 48 174 181
-0.6446542 -0.3245686 9.3120546 231 76 96
-0.6462390 -0.3304350 9.3156137 231 76 96
-0.6343279 -0.3327699 9.3148670 190 84 166
-0.6319610 -0.3267813 9.3117342 190 84 166
-0.6549503 -0.3248344 9.3108320 231 76 96
-0.6557537 -0.3301853 9.3146839 231 76 96
-0.5620279 -0.3862359 9.3010597 190 84 166
-0.5689567 -0.4013471 9.3011866 190 84 166
-0.5653514 -0.4060324 9.2932501 190 84 166
-0.5566810 -0.3909536 9.2937250 190 84 166
-0.5505403 -0.3928049 9.2837744 190 84 166
-0.5606990 -0.4089996 9.2833147 190 84 166
-0.5550616 -0.4103277 9.2711668 190 84 166
-0.5445135 -0.3934037 9.2718334 190 84 166
-0.5811550 -0.4601395 9.2422314 112 91 190
-0.5650215 -0.4512561 9.2297487 112 91 190
-0.5525849 -0.4437655 9.2146072 112 91 190
-0.5428790 -0.4378105 9.2008734 112 91 190
-0.6565475 -0.4727088 9.1609468 222 112 151
-0.6613643 -0.4772903 9.1814728 112 91 190
-0.6679457 -0.4657266 9.1767511 222 112 151
-0.6618892 -0.4610758 9.1594515 222 112 151
-0.6564597 -0.4568312 9.1426859 222 112 151
-0.6506782 -0.4691617 9.1439857 222 112 151
-0.5650057 -0.4738041 9.2119522 65 132 208
-0.5531650 -0.4687762 9.2035341 112 91 190
-0.5477762 -0.4561710 9.1954145 112 91 190
-0.5662963 -0.2721855 9.4020348 45 146 205
-0.5723140 -0.2942686 9.3950415 45 146 205
-0.6112909 -0.5106670 9.2094078 65 132 208
-0.5985361 -0.5035078 9.2151937 65 132 208
-0.5788746 -0.2719718 9.4140263 45 146 205
-0.5851264 -0.2945516 9.4059668 45 146 205
-0.5840837 -0.4456459 9.2886763 112 91 190
-0.5848193 -0.4442987 9.3001337 112 91 190
-0.5988258 -0.4656076 9.2908440 112 91 190
-0.5580923 -0.4827949 9.2097464 65 132 208
-0.5461503 -0.4775267 9.2020254 91 180 105
-0.6600644 0.1078039 9.3554487 222 112 151
-0.6266072 0.1137802 9.3648100 222 112 151
-0.6209326 -0.1502739 9.3056946 222 112 151
-0.6014605 -0.1459956 9.3083773 222 112 151
-0.4875178 -0.1715003 9.2270241 65 132 208
-0.4872768 -0.1526790 9.2291708 65 132 208
-0.4940475 -0.1529620 9.2446766 65 132 208
-0.4934672 -0.1733349 9.2438469 65 132 208
-0.4954040 -0.2322354 9.2138014 91 180 105
-0.4903883 -0.2126133 9.2197723 91 180 105
-0.5304839 -0.4782683 9.1810207 91 180 105
-0.5013939 -0.1127475 9.2628689 65 132 208
-0.5028300 -0.1344631 9.2598543 65 132 208
-0.4939843 -0.1321032 9.2458200 65 132 208
-0.4930422 -0.1078223 9.2482481 65 132 208
-0.4878143 -0.0834374 9.2442245 65 132 208
-0.4849723 -0.0723258 9.2452087 65 132 208
-0.5053698 0.0805743 9.2508860 151 98 185
-0.5008453 0.0784479 9.2432785 151 98 185
-0.5750450 -0.3447909 9.3480015 190 84 166
-0.5771179 -0.3524204 9.3625879 190 84 166
-0.5802963 -0.3705255 9.3565207 190 84 166
-0.5780671 -0.3599148 9.3442841 190 84 166
-0.5274646 -0.1168519 9.2853165 222 112 151
-0.5126795 -0.1155095 9.2749310 65 132 208
-0.5869276 -0.3382117 9.3131104 190 84 166
-0.6011037 -0.3304086 9.3115797 190 84 166
-0.4950275 -0.2540276 9.2297325 91 180 105
-0.4909604 -0.3161516 9.2626829 91 180 105
-0.4966741 -0.3311461 9.2588873 190 84 166
-0.4971845 -0.3199967 9.2746830 190 84 166
-0.5034462 -0.3335948 9.2711248 190 84 166
-0.5614563 0.1615029 9.2022896 235 193 62
-0.5660964 0.1548476 9.2016602 235 193 62
-0.6530271 -0.3562270 9.3712645 151 98 185
-0.6557606 -0.3496655 9.3678770 151 98 185
-0.6617470 -0.3597873 9.3594618 48 174 181
-0.6589858 -0.3666219 9.3636532 48 174 181
-0.5773823 0.2004869 9.2010679 113 165 78
-0.5682013 0.1841947 9.2044744 113 165 78
-0.6254026 0.1698988 9.1927500 235 193 62
-0.6059520 0.1666338 9.1862249 235 193 62
-0.6087458 0.1540178 9.1796951 235 193 62
-0.6162420 0.1533155 9.1754303 235 193 62
-0.5508686 0.2396934 9.2930937 190 84 166
-0.5465344 0.2086014 9.2968264 190 84 166
-0.5576956 0.2698364 9.2898035 190 84 166
-0.5637054 0.3003214 9.2856731 190 84 166
-0.6261823 0.4839896 9.2629824 113 165 78
-0.6348426 0.5120804 9.2730207 113 165 78
-0.6549641 0.6021786 9.2745466 244 145 55
-0.6608683 0.6348389 9.2740707 222 112 151
-0.6671222 0.6698378 9.2741280 222 112 151
-0.6799314 0.7400076 9.2764921 231 76 96
-0.6743443 0.7063227 9.2743034 222 112 151
-0.5915329 -0.2663398 9.4207163 45 146 205
-0.6038821 -0.2582304 9.4239788 45 146 205
-0.6137887 -0.2820503 9.4142666 151 98 185
-0.6000249 -0.2908517 9.4119482 45 146 205
-0.6127664 -0.2709866 9.3378468 151 98 185
-0.6091750 -0.2512569 9.3469687 151 98 185
-0.5981375 -0.2559430 9.3439102 45 146 205
-0.6016659 -0.2767088 9.3355169 151 98 185
-0.6057085 -0.2299097 9.3564491 45 146 205
-0.6197196 -0.2468781 9.3510265 151 98 185
-0.6157779 -0.2256571 9.3630505 151 98 185
-0.6321398 -0.2286471 9.3959417 151 98 185
-0.6406242 -0.2490605 9.3821583 151 98 185
-0.6399621 -0.2575476 9.3941317 151 98 185
-0.6298985 -0.2350822 9.4076185 151 98 185
-0.6147490 -0.2497915 9.4225483 151 98 185
-0.6237372 -0.2419215 9.4166794 151 98 185
-0.6338634 -0.2645944 9.4049129 151 98 185
-0.6239440 -0.2725211 9.4117327 151 98 185
-0.5727066 -0.2459641 9.3532381 45 146 205
-0.5762789 -0.2680807 9.3448896 45 146 205
-0.5864775 -0.2613793 9.3423519 45 146 205
-0.5831458 -0.2398112 9.3508263 45 146 205
-0.5865678 -0.3576100 9.3766012 190 84 166
-0.5901386 -0.3755823 9.3717985 190 84 166
-0.5999607 -0.3567073 9.3176155 190 84 166
-0.6045635 -0.3569440 9.3181610 48 174 181
-0.5907322 -0.3603073 9.3206854 190 84 166
-0.5886098 -0.3662202 9.3192492 190 84 166
-0.5697671 -0.3142636 9.3721228 45 146 205
-0.5781761 -0.3164560 9.3876200 45 146 205
-0.5826156 -0.3376561 9.3810482 190 84 166
-0.5739033 -0.3342333 9.3663721 190 84 166
-0.5809976 -0.2896872 9.3376122 45 146 205
-0.5843049 -0.3102701 9.3296061 45 146 205
-0.5943496 -0.3028599 9.3264179 45 146 205
-0.5904605 -0.2823763 9.3341122 45 146 205
-0.6451573 -0.2859665 9.3432951 151 98 185
-0.6418029 -0.2661206 9.3557777 151 98 185
-0.5815953 -0.3518094 9.3287764 190 84 166
-0.5792681 -0.3362206 9.3342810 190 84 166
-0.5843801 -0.3300736 9.3123169 190 84 166
-0.6306378 -0.3200148 9.3102169 190 84 166
-0.6293855 -0.3118418 9.3096704 190 84 166
-0.5368379 -0.2814793 9.3093309 190 84 166
-0.5325637 -0.2952778 9.3113918 190 84 166
-0.6077133 -0.2942435 9.3127308 190 84 166
-0.6027195 -0.2802699 9.3127012 190 84 166
-0.5392576 -0.2964414 9.3131733 190 84 166
-0.5446854 -0.2874820 9.3126621 190 84 166
-0.5314654 -0.2179373 9.2823963 91 180 105
-0.5475084 -0.4470236 9.1972961 112 91 190
-0.5760504 -0.3203915 9.3383846 45 146 205
-0.5721889 -0.3283324 9.3517742 45 146 205
-0.6577119 -0.3114720 9.3453360 151 98 185
-0.6538158 -0.3065497 9.3394108 151 98 185
-0.6562427 -0.3202719 9.3305655 48 174 181
-0.6596370 -0.3232263 9.3355646 48 174 181
-0.7018079 -0.3267105 9.2644901 231 76 96
-0.6960673 -0.3164569 9.2720022 231 76 96
-0.6975458 -0.3028174 9.2579403 231 76 96
-0.7034305 -0.3147323 9.2475519 231 76 96
-0.6422336 -0.3632504 9.3785696 190 84 166
-0.6468348 -0.3772472 9.3719311 190 84 166
-0.6369118 -0.3787906 9.3784285 190 84 166
-0.6320967 -0.3627556 9.3843241 190 84 166
-0.6230122 -0.3803496 9.3814650 190 84 166
-0.6049191 -0.3812814 9.3785820 190 84 166
-0.6006371 -0.3614424 9.3829927 190 84 166
-0.6177520 -0.3628721 9.3850946 190 84 166
-0.6751592 0.0709909 9.3383865 113 165 78
-0.6966630 0.0660768 9.3166428 45 146 205
-0.5604973 -0.0658950 9.3087397 222 112 151
-0.5806682 -0.0714424 9.3166733 222 112 151
-0.5445728 0.0290048 9.3094921 113 165 78
-0.5411736 0.1562894 9.2294188 190 84 166
-0.5319543 0.1449059 9.2522078 190 84 166
-0.5881875 0.2238863 9.1987514 112 91 190
-0.6503712 0.0789135 9.3537416 113 165 78
-0.6131837 0.2797155 9.2048979 112 91 190
-0.6012622 0.2507774 9.2010803 112 91 190
-0.6813604 0.2756647 9.2142677 235 193 62
-0.6756083 0.2463571 9.2097073 235 193 62
-0.6946185 0.2478063 9.2314644 235 193 62
-0.6977597 0.2763139 9.2329645 235 193 62
-0.7060075 0.2503076 9.2559319 235 193 62
-0.7076662 0.2774653 9.2564297 235 193 62
-0.5978538 0.3588796 9.3232622 65 132 208
-0.7378971 0.5819006 9.2207603 48 174 181
-0.7498146 0.6169064 9.2397680 48 174 181
-0.7388149 0.6175388 9.2232666 48 174 181
-0.7497550 0.5799484 9.2380934 48 174 181
-0.7495568 0.5461977 9.2597485 48 174 181
-0.7529678 0.5804707 9.2594118 48 174 181
-0.7087609 0.6270750 9.3113403 48 174 181
-0.7380047 0.6542646 9.2283001 222 112 151
-0.7480842 0.6549945 9.2427654 222 112 151
-0.7532505 0.6171025 9.2600584 48 174 181
-0.7514655 0.6551268 9.2606678 48 174 181
-0.5607947 0.1726172 9.2084837 113 165 78
-0.6280716 0.1522465 9.1696653 235 193 62
-0.5959716 0.1150389 9.3606682 222 112 151
-0.6018036 0.1452969 9.3620358 222 112 151
-0.5383413 0.1116345 9.3006659 222 112 151
-0.5508956 0.0983725 9.3229723 222 112 151
-0.5635930 -0.1375884 9.2993841 222 112 151
-0.5468065 -0.1366462 9.2916784 222 112 151
-0.5645117 -0.1777478 9.2988281 222 112 151
-0.5650095 -0.1566199 9.2983952 222 112 151
-0.5823717 -0.1604946 9.3044605 222 112 151
-0.5818749 -0.1806242 9.3051434 222 112 151
-0.6194744 -0.1877888 9.3066082 222 112 151
-0.6198323 -0.1679110 9.3054333 222 112 151
-0.6376489 -0.1715937 9.2971039 222 112 151
-0.6380982 -0.1910409 9.2986717 222 112 151
-0.6533061 -0.1578304 9.2849636 222 112 151
-0.6388240 -0.1535710 9.2975883 222 112 151
-0.6803046 -0.1938436 9.2206888 151 98 185
-0.6835257 -0.2137856 9.2217627 151 98 185
-0.6815158 -0.2084810 9.2385263 151 98 185
-0.6784113 -0.1892701 9.2374744 151 98 185
-0.5109468 0.0891544 9.2606916 151 98 185
-0.5510195 0.1602371 9.2160788 113 165 78
-0.5426739 0.1793562 9.2992659 190 84 166
-0.5534635 0.1459841 9.3277378 190 84 166
-0.5739501 0.1450295 9.3489952 222 112 151
-0.6246351 -0.3282349 9.3249912 48 174 181
-0.6824906 -0.3390878 9.2976589 231 76 96
-0.6863381 -0.3488127 9.2962780 231 76 96
-0.5972269 -0.3399399 9.3907261 190 84 166
-0.6142783 -0.3420457 9.3926640 190 84 166
-0.5873742 -0.3282808 9.3239412 190 84 166
-0.5832106 -0.3859773 9.3512468 190 84 166
-0.5805051 -0.3882482 9.3336401 190 84 166
-0.5796925 -0.3752471 9.3378515 190 84 166
-0.5676356 0.0431076 9.3289051 113 165 78
-0.5666807 0.0676712 9.3383007 222 112 151
-0.5890915 0.0611920 9.3530188 113 165 78
-0.5938873 0.1629712 9.1885233 235 193 62
-0.5968697 0.1579464 9.1867743 235 193 62
-0.5303019 0.1280646 9.2776012 222 112 151
-0.6302807 0.3365568 9.2097731 65 132 208
-0.6218808 0.3086255 9.2078495 112 91 190
-0.6376726 0.3630228 9.2094049 65 132 208
-0.6443064 0.3883007 9.2088175 65 132 208
-0.6511675 0.4136769 9.2072706 65 132 208
-0.6588212 0.4395064 9.2097244 65 132 208
-0.6649719 0.4668210 9.2147961 45 146 205
-0.6712915 0.4965546 9.2146597 45 146 205
-0.6640606 0.5627339 9.2138777 244 145 55
-0.6758913 0.5277083 9.2112207 244 145 55
-0.6801035 0.5596164 9.2067776 244 145 55
-0.6847146 0.5921082 9.2049494 244 145 55
-0.6937224 0.6592364 9.2158470 222 112 151
-0.6887649 0.6250473 9.2075186 222 112 151
-0.6970927 0.6946973 9.2218361 222 112 151
-0.7001257 0.7310058 9.2268801 231 76 96
-0.5719609 0.1602067 9.1987782 235 193 62
-0.5823294 0.1613793 9.1934147 235 193 62
-0.5826853 -0.4457251 9.2749243 112 91 190
-0.6178112 -0.3320922 9.3106537 190 84 166
-0.6206124 -0.3375614 9.3134909 190 84 166
-0.5895456 -0.3422913 9.3213348 190 84 166
-0.6417115 0.1428365 9.1622610 190 84 166
-0.6562171 0.1301850 9.1527176 190 84 166
-0.6340115 -0.2933098 9.3993034 151 98 185
-0.6245000 -0.3038272 9.4030666 151 98 185
-0.5989743 -0.3225456 9.3216295 48 174 181
-0.6120647 -0.3520295 9.3140259 190 84 166
-0.6160154 -0.3564461 9.3149414 48 174 181
-0.4771087 -0.1855177 9.3741903 231 76 96
-0.4632690 -0.1791929 9.3629904 231 76 96
-0.4588514 -0.1773348 9.3725843 231 76 96
-0.4730153 -0.1831597 9.3847609 231 76 96
-0.4829040 -0.1831585 9.3646412 231 76 96
-0.4692267 -0.1762378 9.3542366 231 76 96
-0.5040944 -0.1328829 9.3573751 91 180 105
-0.4856918 -0.1281959 9.3525238 231 76 96
-0.4861629 -0.1389835 9.3476419 231 76 96
-0.5039114 -0.1447562 9.3525591 91 180 105
-0.4611874 -0.1627203 9.3396978 231 76 96
-0.4755463 -0.1699073 9.3481178 231 76 96
-0.4807237 -0.1606072 9.3461285 231 76 96
-0.4654757 -0.1536288 9.3385229 231 76 96
-0.4962522 -0.1202086 9.3792830 91 180 105
-0.5157665 -0.1227503 9.3834848 91 180 105
-0.5102528 -0.1244799 9.3960733 91 180 105
-0.4908769 -0.1230072 9.3906689 91 180 105
-0.5670284 -0.1641183 9.3746462 91 180 105
-0.5719873 -0.1723605 9.3768473 91 180 105
-0.5772230 -0.1607985 9.3787546 91 180 105
-0.5704630 -0.1521001 9.3775578 91 180 105
-0.5046835 -0.1991076 9.3973913 45 146 205
-0.4909561 -0.1920420 9.3856249 231 76 96
-0.4880449 -0.1886387 9.3971281 231 76 96
-0.5032853 -0.1939803 9.4098606 45 146 205
-0.5261507 -0.1831371 9.3678904 91 180 105
-0.5398368 -0.1898577 9.3772707 91 180 105
-0.5473169 -0.1787573 9.3720913 91 180 105
-0.5335323 -0.1709610 9.3636942 91 180 105
-0.5201819 -0.1973916 9.4214001 45 146 205
-0.5189440 -0.2046534 9.4101562 45 146 205
-0.4962231 -0.1680701 9.3527784 231 76 96
-0.5113466 -0.1757691 9.3597975 231 76 96
-0.5179510 -0.1636558 9.3574619 91 180 105
-0.5011744 -0.1565026 9.3518324 231 76 96
-0.4596534 -0.1173016 9.3668118 231 76 96
-0.4776326 -0.1185479 9.3736849 91 180 105
-0.4726302 -0.1221383 9.3836613 91 180 105
-0.4546852 -0.1216558 9.3754272 231 76 96
-0.4679366 -0.1438860 9.3395662 231 76 96
-0.4845527 -0.1502575 9.3460064 231 76 96
-0.4688036 -0.1336688 9.3418531 231 76 96
-0.4400979 -0.1595573 9.3767958 231 76 96
-0.4560452 -0.1622882 9.3900003 231 76 96
-0.4567530 -0.1710812 9.3816214 231 76 96
-0.4416631 -0.1673941 9.3688278 231 76 96
-0.5412326 -0.1457263 9.3653202 91 180 105
-0.5231437 -0.1388909 9.3610153 91 180 105
-0.5219584 -0.1512206 9.3573751 91 180 105
-0.5386949 -0.1581656 9.3627119 91 180 105
-0.5102856 -0.1984317 9.3851528 231 76 96
-0.4967821 -0.1909134 9.3746300 231 76 96
-0.4725051 -0.1646872 9.4029484 231 76 96
-0.4899398 -0.1672704 9.4153433 91 180 105
-0.4881997 -0.1795737 9.4074039 231 76 96
-0.4723862 -0.1755109 9.3943901 231 76 96
-0.5137917 -0.1539475 9.4269571 91 180 105
-0.4942299 -0.1534455 9.4176197 91 180 105
-0.5000654 -0.1412993 9.4136534 91 180 105
-0.5202935 -0.1416575 9.4210758 91 180 105
-0.5577128 -0.1425641 9.3752193 91 180 105
-0.5566949 -0.1543785 9.3700867 91 180 105
-0.5361472 -0.1272108 9.3865376 91 180 105
-0.5557180 -0.1327821 9.3878698 91 180 105
-0.5515039 -0.1308334 9.4029665 91 180 105
-0.5309250 -0.1273074 9.4003344 91 180 105
-0.5493321 -0.2113868 9.4008827 45 146 205
-0.5425566 -0.2057641 9.3945532 45 146 205
-0.5367668 -0.2105126 9.4068632 45 146 205
-0.5464340 -0.2146992 9.4143505 45 146 205
-0.5349009 -0.2077782 9.4203644 45 146 205
-0.5478804 -0.2112499 9.4275579 45 146 205
-0.5746716 -0.2102318 9.4407673 45 146 205
-0.5664595 -0.2058104 9.4400778 45 146 205
-0.5763580 -0.1950485 9.4435387 45 146 205
-0.5842509 -0.2001647 9.4422855 45 146 205
-0.5565968 -0.1530383 9.4422359 45 146 205
-0.5344864 -0.1530547 9.4358788 91 180 105
-0.5415885 -0.1417322 9.4275084 91 180 105
-0.5645839 -0.1429199 9.4319620 91 180 105
-0.5869018 -0.1424535 9.4165115 91 180 105
-0.5692858 -0.1375708 9.4185591 91 180 105
-0.5709504 -0.1363331 9.4027433 91 180 105
-0.5848979 -0.1427307 9.4006557 91 180 105
-0.6106025 -0.1871193 9.3866205 45 146 205
-0.6070360 -0.1722701 9.3950405 45 146 205
-0.5997330 -0.1761209 9.3836060 45 146 205
-0.6019079 -0.1903768 9.3773556 45 146 205
-0.5804244 -0.1916222 9.3720207 45 146 205
-0.5717268 -0.1997599 9.3728790 45 146 205
-0.5705400 -0.2101768 9.3681316 45 146 205
-0.5807065 -0.2037712 9.3668480 45 146 205
-0.5583075 -0.2351694 9.4136505 45 146 205
-0.5578284 -0.2291149 9.4125557 45 146 205
-0.5635887 -0.2292443 9.4266291 45 146 205
-0.5673711 -0.2355515 9.4271441 45 146 205
-0.5761101 -0.1536855 9.4451351 45 146 205
-0.5871235 -0.1453005 9.4323587 45 146 205
-0.5799780 -0.1815057 9.3756857 45 146 205
-0.5792701 -0.1705163 9.3780384 45 146 205
-0.5726988 -0.1817974 9.3774929 45 146 205
-0.5725452 -0.1914735 9.3756285 45 146 205
-0.5611563 -0.2096179 9.3872089 45 146 205
-0.5618037 -0.2019525 9.3858147 45 146 205
-0.5573220 -0.2107491 9.3936672 45 146 205
-0.5575182 -0.2171133 9.3965979 45 146 205
-0.5563366 -0.2240940 9.4099607 45 146 205
-0.5536721 -0.2179481 9.4055090 45 146 205
-0.5537482 -0.2200970 9.4196081 45 146 205
-0.5592941 -0.2252017 9.4242001 45 146 205
-0.5873811 -0.1573880 9.4447966 45 146 205
-0.5966918 -0.1621131 9.4409046 45 146 205
-0.5915024 -0.1740760 9.4449234 45 146 205
-0.5820736 -0.1709532 9.4480019 45 146 205
-0.5930145 -0.1508432 9.3962173 91 180 105
-0.5967432 -0.1497902 9.4106350 91 180 105
-0.5602623 -0.1930007 9.3836269 45 146 205
-0.5663880 -0.1920446 9.3803778 45 146 205
-0.5660343 -0.1833045 9.3789454 45 146 205
-0.5582690 -0.2153335 9.4317207 45 146 205
-0.6158756 -0.1859421 9.3968706 45 146 205
-0.6199592 -0.2018782 9.3858175 151 98 185
-0.6236763 -0.2035117 9.3970528 151 98 185
-0.6185449 -0.1877669 9.4076147 45 146 205
-0.6122895 -0.2035571 9.3760386 45 146 205
-0.6030962 -0.2078425 9.3682098 45 146 205
-0.5703316 -0.2256229 9.3618231 45 146 205
-0.5807836 -0.2192525 9.3600998 45 146 205
-0.5617119 -0.2326742 9.3683014 45 146 205
-0.5616539 -0.2174787 9.3744736 45 146 205
-0.5555320 -0.2241992 9.3841276 45 146 205
-0.5556690 -0.2405030 9.3788071 45 146 205
-0.5620369 -0.2514446 9.4091520 45 146 205
-0.5727801 -0.2510002 9.4215775 45 146 205
-0.5775890 -0.2296915 9.4338970 45 146 205
-0.5842847 -0.2448574 9.4286184 45 146 205
-0.5899366 -0.1832145 9.3754520 45 146 205
-0.5886089 -0.1710461 9.3800116 45 146 205
-0.4754725 -0.1519080 9.4068985 91 180 105
-0.4573830 -0.1508817 9.3950911 231 76 96
-0.4622635 -0.1399060 9.3944016 231 76 96
-0.4808267 -0.1404774 9.4048414 91 180 105
-0.4676944 -0.1301085 9.3904219 231 76 96
-0.4501575 -0.1296408 9.3808393 231 76 96
-0.5037887 -0.1849987 9.3659973 231 76 96
-0.4895636 -0.1774017 9.3569002 231 76 96
-0.4556976 -0.1699362 9.3442717 231 76 96
-0.5547882 -0.2026691 9.3901892 45 146 205
-0.5497894 -0.1962615 9.3857145 45 146 205
-0.5923069 -0.1899228 9.4424076 45 146 205
-0.5984062 -0.1966888 9.4390516 45 146 205
-0.5901895 -0.2062145 9.4400444 45 146 205
-0.5681372 -0.1703374 9.4481611 45 146 205
-0.5648897 -0.1888759 9.4446001 45 146 205
-0.5431685 -0.1873135 9.4385862 45 146 205
-0.5491918 -0.1704859 9.4442329 45 146 205
-0.6047357 -0.1697707 9.4343386 45 146 205
-0.6113220 -0.1798980 9.4268970 45 146 205
-0.6059306 -0.1880220 9.4344120 45 146 205
-0.5992578 -0.1795995 9.4402962 45 146 205
-0.5543090 -0.2302246 9.3977194 45 146 205
-0.5562910 -0.2229296 9.3978205 45 146 205
-0.6053573 -0.2290584 9.4315939 45 146 205
-0.5948013 -0.2359377 9.4322338 45 146 205
-0.5870745 -0.2222155 9.4369059 45 146 205
-0.5961115 -0.2149317 9.4369259 45 146 205
-0.5809833 -0.2149965 9.4395428 45 146 205
-0.6142341 -0.2219262 9.4267511 45 146 205
-0.6052302 -0.2071167 9.4341784 45 146 205
-0.5553173 -0.2472714 9.3932705 45 146 205
-0.6171466 -0.1926938 9.4181786 45 146 205
-0.6237225 -0.2083958 9.4082603 151 98 185
-0.6204708 -0.2151609 9.4188671 45 146 205
-0.6124235 -0.1996428 9.4273329 45 146 205
-0.4862821 -0.1309359 9.3989887 91 180 105
-0.5053313 -0.1316163 9.4063120 91 180 105
-0.5820478 -0.1489845 9.3865204 91 180 105
-0.5721854 -0.1403760 9.3874302 91 180 105
-0.5865633 -0.1585182 9.3838949 91 180 105
-0.5013732 -0.1237040 9.3670359 91 180 105
-0.4824649 -0.1208134 9.3620338 231 76 96
-0.5399820 -0.1341866 9.3733864 91 180 105
-0.5207576 -0.1284730 9.3705015 91 180 105
-0.5085123 -0.1688663 9.4267387 91 180 105
-0.6057037 -0.1591878 9.4148779 45 146 205
-0.5998300 -0.1509000 9.4230757 45 146 205
-0.6026778 -0.1589114 9.4031477 45 146 205
-0.5919593 -0.2139483 9.3626013 45 146 205
-0.5915867 -0.1964743 9.3702774 45 146 205
-0.5938324 -0.1518993 9.4381866 45 146 205
-0.5945421 -0.2347296 9.3526011 45 146 205
-0.5545390 -0.2019976 9.4376774 45 146 205
-0.5718365 -0.2232107 9.4356079 45 146 205
-0.5657779 -0.2194259 9.4348087 45 146 205
-0.4445346 -0.1728638 9.3605785 231 76 96
-0.5177166 -0.1922448 9.3754444 91 180 105
-0.5563314 -0.1855453 9.3806114 45 146 205
-0.5620759 -0.1752507 9.3760214 91 180 105
-0.6107565 -0.1712585 9.4064665 45 146 205
-0.6125280 -0.1733202 9.4167061 45 146 205
-0.6067536 -0.1622597 9.4250050 45 146 205
-0.5637284 -0.2079004 9.3780212 45 146 205
-0.5579691 -0.2154968 9.3861179 45 146 205
-0.4643430 -0.1182820 9.3568802 231 76 96
-0.5661090 -0.2008675 9.3799744 45 146 205
-0.5379428 -0.1993240 9.4316654 45 146 205
-0.6764677 -0.4156032 9.1579733 222 112 151
-0.6719843 -0.3992616 9.1391487 222 112 151
-0.6687239 -0.4119029 9.1395140 222 112 151
-0.5968899 -0.2663274 9.3099089 190 84 166
-0.5561814 -0.2393463 9.2952948 190 84 166
-0.5707560 -0.2429024 9.3011599 190 84 166
-0.6158069 -0.3250054 9.3096008 190 84 166
-0.6136871 -0.3161837 9.3102951 190 84 166
-0.6264971 -0.3497298 9.3177948 48 174 181
-0.6252813 -0.3452579 9.3156624 190 84 166
-0.5906846 -0.3008779 9.3140421 190 84 166
-0.5252736 -0.6338775 9.2420273 65 132 208
-0.5311259 -0.6301710 9.2387266 65 132 208
-0.5185389 -0.6459766 9.2446718 65 132 208
-0.4886054 -0.0949412 9.2413864 65 132 208
-0.4809745 -0.0705510 9.2357321 65 132 208
-0.4803379 -0.0601417 9.2370806 65 132 208
-0.5200298 -0.6133617 9.2398729 65 132 208
-0.5266650 -0.6113962 9.2376404 65 132 208
-0.5227667 -0.6117060 9.2411919 65 132 208
-0.5176327 -0.6141642 9.2399740 65 132 208
-0.5182953 -0.6134229 9.2396288 65 132 208
-0.5087773 -0.6438404 9.2438669 65 132 208
-0.5362275 -0.6230269 9.2349205 65 132 208
-0.5390168 -0.6139037 9.2336712 65 132 208
-0.5111473 -0.6300113 9.2412090 65 132 208
-0.6823661 -0.0866696 9.1906242 235 193 62
-0.6900654 -0.0704781 9.1908197 235 193 62
-0.6816108 -0.0705218 9.1698523 235 193 62
-0.6743563 -0.0860739 9.1714230 235 193 62
-0.6762179 -0.0553389 9.1469479 235 193 62
-0.6701659 -0.0718620 9.1488008 235 193 62
-0.6878101 -0.0509496 9.1695623 235 193 62
-0.7148896 -0.0169877 9.2745295 231 76 96
-0.7116054 -0.0400091 9.2737122 231 76 96
-0.6987470 -0.0432489 9.2963037 231 76 96
-0.7016202 -0.0201982 9.2973413 231 76 96
-0.6749485 -0.0606584 9.3109550 231 76 96
-0.6801150 -0.0424238 9.3158636 231 76 96
-0.6917813 -0.0619658 9.2920904 231 76 96
-0.6531384 -0.0571730 9.3244858 222 112 151
-0.6578771 -0.0390265 9.3286304 231 76 96
-0.6302021 -0.0508068 9.3314734 222 112 151
-0.6345705 -0.0317782 9.3357525 222 112 151
-0.6107302 -0.0243963 9.3369217 113 165 78
-0.5862193 -0.0156351 9.3319530 113 165 78
-0.5656528 0.0180062 9.3248873 113 165 78
-0.5632322 -0.0068629 9.3206329 113 165 78
-0.5440389 0.0007310 9.3066730 113 165 78
-0.5261968 0.0079650 9.2913609 113 165 78
-0.5115342 0.0119046 9.2767792 151 98 185
-0.5004117 0.0134362 9.2629652 151 98 185
-0.4912886 0.0137750 9.2507973 151 98 185
-0.4850727 0.0141882 9.2387857 151 98 185
-0.4896152 0.0377809 9.2373295 151 98 185
-0.5681263 -0.4272466 9.2713871 112 91 190
-0.6525895 -0.4901511 9.2368650 112 91 190
-0.6380600 -0.4908194 9.2629089 112 91 190
-0.6565431 -0.4867432 9.2504082 112 91 190
-0.6951913 -0.4383417 9.2643499 112 91 190
-0.6988211 -0.4333632 9.2416162 112 91 190
-0.6926390 -0.4494139 9.2451849 112 91 190
-0.6857971 -0.4552513 9.2716064 112 91 190
-0.6638643 -0.4814709 9.2234421 112 91 190
-0.6600326 -0.4845274 9.2156315 112 91 190
-0.6701550 -0.4780418 9.2326651 112 91 190
-0.6764229 -0.4688416 9.2136335 112 91 190
-0.6775227 -0.4620318 9.1943483 222 112 151
-0.6396207 -0.4759595 9.3153334 112 91 190
-0.6354325 -0.4676101 9.3295488 112 91 190
-0.6554738 -0.4607483 9.3228588 112 91 190
-0.6593643 -0.4669771 9.3105745 112 91 190
-0.6895825 -0.4231012 9.2923956 112 91 190
-0.6848426 -0.4214026 9.3052254 112 91 190
-0.6890471 -0.4082192 9.3000956 112 91 190
-0.6938376 -0.4091312 9.2874498 112 91 190
-0.6204447 -0.4293837 9.3600597 112 91 190
-0.6155869 -0.4132394 9.3687201 190 84 166
-0.6330403 -0.4147794 9.3647976 190 84 166
-0.6378626 -0.4291934 9.3554621 112 91 190
-0.6772242 -0.4349881 9.3101473 112 91 190
-0.7070351 -0.3219928 9.2201252 231 76 96
-0.7077817 -0.3294101 9.2387886 231 76 96
-0.7056882 -0.3389642 9.2567263 231 76 96
-0.6896384 -0.3590918 9.2956591 231 76 96
-0.6917390 -0.3423970 9.2877378 231 76 96
-0.6950310 -0.3547021 9.2859144 231 76 96
-0.6852485 -0.3615396 9.3041573 231 76 96
-0.6810677 -0.3618012 9.3119946 112 91 190
-0.5819129 -0.3975489 9.3336277 112 91 190
-0.5811039 -0.3807712 9.3244228 190 84 166
-0.5817299 -0.3752037 9.3224678 190 84 166
-0.6706081 -0.3526546 9.3262997 48 174 181
-0.6691598 -0.3484836 9.3255053 48 174 181
-0.6723080 -0.3516196 9.3194475 48 174 181
-0.6737299 -0.3560627 9.3194628 48 174 181
-0.6420902 -0.4814531 9.3000011 112 91 190
-0.6488256 -0.4091712 9.3617649 190 84 166
-0.6570300 -0.4024858 9.3555155 190 84 166
-0.6630030 -0.4133671 9.3459539 112 91 190
-0.6532747 -0.4218362 9.3512468 112 91 190
-0.6649531 -0.3960430 9.3490305 48 174 181
-0.6695516 -0.3891461 9.3431845 48 174 181
-0.6746395 -0.3964192 9.3345833 112 91 190
-0.6697547 -0.4060817 9.3390198 112 91 190
-0.6715350 -0.3567408 9.3289366 48 174 181
-0.6752014 -0.3619106 9.3192663 112 91 190
-0.5929210 -0.3946143 9.3642778 190 84 166
-0.6065178 -0.4539275 9.3414268 112 91 190
-0.6111298 -0.4651129 9.3299532 112 91 190
-0.5919926 -0.4521518 9.3241005 112 91 190
-0.5894305 -0.4424368 9.3305588 112 91 190
-0.6270541 -0.3420250 9.3224564 48 174 181
-0.6358446 -0.3373963 9.3234177 48 174 181
-0.6451846 -0.3335639 9.3234930 48 174 181
-0.6671913 -0.3436831 9.3182087 48 174 181
-0.6523643 -0.3306723 9.3243246 48 174 181
-0.5909020 -0.3524825 9.3207293 190 84 166
-0.5837990 -0.3615020 9.3291197 190 84 166
-0.5829011 -0.4322147 9.3160706 112 91 190
-0.5818264 -0.4219880 9.3229942 112 91 190
-0.6101486 -0.3967736 9.3754454 190 84 166
-0.6282895 -0.3972980 9.3752022 190 84 166
-0.6640751 -0.3330845 9.3405409 48 174 181
-0.6660354 -0.3399143 9.3326139 48 174 181
-0.6678559 -0.3445020 9.3343897 48 174 181
-0.6727618 -0.3407188 9.3109074 231 76 96
-0.6707990 -0.3469549 9.3186798 48 174 181
-0.6299400 -0.4566360 9.3420095 112 91 190
-0.6527826 -0.3889589 9.3665285 190 84 166
-0.6428444 -0.3940716 9.3712826 190 84 166
-0.6749153 -0.4128441 9.3292103 112 91 190
-0.6800095 -0.4180098 9.3174410 112 91 190
-0.6728975 -0.4303395 9.3225994 112 91 190
-0.6680611 -0.4230904 9.3340521 112 91 190
-0.6681516 -0.3690418 9.3500614 48 174 181
-0.6651345 -0.3791784 9.3530416 48 174 181
-0.6846926 -0.4062186 9.3119459 112 91 190
-0.6798915 -0.4023002 9.3234577 112 91 190
-0.6691188 -0.3494584 9.3373690 48 174 181
-0.5839484 -0.4400231 9.3090372 112 91 190
-0.5752975 -0.4233931 9.2954826 190 84 166
-0.5761347 -0.4197803 9.3041067 190 84 166
-0.5765277 -0.4119305 9.3106098 190 84 166
-0.5761351 -0.4030657 9.3143892 190 84 166
-0.5771421 -0.3919305 9.3181467 190 84 166
-0.5722618 -0.4257643 9.2848310 112 91 190
-0.6009152 -0.1551446 9.4324036 45 146 205
-0.6620848 -0.3277895 9.3387871 48 174 181
-0.6617861 -0.3251920 9.3491898 151 98 185
-0.6600763 -0.3184325 9.3479071 151 98 185
-0.6423564 -0.2868648 9.3907642 151 98 185
-0.4506166 -0.5159497 9.1692410 91 180 105
-0.4558452 -0.5125887 9.1693287 91 180 105
-0.4387015 -0.5356182 9.1679373 91 180 105
-0.4397089 -0.5322608 9.1681852 91 180 105
-0.5853354 -0.1854108 9.4449139 45 146 205
-0.5776094 -0.1810640 9.4469566 45 146 205
-0.5278428 -0.1695495 9.4364109 45 146 205
-0.5233949 -0.1853597 9.4301090 45 146 205
-0.5050159 -0.1830252 9.4197245 45 146 205
-0.5238742 -0.2046930 9.3966265 45 146 205
-0.5313555 -0.1991971 9.3853378 45 146 205
-0.5524332 -0.1663913 9.3696995 91 180 105
-0.5467789 -0.1345659 9.4165192 91 180 105
-0.4223018 -0.1637135 9.3280659 231 76 96
-0.4090359 -0.1575134 9.3153124 244 145 55
-0.4026310 -0.1602745 9.3217449 244 145 55
-0.4164151 -0.1648652 9.3353901 231 76 96
-0.3972609 -0.1498604 9.3019180 244 145 55
-0.4147471 -0.1509754 9.3122587 231 76 96
-0.4030655 -0.1431844 9.3013983 244 145 55
-0.4187667 -0.1430680 9.3132277 231 76 96
-0.4067687 -0.1360525 9.3042088 244 145 55
-0.4080587 -0.1289321 9.3084478 244 145 55
-0.4209220 -0.1349403 9.3156710 231 76 96
-0.4207678 -0.1278056 9.3192701 244 145 55
-0.4073000 -0.1224125 9.3127842 244 145 55
-0.4353849 -0.1250791 9.3298798 231 76 96
-0.4332438 -0.1182209 9.3359470 231 76 96
-0.4160820 -0.1171093 9.3305693 244 145 55
-0.4189349 -0.1218367 9.3240976 244 145 55
-0.3908483 -0.1174978 9.3385019 244 145 55
-0.4070063 -0.1169415 9.3453264 244 145 55
-0.4021539 -0.1231856 9.3502045 244 145 55
-0.3859130 -0.1229930 9.3422356 244 145 55
-0.4099641 -0.1393084 9.3624249 244 145 55
-0.3929039 -0.1391867 9.3521948 244 145 55
-0.3971683 -0.1308821 9.3524656 244 145 55
-0.4146058 -0.1302758 9.3620310 244 145 55
-0.3767836 -0.1385725 9.3423433 244 145 55
-0.3927593 -0.1465854 9.3458977 244 145 55
-0.3773444 -0.1456882 9.3350506 244 145 55
-0.4421159 -0.1639700 9.3340044 231 76 96
-0.4360889 -0.1686924 9.3400402 231 76 96
-0.4496925 -0.1736333 9.3516531 231 76 96
-0.4352991 -0.1413081 9.3231010 231 76 96
-0.4327571 -0.1498903 9.3218250 231 76 96
-0.4471051 -0.1564549 9.3308897 231 76 96
-0.4504430 -0.1474386 9.3310089 231 76 96
-0.4679492 -0.1242136 9.3474417 231 76 96
-0.4501637 -0.1211879 9.3418722 231 76 96
-0.4520702 -0.1291347 9.3357248 231 76 96
-0.4360332 -0.1331008 9.3256903 231 76 96
-0.4518883 -0.1384836 9.3327665 231 76 96
-0.4294122 -0.1146112 9.3441257 231 76 96
-0.4120712 -0.1146345 9.3381586 244 145 55
-0.4125156 -0.1606120 9.3431015 231 76 96
-0.3980029 -0.1575103 9.3297777 244 145 55
-0.3947172 -0.1523768 9.3377666 244 145 55
-0.4097421 -0.1549101 9.3504667 244 145 55
-0.4467914 -0.1161003 9.3506374 231 76 96
-0.4269311 -0.1641920 9.3558998 231 76 96
-0.4247724 -0.1572898 9.3635101 231 76 96
-0.4085954 -0.1476985 9.3578606 244 145 55
-0.4244209 -0.1484778 9.3701935 231 76 96
-0.3845482 -0.1536543 9.3163385 244 145 55
-0.3898784 -0.1543823 9.3078985 244 145 55
-0.4305620 -0.1689705 9.3481159 231 76 96
-0.4245966 -0.1160393 9.3520470 244 145 55
-0.4419973 -0.1167627 9.3591604 231 76 96
-0.4371984 -0.1215118 9.3664808 231 76 96
-0.4195731 -0.1220895 9.3585253 244 145 55
-0.4454438 -0.1392893 9.3830090 231 76 96
-0.4274910 -0.1391237 9.3723564 231 76 96
-0.4325787 -0.1297085 9.3707218 231 76 96
-0.3807906 -0.1299736 9.3437719 244 145 55
-0.4407452 -0.1496882 9.3828125 231 76 96
-0.3514172 -0.0851091 9.2717047 235 193 62
-0.3517854 -0.0810423 9.2639675 235 193 62
-0.3619547 -0.0802790 9.2679834 235 193 62
-0.3605652 -0.0856882 9.2763672 235 193 62
-0.3837019 -0.0837551 9.2745934 235 193 62
-0.3818865 -0.0781395 9.2649422 235 193 62
-0.3881160 -0.0856988 9.2622061 235 193 62
-0.3903648 -0.0925937 9.2719221 91 180 105
-0.3514268 -0.0802355 9.2571115 235 193 62
-0.3618902 -0.0773451 9.2612543 235 193 62
-0.3524854 -0.0842320 9.2533188 235 193 62
-0.3407355 -0.0821951 9.2528124 235 193 62
-0.3374709 -0.0873501 9.2494783 235 193 62
-0.3239642 -0.0857575 9.2472353 235 193 62
-0.3183951 -0.0921762 9.2502337 235 193 62
-0.3359334 -0.0988469 9.2492809 235 193 62
-0.3253617 -0.1093602 9.2696400 235 193 62
-0.3133242 -0.0966146 9.2670784 112 91 190
-0.3129796 -0.0982274 9.2759905 112 91 190
-0.3242958 -0.1097191 9.2785301 235 193 62
-0.3197019 -0.0976705 9.2904196 112 91 190
-0.3284880 -0.1072096 9.2932301 48 174 181
-0.3261695 -0.1085399 9.2859945 235 193 62
-0.3159824 -0.0969902 9.2828636 112 91 190
-0.3484184 -0.0892389 9.2841959 235 193 62
-0.3498198 -0.0883773 9.2793131 235 193 62
-0.3578389 -0.0903852 9.2844439 235 193 62
-0.3563112 -0.0920671 9.2897863 235 193 62
-0.3596767 -0.0824918 9.2476959 235 193 62
-0.3596199 -0.0800072 9.2483177 235 193 62
-0.3499877 -0.0899081 9.2506914 235 193 62
-0.3539223 -0.0946826 9.2507515 235 193 62
-0.3732687 -0.0954101 9.3126278 151 98 185
-0.3758983 -0.0977444 9.3066854 151 98 185
-0.3826189 -0.1050741 9.3092918 151 98 185
-0.3799053 -0.1028715 9.3166275 151 98 185
-0.3919752 -0.1042216 9.2874174 91 180 105
-0.3923015 -0.1169162 9.2810926 91 180 105
-0.3941931 -0.1209441 9.2883425 91 180 105
-0.3908534 -0.1090337 9.2943115 91 180 105
-0.3915879 -0.0988459 9.2801609 91 180 105
-0.3898371 -0.1028408 9.2670155 91 180 105
-0.3914796 -0.1106534 9.2742100 91 180 105
-0.3873804 -0.0938631 9.2581196 91 180 105
-0.3741692 -0.1047980 9.3254395 151 98 185
-0.3692945 -0.0986801 9.3242369 151 98 185
-0.2778653 -0.0429881 9.2462482 231 76 96
-0.2803909 -0.0478246 9.2451248 231 76 96
-0.2839832 -0.0454993 9.2479382 231 76 96
-0.2811845 -0.0406594 9.2494812 231 76 96
-0.3577742 -0.1133151 9.3272276 151 98 185
-0.3627142 -0.1154272 9.3306503 151 98 185
-0.3580007 -0.1223545 9.3272266 151 98 185
-0.3533241 -0.1202873 9.3222933 151 98 185
-0.3514722 -0.1090976 9.3234463 151 98 185
-0.3473129 -0.1160421 9.3167276 151 98 185
-0.2665964 -0.0442492 9.2536364 231 76 96
-0.2691872 -0.0497998 9.2533302 231 76 96
-0.2710389 -0.0501615 9.2493677 231 76 96
-0.2691048 -0.0446411 9.2491827 231 76 96
-0.3429514 -0.0829311 9.2667580 235 193 62
-0.3425971 -0.0802469 9.2594328 235 193 62
-0.3210945 -0.0724385 9.2526188 235 193 62
-0.3227514 -0.0753685 9.2489195 235 193 62
-0.3331444 -0.0783713 9.2539539 235 193 62
-0.3330017 -0.0785120 9.2609177 235 193 62
-0.3322127 -0.0804909 9.2769814 235 193 62
-0.3303137 -0.0791813 9.2703953 235 193 62
-0.3396935 -0.0847827 9.2754269 235 193 62
-0.3404062 -0.0857240 9.2821732 235 193 62
-0.3417453 -0.0819722 9.2919502 48 174 181
-0.3412739 -0.0791096 9.2958364 48 174 181
-0.3345969 -0.0755056 9.2911463 48 174 181
-0.3336391 -0.0781567 9.2863264 235 193 62
-0.3171349 -0.0690295 9.2741804 112 91 190
-0.3187686 -0.0685670 9.2776642 112 91 190
-0.3128628 -0.0642205 9.2775345 112 91 190
-0.3103945 -0.0642770 9.2742605 112 91 190
-0.3674358 -0.1175172 9.3337831 151 98 185
-0.3625002 -0.1251541 9.3320084 151 98 185
-0.3268614 -0.0939148 9.3042307 48 174 181
-0.3227183 -0.0863842 9.3009024 48 174 181
-0.3273970 -0.0828704 9.3063250 48 174 181
-0.3316351 -0.0893669 9.3115387 48 174 181
-0.3507349 -0.1251783 9.3139219 151 98 185
-0.3553639 -0.1283212 9.3193674 151 98 185
-0.2673572 -0.0422599 9.2583628 231 76 96
-0.2693316 -0.0480127 9.2584219 231 76 96
-0.3792835 -0.1008866 9.2553101 91 180 105
-0.3818419 -0.1117618 9.2640247 91 180 105
-0.3839687 -0.1203075 9.2722206 91 180 105
-0.3863025 -0.1261792 9.2787380 91 180 105
-0.3892598 -0.1307884 9.2844429 91 180 105
-0.3245712 -0.0748364 9.2617426 235 193 62
-0.3445628 -0.0857373 9.2742109 235 193 62
-0.3485644 -0.0891263 9.2880840 235 193 62
-0.3477551 -0.0801564 9.3109951 48 174 181
-0.3478313 -0.0802614 9.3044739 48 174 181
-0.3542113 -0.0827568 9.3077278 48 174 181
-0.3526675 -0.0828689 9.3163900 48 174 181
-0.3369155 -0.0836866 9.3119898 48 174 181
-0.3324752 -0.0786312 9.3059826 48 174 181
-0.3348433 -0.0745181 9.3027964 48 174 181
-0.3397776 -0.0784034 9.3087654 48 174 181
-0.3611038 -0.0841416 9.2464304 235 193 62
-0.3598673 -0.0962745 9.2516499 235 193 62
-0.3631447 -0.1059557 9.3283110 151 98 185
-0.3683333 -0.1094075 9.3298054 151 98 185
-0.3729020 -0.1126989 9.3317146 151 98 185
-0.3662514 -0.0948069 9.2989101 235 193 62
-0.3665125 -0.0946270 9.2952242 235 193 62
-0.3792800 -0.0986042 9.2983389 91 180 105
-0.3771872 -0.0994074 9.3029699 91 180 105
-0.3710762 -0.0854928 9.2820387 235 193 62
-0.3722415 -0.0795574 9.2729120 235 193 62
-0.3830544 -0.0901555 9.2845974 235 193 62
-0.3857200 -0.1070417 9.3031635 91 180 105
-0.3906208 -0.1134896 9.3050270 91 180 105
-0.3869520 -0.1112560 9.3121367 91 180 105
-0.3833924 -0.1090176 9.3197203 151 98 185
-0.3783192 -0.1096061 9.3270588 151 98 185
-0.3968480 -0.1175604 9.3083677 244 145 55
-0.3929083 -0.1146484 9.3152199 244 145 55
-0.3885258 -0.1130522 9.3227196 244 145 55
-0.3837784 -0.1128987 9.3295088 244 145 55
-0.3665838 -0.1365778 9.3326187 244 145 55
-0.3604377 -0.1322097 9.3250685 151 98 185
-0.3689908 -0.1281746 9.3375139 244 145 55
-0.3981681 -0.1285391 9.2949629 244 145 55
-0.3988091 -0.1223841 9.3019695 244 145 55
-0.3937241 -0.1167076 9.2974300 91 180 105
-0.3942491 -0.1355467 9.2916784 244 145 55
-0.3805849 -0.0736444 9.2578783 235 193 62
-0.3717837 -0.0733291 9.2581367 235 193 62
-0.3715371 -0.0681243 9.2532167 235 193 62
-0.3789898 -0.0675932 9.2521200 235 193 62
-0.3300883 -0.0816361 9.2491035 235 193 62
-0.3169425 -0.0782697 9.2461281 235 193 62
-0.3097393 -0.0814013 9.2467031 231 76 96
-0.3634596 -0.0931492 9.3230486 48 174 181
-0.3666194 -0.0901743 9.3128719 48 174 181
-0.3142515 -0.0698227 9.2552223 235 193 62
-0.2731112 -0.0563709 9.2525272 231 76 96
-0.2797959 -0.0676710 9.2524281 231 76 96
-0.2848117 -0.0674840 9.2468309 231 76 96
-0.2753642 -0.0561956 9.2480135 231 76 96
-0.3003896 -0.0649134 9.2574120 112 91 190
-0.2938284 -0.0589629 9.2569113 231 76 96
-0.2967997 -0.0605856 9.2515688 231 76 96
-0.3043340 -0.0663244 9.2524595 231 76 96
-0.3211895 -0.0679245 9.2817926 112 91 190
-0.3170981 -0.0646659 9.2810335 112 91 190
-0.3005693 -0.0809871 9.2659731 112 91 190
-0.3163889 -0.0975333 9.2569981 235 193 62
-0.3021519 -0.0851170 9.2575951 112 91 190
-0.3329143 -0.0799030 9.2820501 235 193 62
-0.3257379 -0.0734878 9.2812033 112 91 190
-0.3246901 -0.0745849 9.2774487 112 91 190
-0.3179047 -0.0723380 9.2615919 235 193 62
-0.3219063 -0.0743707 9.2665796 235 193 62
-0.3129208 -0.0697747 9.2631502 112 91 190
-0.3098471 -0.0685565 9.2582521 112 91 190
-0.3446858 -0.0888577 9.3190851 48 174 181
-0.3377506 -0.0967049 9.3160706 48 174 181
-0.2755708 -0.0494980 9.2460575 231 76 96
-0.2733243 -0.0443056 9.2465334 231 76 96
-0.3737009 -0.1205581 9.3373775 244 145 55
-0.3788898 -0.1153450 9.3343639 244 145 55
-0.3411516 -0.0845841 9.2872276 235 193 62
-0.3285357 -0.1077008 9.2591734 235 193 62
-0.3493748 -0.0878479 9.2925138 235 193 62
-0.3147925 -0.0761370 9.2915468 112 91 190
-0.3122596 -0.0701069 9.2921848 112 91 190
-0.3169606 -0.0673507 9.2905140 112 91 190
-0.3201586 -0.0720818 9.2916241 112 91 190
-0.2866721 -0.0489928 9.2577581 231 76 96
-0.2826446 -0.0428143 9.2591457 231 76 96
-0.2842988 -0.0436437 9.2537260 231 76 96
-0.2887796 -0.0499716 9.2518673 231 76 96
-0.3085569 -0.0686134 9.2491007 231 76 96
-0.2989774 -0.0623849 9.2468328 231 76 96
-0.2979200 -0.0646403 9.2437878 231 76 96
-0.3109162 -0.0716813 9.2459593 231 76 96
-0.3034896 -0.0739173 9.2448502 231 76 96
-0.2914202 -0.0664828 9.2439442 231 76 96
-0.2823383 -0.0494458 9.2619429 231 76 96
-0.2885706 -0.0593851 9.2613993 231 76 96
-0.2841035 -0.0633631 9.2619524 231 76 96
-0.2762379 -0.0522197 9.2624769 231 76 96
-0.3371837 -0.1156926 9.2966862 48 174 181
-0.3307635 -0.1043774 9.3007984 48 174 181
-0.3385679 -0.1127502 9.3045597 48 174 181
-0.3125076 -0.0859201 9.2885618 112 91 190
-0.3191378 -0.0841253 9.2933016 112 91 190
-0.3235210 -0.0958800 9.2972164 48 174 181
-0.3333648 -0.1015498 9.3078794 48 174 181
-0.2962832 -0.0691760 9.2663002 112 91 190
-0.2945809 -0.0724958 9.2691870 112 91 190
-0.2934256 -0.0719380 9.2625628 112 91 190
-0.3502951 -0.0846764 9.2983313 48 174 181
-0.2807856 -0.0557191 9.2448645 231 76 96
-0.3680672 -0.1366279 9.2821512 91 180 105
-0.3629055 -0.1314269 9.2761087 91 180 105
-0.3534512 -0.1328621 9.2846375 91 180 105
-0.3603023 -0.1383351 9.2899084 91 180 105
-0.2895182 -0.0519080 9.2463417 231 76 96
-0.2861995 -0.0538713 9.2436314 231 76 96
-0.3227497 -0.0669372 9.2853489 112 91 190
-0.3235838 -0.0663080 9.2883587 112 91 190
-0.3201408 -0.0644826 9.2880621 112 91 190
-0.3190345 -0.0645499 9.2845449 112 91 190
-0.3405987 -0.1094456 9.3118162 48 174 181
-0.3211280 -0.0793214 9.2997532 48 174 181
-0.3268459 -0.0764714 9.3024721 48 174 181
-0.3454120 -0.1202146 9.3088264 151 98 185
-0.3505292 -0.1289320 9.3044434 151 98 185
-0.3445997 -0.1234236 9.3005075 151 98 185
-0.3066921 -0.0810555 9.2802324 112 91 190
-0.3359215 -0.1171666 9.2894659 235 193 62
-0.3441586 -0.1252189 9.2930717 151 98 185
-0.3512071 -0.1318223 9.2959070 151 98 185
-0.3565882 -0.1369447 9.3001146 151 98 185
-0.3552091 -0.1333104 9.3093271 151 98 185
-0.2731850 -0.0551400 9.2582474 231 76 96
-0.2725585 -0.0454798 9.2629137 231 76 96
-0.3678058 -0.1424710 9.3234100 244 145 55
-0.3611082 -0.1375890 9.3151035 151 98 185
-0.3706870 -0.1459948 9.3139782 244 145 55
-0.3628525 -0.1414581 9.3058949 151 98 185
-0.3468856 -0.1260008 9.2768993 91 180 105
-0.3448108 -0.1259904 9.2849007 91 180 105
-0.3365469 -0.1180648 9.2731113 235 193 62
-0.3354442 -0.1181310 9.2817888 235 193 62
-0.3023512 -0.0850075 9.2745104 112 91 190
-0.2726800 -0.0304034 9.2624397 231 76 96
-0.2769333 -0.0297015 9.2606201 231 76 96
-0.2798676 -0.0371764 9.2600985 231 76 96
-0.2752119 -0.0376958 9.2628317 231 76 96
-0.2781466 -0.0433758 9.2626448 231 76 96
-0.2703580 -0.0397689 9.2625732 231 76 96
-0.3411224 -0.1151173 9.2628641 235 193 62
-0.3044091 -0.0660766 9.2626829 112 91 190
-0.3553350 -0.1218589 9.2674055 91 180 105
-0.3565677 -0.1097569 9.2564983 235 193 62
-0.3460521 -0.1071773 9.2529497 235 193 62
-0.3699791 -0.1180298 9.2642231 91 180 105
-0.3738860 -0.1267668 9.2726669 91 180 105
-0.3817981 -0.1368683 9.2843266 91 180 105
-0.3778035 -0.1325438 9.2792368 91 180 105
-0.3875633 -0.1420478 9.2909222 244 145 55
-0.3685585 -0.1064893 9.2560186 91 180 105
-0.2794077 -0.0336538 9.2509232 231 76 96
-0.2761592 -0.0359998 9.2472200 231 76 96
-0.3734158 -0.1411632 9.2875786 91 180 105
-0.3800892 -0.1471423 9.2959566 244 145 55
-0.3718937 -0.0757992 9.2642345 235 193 62
-0.3575022 -0.0906246 9.2970161 235 193 62
-0.3589816 -0.0879218 9.3021498 48 174 181
-0.3603260 -0.0857195 9.3104630 48 174 181
-0.3579777 -0.0879571 9.3204308 48 174 181
-0.3740706 -0.1487798 9.3044033 244 145 55
-0.4042600 -0.1180537 9.3187828 244 145 55
-0.4001262 -0.1157848 9.3259192 244 145 55
-0.3805842 -0.1502019 9.3256083 244 145 55
-0.2718435 -0.0371534 9.2467585 231 76 96
-0.3070579 -0.0646023 9.2799549 112 91 190
-0.3060280 -0.0637676 9.2780113 112 91 190
-0.3858382 -0.0794230 9.2557421 235 193 62
-0.3826708 -0.0724529 9.2494631 235 193 62
-0.3740153 -0.0812287 9.2435617 235 193 62
-0.3775476 -0.0911244 9.2488384 235 193 62
-0.3848600 -0.0861053 9.2517242 235 193 62
-0.3803525 -0.0775472 9.2458735 235 193 62
-0.3667105 -0.0932702 9.3017168 235 193 62
-0.3667397 -0.0912522 9.3060017 48 174 181
-0.3445709 -0.1035557 9.3199644 48 174 181
-0.3508796 -0.0953902 9.3239927 48 174 181
-0.2960893 -0.0757526 9.2469501 231 76 96
-0.2894923 -0.0762909 9.2523928 231 76 96
-0.3016918 -0.0835571 9.2514286 231 76 96
-0.2811050 -0.0667053 9.2580528 231 76 96
-0.2945743 -0.0658178 9.2615442 112 91 190
-0.2981518 -0.0664631 9.2637119 112 91 190
-0.3684998 -0.0912686 9.2895346 235 193 62
-0.3813810 -0.0950142 9.2923641 91 180 105
-0.3635203 -0.0751611 9.2513151 235 193 62
-0.3630226 -0.0776703 9.2562275 235 193 62
-0.3239663 -0.0752033 9.2725086 235 193 62
-0.2983432 -0.0716357 9.2794094 112 91 190
-0.2944452 -0.0749246 9.2752390 112 91 190
-0.3162594 -0.0703487 9.2692528 112 91 190
-0.2677823 -0.0370876 9.2489586 231 76 96
-0.2649849 -0.0364687 9.2532358 231 76 96
-0.2904717 -0.0759098 9.2582464 231 76 96
-0.3272675 -0.0717624 9.2853737 112 91 190
-0.3015954 -0.0668927 9.2803745 112 91 190
-0.3045067 -0.0723627 9.2833633 112 91 190
-0.3310365 -0.0747035 9.3012419 48 174 181
-0.3665155 -0.1431843 9.2955475 91 180 105
-0.2822486 -0.0385832 9.2552299 231 76 96
-0.2802474 -0.0312520 9.2560949 231 76 96
-0.2688526 -0.0324751 9.2617455 231 76 96
-0.2658078 -0.0349826 9.2583103 231 76 96
-0.3572026 -0.1011120 9.3268023 151 98 185
-0.3563783 -0.0920924 9.2932692 235 193 62
-0.3957408 -0.1150502 9.3330832 244 145 55
-0.3683925 -0.0951757 9.2504034 235 193 62
-0.3664067 -0.0834026 9.2448282 235 193 62
-0.3093385 -0.0659109 9.2683830 112 91 190
-0.3201442 -0.0769267 9.2947226 112 91 190
-0.3024971 -0.0687026 9.2864752 112 91 190
-0.3058022 -0.0710753 9.2911644 112 91 190
-0.3083773 -0.0774233 9.2893925 112 91 190
-0.3038549 -0.0649850 9.2830687 112 91 190
-0.2643632 -0.0285904 9.2582283 231 76 96
-0.2674938 -0.0262532 9.2615118 231 76 96
-0.2635696 -0.0299737 9.2531424 231 76 96
-0.2666008 -0.0310651 9.2492161 231 76 96
-0.2705073 -0.0316769 9.2474604 231 76 96
-0.2712077 -0.0245711 9.2622929 231 76 96
-0.2751353 -0.0242926 9.2607622 231 76 96
-0.2785253 -0.0263895 9.2567663 231 76 96
-0.2703575 -0.0193154 9.2619286 231 76 96
-0.2664501 -0.0199972 9.2611504 231 76 96
-0.2625704 -0.0180908 9.2518263 231 76 96
-0.2618436 -0.0165061 9.2543879 231 76 96
-0.2621684 -0.0197179 9.2550392 231 76 96
-0.2624080 -0.0231432 9.2533779 231 76 96
-0.2626621 -0.0133886 9.2517195 231 76 96
-0.2614363 -0.0121759 9.2543335 231 76 96
-0.2623376 -0.0153956 9.2579594 231 76 96
-0.2629421 -0.0195076 9.2578735 231 76 96
-0.2617553 -0.0108574 9.2579603 65 132 208
-0.2641397 -0.0099086 9.2603006 65 132 208
-0.2648324 -0.0142946 9.2600574 231 76 96
-0.2647798 -0.0180094 9.2597656 231 76 96
-0.2633630 -0.0229316 9.2580547 231 76 96
-0.2628497 -0.0089408 9.2527752 65 132 208
-0.2638109 -0.0058147 9.2561760 65 132 208
-0.2616573 -0.0070951 9.2575912 65 132 208
-0.2613373 -0.0091315 9.2545290 65 132 208
-0.2656195 -0.0253136 9.2494431 231 76 96
-0.2652067 -0.0189815 9.2495356 231 76 96
-0.2652044 -0.0136047 9.2499971 231 76 96
-0.2655332 -0.0090548 9.2516098 231 76 96
-0.2685392 -0.0186764 9.2484989 231 76 96
-0.2680546 -0.0130912 9.2497797 231 76 96
-0.2681528 -0.0094278 9.2515612 231 76 96
-0.2719021 -0.0174630 9.2494087 231 76 96
-0.2704867 -0.0120761 9.2509317 231 76 96
-0.2694968 -0.0261703 9.2478037 231 76 96
-0.2734425 -0.0255075 9.2484903 231 76 96
-0.2697232 -0.0097697 9.2521324 231 76 96
-0.2664780 -0.0060474 9.2552156 65 132 208
-0.2672405 -0.0140639 9.2614708 231 76 96
-0.2667939 -0.0093369 9.2610064 65 132 208
-0.2699212 -0.0137036 9.2615948 231 76 96
-0.2691018 -0.0090185 9.2607241 65 132 208
-0.2635375 -0.0068873 9.2600899 65 132 208
-0.2656522 -0.0060303 9.2598352 65 132 208
-0.2747088 -0.0310203 9.2479353 231 76 96
-0.2779121 -0.0287805 9.2518816 231 76 96
-0.2765474 -0.0236648 9.2521315 231 76 96
-0.2750002 -0.0156837 9.2527399 231 76 96
-0.2770143 -0.0212331 9.2567520 231 76 96
-0.2739082 -0.0190812 9.2605429 231 76 96
-0.2725446 -0.0135623 9.2602482 231 76 96
-0.2750900 -0.0142893 9.2572203 231 76 96
-0.2713332 -0.0092121 9.2593117 65 132 208
-0.2728167 -0.0098581 9.2568502 65 132 208
-0.2723988 -0.0108166 9.2536411 231 76 96
-0.2701416 -0.0070197 9.2575378 65 132 208
-0.2680990 -0.0062039 9.2589512 65 132 208
-0.2688456 -0.0072880 9.2545929 65 132 208
-0.2706226 -0.0086240 9.2541609 65 132 208
-0.2712481 -0.0081229 9.2562599 65 132 208
-0.2905079 -0.0327778 9.2702618 231 76 96
-0.2914472 -0.0397341 9.2693682 231 76 96
-0.2947112 -0.0386548 9.2722855 112 91 190
-0.2938970 -0.0315328 9.2737617 113 165 78
-0.2792302 -0.0361831 9.2746325 231 76 96
-0.2800401 -0.0429436 9.2740498 231 76 96
-0.2831980 -0.0420179 9.2704096 231 76 96
-0.2828342 -0.0351715 9.2708673 231 76 96
-0.2806219 -0.0357855 9.2800550 231 76 96
-0.2812055 -0.0426173 9.2797070 231 76 96
-0.2821848 -0.0510179 9.2724600 231 76 96
-0.2884474 -0.0635845 9.2705040 112 91 190
-0.2919675 -0.0615324 9.2676287 112 91 190
-0.2855539 -0.0495378 9.2688923 231 76 96
-0.3028411 -0.0571067 9.2784958 112 91 190
-0.3045000 -0.0578961 9.2737789 112 91 190
-0.2876500 -0.0407932 9.2689590 231 76 96
-0.2869596 -0.0338978 9.2695055 231 76 96
-0.2981835 -0.0450162 9.2798853 112 91 190
-0.2961574 -0.0370147 9.2814465 113 165 78
-0.2965538 -0.0375643 9.2769995 113 165 78
-0.2989584 -0.0454243 9.2750072 112 91 190
-0.3034660 -0.0589417 9.2686815 112 91 190
-0.2998173 -0.0597544 9.2653847 112 91 190
-0.2954085 -0.0604690 9.2658443 112 91 190
-0.2943150 -0.0457617 9.2832079 112 91 190
-0.2980918 -0.0581583 9.2817955 112 91 190
-0.2925013 -0.0611845 9.2816057 112 91 190
-0.2882465 -0.0479310 9.2832136 112 91 190
-0.2898433 -0.0484120 9.2673388 231 76 96
-0.2973278 -0.0466505 9.2699509 112 91 190
-0.2939698 -0.0475007 9.2673912 231 76 96
-0.2830836 -0.0507802 9.2786131 112 91 190
-0.2867082 -0.0400319 9.2838259 112 91 190
-0.2887242 -0.0224267 9.2841864 113 165 78
-0.2927361 -0.0210290 9.2826958 113 165 78
-0.2950979 -0.0300393 9.2824306 113 165 78
-0.2908884 -0.0310512 9.2843924 113 165 78
-0.2923542 -0.0378161 9.2841177 113 165 78
-0.2855725 -0.0334483 9.2838326 113 165 78
-0.2928590 -0.0212805 9.2746801 113 165 78
-0.2895044 -0.0229361 9.2710590 65 132 208
-0.2860703 -0.0240623 9.2699938 65 132 208
-0.2879372 -0.0641731 9.2771540 112 91 190
-0.2824986 -0.0254257 9.2712574 231 76 96
-0.2788620 -0.0267549 9.2747259 231 76 96
-0.2960013 -0.0303642 9.2782516 113 165 78
-0.2945887 -0.0206941 9.2790270 113 165 78
-0.2842408 -0.0246437 9.2836466 113 165 78
-0.2798241 -0.0268200 9.2802048 65 132 208
-0.2794900 -0.0189082 9.2802887 65 132 208
-0.2835398 -0.0172535 9.2834425 65 132 208
-0.2782200 -0.0189872 9.2750330 65 132 208
-0.2816886 -0.0185906 9.2716208 65 132 208
-0.2851871 -0.0180224 9.2704201 65 132 208
-0.2871516 -0.0156003 9.2838345 65 132 208
-0.2908214 -0.0146306 9.2826586 65 132 208
-0.2931495 -0.0148757 9.2792053 65 132 208
-0.2861735 -0.0089863 9.2837324 65 132 208
-0.2826676 -0.0093489 9.2833805 65 132 208
-0.2782314 0.0001143 9.2750168 65 132 208
-0.2769575 0.0003093 9.2776918 65 132 208
-0.2774970 -0.0043877 9.2774897 65 132 208
-0.2778288 -0.0052624 9.2747993 65 132 208
-0.2776162 -0.0077098 9.2779789 65 132 208
-0.2774550 -0.0109593 9.2757883 65 132 208
-0.2786522 -0.0036511 9.2812796 65 132 208
-0.2788860 -0.0077013 9.2805786 65 132 208
-0.2772187 0.0013595 9.2816811 65 132 208
-0.2800444 0.0018882 9.2836905 65 132 208
-0.2808149 -0.0035230 9.2827091 65 132 208
-0.2810654 -0.0069035 9.2823105 65 132 208
-0.2782213 0.0048894 9.2765312 65 132 208
-0.2765288 0.0040185 9.2781553 65 132 208
-0.2790613 -0.0118428 9.2804708 65 132 208
-0.2809887 -0.0125560 9.2722263 65 132 208
-0.2805519 -0.0057153 9.2724133 65 132 208
-0.2805778 0.0005327 9.2733870 65 132 208
-0.2808304 0.0051548 9.2752705 65 132 208
-0.2841144 -0.0054591 9.2712021 65 132 208
-0.2834234 0.0008125 9.2726383 65 132 208
-0.2834913 0.0046045 9.2749605 65 132 208
-0.2879628 -0.0045291 9.2722025 65 132 208
-0.2864239 0.0014343 9.2738314 65 132 208
-0.2847339 -0.0127908 9.2709675 65 132 208
-0.2885209 -0.0123011 9.2718410 65 132 208
-0.2853152 0.0040560 9.2753305 65 132 208
-0.2816100 0.0073581 9.2788858 65 132 208
-0.2789339 0.0075435 9.2800970 65 132 208
-0.2763833 0.0059729 9.2817211 65 132 208
-0.2831000 -0.0032277 9.2832384 65 132 208
-0.2823618 0.0024758 9.2833881 65 132 208
-0.2853772 -0.0025011 9.2838058 65 132 208
-0.2843512 0.0030263 9.2834101 65 132 208
-0.2792285 0.0056312 9.2838192 65 132 208
-0.2810035 0.0064905 9.2830734 65 132 208
-0.2887672 -0.0170819 9.2716684 65 132 208
-0.2918916 -0.0158482 9.2748795 65 132 208
-0.2915880 -0.0111083 9.2750330 65 132 208
-0.2907768 -0.0034158 9.2757721 65 132 208
-0.2924438 -0.0099041 9.2794561 65 132 208
-0.2896159 -0.0088366 9.2828426 65 132 208
-0.2881505 -0.0024196 9.2829351 65 132 208
-0.2907198 -0.0027948 9.2802143 65 132 208
-0.2864423 0.0027698 9.2823582 65 132 208
-0.2883918 0.0024177 9.2803087 65 132 208
-0.2885346 0.0020874 9.2768326 65 132 208
-0.2851795 0.0057697 9.2810078 65 132 208
-0.2832139 0.0066249 9.2820768 65 132 208
-0.2842279 0.0063336 9.2780857 65 132 208
-0.2863290 0.0047780 9.2774792 65 132 208
-0.2867478 0.0046476 9.2798357 65 132 208
-0.3069567 -0.0359491 9.2843990 113 165 78
-0.3069745 -0.0418806 9.2840490 112 91 190
-0.3112298 -0.0416579 9.2850494 112 91 190
-0.3115090 -0.0356662 9.2854986 113 165 78
-0.2984616 -0.0378072 9.2907019 113 165 78
-0.2977982 -0.0448921 9.2907562 112 91 190
-0.2993472 -0.0434016 9.2871704 112 91 190
-0.2996548 -0.0370045 9.2874165 113 165 78
-0.3007598 -0.0379226 9.2944241 113 165 78
-0.3005334 -0.0453791 9.2948437 112 91 190
-0.2982260 -0.0519304 9.2900047 112 91 190
-0.3004636 -0.0615498 9.2884865 112 91 190
-0.3026016 -0.0592306 9.2847185 112 91 190
-0.2999518 -0.0498590 9.2861624 112 91 190
-0.3026783 -0.0423459 9.2848492 112 91 190
-0.3025274 -0.0362960 9.2851982 113 165 78
-0.3159898 -0.0482544 9.2901831 112 91 190
-0.3149975 -0.0416439 9.2915840 113 165 78
-0.3140086 -0.0414704 9.2879362 112 91 190
-0.3145830 -0.0480562 9.2860832 112 91 190
-0.3146369 -0.0587898 9.2818365 112 91 190
-0.3107201 -0.0587170 9.2804575 112 91 190
-0.3066946 -0.0586011 9.2818470 112 91 190
-0.3133316 -0.0494111 9.2940426 112 91 190
-0.3152099 -0.0599533 9.2921009 112 91 190
-0.3099273 -0.0617769 9.2945242 112 91 190
-0.3075229 -0.0515649 9.2962112 112 91 190
-0.3037241 -0.0485118 9.2835026 112 91 190
-0.3123662 -0.0480316 9.2831783 112 91 190
-0.3080521 -0.0481328 9.2822418 112 91 190
-0.3013614 -0.0528500 9.2943172 112 91 190
-0.3067433 -0.0443406 9.2964573 112 91 190
-0.3099769 -0.0262569 9.2953453 113 165 78
-0.3132327 -0.0254692 9.2931585 113 165 78
-0.3149174 -0.0353165 9.2923508 113 165 78
-0.3117048 -0.0360627 9.2951155 113 165 78
-0.3125975 -0.0426500 9.2949018 112 91 190
-0.3061671 -0.0370708 9.2961941 113 165 78
-0.3111725 -0.0264620 9.2859650 113 165 78
-0.3069042 -0.0270090 9.2840929 113 165 78
-0.3026621 -0.0274357 9.2851391 113 165 78
-0.3033223 -0.0627641 9.2931757 112 91 190
-0.3179731 -0.0587199 9.2883997 112 91 190
-0.3000688 -0.0277827 9.2869387 113 165 78
-0.2987903 -0.0281206 9.2899027 113 165 78
-0.3145138 -0.0354456 9.2887096 113 165 78
-0.3139862 -0.0259600 9.2895002 113 165 78
-0.3051899 -0.0274318 9.2957239 113 165 78
-0.3004181 -0.0284066 9.2939672 113 165 78
-0.3002842 -0.0215809 9.2934618 113 165 78
-0.3047132 -0.0208636 9.2958174 113 165 78
-0.2985700 -0.0211962 9.2893896 113 165 78
-0.3003047 -0.0211281 9.2867270 113 165 78
-0.3028692 -0.0213770 9.2851095 113 165 78
-0.3091666 -0.0197777 9.2953777 113 165 78
-0.3119295 -0.0192075 9.2933588 113 165 78
-0.3129701 -0.0204015 9.2898798 113 165 78
-0.3089624 -0.0148205 9.2953901 113 165 78
-0.3046402 -0.0146763 9.2952709 113 165 78
-0.2989094 -0.0044861 9.2877159 113 165 78
-0.2988671 -0.0042947 9.2897272 113 165 78
-0.2993592 -0.0086159 9.2895355 113 165 78
-0.2988109 -0.0090802 9.2876034 113 165 78
-0.2992152 -0.0119433 9.2901421 113 165 78
-0.2985950 -0.0147788 9.2890491 113 165 78
-0.3002921 -0.0086188 9.2928581 113 165 78
-0.3004922 -0.0125669 9.2926626 113 165 78
-0.2999973 -0.0041831 9.2932491 113 165 78
-0.3035144 -0.0043644 9.2950706 113 165 78
-0.3037875 -0.0088319 9.2944307 113 165 78
-0.3030766 -0.0121975 9.2942905 113 165 78
-0.2993774 -0.0005486 9.2890043 113 165 78
-0.2987010 -0.0012647 9.2904472 113 165 78
-0.3005192 -0.0161370 9.2928600 113 165 78
-0.3002108 -0.0158957 9.2864656 113 165 78
-0.3002653 -0.0096584 9.2858095 113 165 78
-0.3004685 -0.0045349 9.2860279 113 165 78
-0.3014765 -0.0007030 9.2874498 113 165 78
-0.3029984 -0.0099894 9.2847738 113 165 78
-0.3030298 -0.0046911 9.2853832 113 165 78
-0.3037699 -0.0015190 9.2867355 113 165 78
-0.3062797 -0.0101317 9.2844963 113 165 78
-0.3057329 -0.0047785 9.2854252 113 165 78
-0.3030494 -0.0163436 9.2850466 113 165 78
-0.3065919 -0.0168970 9.2847099 113 165 78
-0.3054863 -0.0023994 9.2866859 113 165 78
-0.3038936 0.0011334 9.2906914 113 165 78
-0.3013643 0.0012451 9.2922802 113 165 78
-0.2996422 -0.0003026 9.2935934 113 165 78
-0.3062026 -0.0091431 9.2953568 113 165 78
-0.3059244 -0.0042205 9.2953157 113 165 78
-0.3088838 -0.0093616 9.2948904 113 165 78
-0.3080532 -0.0041218 9.2945948 113 165 78
-0.3025940 -0.0012999 9.2951193 113 165 78
-0.3042881 -0.0006079 9.2948112 113 165 78
-0.3064933 -0.0216291 9.2845812 113 165 78
-0.3104917 -0.0213493 9.2863655 113 165 78
-0.3102171 -0.0168207 9.2863722 113 165 78
-0.3098746 -0.0097492 9.2864695 113 165 78
-0.3125289 -0.0161165 9.2899780 113 165 78
-0.3114956 -0.0150315 9.2932854 113 165 78
-0.3109978 -0.0094924 9.2931175 113 165 78
-0.3117191 -0.0098299 9.2900295 113 165 78
-0.3096920 -0.0042446 9.2928104 113 165 78
-0.3103171 -0.0045411 9.2902517 113 165 78
-0.3087191 -0.0045660 9.2872715 113 165 78
-0.3080782 -0.0013304 9.2918816 113 165 78
-0.3064103 -0.0007544 9.2936373 113 165 78
-0.3058329 -0.0002840 9.2893038 113 165 78
-0.3073064 -0.0019155 9.2882900 113 165 78
-0.3088557 -0.0021214 9.2902269 113 165 78
-0.3165697 -0.0588052 9.2846584 112 91 190
-0.3285444 -0.0464001 9.2944727 222 112 151
-0.3277722 -0.0512068 9.2939329 222 112 151
-0.3314906 -0.0515701 9.2947388 222 112 151
-0.3324519 -0.0469463 9.2953539 222 112 151
-0.3223704 -0.0475779 9.3023891 222 112 151
-0.3211788 -0.0533635 9.3017130 222 112 151
-0.3215832 -0.0521234 9.2980261 222 112 151
-0.3224664 -0.0464758 9.2986355 222 112 151
-0.3253291 -0.0485897 9.3050938 222 112 151
-0.3239259 -0.0545450 9.3042383 222 112 151
-0.3202034 -0.0600317 9.2997265 222 112 151
-0.3196745 -0.0704688 9.2971964 112 91 190
-0.3215451 -0.0673364 9.2941875 112 91 190
-0.3214033 -0.0584797 9.2964725 112 91 190
-0.3320983 -0.0716428 9.2982531 48 174 181
-0.3327358 -0.0665109 9.2974777 48 174 181
-0.3321743 -0.0650243 9.2941866 48 174 181
-0.3315846 -0.0696734 9.2948809 48 174 181
-0.3242652 -0.0513763 9.2951641 222 112 151
-0.3248818 -0.0461200 9.2956924 222 112 151
-0.3338002 -0.0581734 9.2984095 222 112 151
-0.3351294 -0.0529349 9.2997646 222 112 151
-0.3340617 -0.0520965 9.2967825 222 112 151
-0.3329892 -0.0569041 9.2952366 222 112 151
-0.3306394 -0.0686146 9.2908783 48 174 181
-0.3304982 -0.0642011 9.2917776 48 174 181
-0.3270129 -0.0643752 9.2908754 112 91 190
-0.3271849 -0.0672891 9.2885914 48 174 181
-0.3245187 -0.0650930 9.2917318 112 91 190
-0.3318806 -0.0597423 9.3015909 222 112 151
-0.3313417 -0.0686323 9.3005142 48 174 181
-0.3269706 -0.0711485 9.3024282 48 174 181
-0.3280239 -0.0609319 9.3036604 222 112 151
-0.3239982 -0.0570698 9.2937622 222 112 151
-0.3310423 -0.0564892 9.2932940 222 112 151
-0.3270994 -0.0563610 9.2925768 222 112 151
-0.3221149 -0.0614167 9.3022499 222 112 151
-0.3291804 -0.0545681 9.3049202 222 112 151
-0.3355132 -0.0420350 9.3041677 222 112 151
-0.3368469 -0.0416729 9.3014383 222 112 151
-0.3364105 -0.0480565 9.3005552 222 112 151
-0.3348363 -0.0487455 9.3037968 222 112 151
-0.3333406 -0.0538826 9.3029976 222 112 151
-0.3306650 -0.0489954 9.3057203 222 112 151
-0.3329448 -0.0407123 9.2957993 222 112 151
-0.3292521 -0.0398123 9.2949333 222 112 151
-0.3256737 -0.0395532 9.2960625 222 112 151
-0.3206723 -0.0724389 9.3002453 48 174 181
-0.3233276 -0.0394881 9.2986317 222 112 151
-0.3232205 -0.0402231 9.3021832 222 112 151
-0.3351240 -0.0474343 9.2973833 222 112 151
-0.3356111 -0.0412405 9.2982092 222 112 151
-0.3315972 -0.0420141 9.3057117 222 112 151
-0.3264125 -0.0415394 9.3050604 222 112 151
-0.3266829 -0.0359825 9.3050346 222 112 151
-0.3316979 -0.0364659 9.3058462 222 112 151
-0.3237530 -0.0349003 9.3017797 222 112 151
-0.3239791 -0.0346676 9.2987118 222 112 151
-0.3263801 -0.0350518 9.2962666 222 112 151
-0.3356229 -0.0368957 9.3040943 222 112 151
-0.3365000 -0.0369783 9.3016596 222 112 151
-0.3353292 -0.0369994 9.2989225 222 112 151
-0.3352597 -0.0319567 9.3041763 222 112 151
-0.3314810 -0.0308459 9.3055468 222 112 151
-0.3246818 -0.0210803 9.2998571 222 112 151
-0.3248814 -0.0216196 9.3016520 222 112 151
-0.3250494 -0.0245463 9.3016710 222 112 151
-0.3242904 -0.0250496 9.2997646 222 112 151
-0.3251068 -0.0278834 9.3021631 222 112 151
-0.3243210 -0.0298309 9.3012323 222 112 151
-0.3267338 -0.0255415 9.3040352 222 112 151
-0.3269609 -0.0288644 9.3040123 222 112 151
-0.3266661 -0.0216845 9.3044577 222 112 151
-0.3308100 -0.0220011 9.3051720 222 112 151
-0.3306760 -0.0256845 9.3051872 222 112 151
-0.3297902 -0.0285903 9.3051634 222 112 151
-0.3257289 -0.0178055 9.3008862 222 112 151
-0.3251228 -0.0188639 9.3022318 222 112 151
-0.3268707 -0.0317144 9.3044033 222 112 151
-0.3243526 -0.0302951 9.2984333 222 112 151
-0.3247355 -0.0252358 9.2980146 222 112 151
-0.3255010 -0.0201734 9.2981634 222 112 151
-0.3275163 -0.0171705 9.2994947 222 112 151
-0.3267437 -0.0258412 9.2966309 222 112 151
-0.3276543 -0.0210174 9.2970715 222 112 151
-0.3293259 -0.0183132 9.2983255 222 112 151
-0.3293978 -0.0271824 9.2959518 222 112 151
-0.3298078 -0.0222257 9.2967567 222 112 151
-0.3263195 -0.0313422 9.2966585 222 112 151
-0.3291602 -0.0325670 9.2958345 222 112 151
-0.3302377 -0.0197238 9.2977514 222 112 151
-0.3300816 -0.0169629 9.3013258 222 112 151
-0.3285341 -0.0169600 9.3030205 222 112 151
-0.3270236 -0.0184372 9.3045330 222 112 151
-0.3330919 -0.0261327 9.3051329 222 112 151
-0.3331031 -0.0217994 9.3047152 222 112 151
-0.3351581 -0.0269888 9.3038177 222 112 151
-0.3344384 -0.0217263 9.3031845 222 112 151
-0.3300757 -0.0192696 9.3052263 222 112 151
-0.3314691 -0.0186269 9.3042088 222 112 151
-0.3296117 -0.0357229 9.2954788 222 112 151
-0.3326377 -0.0364574 9.2963648 222 112 151
-0.3326946 -0.0332558 9.2966566 222 112 151
-0.3325538 -0.0280173 9.2966824 222 112 151
-0.3353353 -0.0333535 9.2991085 222 112 151
-0.3363720 -0.0328329 9.3018799 222 112 151
-0.3359847 -0.0275390 9.3016100 222 112 151
-0.3352560 -0.0280194 9.2989817 222 112 151
-0.3348929 -0.0223070 9.3011980 222 112 151
-0.3342318 -0.0227479 9.2991724 222 112 151
-0.3322514 -0.0227941 9.2973585 222 112 151
-0.3330722 -0.0191509 9.3007212 222 112 151
-0.3326570 -0.0185065 9.3024426 222 112 151
-0.3311515 -0.0179898 9.2997742 222 112 151
-0.3317156 -0.0196897 9.2985659 222 112 151
-0.3330549 -0.0201203 9.2994976 222 112 151
-0.3298793 -0.0728627 9.3007431 48 174 181
-0.3583182 -0.0739774 9.2392311 113 165 78
-0.3577094 -0.0720607 9.2410984 113 165 78
-0.3636709 -0.0641892 9.2457638 235 193 62
-0.3701988 -0.0597270 9.2470989 235 193 62
-0.3768680 -0.0592647 9.2452459 113 165 78
-0.3784442 -0.0629481 9.2414331 113 165 78
-0.3754586 -0.0673962 9.2381315 113 165 78
-0.3595582 -0.0688103 9.2429810 235 193 62
-0.3623827 -0.0738549 9.2378635 113 165 78
-0.3692532 -0.0711938 9.2374277 113 165 78
-0.3652588 -0.0622562 9.2312126 113 165 78
-0.3584929 -0.0661042 9.2314682 113 165 78
-0.3718458 -0.0583178 9.2325430 113 165 78
-0.3753872 -0.0547442 9.2360983 113 165 78
-0.3747074 -0.0524864 9.2406321 113 165 78
-0.3545507 -0.0668959 9.2336197 113 165 78
-0.3547103 -0.0648637 9.2366123 113 165 78
-0.3577399 -0.0614616 9.2398100 113 165 78
-0.3509609 -0.0592378 9.2284966 113 165 78
-0.3533443 -0.0558247 9.2242842 113 165 78
-0.3644378 -0.0392846 9.2192850 113 165 78
-0.3622322 -0.0420932 9.2172155 113 165 78
-0.3634209 -0.0449387 9.2206602 113 165 78
-0.3663836 -0.0429334 9.2227402 113 165 78
-0.3629010 -0.0475749 9.2229986 113 165 78
-0.3667092 -0.0489042 9.2257347 113 165 78
-0.3583562 -0.0480497 9.2188787 113 165 78
-0.3584397 -0.0496196 9.2219219 113 165 78
-0.3524688 -0.0500838 9.2185116 113 165 78
-0.3545910 -0.0517936 9.2208481 113 165 78
-0.3576071 -0.0453633 9.2149458 113 165 78
-0.3604201 -0.0401722 9.2144308 113 165 78
-0.3564365 -0.0421862 9.2127438 113 165 78
-0.3607627 -0.0376566 9.2155905 113 165 78
-0.3604739 -0.0531698 9.2248583 113 165 78
-0.3718248 -0.0473494 9.2306948 113 165 78
-0.3686339 -0.0408924 9.2257757 113 165 78
-0.3650089 -0.0367681 9.2214661 113 165 78
-0.3598528 -0.0357217 9.2179527 113 165 78
-0.3672538 -0.0391765 9.2300911 113 165 78
-0.3624750 -0.0360106 9.2245102 113 165 78
-0.3580266 -0.0358610 9.2208395 113 165 78
-0.3627489 -0.0405959 9.2326326 113 165 78
-0.3588706 -0.0378086 9.2261963 113 165 78
-0.3718034 -0.0460161 9.2363997 113 165 78
-0.3672774 -0.0480836 9.2393045 113 165 78
-0.3564104 -0.0369971 9.2227755 113 165 78
-0.3539692 -0.0376038 9.2158594 113 165 78
-0.3550358 -0.0387356 9.2129021 113 165 78
-0.3493227 -0.0514839 9.2201347 113 165 78
-0.3521035 -0.0472826 9.2151947 113 165 78
-0.3486472 -0.0471649 9.2167501 113 165 78
-0.3475843 -0.0523634 9.2235012 113 165 78
-0.3470337 -0.0463835 9.2192583 113 165 78
-0.3524505 -0.0443431 9.2128372 113 165 78
-0.3501963 -0.0428637 9.2138586 113 165 78
-0.3693559 -0.0538710 9.2429762 113 165 78
-0.3628321 -0.0573566 9.2421455 113 165 78
-0.3610048 -0.0520232 9.2386045 113 165 78
-0.3569479 -0.0450737 9.2321901 113 165 78
-0.3549478 -0.0552692 9.2360449 113 165 78
-0.3510062 -0.0585686 9.2322540 113 165 78
-0.3480094 -0.0511497 9.2266922 113 165 78
-0.3514490 -0.0485102 9.2300024 113 165 78
-0.3476002 -0.0450699 9.2221012 113 165 78
-0.3500073 -0.0432646 9.2245436 113 165 78
-0.3542596 -0.0404749 9.2259922 113 165 78
-0.3496555 -0.0409231 9.2195206 113 165 78
-0.3491990 -0.0414324 9.2165003 113 165 78
-0.3535650 -0.0377842 9.2191133 113 165 78
-0.3534378 -0.0387006 9.2220125 113 165 78
-0.3506337 -0.0407810 9.2217741 113 165 78
-0.3321085 -0.0716571 9.2981958 48 174 181
-0.3317782 -0.0705809 9.2924767 48 174 181
-0.3351038 -0.0736594 9.2982635 48 174 181
-0.3412453 -0.0768913 9.3048096 48 174 181
-0.3450390 -0.0818530 9.3143711 48 174 181
-0.3409579 -0.0776823 9.2994146 48 174 181
-0.3342278 -0.0745754 9.2932177 48 174 181
-0.3281751 -0.0699256 9.2882175 48 174 181
-0.3464113 -0.0813692 9.2994061 48 174 181
-0.4319730 -0.5930659 9.2053823 231 76 96
-0.4345161 -0.5932719 9.2085142 231 76 96
-0.4399021 -0.5900248 9.2094641 231 76 96
-0.4384347 -0.5889436 9.2069159 231 76 96
-0.4368314 -0.5877787 9.2038631 231 76 96
-0.4359726 -0.5875020 9.1999989 231 76 96
-0.4307204 -0.5925843 9.1949663 231 76 96
-0.4304404 -0.5928555 9.2007027 231 76 96
-0.4362918 -0.5900798 9.1849470 231 76 96
-0.4352883 -0.5910109 9.1869173 231 76 96
-0.4365115 -0.5892019 9.1856594 231 76 96
-0.4355617 -0.5881716 9.1917820 231 76 96
-0.4361341 -0.5889489 9.1880274 231 76 96
-0.4391700 -0.5933945 9.2121868 231 76 96
-0.4408126 -0.5929870 9.2129698 231 76 96
-0.4369335 -0.5933642 9.2105913 231 76 96
-0.4355094 -0.5876397 9.1957874 231 76 96
-0.4415714 -0.5921314 9.2126865 231 76 96
-0.4412033 -0.5911182 9.2115011 231 76 96
-0.4327718 -0.5921936 9.1903248 231 76 96
-0.4355573 -0.5895785 9.2043934 231 76 96
-0.4343923 -0.5891029 9.2004700 231 76 96
-0.4322037 -0.5909845 9.1957674 231 76 96
-0.4322627 -0.5911285 9.2008657 231 76 96
-0.4343805 -0.5894942 9.1922560 231 76 96
-0.4351097 -0.5896606 9.1896954 231 76 96
-0.4371760 -0.5902709 9.2073879 231 76 96
-0.4339457 -0.5893404 9.1960917 231 76 96
-0.4338397 -0.5914958 9.2051687 231 76 96
-0.4345416 -0.5903705 9.1892595 231 76 96
-0.4332100 -0.5908480 9.1915941 231 76 96
-0.4404161 -0.5925058 9.2121458 231 76 96
-0.4406418 -0.5922351 9.2120905 231 76 96
-0.5265263 -0.4063637 9.1939669 112 91 190
-0.5196536 -0.3904113 9.1977835 112 91 190
-0.4358770 -0.5918586 9.2080793 231 76 96
-0.4399555 -0.5916527 9.2111092 231 76 96
-0.4386527 -0.5909317 9.2095757 231 76 96
-0.4377845 -0.5922202 9.2099724 231 76 96
-0.4393619 -0.5925101 9.2113953 231 76 96
-0.5682646 -0.3081654 9.3571568 45 146 205
-0.5721913 -0.2993246 9.3455515 45 146 205
-0.5920788 -0.3178221 9.3977766 45 146 205
-0.6121760 -0.3187460 9.4011583 151 98 185
-0.5142934 -0.1364825 9.2727327 65 132 208
-0.6729769 -0.1849685 9.2536907 151 98 185
-0.6756863 -0.2030433 9.2550220 231 76 96
-0.6765144 -0.2002526 9.1868715 151 98 185
-0.6798607 -0.1975488 9.2038612 151 98 185
-0.6002064 -0.1844760 9.3083954 222 112 151
-0.6009063 -0.1644353 9.3080130 222 112 151
-0.5479811 -0.1763297 9.2916965 222 112 151
-0.5484822 -0.1552388 9.2903709 222 112 151
-0.5820388 -0.1419877 9.3060026 222 112 151
-0.6806613 -0.1524083 9.2217703 151 98 185
-0.6788877 -0.1736051 9.2208595 151 98 185
-0.6762769 -0.1696709 9.2375507 151 98 185
-0.6799264 -0.1497403 9.2385674 151 98 185
-0.6657704 -0.1811710 9.1717644 151 98 185
-0.6688763 -0.2000275 9.1707077 151 98 185
-0.6186173 -0.2075104 9.3076706 222 112 151
-0.6379614 -0.2098752 9.2998381 222 112 151
-0.6679481 -0.2154439 9.2734156 231 76 96
-0.6777474 -0.2205820 9.2575817 231 76 96
-0.6869249 -0.2336474 9.2231579 231 76 96
-0.6838125 -0.2274970 9.2410040 231 76 96
-0.5308185 -0.1977912 9.2846661 222 112 151
-0.5179881 -0.2178504 9.2707005 91 180 105
-0.5982978 -0.2059486 9.3095655 222 112 151
-0.4940958 -0.1948236 9.2419357 91 180 105
-0.6890811 -0.2644793 9.1818600 151 98 185
-0.6931052 -0.2617158 9.2036276 231 76 96
-0.6543896 -0.2119149 9.2879982 231 76 96
-0.5010265 -0.3517370 9.2229156 91 180 105
-0.4932648 -0.3381525 9.2273626 91 180 105
-0.4987649 -0.3420272 9.2416306 91 180 105
-0.5070846 -0.3560126 9.2374659 190 84 166
-0.5043712 -0.3452553 9.2550821 190 84 166
-0.5109691 -0.3473586 9.2676497 190 84 166
-0.5180001 -0.3487165 9.2790928 190 84 166
-0.5408359 -0.3454848 9.3035469 190 84 166
-0.5328351 -0.3475700 9.2970209 190 84 166
-0.5582129 -0.3385633 9.3115749 190 84 166
-0.5490568 -0.3427801 9.3083477 190 84 166
-0.5687768 -0.3304378 9.3132439 190 84 166
-0.5811774 -0.3210682 9.3135223 190 84 166
-0.5949641 -0.3116397 9.3138008 190 84 166
-0.5983824 -0.3221391 9.3120060 190 84 166
-0.5764921 -0.3104250 9.3146887 190 84 166
-0.5644221 -0.3200024 9.3149147 190 84 166
-0.5532723 -0.3269902 9.3134747 190 84 166
-0.4800258 -0.2988992 9.2218513 91 180 105
-0.4856601 -0.2754096 9.2266397 91 180 105
-0.5331366 -0.4216550 9.1900558 112 91 190
-0.5255800 -0.1328101 9.4122543 91 180 105
-0.4280810 -0.1580618 9.3224277 231 76 96
-0.6735427 -0.4563267 9.1758413 222 112 151
-0.6670559 -0.4509345 9.1566448 222 112 151
-0.6614324 -0.4352481 9.1412783 222 112 151
-0.6591426 -0.4464922 9.1415510 222 112 151
-0.6616271 -0.4818788 9.2625599 112 91 190
-0.6763934 -0.4722471 9.2415190 112 91 190
-0.6831447 -0.4623535 9.2181854 112 91 190
-0.6825182 -0.4534110 9.1961985 222 112 151
-0.5767642 -0.2237447 9.3043489 222 112 151
-0.6847504 -0.4220287 9.1773729 222 112 151
-0.6871543 -0.4433343 9.1974373 222 112 151
-0.6895125 -0.4529386 9.2214022 112 91 190
-0.6841683 -0.4633963 9.2485075 112 91 190
-0.6691264 -0.4736826 9.2771931 112 91 190
-0.6635829 -0.4715359 9.2961159 112 91 190
-0.6686855 -0.4486259 9.3161774 112 91 190
-0.6635644 -0.4422114 9.3281860 112 91 190
-0.6498591 -0.4516066 9.3356619 112 91 190
-0.6442088 -0.4409186 9.3464231 112 91 190
-0.6581579 -0.4330147 9.3399858 112 91 190
-0.6290188 -0.3470826 9.3878641 151 98 185
-0.6296314 -0.3309330 9.3927221 151 98 185
-0.6353985 -0.3190359 9.3929167 151 98 185
-0.6417361 -0.3097830 9.3889170 151 98 185
-0.6479356 -0.3044505 9.3809443 151 98 185
-0.6535404 -0.3043877 9.3702650 151 98 185
-0.6574255 -0.3099673 9.3585844 151 98 185
-0.6636336 -0.3362903 9.3310356 48 174 181
-0.6672437 -0.3443955 9.3245096 48 174 181
-0.6750195 -0.3365706 9.3051767 231 76 96
-0.6775610 -0.3313195 9.2999220 231 76 96
-0.6901709 -0.2940228 9.2693281 231 76 96
-0.6891114 -0.3072303 9.2804060 231 76 96
-0.6918559 -0.2781296 9.2600307 231 76 96
-0.7087861 -0.0543560 9.2298489 231 76 96
-0.6998652 -0.0726130 9.2271547 231 76 96
-0.6994192 -0.0749041 9.2472925 231 76 96
-0.7086297 -0.0566138 9.2497396 231 76 96
-0.6679905 -0.1071198 9.1730280 235 193 62
-0.6768624 -0.1076729 9.1900015 235 193 62
-0.6485495 -0.0719971 9.3179970 222 112 151
-0.6698587 -0.0752357 9.3043022 231 76 96
-0.6850739 -0.0763883 9.2865934 231 76 96
-0.6949975 -0.0765958 9.2672853 231 76 96
-0.6269187 -0.0679854 9.3244762 222 112 151
-0.5241593 -0.0370471 9.2934952 65 132 208
-0.5416261 -0.0418600 9.3042116 222 112 151
-0.4868438 -0.0296485 9.2546015 65 132 208
-0.4969258 -0.0313841 9.2675037 65 132 208
-0.6047127 -0.0620652 9.3263550 222 112 151
-0.5091684 -0.0337610 9.2806025 65 132 208
-0.5607840 -0.0480886 9.3139906 222 112 151
-0.5823828 -0.0546667 9.3220768 222 112 151
-0.6918333 -0.0894505 9.2253036 231 76 96
-0.6878046 -0.0887003 9.2080755 235 193 62
-0.6827846 -0.1081503 9.2068071 235 193 62
-0.6989621 -0.3299417 9.1726255 222 112 151
-0.7036718 -0.3347922 9.1934175 231 76 96
-0.7081695 -0.3389722 9.2130070 231 76 96
-0.7101916 -0.3633516 9.2319326 231 76 96
-0.7091575 -0.3703356 9.2506132 231 76 96
-0.7083552 -0.3534347 9.2518663 231 76 96
-0.7101579 -0.3461756 9.2335672 231 76 96
-0.6980159 -0.3801017 9.2824659 231 76 96
-0.6925054 -0.3825125 9.2945137 112 91 190
-0.6915683 -0.3700460 9.2939997 231 76 96
-0.6971120 -0.3674094 9.2836781 231 76 96
-0.6870313 -0.3716887 9.3041162 112 91 190
-0.6816393 -0.3711252 9.3133659 112 91 190
-0.6759250 -0.3685843 9.3216486 112 91 190
-0.6728275 -0.3623629 9.3318396 48 174 181
-0.6724198 -0.3788016 9.3403730 48 174 181
-0.6767753 -0.3867518 9.3295450 112 91 190
-0.6964104 -0.3941760 9.2838850 112 91 190
-0.7028015 -0.3916501 9.2682304 231 76 96
-0.6935326 -0.3624837 9.1733723 222 112 151
-0.6853896 -0.3565712 9.1555347 222 112 151
-0.6113318 -0.3049985 9.3127222 190 84 166
-0.6280743 -0.3011366 9.3102760 190 84 166
-0.6431148 -0.3001994 9.3068037 231 76 96
-0.6560239 -0.3014017 9.3025398 231 76 96
-0.6673533 -0.3047782 9.2989063 231 76 96
-0.6770730 -0.3098459 9.2937555 231 76 96
-0.6851223 -0.3169524 9.2873497 231 76 96
-0.6817443 -0.3244515 9.2941837 231 76 96
-0.6918529 -0.3249723 9.2814264 231 76 96
-0.6872017 -0.3322989 9.2900944 231 76 96
-0.6972822 -0.3350582 9.2760448 231 76 96
-0.7015458 -0.3478751 9.2719498 231 76 96
-0.7037088 -0.3615719 9.2688532 231 76 96
-0.7041039 -0.3761076 9.2677288 231 76 96
-0.7098346 -0.3811597 9.2320223 231 76 96
-0.7072678 -0.3869829 9.2516451 231 76 96
-0.7063748 -0.3924174 9.2142019 231 76 96
-0.7031323 -0.4092811 9.2170620 222 112 151
-0.7095549 -0.3567427 9.2116537 231 76 96
-0.7082852 -0.3742042 9.2122698 231 76 96
-0.6501812 -0.4927948 9.2202311 112 91 190
-0.6566495 -0.4863991 9.1997175 112 91 190
-0.6588223 -0.3262227 9.3619452 151 98 185
-0.6562503 -0.3164915 9.3664989 151 98 185
-0.6594198 -0.3190954 9.3580265 151 98 185
-0.6604620 -0.3256003 9.3566742 151 98 185
-0.6525685 -0.3176212 9.3739958 151 98 185
-0.6534148 -0.3339314 9.3713017 151 98 185
-0.6479334 -0.3227360 9.3796835 151 98 185
-0.6563307 -0.3287217 9.3674622 151 98 185
-0.6436716 -0.3302835 9.3835602 151 98 185
-0.6503919 -0.3396760 9.3759756 151 98 185
-0.6402328 -0.3404735 9.3836555 151 98 185
-0.6475679 -0.3472006 9.3782911 151 98 185
-0.6455935 -0.3526759 9.3794470 151 98 185
-0.6396601 -0.3502348 9.3838634 151 98 185
-0.6599348 -0.3849924 9.3586035 48 174 181
-0.6544179 -0.3736511 9.3671246 48 174 181
-0.6493539 -0.3617586 9.3742390 151 98 185
-0.6694921 -0.3547009 9.3415480 48 174 181
-0.6652581 -0.3465408 9.3516893 48 174 181
-0.6605917 -0.3378162 9.3604679 151 98 185
-0.6589866 -0.3430627 9.3646469 151 98 185
-0.6643076 -0.3523341 9.3558130 48 174 181
-0.6694280 -0.3614808 9.3456354 48 174 181
-0.6970631 -0.3464525 9.1722136 222 112 151
-0.7040924 -0.3512186 9.1907520 231 76 96
-0.6876171 -0.3826856 9.3056898 112 91 190
-0.6823167 -0.3815814 9.3150768 112 91 190
-0.6772537 -0.3775637 9.3245535 112 91 190
-0.6733271 -0.3701345 9.3351231 48 174 181
-0.6820855 -0.3916149 9.3192625 112 91 190
-0.6866043 -0.3946109 9.3081331 112 91 190
-0.6916838 -0.3949335 9.2966890 112 91 190
-0.7026262 -0.3684641 9.1914949 222 112 151
-0.6892580 -0.3419458 9.1545887 222 112 151
-0.5802158 -0.4121351 9.3254633 112 91 190
-0.5880747 -0.4291727 9.3364439 112 91 190
-0.6030442 -0.4411247 9.3474455 112 91 190
-0.6247285 -0.4434176 9.3515959 112 91 190
-0.6454166 -0.4819980 9.1458216 112 91 190
-0.5974045 -0.1625277 9.3897409 91 180 105
-0.6805325 -0.2859518 9.1394949 222 112 151
-0.6836874 -0.3070737 9.1367731 222 112 151
-0.6633235 -0.2201801 9.1525917 151 98 185
-0.6706651 -0.2389043 9.1481237 151 98 185
-0.6746677 -0.1323603 9.1888447 151 98 185
-0.6660082 -0.1345181 9.1729250 151 98 185
-0.6654775 -0.1588273 9.1723595 151 98 185
-0.6635397 -0.0858821 9.1517181 235 193 62
-0.6550609 -0.1069488 9.1563959 235 193 62
-0.6534907 -0.1592512 9.1584501 151 98 185
-0.6534871 -0.1811507 9.1581659 151 98 185
-0.6830441 -0.2634326 9.1620712 151 98 185
-0.6930525 -0.3274694 9.1536150 222 112 151
-0.6818542 -0.3390906 9.1373053 222 112 151
-0.6778598 -0.3546561 9.1384315 222 112 151
-0.6763346 -0.3705012 9.1387711 222 112 151
-0.5117421 -0.3224713 9.2943430 190 84 166
-0.5180520 -0.3354777 9.2914209 190 84 166
-0.5106007 -0.3349638 9.2821836 190 84 166
-0.5038334 -0.3219556 9.2855797 190 84 166
-0.5291810 -0.3223130 9.3070154 190 84 166
-0.5347847 -0.3340080 9.3052731 190 84 166
-0.5260916 -0.3353311 9.2991123 190 84 166
-0.5203140 -0.3226247 9.3013449 190 84 166
-0.5433944 -0.3313995 9.3100033 190 84 166
-0.5383096 -0.3204755 9.3112211 190 84 166
-0.5071287 -0.3079963 9.2965078 190 84 166
-0.5161004 -0.3084802 9.3032560 190 84 166
-0.4992585 -0.3076534 9.2878828 190 84 166
-0.5338870 -0.3079235 9.3117838 190 84 166
-0.5249426 -0.3086638 9.3082924 190 84 166
-0.4935120 -0.4928628 9.1747408 91 180 105
-0.4796033 -0.4902841 9.1740332 91 180 105
-0.4476097 -0.5198522 9.1691198 91 180 105
-0.4472336 -0.5246122 9.1686401 91 180 105
-0.5111391 -0.4939677 9.1710625 91 180 105
-0.5172530 -0.4889519 9.1721554 91 180 105
-0.4598466 -0.5064067 9.1663857 91 180 105
-0.4661758 -0.4948568 9.1667967 91 180 105
-0.4342132 -0.5410122 9.1662388 91 180 105
-0.4370545 -0.5388311 9.1663694 91 180 105
-0.4408453 -0.5291033 9.1668310 91 180 105
-0.4437950 -0.5265281 9.1669407 91 180 105
-0.5231813 -0.4832690 9.1735001 91 180 105
-0.5036782 -0.4959461 9.1695299 91 180 105
-0.5340742 -0.4702438 9.1745949 112 91 190
-0.5391833 -0.4618672 9.1742430 112 91 190
-0.5448709 -0.4537556 9.1836843 112 91 190
-0.5442736 -0.4435374 9.1847906 112 91 190
-0.4817834 -0.3181436 9.2176542 91 180 105
-0.5076767 -0.3554122 9.2047682 91 180 105
-0.4949293 -0.3466973 9.2087727 91 180 105
-0.5139017 -0.3730118 9.2007875 112 91 190
-0.5391550 -0.4333696 9.1870766 112 91 190
-0.5290758 -0.4772844 9.1742735 91 180 105
-0.4503443 -0.5161503 9.1669893 91 180 105
-0.4554695 -0.5125614 9.1665506 91 180 105
-0.4388274 -0.5355978 9.1665239 91 180 105
-0.4398310 -0.5323625 9.1666870 91 180 105
-0.5220872 -0.4036543 9.1805601 112 91 190
-0.5150864 -0.3870547 9.1839828 112 91 190
-0.4871920 -0.3335290 9.2135792 91 180 105
-0.4783658 -0.2952152 9.2080717 91 180 105
-0.4838777 -0.2706638 9.2100954 91 180 105
-0.5286193 -0.4188746 9.1773272 112 91 190
-0.4920880 -0.2509952 9.2106142 91 180 105
-0.7163139 0.1187335 9.2990961 45 146 205
-0.7238955 0.1337261 9.2769432 45 146 205
-0.7301694 0.1171826 9.2616434 45 146 205
-0.7258688 0.1055547 9.2785311 45 146 205
-0.7130980 0.0625880 9.2926712 45 146 205
-0.7082761 0.0349728 9.2952251 231 76 96
-0.7048998 0.0075443 9.2971258 231 76 96
-0.7304052 0.1245479 9.2395430 45 146 205
-0.7302166 0.1045563 9.2077923 45 146 205
-0.7251228 0.1276520 9.2152433 45 146 205
-0.7187231 0.0086062 9.2740993 231 76 96
-0.7222373 0.0355198 9.2721901 231 76 96
-0.7310726 0.0959764 9.2651548 45 146 205
-0.7297644 0.0821225 9.2678099 45 146 205
-0.7198116 0.0869361 9.2883520 45 146 205
-0.7356290 0.1041363 9.2318773 45 146 205
-0.7344749 0.1008497 9.2518301 45 146 205
-0.6987276 -0.0507683 9.1916294 235 193 62
-0.7060183 -0.0307385 9.1918468 235 193 62
-0.6949183 -0.0306555 9.1688738 235 193 62
-0.7028354 -0.0600376 9.2713699 231 76 96
-0.7167915 -0.0373378 9.2516479 231 76 96
-0.6695625 0.1129059 9.1437559 190 84 166
-0.7355343 0.0826944 9.2485170 45 146 205
-0.7340055 0.0817861 9.2039833 45 146 205
-0.7362766 0.0827074 9.2272882 45 146 205
-0.7288691 0.0092726 9.2084684 231 76 96
-0.7311314 0.0094553 9.2299557 231 76 96
-0.7355133 0.0338885 9.2272167 231 76 96
-0.7335774 0.0324411 9.2050581 231 76 96
-0.7277441 0.0091310 9.2513723 231 76 96
-0.7226435 -0.0149847 9.2518511 231 76 96
-0.7221408 -0.0118720 9.2103949 231 76 96
-0.7252281 -0.0134323 9.2309847 231 76 96
-0.7171968 -0.0344703 9.2309494 231 76 96
-0.7314211 0.0358478 9.2492275 231 76 96
-0.7357962 0.0573963 9.2027044 45 146 205
-0.7263185 0.0569178 9.1781178 45 146 205
-0.7088376 0.0544018 9.1563187 235 193 62
-0.6905962 0.0548267 9.1365318 235 193 62
-0.6934263 0.0327605 9.1349850 235 193 62
-0.7137723 -0.0329994 9.2115412 231 76 96
-0.6958493 -0.0715939 9.2093229 235 193 62
-0.7046143 -0.0522479 9.2115688 231 76 96
-0.6793817 -0.1319842 9.2060156 151 98 185
-0.5934459 0.3321055 9.3296719 190 84 166
-0.5822247 0.1650176 9.1938467 112 91 190
-0.5666807 0.1656085 9.2022982 113 165 78
-0.6207558 0.0814824 9.3620491 222 112 151
-0.6873291 0.1032145 9.3361969 45 146 205
-0.7057429 0.0939711 9.3125706 45 146 205
-0.5441443 0.1615210 9.2272081 190 84 166
-0.5353302 0.1539609 9.2496338 190 84 166
-0.5908362 0.0879837 9.3593054 222 112 151
-0.5532435 0.1202987 9.3258152 222 112 151
-0.5551355 0.1648209 9.2122478 113 165 78
-0.7255830 0.0601653 9.2696810 45 146 205
-0.7333058 0.0608800 9.2480679 45 146 205
-0.7367739 0.0592731 9.2263317 45 146 205
-0.7253612 0.0800667 9.1789761 45 146 205
-0.7080820 0.0768461 9.1550961 45 146 205
-0.6864467 0.0752129 9.1370773 235 193 62
-0.5114493 0.1037930 9.2499447 151 98 185
-0.5033650 0.0935223 9.2415094 151 98 185
-0.5061911 0.0919540 9.2472153 151 98 185
-0.4971036 0.0794494 9.2351913 151 98 185
-0.5012336 0.0949846 9.2332869 151 98 185
-0.5097612 0.1090505 9.2394695 151 98 185
-0.5072902 0.1100651 9.2307148 151 98 185
-0.5160287 0.1214843 9.2265558 151 98 185
-0.5246414 -0.0152742 9.2936106 113 165 78
-0.5425425 -0.0209379 9.3056183 113 165 78
-0.4874586 -0.0091638 9.2533655 151 98 185
-0.4969212 -0.0098181 9.2666054 151 98 185
-0.6072661 -0.0436782 9.3318434 222 112 151
-0.5091053 -0.0116774 9.2801819 151 98 185
-0.5621986 -0.0286565 9.3161116 113 165 78
-0.5844074 -0.0358133 9.3261881 222 112 151
-0.6864519 -0.0111482 9.1397705 235 193 62
-0.6813666 -0.0335542 9.1438160 235 193 62
-0.4804531 -0.0089123 9.2399168 151 98 185
-0.4793251 -0.4897606 9.1671753 91 180 105
-0.4930881 -0.4927323 9.1681700 91 180 105
-0.4045254 -0.6569101 9.1687469 231 76 96
-0.6070064 -0.5321820 9.1578884 244 145 55
-0.4137906 -0.5995428 9.1673241 231 76 96
-0.4472398 -0.5244531 9.1669645 91 180 105
-0.4306369 -0.5413483 9.1662836 91 180 105
-0.5433228 -0.4524739 9.1733046 112 91 190
-0.5429369 -0.4412593 9.1733150 112 91 190
-0.5730570 0.1589618 9.1968327 235 193 62
-0.5363753 -0.4308807 9.1746998 112 91 190
-0.5840798 0.1590540 9.1925516 235 193 62
-0.6578630 -0.1998006 9.1558561 151 98 185
-0.6848897 0.7656873 9.2513962 231 76 96
-0.6924728 0.7631975 9.2386360 231 76 96
-0.6934680 0.7911794 9.2460928 231 76 96
-0.6844076 0.7928779 9.2573586 231 76 96
-0.7224688 0.7566593 9.2281437 231 76 96
-0.7099002 0.7593398 9.2269917 231 76 96
-0.7335383 0.7557259 9.2356672 231 76 96
-0.7397514 0.7566559 9.2474632 231 76 96
-0.7349033 0.7846164 9.2466650 231 76 96
-0.7312187 0.7840245 9.2350349 231 76 96
-0.7402690 0.7577329 9.2592525 231 76 96
-0.7361411 0.7870408 9.2706022 231 76 96
-0.7374798 0.7590217 9.2715530 231 76 96
-0.7294790 0.7607486 9.2874784 231 76 96
-0.7274111 0.7878283 9.2852039 231 76 96
-0.7136621 0.7652202 9.2973223 231 76 96
-0.7122025 0.7914850 9.2957945 231 76 96
-0.6967174 0.7685153 9.2970638 231 76 96
-0.6801890 0.7683654 9.2669096 231 76 96
-0.6782453 0.7946067 9.2717485 231 76 96
-0.7211817 0.7848652 9.2288465 231 76 96
-0.7095056 0.7877175 9.2313051 231 76 96
-0.7008919 0.7894190 9.2385387 231 76 96
-0.7005399 0.7615586 9.2310486 231 76 96
-0.6898907 0.8183537 9.2509403 231 76 96
-0.6777500 0.8189835 9.2603807 231 76 96
-0.7197638 0.8127317 9.2280598 231 76 96
-0.7080977 0.8150372 9.2375565 231 76 96
-0.7307075 0.8118822 9.2452660 231 76 96
-0.7308617 0.8110492 9.2320337 231 76 96
-0.7379371 0.8132430 9.2711811 231 76 96
-0.7342093 0.8123859 9.2579880 231 76 96
-0.7359678 0.7854641 9.2584209 231 76 96
-0.7288063 0.8143602 9.2844305 231 76 96
-0.7123441 0.8164931 9.2979212 231 76 96
-0.6730303 0.8196155 9.2769756 231 76 96
-0.6990712 0.8172250 9.2445450 231 76 96
-0.6610601 0.9115259 9.4307451 235 193 62
-0.6602807 0.9068069 9.4304295 235 193 62
-0.6559874 0.9064877 9.4291925 235 193 62
-0.6546323 0.9117806 9.4286270 235 193 62
-0.6218861 0.9126338 9.4234009 222 112 151
-0.6191758 0.9019900 9.4259377 222 112 151
-0.6125491 0.9032987 9.4201641 222 112 151
-0.6130496 0.9151385 9.4165916 222 112 151
-0.6373856 0.9125877 9.4289064 235 193 62
-0.6399997 0.9159427 9.4265833 235 193 62
-0.6445143 0.9161536 9.4281836 235 193 62
-0.6444951 0.9127589 9.4319668 235 193 62
-0.6923696 0.9068228 9.4161959 235 193 62
-0.6932974 0.9111268 9.4139929 235 193 62
-0.6978222 0.9109441 9.4145327 190 84 166
-0.6984860 0.9073795 9.4164352 190 84 166
-0.6726588 0.9106798 9.4245663 235 193 62
-0.6738654 0.9145139 9.4218979 235 193 62
-0.6781700 0.9139884 9.4227715 235 193 62
-0.6792781 0.9110837 9.4252396 235 193 62
-0.6316330 0.8965845 9.4077921 222 112 151
-0.6210526 0.8947912 9.4003782 222 112 151
-0.6151780 0.9006814 9.4116125 222 112 151
-0.6252642 0.8990862 9.4186192 222 112 151
-0.6116622 0.9091616 9.4052639 222 112 151
-0.6178747 0.9044685 9.3933668 222 112 151
-0.6239079 0.9128884 9.3941164 222 112 151
-0.6188093 0.9144145 9.4054298 222 112 151
-0.6329384 0.9135125 9.4014540 222 112 151
-0.6278815 0.9148565 9.4112053 222 112 151
-0.6370406 0.9075109 9.4082851 222 112 151
-0.6329738 0.9082866 9.4200544 222 112 151
-0.6540027 0.9063597 9.4170465 235 193 62
-0.6495411 0.8987548 9.4165001 235 193 62
-0.6459340 0.9032858 9.4267426 235 193 62
-0.6517427 0.9099895 9.4278793 235 193 62
-0.6393910 0.8990408 9.4135561 235 193 62
-0.6382922 0.9033611 9.4242516 235 193 62
-0.6363934 0.9092913 9.4103174 222 112 151
-0.6426027 0.9138508 9.4092979 235 193 62
-0.6402028 0.9153474 9.4202271 235 193 62
-0.6337633 0.9106028 9.4213705 222 112 151
-0.6510836 0.9134602 9.4124851 235 193 62
-0.6484948 0.9155825 9.4231186 235 193 62
-0.6678939 0.8985267 9.4181252 235 193 62
-0.6580431 0.8996563 9.4154491 235 193 62
-0.6563594 0.9043117 9.4239330 235 193 62
-0.6633401 0.9041122 9.4265232 235 193 62
-0.6524937 0.9118927 9.4212465 235 193 62
-0.6549255 0.9093379 9.4128571 235 193 62
-0.6606431 0.9136706 9.4125700 235 193 62
-0.6580998 0.9150389 9.4216890 235 193 62
-0.6692351 0.9126801 9.4157152 235 193 62
-0.6648117 0.9152926 9.4242449 235 193 62
-0.6722918 0.9053044 9.4193535 235 193 62
-0.6674892 0.9099465 9.4276810 235 193 62
-0.6908206 0.9044703 9.4146605 235 193 62
-0.6873414 0.8973666 9.4144707 235 193 62
-0.6824390 0.9029106 9.4218655 235 193 62
-0.6855161 0.9090622 9.4214411 235 193 62
-0.6790549 0.8982956 9.4137602 235 193 62
-0.6763103 0.9025673 9.4207296 235 193 62
-0.6716768 0.9070048 9.4186983 235 193 62
-0.6753061 0.9039958 9.4133959 235 193 62
-0.6786814 0.9117602 9.4108934 235 193 62
-0.6744527 0.9139696 9.4169073 235 193 62
-0.6871649 0.9115849 9.4119587 235 193 62
-0.6819175 0.9140944 9.4188461 235 193 62
-0.7071000 0.8962612 9.4074202 190 84 166
-0.7022588 0.9002542 9.4136152 190 84 166
-0.7043405 0.9057187 9.4127264 190 84 166
-0.7091662 0.9026499 9.4055767 190 84 166
-0.6989828 0.8963254 9.4081202 190 84 166
-0.6963694 0.8997692 9.4128208 190 84 166
-0.6925398 0.9045087 9.4107208 235 193 62
-0.6953839 0.9017979 9.4077721 190 84 166
-0.6967330 0.9099425 9.4044800 190 84 166
-0.6937010 0.9115279 9.4089937 190 84 166
-0.7042601 0.9088213 9.4041100 190 84 166
-0.7010505 0.9114982 9.4104385 190 84 166
-0.6409599 0.8944156 9.3981371 222 112 151
-0.6273793 0.8892850 9.3892536 222 112 151
-0.6170645 0.9152665 9.4136496 222 112 151
-0.6246762 0.9008520 9.3820677 222 112 151
-0.6222117 0.9155374 9.4167919 222 112 151
-0.6422242 0.9117777 9.3941679 222 112 151
-0.6316031 0.9102117 9.3836012 222 112 151
-0.6388076 0.9059564 9.4033585 222 112 151
-0.6430442 0.9066836 9.4318066 235 193 62
-0.6600969 0.9117106 9.4009190 235 193 62
-0.6564294 0.9068493 9.4085073 235 193 62
-0.6384218 0.9066594 9.4301519 235 193 62
-0.6579081 0.8951871 9.4042673 235 193 62
-0.6766829 0.8961883 9.4043398 235 193 62
-0.6570852 0.9155486 9.4271441 235 193 62
-0.6608979 0.9158907 9.4285517 235 193 62
-0.6787302 0.9110365 9.4032888 235 193 62
-0.6763552 0.9028111 9.4121952 235 193 62
-0.6786466 0.9062278 9.4256763 235 193 62
-0.6961263 0.9098078 9.4008532 190 84 166
-0.6956982 0.9015525 9.4079227 190 84 166
-0.6752895 0.9061844 9.4245882 235 193 62
-0.6958946 0.8938637 9.4026413 190 84 166
-0.6986341 0.9038240 9.4154949 190 84 166
-0.7097353 0.9080460 9.3957796 190 84 166
-0.7159261 0.9000353 9.3958817 190 84 166
-0.6952036 0.9032076 9.4156818 235 193 62
-0.7113525 0.8923141 9.3988571 190 84 166
-0.6792800 0.7958639 9.2852907 231 76 96
-0.6807860 0.7701865 9.2802181 231 76 96
-0.6864821 0.7706676 9.2903967 231 76 96
-0.6862921 0.7961712 9.2946692 231 76 96
-0.6964403 0.7944691 9.2983198 231 76 96
-0.6755348 0.8195037 9.2921562 231 76 96
-0.6845266 0.8190843 9.3015118 231 76 96
-0.6959988 0.8186683 9.3026180 231 76 96
-0.7340125 0.8352750 9.2846775 231 76 96
-0.7411275 0.8334818 9.2696228 231 76 96
-0.7352400 0.8330231 9.2552614 112 91 190
-0.7337142 0.8323634 9.2413330 112 91 190
-0.7318844 0.8318015 9.2278948 112 91 190
-0.6711751 0.8408932 9.2821665 91 180 105
-0.6719066 0.8378747 9.3007526 91 180 105
-0.6814952 0.8357894 9.3124533 91 180 105
-0.6963176 0.8368311 9.3125849 91 180 105
-0.6308050 0.8823958 9.3743143 65 132 208
-0.6464133 0.8810371 9.3831511 65 132 208
-0.6510366 0.8708609 9.3657026 65 132 208
-0.6402091 0.8809341 9.3562613 65 132 208
-0.6629770 0.8841699 9.3876286 151 98 185
-0.6683615 0.8710328 9.3703213 151 98 185
-0.6810288 0.8857501 9.3883362 151 98 185
-0.6857588 0.8745312 9.3702993 151 98 185
-0.6994079 0.8867187 9.3868465 151 98 185
-0.7027333 0.8784925 9.3683634 91 180 105
-0.7158097 0.8880380 9.3851852 190 84 166
-0.7189023 0.8834655 9.3659534 91 180 105
-0.7235830 0.8970680 9.3833017 91 180 105
-0.7282919 0.8935136 9.3642368 91 180 105
-0.6288819 0.8985447 9.3666916 65 132 208
-0.6400272 0.8957489 9.3498755 91 180 105
-0.6389395 0.9103183 9.3680620 65 132 208
-0.6496739 0.9081183 9.3518238 65 132 208
-0.6532892 0.9101468 9.3742256 65 132 208
-0.6634025 0.9086640 9.3566399 65 132 208
-0.7245375 0.9059640 9.3644304 91 180 105
-0.7171593 0.9081178 9.3826551 190 84 166
-0.6707177 0.9097278 9.3785982 151 98 185
-0.6800852 0.9072291 9.3604984 151 98 185
-0.6880773 0.9102690 9.3810320 190 84 166
-0.6968427 0.9082932 9.3624516 190 84 166
-0.7037449 0.9101260 9.3820381 190 84 166
-0.7118224 0.9084238 9.3634796 91 180 105
-0.6565982 0.8629369 9.3425102 91 180 105
-0.6729064 0.8575925 9.3500853 91 180 105
-0.6899138 0.8622952 9.3488531 91 180 105
-0.7067941 0.8687123 9.3458433 91 180 105
-0.7226378 0.8780370 9.3426752 91 180 105
-0.7330402 0.8892309 9.3418369 91 180 105
-0.7162988 0.8565733 9.3211117 91 180 105
-0.7281557 0.8755818 9.3176022 112 91 190
-0.7359696 0.8882548 9.3181248 112 91 190
-0.7402500 0.8867477 9.2956867 112 91 190
-0.7362733 0.8730351 9.2953405 112 91 190
-0.7467614 0.8717541 9.2574806 112 91 190
-0.7425078 0.8713949 9.2747602 112 91 190
-0.7468638 0.8852328 9.2747784 112 91 190
-0.7518336 0.8869746 9.2567177 112 91 190
-0.7284337 0.8558593 9.2980003 112 91 190
-0.7363298 0.8537660 9.2784872 112 91 190
-0.7396828 0.8524906 9.2623348 112 91 190
-0.7478862 0.8872755 9.2308493 112 91 190
-0.7469134 0.8707159 9.2311449 112 91 190
-0.7483323 0.8717578 9.2441788 112 91 190
-0.7524740 0.8876165 9.2432604 112 91 190
-0.7350552 0.8894315 9.2197723 112 91 190
-0.7358880 0.8724162 9.2186661 112 91 190
-0.7167587 0.8756780 9.2199783 112 91 190
-0.7166172 0.8918836 9.2194948 112 91 190
-0.7398595 0.8509318 9.2364216 112 91 190
-0.7397503 0.8520018 9.2490711 112 91 190
-0.7335986 0.8515046 9.2240715 112 91 190
-0.7167376 0.8537947 9.2250347 112 91 190
-0.7029501 0.8768395 9.2327948 112 91 190
-0.7053170 0.8561709 9.2360029 112 91 190
-0.7020732 0.8928411 9.2313318 112 91 190
-0.6507001 0.8789684 9.3346930 91 180 105
-0.6538123 0.8914337 9.3313951 91 180 105
-0.6944742 0.8483869 9.3296137 91 180 105
-0.6769866 0.8457267 9.3295469 91 180 105
-0.6645135 0.8538975 9.3146286 91 180 105
-0.6599904 0.8759101 9.3101292 91 180 105
-0.6660317 0.8901227 9.3087769 91 180 105
-0.6686657 0.8771468 9.2870655 91 180 105
-0.6761408 0.8896460 9.2881918 91 180 105
-0.6624436 0.9008417 9.3325920 91 180 105
-0.6751708 0.8965497 9.3106661 91 180 105
-0.6840852 0.8959216 9.2897396 112 91 190
-0.6780113 0.8776181 9.2688494 112 91 190
-0.6831000 0.8903364 9.2696276 112 91 190
-0.6877895 0.8767198 9.2557564 112 91 190
-0.6895388 0.8910509 9.2552872 112 91 190
-0.6949541 0.8920726 9.2435417 112 91 190
-0.6953397 0.8766307 9.2450628 112 91 190
-0.6885547 0.8585330 9.2555380 112 91 190
-0.6965929 0.8575142 9.2463646 112 91 190
-0.6778959 0.8593112 9.2685556 112 91 190
-0.6689527 0.8584241 9.2872381 91 180 105
-0.7303399 0.9020341 9.3419914 91 180 105
-0.7344587 0.8985845 9.3186674 112 91 190
-0.7377533 0.8966274 9.2957525 112 91 190
-0.7435409 0.8974249 9.2744246 112 91 190
-0.7464634 0.8990882 9.2568588 112 91 190
-0.7461872 0.8994234 9.2447624 112 91 190
-0.7420946 0.8987902 9.2340574 112 91 190
-0.7311456 0.8988827 9.2261877 112 91 190
-0.7181136 0.9004088 9.2256498 112 91 190
-0.7069896 0.9024088 9.2350321 112 91 190
-0.7001973 0.9030798 9.2453213 112 91 190
-0.6902927 0.8984216 9.2709503 112 91 190
-0.6948244 0.9018195 9.2565069 112 91 190
-0.6763024 0.8414811 9.2651196 112 91 190
-0.6867887 0.8402341 9.2525415 112 91 190
-0.6964097 0.8385633 9.2456846 112 91 190
-0.7172965 0.8341493 9.2285910 112 91 190
-0.7061908 0.8367340 9.2390223 112 91 190
-0.6749957 0.9043555 9.3355255 91 180 105
-0.6908832 0.9039704 9.3387003 91 180 105
-0.7065481 0.9049566 9.3404312 91 180 105
-0.7200371 0.9052243 9.3413897 91 180 105
-0.7264594 0.9026461 9.3181677 112 91 190
-0.7147501 0.9027605 9.3167763 91 180 105
-0.7000911 0.9028692 9.3146601 91 180 105
-0.6859609 0.9002836 9.3127880 91 180 105
-0.7301503 0.9015537 9.2955322 112 91 190
-0.7198259 0.9025833 9.2946129 112 91 190
-0.7067000 0.9027836 9.2919464 112 91 190
-0.6939948 0.9008387 9.2910929 112 91 190
-0.6992679 0.9039426 9.2717381 112 91 190
-0.7108393 0.9048553 9.2717247 112 91 190
-0.7228211 0.9039580 9.2740974 112 91 190
-0.7332952 0.9024523 9.2742538 112 91 190
-0.7356902 0.9031016 9.2576942 112 91 190
-0.7251664 0.9041303 9.2581692 112 91 190
-0.7140829 0.9053297 9.2567225 112 91 190
-0.7041383 0.9052253 9.2570887 112 91 190
-0.7361475 0.9029165 9.2474308 112 91 190
-0.7283038 0.9026455 9.2329006 112 91 190
-0.7342281 0.9026520 9.2391672 112 91 190
-0.7199091 0.9040055 9.2320213 112 91 190
-0.7130063 0.9049947 9.2389812 112 91 190
-0.7081912 0.9055288 9.2474108 112 91 190
-0.7191527 0.9045386 9.2414761 112 91 190
-0.7167169 0.9049980 9.2481174 112 91 190
-0.7266901 0.9039147 9.2489090 112 91 190
-0.7270036 0.9035243 9.2420835 112 91 190
-0.7217441 0.9039007 9.2367630 112 91 190
-0.7257339 0.9033931 9.2371712 112 91 190
-0.7139168 0.8394762 9.3010817 231 76 96
-0.6374007 -0.4959264 9.1477308 112 91 190
-0.6654937 -0.4236133 9.1402340 222 112 151
-0.6327475 0.4976710 9.2850637 113 165 78
-0.6391413 0.5002059 9.2986279 113 165 78
-0.6480993 0.4973416 9.3091822 113 165 78
-0.5666789 0.0916892 9.3450661 222 112 151
-0.5299953 -0.1367984 9.2831306 222 112 151
-0.5314741 -0.1756787 9.2832870 222 112 151
-0.5319330 -0.1555049 9.2813768 222 112 151
-0.5702723 0.1168350 9.3472195 222 112 151
-0.5797715 -0.2026702 9.3056107 222 112 151
-0.6813918 0.0932528 9.1391363 190 84 166
-0.6737294 -0.3856950 9.1389532 222 112 151
-0.5252270 -0.3488469 9.2888851 190 84 166
-0.6903104 0.0105358 9.1375027 235 193 62
-0.5133924 -0.6134932 9.2407074 65 132 208
-0.5154453 -0.6134672 9.2386608 65 132 208
-0.5176931 -0.6102787 9.2384300 65 132 208
-0.5218360 -0.6107249 9.2371922 65 132 208
-0.5252429 -0.6108773 9.2365236 65 132 208
-0.5272647 -0.6107087 9.2370462 65 132 208
-0.5196900 -0.6114349 9.2398691 65 132 208
-0.5206561 -0.6151229 9.2383432 65 132 208
-0.5178353 -0.6130106 9.2395029 65 132 208
-0.5174299 -0.6124942 9.2402725 65 132 208
-0.5094762 -0.3694996 9.1869192 112 91 190
-0.5016639 -0.3543501 9.1906166 91 180 105
-0.4895431 -0.3457469 9.1965456 91 180 105
-0.4836879 -0.3305606 9.2008600 91 180 105
-0.4474770 -0.5198668 9.1670351 91 180 105
-0.4816968 -0.0823555 9.2342939 65 132 208
-0.4863888 -0.0967810 9.2313128 65 132 208
-0.6533314 -0.1362908 9.1581030 151 98 185
-0.4813100 -0.0461505 9.2384148 65 132 208
-0.4872277 -0.1125612 9.2303381 65 132 208
-0.6763454 -0.2631914 9.1436863 151 98 185
-0.4790742 -0.3143606 9.2045088 91 180 105
-0.4794968 -0.0289201 9.2404222 65 132 208
-0.6867368 -0.3255455 9.1354876 222 112 151
-0.4878760 -0.1329578 9.2288084 65 132 208
-0.4935608 0.0599011 9.2365103 151 98 185
-0.4880205 -0.1918895 9.2241011 91 180 105
-0.4232762 -0.6355304 9.1253424 48 174 181
-0.4348027 -0.6320135 9.1140471 48 174 181
-0.4297455 -0.6193885 9.1193895 48 174 181
-0.4214469 -0.6201319 9.1311922 231 76 96
-0.4274518 -0.6090401 9.1236858 48 174 181
-0.4210561 -0.6073316 9.1334562 231 76 96
-0.4470304 -0.6253211 9.1079054 48 174 181
-0.4399396 -0.6161937 9.1126251 48 174 181
-0.4595283 -0.5871996 9.1074038 48 174 181
-0.4561288 -0.5953751 9.1091909 48 174 181
-0.4646544 -0.5969388 9.1047163 48 174 181
-0.4695546 -0.5861728 9.1035395 48 174 181
-0.4700502 -0.5632104 9.1086340 48 174 181
-0.4829595 -0.5594293 9.1072960 48 174 181
-0.4766182 -0.5480992 9.1128168 91 180 105
-0.4654433 -0.5532402 9.1146994 91 180 105
-0.4414528 -0.5576753 9.1444960 91 180 105
-0.4408424 -0.5638829 9.1414795 91 180 105
-0.4431426 -0.5591694 9.1360445 91 180 105
-0.4444019 -0.5524647 9.1398315 91 180 105
-0.4330913 -0.5648314 9.1530075 91 180 105
-0.4262527 -0.5654847 9.1570988 231 76 96
-0.4286979 -0.5723785 9.1566668 231 76 96
-0.4345045 -0.5707359 9.1519346 231 76 96
-0.4429481 -0.5522005 9.1493406 91 180 105
-0.4463501 -0.5471630 9.1447401 91 180 105
-0.4374343 -0.5571502 9.1504698 91 180 105
-0.4383088 -0.5622690 9.1487446 91 180 105
-0.4296556 -0.5477099 9.1532106 91 180 105
-0.4253958 -0.5463316 9.1559973 91 180 105
-0.4230061 -0.5515638 9.1553564 91 180 105
-0.4292864 -0.5528148 9.1523066 91 180 105
-0.4386353 -0.5502465 9.1501923 91 180 105
-0.4380171 -0.5464615 9.1534996 91 180 105
-0.4342145 -0.5478284 9.1521864 91 180 105
-0.4348113 -0.5521727 9.1504984 91 180 105
-0.4312852 -0.5586678 9.1534529 91 180 105
-0.4241098 -0.5585423 9.1565981 91 180 105
-0.4179613 -0.5571790 9.1606503 231 76 96
-0.4175946 -0.5487462 9.1598291 91 180 105
-0.4537669 -0.5429081 9.1303015 91 180 105
-0.4532831 -0.5386239 9.1353779 91 180 105
-0.4494161 -0.5427203 9.1395998 91 180 105
-0.4484687 -0.5476489 9.1348171 91 180 105
-0.4423870 -0.5455453 9.1531620 91 180 105
-0.4463144 -0.5311342 9.1505585 91 180 105
-0.4428457 -0.5307768 9.1557875 91 180 105
-0.4418527 -0.5344844 9.1558695 91 180 105
-0.4453058 -0.5349519 9.1500368 91 180 105
-0.4665062 -0.5327733 9.1254816 91 180 105
-0.4726315 -0.5263330 9.1255951 91 180 105
-0.4670781 -0.5244837 9.1315260 91 180 105
-0.4627213 -0.5296665 9.1308870 91 180 105
-0.4701988 -0.5188890 9.1340427 91 180 105
-0.4775809 -0.5191748 9.1284065 91 180 105
-0.4805744 -0.5039263 9.1375103 91 180 105
-0.4703938 -0.5071669 9.1420813 91 180 105
-0.4712361 -0.5133666 9.1376934 91 180 105
-0.4800214 -0.5118811 9.1323385 91 180 105
-0.4620320 -0.5095407 9.1526957 91 180 105
-0.4682596 -0.5013642 9.1476955 91 180 105
-0.4663491 -0.4969842 9.1542425 91 180 105
-0.4607463 -0.5076427 9.1581039 91 180 105
-0.4518043 -0.5269631 9.1512995 91 180 105
-0.4485810 -0.5284235 9.1509848 91 180 105
-0.4517529 -0.5288475 9.1471872 91 180 105
-0.4539589 -0.5276026 9.1475763 91 180 105
-0.4564124 -0.5282344 9.1435776 91 180 105
-0.4554883 -0.5285921 9.1436453 91 180 105
-0.4553826 -0.5294097 9.1422253 91 180 105
-0.4570987 -0.5284217 9.1420164 91 180 105
-0.4554814 -0.5279794 9.1452656 91 180 105
-0.4564712 -0.5272341 9.1445122 91 180 105
-0.4555021 -0.5259898 9.1465788 91 180 105
-0.4532948 -0.5242795 9.1496859 91 180 105
-0.4480377 -0.5204123 9.1621265 91 180 105
-0.4475097 -0.5248603 9.1629982 91 180 105
-0.4482861 -0.5252524 9.1600542 91 180 105
-0.4487206 -0.5209582 9.1583748 91 180 105
-0.4531671 -0.5302117 9.1435890 91 180 105
-0.4501344 -0.5308420 9.1462793 91 180 105
-0.4491111 -0.5338948 9.1450682 91 180 105
-0.4526513 -0.5323107 9.1417961 91 180 105
-0.4527160 -0.5352319 9.1390676 91 180 105
-0.4566400 -0.5321500 9.1367369 91 180 105
-0.4556923 -0.5305707 9.1400423 91 180 105
-0.4580310 -0.5268220 9.1429443 91 180 105
-0.4584378 -0.5286099 9.1395159 91 180 105
-0.4602891 -0.5261210 9.1403561 91 180 105
-0.4604090 -0.5230811 9.1423178 91 180 105
-0.4573383 -0.5246588 9.1448593 91 180 105
-0.4554490 -0.5221518 9.1478872 91 180 105
-0.4593589 -0.5198021 9.1454849 91 180 105
-0.4576130 -0.5166280 9.1499844 91 180 105
-0.4529959 -0.5194228 9.1521673 91 180 105
-0.4489112 -0.5379314 9.1430626 91 180 105
-0.4602332 -0.5287222 9.1357756 91 180 105
-0.4581365 -0.5344122 9.1324749 91 180 105
-0.4631053 -0.5249985 9.1363611 91 180 105
-0.4645557 -0.5209851 9.1387682 91 180 105
-0.4632401 -0.5126881 9.1469851 91 180 105
-0.4644593 -0.5166305 9.1422310 91 180 105
-0.4794732 -0.4964642 9.1441364 91 180 105
-0.4786004 -0.4914611 9.1522360 91 180 105
-0.4288297 -0.6023890 9.1269817 48 174 181
-0.4252086 -0.6013913 9.1354446 231 76 96
-0.4338928 -0.5959425 9.1261969 48 174 181
-0.4312692 -0.5953442 9.1296434 48 174 181
-0.4306858 -0.5981879 9.1292677 48 174 181
-0.4339791 -0.5986972 9.1247139 48 174 181
-0.4503892 -0.5949371 9.1143694 48 174 181
-0.4532475 -0.5893257 9.1130228 48 174 181
-0.4482049 -0.5918395 9.1183167 48 174 181
-0.4455730 -0.5950396 9.1187086 48 174 181
-0.4443290 -0.5817645 9.1252480 48 174 181
-0.4406829 -0.5875058 9.1275587 48 174 181
-0.4423121 -0.5892838 9.1247816 48 174 181
-0.4466539 -0.5842748 9.1214199 48 174 181
-0.4390283 -0.5862587 9.1309834 48 174 181
-0.4422627 -0.5809233 9.1296406 48 174 181
-0.4402324 -0.5809816 9.1342115 48 174 181
-0.4377914 -0.5857670 9.1348066 48 174 181
-0.4283836 -0.5977609 9.1359053 231 76 96
-0.4298108 -0.5952101 9.1351347 48 174 181
-0.4303471 -0.5945176 9.1413517 231 76 96
-0.4286705 -0.5975167 9.1430931 231 76 96
-0.4371470 -0.5899367 9.1508074 231 76 96
-0.4356770 -0.5889445 9.1535711 231 76 96
-0.4333645 -0.5922204 9.1531858 231 76 96
-0.4354792 -0.5916685 9.1500731 231 76 96
-0.4375121 -0.5883048 9.1494007 231 76 96
-0.4370861 -0.5863907 9.1511793 231 76 96
-0.4178367 -0.6547895 9.1338530 231 76 96
-0.4280484 -0.6516324 9.1204157 48 174 181
-0.4140159 -0.6363748 9.1382303 231 76 96
-0.4416773 -0.6444299 9.1090403 48 174 181
-0.4557253 -0.6355306 9.1036348 48 174 181
-0.4864515 -0.5420299 9.1117468 91 180 105
-0.4792481 -0.5323536 9.1191273 91 180 105
-0.4712280 -0.5390509 9.1193619 91 180 105
-0.4949276 -0.5340893 9.1133299 91 180 105
-0.4859984 -0.5239391 9.1211348 91 180 105
-0.4948095 -0.5065433 9.1336184 91 180 105
-0.4912423 -0.5147697 9.1254740 91 180 105
-0.5057309 -0.5484024 9.1071405 48 174 181
-0.5141016 -0.5429625 9.1105394 48 174 181
-0.5032583 -0.5256775 9.1177721 91 180 105
-0.5209536 -0.5608684 9.1075220 48 174 181
-0.5284401 -0.5607277 9.1109390 48 174 181
-0.5249467 -0.5383751 9.1170368 91 180 105
-0.5296578 -0.5046083 9.1342049 91 180 105
-0.5375283 -0.5118191 9.1223936 91 180 105
-0.5432320 -0.5013081 9.1209583 91 180 105
-0.5335793 -0.4954024 9.1329384 91 180 105
-0.4957629 -0.5552280 9.1061850 48 174 181
-0.4685260 -0.6099692 9.1035175 48 174 181
-0.4763491 -0.5986220 9.1015120 48 174 181
-0.4581956 -0.6060653 9.1071901 48 174 181
-0.4660861 -0.6719778 9.1008425 48 174 181
-0.4754480 -0.6564651 9.0948238 48 174 181
-0.4643749 -0.6466011 9.0975780 48 174 181
-0.4508632 -0.6589548 9.1032352 48 174 181
-0.4459821 -0.6981032 9.1286221 48 174 181
-0.4550396 -0.6871901 9.1121788 48 174 181
-0.4379037 -0.6692694 9.1150455 48 174 181
-0.4255337 -0.6768317 9.1311398 231 76 96
-0.4890341 -0.6650714 9.0923510 48 174 181
-0.4831768 -0.6822215 9.0983257 48 174 181
-0.5050073 -0.6858664 9.0976725 48 174 181
-0.5038564 -0.6697674 9.0914526 48 174 181
-0.4786231 -0.6988544 9.1102962 48 174 181
-0.5040488 -0.7052085 9.1090174 48 174 181
-0.5361773 -0.5678186 9.1107321 48 174 181
-0.5395002 -0.5496832 9.1130295 48 174 181
-0.5435773 -0.5334560 9.1147013 244 145 55
-0.5318810 -0.5242234 9.1225176 91 180 105
-0.5048664 -0.7178871 9.1277275 235 193 62
-0.4739966 -0.7124504 9.1276894 48 174 181
-0.5519364 -0.6618976 9.1038513 48 174 181
-0.5434326 -0.6488934 9.0960779 48 174 181
-0.5307198 -0.6597880 9.0928497 48 174 181
-0.5389845 -0.6752575 9.1009216 48 174 181
-0.5602175 -0.6744152 9.1149731 235 193 62
-0.5464154 -0.6913392 9.1144438 235 193 62
-0.5694988 -0.6084633 9.1121445 48 174 181
-0.5808583 -0.6158726 9.1195021 48 174 181
-0.5768749 -0.5948562 9.1259995 244 145 55
-0.5681508 -0.5882722 9.1192951 48 174 181
-0.4343809 -0.6075702 9.1164989 48 174 181
-0.4427055 -0.6056566 9.1132603 48 174 181
-0.4389553 -0.6006314 9.1177759 48 174 181
-0.4336298 -0.6022370 9.1213932 48 174 181
-0.4581085 -0.6180729 9.1051331 48 174 181
-0.4504449 -0.6118990 9.1092949 48 174 181
-0.4760434 -0.6355567 9.0962200 48 174 181
-0.4842000 -0.6435096 9.0917349 48 174 181
-0.5061288 -0.6554656 9.0886936 48 174 181
-0.4944689 -0.6507306 9.0894651 48 174 181
-0.5369935 -0.6381482 9.0925903 48 174 181
-0.5283177 -0.6451436 9.0902538 48 174 181
-0.5458085 -0.5806777 9.1116400 48 174 181
-0.5577792 -0.5835581 9.1154394 48 174 181
-0.5592827 -0.5657416 9.1191444 244 145 55
-0.5502253 -0.5594187 9.1145258 48 174 181
-0.5758036 -0.5766669 9.1322498 244 145 55
-0.5685803 -0.5708411 9.1258535 244 145 55
-0.5610710 -0.5271326 9.1153402 244 145 55
-0.5713511 -0.5331053 9.1206369 244 145 55
-0.5774343 -0.5200848 9.1177273 244 145 55
-0.5668885 -0.5144786 9.1142550 244 145 55
-0.5882368 -0.5237874 9.1223001 244 145 55
-0.5804851 -0.5383674 9.1265678 244 145 55
-0.5886461 -0.5420446 9.1334152 244 145 55
-0.5970373 -0.5256664 9.1292534 244 145 55
-0.5252168 -0.4862722 9.1565819 91 180 105
-0.5287160 -0.4904657 9.1457815 91 180 105
-0.5325793 -0.4829962 9.1447954 91 180 105
-0.5298350 -0.4798610 9.1568947 91 180 105
-0.5716524 -0.5037126 9.1111870 244 145 55
-0.5837603 -0.5101519 9.1115999 244 145 55
-0.5585291 -0.6006694 9.1064968 48 174 181
-0.5473158 -0.6016484 9.1054354 48 174 181
-0.5954807 -0.5128105 9.1159410 244 145 55
-0.5648581 -0.5488454 9.1216688 244 145 55
-0.5735654 -0.5544123 9.1276779 244 145 55
-0.5824254 -0.5803261 9.1393080 244 145 55
-0.5860524 -0.6005198 9.1358156 244 145 55
-0.4385597 -0.5679340 9.1468153 91 180 105
-0.4377759 -0.5830999 9.1434298 231 76 96
-0.4374551 -0.5844951 9.1476669 231 76 96
-0.4370127 -0.5873666 9.1467590 231 76 96
-0.4368663 -0.5865539 9.1430149 231 76 96
-0.4093586 -0.6140910 9.1559143 231 76 96
-0.4130851 -0.6179807 9.1428223 231 76 96
-0.4162385 -0.6040379 9.1442566 231 76 96
-0.4162637 -0.5998112 9.1567812 231 76 96
-0.4528512 -0.5606859 9.1188211 48 174 181
-0.4536549 -0.5496637 9.1246262 91 180 105
-0.4471218 -0.5543579 9.1302414 91 180 105
-0.4457479 -0.5634053 9.1275215 91 180 105
-0.4423029 -0.5948780 9.1214485 48 174 181
-0.4394966 -0.5955175 9.1223431 48 174 181
-0.4414276 -0.5969208 9.1200552 48 174 181
-0.4600261 -0.5381426 9.1270847 91 180 105
-0.4623617 -0.5443311 9.1208887 91 180 105
-0.4827983 -0.5860679 9.1017179 48 174 181
-0.4501969 -0.6016218 9.1108103 48 174 181
-0.4382687 -0.7044176 9.1475744 231 76 96
-0.4197716 -0.6810115 9.1490879 231 76 96
-0.4692238 -0.7206728 9.1480207 235 193 62
-0.5011148 -0.7271576 9.1462479 235 193 62
-0.5522729 -0.7047097 9.1270781 235 193 62
-0.5618013 -0.7177238 9.1375599 235 193 62
-0.5721968 -0.6966031 9.1433334 235 193 62
-0.5671823 -0.6864224 9.1285534 235 193 62
-0.5921504 -0.6221830 9.1313677 235 193 62
-0.5944856 -0.5445686 9.1410704 244 145 55
-0.6020054 -0.5279644 9.1382494 244 145 55
-0.4097910 -0.6561100 9.1502972 231 76 96
-0.4068514 -0.6348049 9.1537352 231 76 96
-0.4679823 -0.6247411 9.1003752 48 174 181
-0.4603529 -0.5782974 9.1078176 48 174 181
-0.4582052 -0.5690529 9.1112986 48 174 181
-0.4506856 -0.5767692 9.1153917 48 174 181
-0.4530733 -0.5829765 9.1129646 48 174 181
-0.4719464 -0.5746709 9.1048555 48 174 181
-0.4860983 -0.5725103 9.1036949 48 174 181
-0.5023386 -0.5714163 9.1030893 48 174 181
-0.5134625 -0.5640464 9.1044798 48 174 181
-0.5246913 -0.6865812 9.0996704 48 174 181
-0.5183274 -0.6688032 9.0923882 48 174 181
-0.5319844 -0.7155964 9.1260767 235 193 62
-0.5274943 -0.7035698 9.1064510 235 193 62
-0.5181709 -0.6569912 9.0905743 48 174 181
-0.5317217 -0.7289845 9.1441917 235 193 62
-0.4410309 -0.5385531 9.1561871 91 180 105
-0.4395352 -0.5421120 9.1574001 91 180 105
-0.4448858 -0.5407951 9.1494112 91 180 105
-0.4513961 -0.5174652 9.1568260 91 180 105
-0.4562040 -0.5144616 9.1552258 91 180 105
-0.4558316 -0.5132753 9.1600466 91 180 105
-0.4506633 -0.5166484 9.1612091 91 180 105
-0.4924988 -0.4943854 9.1532307 91 180 105
-0.4939287 -0.4991481 9.1438742 91 180 105
-0.5207024 -0.4928369 9.1562433 91 180 105
-0.5240648 -0.4972945 9.1461535 91 180 105
-0.4317937 -0.5469728 9.1572189 91 180 105
-0.4339688 -0.5471327 9.1567583 91 180 105
-0.4334667 -0.5474777 9.1587715 91 180 105
-0.4313650 -0.5470536 9.1586895 91 180 105
-0.4540171 -0.5290326 9.1448803 91 180 105
-0.4412486 -0.5299837 9.1601954 91 180 105
-0.4441366 -0.5274295 9.1601934 91 180 105
-0.4438246 -0.5268697 9.1630974 91 180 105
-0.4409978 -0.5293902 9.1632242 91 180 105
-0.5114743 -0.5166667 9.1293440 91 180 105
-0.5227804 -0.5128842 9.1337261 91 180 105
-0.5551261 -0.5077463 9.1146307 244 145 55
-0.5493467 -0.5195215 9.1150370 244 145 55
-0.5550097 -0.5422567 9.1150999 244 145 55
-0.5815922 -0.5583558 9.1333761 244 145 55
-0.5874083 -0.5625645 9.1399822 244 145 55
-0.5914596 -0.5646761 9.1493454 244 145 55
-0.5895877 -0.5829378 9.1484699 244 145 55
-0.5069687 -0.5039191 9.1442299 91 180 105
-0.5165163 -0.5030259 9.1455555 91 180 105
-0.5133463 -0.4981723 9.1555986 91 180 105
-0.5043778 -0.4984546 9.1546774 91 180 105
-0.4318301 -0.5438890 9.1624870 91 180 105
-0.4341926 -0.5439666 9.1616535 91 180 105
-0.4345475 -0.5416934 9.1635370 91 180 105
-0.4310814 -0.5421726 9.1637774 91 180 105
-0.4361928 -0.5464374 9.1560326 91 180 105
-0.4378131 -0.5441827 9.1580229 91 180 105
-0.4369054 -0.5459102 9.1583185 91 180 105
-0.4341642 -0.5467361 9.1552334 91 180 105
-0.4312230 -0.5467348 9.1557169 91 180 105
-0.4269478 -0.5449232 9.1601562 91 180 105
-0.4224133 -0.5432615 9.1603451 91 180 105
-0.4283024 -0.5456830 9.1573906 91 180 105
-0.4324219 -0.5458992 9.1608572 91 180 105
-0.4346461 -0.5457359 9.1606531 91 180 105
-0.4357186 -0.5473158 9.1588354 91 180 105
-0.4354498 -0.5472023 9.1570797 91 180 105
-0.4288363 -0.5458964 9.1600065 91 180 105
-0.4299890 -0.5464376 9.1583071 91 180 105
-0.4199580 -0.5651533 9.1613140 231 76 96
-0.5184227 -0.4903189 9.1650209 91 180 105
-0.5119950 -0.4955490 9.1638441 91 180 105
-0.4558592 -0.5283104 9.1442137 91 180 105
-0.4234705 -0.5996418 9.1445932 231 76 96
-0.4471923 -0.5728905 9.1209230 48 174 181
-0.4404351 -0.5703248 9.1397429 91 180 105
-0.4397765 -0.5762721 9.1389923 48 174 181
-0.4418001 -0.5744258 9.1335011 48 174 181
-0.4426561 -0.5668651 9.1341152 91 180 105
-0.4251053 -0.5966814 9.1525822 231 76 96
-0.4287950 -0.5918820 9.1569633 231 76 96
-0.4227897 -0.5907566 9.1608543 231 76 96
-0.4320917 -0.5865857 9.1574135 231 76 96
-0.4356067 -0.5829598 9.1542320 231 76 96
-0.4318109 -0.5783394 9.1559229 231 76 96
-0.4255665 -0.5821909 9.1606989 231 76 96
-0.4375429 -0.5977887 9.1220751 48 174 181
-0.4367633 -0.5957686 9.1240292 48 174 181
-0.4361544 -0.5759332 9.1509447 231 76 96
-0.4375491 -0.5805406 9.1495571 231 76 96
-0.4385317 -0.5784604 9.1444960 231 76 96
-0.4387639 -0.5732879 9.1454191 231 76 96
-0.4444265 -0.5729001 9.1276789 48 174 181
-0.4448027 -0.5985038 9.1156025 48 174 181
-0.4485320 -0.5880106 9.1193943 48 174 181
-0.5361046 -0.5914308 9.1071415 48 174 181
-0.5382221 -0.6037313 9.1020412 48 174 181
-0.5236348 -0.5797984 9.1058588 48 174 181
-0.5253431 -0.5823660 9.1058617 48 174 181
-0.5270833 -0.5755252 9.1104412 48 174 181
-0.5237767 -0.5740128 9.1079855 48 174 181
-0.5189067 -0.6316074 9.0907087 48 174 181
-0.5152748 -0.6298513 9.0918560 48 174 181
-0.5117538 -0.6346270 9.0903749 48 174 181
-0.5186255 -0.6372318 9.0901384 48 174 181
-0.5083167 -0.6292518 9.0917015 48 174 181
-0.5098554 -0.6264437 9.0929117 48 174 181
-0.5073625 -0.6244448 9.0925007 48 174 181
-0.5052310 -0.6309351 9.0911398 48 174 181
-0.5000290 -0.6255341 9.0926504 48 174 181
-0.4920326 -0.6329594 9.0912952 48 174 181
-0.4997028 -0.6392582 9.0895710 48 174 181
-0.4822133 -0.6134532 9.0999069 48 174 181
-0.4867458 -0.6250500 9.0954781 48 174 181
-0.4976875 -0.6183872 9.0957527 48 174 181
-0.4973602 -0.6097218 9.0990582 48 174 181
-0.5132703 -0.5809028 9.1044779 48 174 181
-0.5188555 -0.5753338 9.1050520 48 174 181
-0.5314386 -0.5819432 9.1099863 48 174 181
-0.5697135 -0.6555192 9.1156425 235 193 62
-0.5608074 -0.6451954 9.1061182 48 174 181
-0.5525695 -0.6351045 9.0966921 48 174 181
-0.5428491 -0.6274399 9.0950136 48 174 181
-0.5764920 -0.6672260 9.1298494 235 193 62
-0.5808129 -0.6696004 9.1445150 235 193 62
-0.4890258 -0.6000513 9.0996618 48 174 181
-0.5016450 -0.5996335 9.1013041 48 174 181
-0.5680888 -0.6271285 9.1062880 48 174 181
-0.5796297 -0.6363705 9.1137085 235 193 62
-0.5572947 -0.6191961 9.0997887 48 174 181
-0.5464997 -0.6149933 9.0982103 48 174 181
-0.5859681 -0.6466531 9.1303463 235 193 62
-0.5922590 -0.6477985 9.1481638 235 193 62
-0.5963315 -0.6230687 9.1451902 235 193 62
-0.5211073 -0.5867910 9.1008596 48 174 181
-0.5222040 -0.5813451 9.0999908 48 174 181
-0.5215009 -0.5796446 9.1031075 48 174 181
-0.5182366 -0.5841941 9.1026411 48 174 181
-0.5072113 -0.5900734 9.1026611 48 174 181
-0.4962757 -0.5872348 9.1020422 48 174 181
-0.4220891 -0.5731886 9.1610746 231 76 96
-0.4657260 -0.4954798 9.1609068 91 180 105
-0.4597650 -0.5067486 9.1624937 91 180 105
-0.4389021 -0.5369602 9.1607485 91 180 105
-0.4399201 -0.5334139 9.1604414 91 180 105
-0.4396333 -0.5325379 9.1633730 91 180 105
-0.4385797 -0.5359602 9.1636353 91 180 105
-0.4307734 -0.5956604 9.1494169 231 76 96
-0.5941019 -0.6024484 9.1451635 244 145 55
-0.5982469 -0.5468424 9.1491947 244 145 55
-0.6051473 -0.5305056 9.1480894 244 145 55
-0.6049672 -0.5121788 9.1226664 244 145 55
-0.6110557 -0.5131626 9.1324768 244 145 55
-0.4369256 -0.5391424 9.1638432 91 180 105
-0.4375197 -0.5401335 9.1610746 91 180 105
-0.4301379 -0.5461552 9.1606140 91 180 105
-0.4455731 -0.5278746 9.1559143 91 180 105
-0.4356143 -0.5446778 9.1604605 91 180 105
-0.4362668 -0.5426456 9.1611233 91 180 105
-0.4341192 -0.5408308 9.1654377 91 180 105
-0.4368677 -0.5387672 9.1653137 91 180 105
-0.4384077 -0.5818987 9.1389055 48 174 181
-0.4371078 -0.5860105 9.1389399 48 174 181
-0.4288096 -0.5441685 9.1618958 91 180 105
-0.4270129 -0.5421123 9.1628819 91 180 105
-0.5379993 -0.4863201 9.1310816 91 180 105
-0.5478213 -0.4915723 9.1196012 244 145 55
-0.4437672 -0.5267246 9.1651649 91 180 105
-0.4409356 -0.5291069 9.1652031 91 180 105
-0.5075955 -0.6080518 9.1000700 48 174 181
-0.5059755 -0.6146760 9.0967503 48 174 181
-0.5123821 -0.6128255 9.0965261 48 174 181
-0.5139046 -0.6074701 9.1001863 48 174 181
-0.5239727 -0.4841650 9.1656446 91 180 105
-0.5600436 -0.4972408 9.1136103 244 145 55
-0.6157198 -0.5160256 9.1437969 244 145 55
-0.4436027 -0.5913376 9.1228743 48 174 181
-0.4437593 -0.5934578 9.1215944 48 174 181
-0.4330418 -0.5938106 9.1466808 231 76 96
-0.4504454 -0.5223855 9.1540289 91 180 105
-0.4495151 -0.5259071 9.1559801 91 180 105
-0.5034176 -0.4961129 9.1625423 91 180 105
-0.4305834 -0.5413048 9.1653337 91 180 105
-0.5160888 -0.6230372 9.0964079 48 174 181
-0.5172199 -0.6201556 9.0968647 48 174 181
-0.5160334 -0.6185483 9.0938597 48 174 181
-0.5139412 -0.6207515 9.0932426 48 174 181
-0.5078675 -0.6212777 9.0904684 48 174 181
-0.5075634 -0.6248265 9.0892334 48 174 181
-0.5106747 -0.6227896 9.0882826 48 174 181
-0.5116034 -0.6203237 9.0901413 48 174 181
-0.5054600 -0.6205540 9.0930233 48 174 181
-0.5096008 -0.6179277 9.0930319 48 174 181
-0.5082670 -0.6267660 9.0867405 48 174 181
-0.5108624 -0.6250262 9.0873461 48 174 181
-0.5116025 -0.6280377 9.0920897 48 174 181
-0.5090229 -0.6282297 9.0895405 48 174 181
-0.5119384 -0.6317592 9.0883160 48 174 181
-0.5110251 -0.6294208 9.0842857 48 174 181
-0.5175478 -0.6345513 9.0860786 48 174 181
-0.5160854 -0.6312165 9.0819826 48 174 181
-0.5242356 -0.6330587 9.0852184 48 174 181
-0.5224984 -0.6304525 9.0811710 48 174 181
-0.5144941 -0.5918056 9.1024685 48 174 181
-0.5198061 -0.5952713 9.1024008 48 174 181
-0.5291716 -0.6288824 9.0857935 48 174 181
-0.5278562 -0.6274097 9.0806561 48 174 181
-0.5335066 -0.6223723 9.0867405 48 174 181
-0.5323017 -0.6220277 9.0813141 48 174 181
-0.5364075 -0.6158471 9.0881624 48 174 181
-0.5354847 -0.6155068 9.0834465 48 174 181
-0.5373190 -0.6067271 9.0900774 48 174 181
-0.5358854 -0.6080003 9.0853491 48 174 181
-0.5359164 -0.5967271 9.0921450 48 174 181
-0.5338913 -0.5995585 9.0877485 48 174 181
-0.5225844 -0.6279541 9.0839844 48 174 181
-0.5178367 -0.6288396 9.0851688 48 174 181
-0.5221495 -0.6290711 9.0919342 48 174 181
-0.5133787 -0.6277387 9.0865421 48 174 181
-0.5262827 -0.6183220 9.0981388 48 174 181
-0.5259809 -0.6147669 9.0984192 48 174 181
-0.5227298 -0.6142642 9.0957508 48 174 181
-0.5234797 -0.6170760 9.0980959 48 174 181
-0.5176159 -0.6074764 9.0998430 48 174 181
-0.5197338 -0.6025967 9.0990162 48 174 181
-0.5167259 -0.6010570 9.1004572 48 174 181
-0.5217921 -0.5994797 9.1005259 48 174 181
-0.5211983 -0.6036673 9.1016531 48 174 181
-0.5226234 -0.6011265 9.1010227 48 174 181
-0.5197996 -0.6070560 9.1030121 48 174 181
-0.5242816 -0.6001697 9.1002598 48 174 181
-0.5237460 -0.5982639 9.0995207 48 174 181
-0.5245717 -0.6012071 9.1013231 48 174 181
-0.5235941 -0.6017594 9.1017990 48 174 181
-0.5237212 -0.6034227 9.1029177 48 174 181
-0.5246623 -0.6067983 9.1031189 48 174 181
-0.5108778 -0.5998915 9.1008692 48 174 181
-0.5299581 -0.5967031 9.1023464 48 174 181
-0.5316085 -0.6053615 9.0984802 48 174 181
-0.5305917 -0.5924336 9.0904684 48 174 181
-0.5323275 -0.5872485 9.0940380 48 174 181
-0.5240479 -0.5798978 9.0981894 48 174 181
-0.5278092 -0.5815822 9.0955982 48 174 181
-0.5251615 -0.6248731 9.0933933 48 174 181
-0.5295095 -0.6203077 9.0942507 48 174 181
-0.5260577 -0.5887785 9.1044931 48 174 181
-0.5314242 -0.6133544 9.0965605 48 174 181
-0.5322145 -0.6024433 9.0895119 48 174 181
-0.5298645 -0.5974582 9.0923452 48 174 181
-0.5329857 -0.6086129 9.0868750 48 174 181
-0.5229316 -0.5942784 9.0989904 48 174 181
-0.5261965 -0.5947295 9.0953255 48 174 181
-0.5262133 -0.5890453 9.0933132 48 174 181
-0.5227556 -0.5872473 9.0968075 48 174 181
-0.5287739 -0.6010743 9.0953426 48 174 181
-0.5298533 -0.6043777 9.0914717 48 174 181
-0.5289544 -0.6034076 9.0983448 48 174 181
-0.5299981 -0.6066089 9.0951118 48 174 181
-0.5263507 -0.6010583 9.0995617 48 174 181
-0.5262132 -0.5987807 9.0978994 48 174 181
-0.5284421 -0.6052063 9.1020164 48 174 181
-0.5292262 -0.6097818 9.0991650 48 174 181
-0.5260448 -0.6024110 9.1016903 48 174 181
-0.5292492 -0.6099290 9.0919580 48 174 181
-0.5286498 -0.6130492 9.0954056 48 174 181
-0.5253408 -0.6152564 9.0916376 48 174 181
-0.5269978 -0.6131757 9.0887499 48 174 181
-0.5303202 -0.6086711 9.0882549 48 174 181
-0.5293372 -0.6132351 9.0857143 48 174 181
-0.5326280 -0.6149086 9.0856018 48 174 181
-0.5279605 -0.6184185 9.0847397 48 174 181
-0.5304642 -0.6208144 9.0844851 48 174 181
-0.5257265 -0.6169054 9.0868587 48 174 181
-0.5235677 -0.6168653 9.0888863 48 174 181
-0.5268139 -0.6255401 9.0836744 48 174 181
-0.5253909 -0.6227149 9.0845661 48 174 181
-0.5219202 -0.6252044 9.0849810 48 174 181
-0.5237972 -0.6201444 9.0861416 48 174 181
-0.5211142 -0.6222731 9.0868301 48 174 181
-0.5227140 -0.6186742 9.0876799 48 174 181
-0.5208736 -0.6196638 9.0885868 48 174 181
-0.5128731 -0.6249290 9.0906334 48 174 181
-0.5127356 -0.6227608 9.0918808 48 174 181
-0.5151889 -0.6262433 9.0887604 48 174 181
-0.5163984 -0.6237723 9.0906096 48 174 181
-0.5147512 -0.6238297 9.0918674 48 174 181
-0.5150465 -0.6227899 9.0935411 48 174 181
-0.5169798 -0.6215544 9.0920095 48 174 181
-0.5191363 -0.6209691 9.0946302 48 174 181
-0.5372307 -0.4628451 9.1549139 112 91 190
-0.5374516 -0.4622334 9.1658812 112 91 190
-0.5329518 -0.4708790 9.1667013 91 180 105
-0.5337973 -0.4723338 9.1562500 91 180 105
-0.5188073 -0.6233967 9.0886240 48 174 181
-0.5188073 -0.6203974 9.0901327 48 174 181
-0.5184075 -0.6263027 9.0867672 48 174 181
-0.5228664 -0.6186718 9.0933857 48 174 181
-0.5205664 -0.6190990 9.0920935 48 174 181
-0.5217593 -0.6177531 9.0902281 48 174 181
-0.5231833 -0.6172224 9.0917139 48 174 181
-0.5170460 -0.6112940 9.0993633 48 174 181
-0.5208784 -0.6115690 9.1017256 48 174 181
-0.5252081 -0.6099601 9.1008101 48 174 181
-0.5422246 -0.4508850 9.1186581 112 91 190
-0.5455310 -0.4592872 9.1226292 112 91 190
-0.5529070 -0.4639210 9.1071129 112 91 190
-0.5490362 -0.4568362 9.1009378 112 91 190
-0.5257964 -0.4276095 9.1130714 112 91 190
-0.5285219 -0.4336157 9.0883350 45 146 205
-0.5150245 -0.4108834 9.0982246 45 146 205
-0.5167397 -0.4090751 9.1176443 45 146 205
-0.5034685 -0.3929964 9.1069880 45 146 205
-0.5064762 -0.3925219 9.1227484 45 146 205
-0.4788571 -0.3462419 9.1240778 45 146 205
-0.4812862 -0.3472713 9.1382933 45 146 205
-0.4891526 -0.3621563 9.1335421 45 146 205
-0.4866368 -0.3607126 9.1190071 45 146 205
-0.4563219 -0.2742060 9.1219511 91 180 105
-0.4613939 -0.2593683 9.1282263 91 180 105
-0.4596931 -0.2642316 9.1396198 91 180 105
-0.4555195 -0.2775293 9.1318750 91 180 105
-0.4931838 -0.3519348 9.0583305 45 146 205
-0.4978921 -0.3689440 9.0535059 45 146 205
-0.5001545 -0.3568585 9.0472307 45 146 205
-0.4958970 -0.3409776 9.0523462 45 146 205
-0.5572421 -0.4670324 9.0548534 244 145 55
-0.5414257 -0.4529510 9.0695219 244 145 55
-0.5521159 -0.4595944 9.0789261 244 145 55
-0.5646511 -0.4715657 9.0648909 244 145 55
-0.4801433 -0.2807773 9.0739260 45 146 205
-0.4769065 -0.2696161 9.0812702 45 146 205
-0.4701671 -0.2787571 9.0853958 45 146 205
-0.4730850 -0.2898380 9.0795813 45 146 205
-0.4926142 -0.2033730 9.1144400 244 145 55
-0.4923446 -0.1848414 9.1152840 244 145 55
-0.4859392 -0.1854399 9.1324778 244 145 55
-0.4858469 -0.2036195 9.1301632 244 145 55
-0.5296798 -0.2218388 9.0616083 113 165 78
-0.5485955 -0.2203852 9.0508804 113 165 78
-0.5491095 -0.2059935 9.0540695 113 165 78
-0.5290770 -0.2058015 9.0647411 113 165 78
-0.4769381 -0.3410493 9.0986471 45 146 205
-0.4774348 -0.3438948 9.1107960 45 146 205
-0.4848130 -0.3582239 9.1053705 45 146 205
-0.4839040 -0.3549799 9.0928059 45 146 205
-0.5266937 -0.2250798 8.9749346 113 165 78
-0.5362883 -0.2199564 8.9861746 113 165 78
-0.5320138 -0.2415161 8.9928923 113 165 78
-0.5233998 -0.2467858 8.9819984 113 165 78
-0.5234547 -0.1245563 9.0740929 244 145 55
-0.5420651 -0.1283271 9.0671844 113 165 78
-0.5383581 -0.1133008 9.0663166 48 174 181
-0.5194842 -0.1091556 9.0742788 244 145 55
-0.5028390 -0.3732788 8.9981356 244 145 55
-0.5007547 -0.3892243 9.0028028 244 145 55
-0.5085934 -0.4015381 8.9864674 244 145 55
-0.5085065 -0.3852803 8.9816904 244 145 55
-0.4871720 -0.3202088 9.0638781 45 146 205
-0.4824400 -0.3277469 9.0706863 45 146 205
-0.4868451 -0.3395402 9.0639095 45 146 205
-0.4901143 -0.3297675 9.0577459 45 146 205
-0.5497457 -0.2466440 9.0397940 113 165 78
-0.5337011 -0.2485526 9.0491180 113 165 78
-0.5374993 -0.2620418 9.0429878 113 165 78
-0.5522920 -0.2612824 9.0350924 113 165 78
-0.5312102 -0.2350298 9.0546083 113 165 78
-0.5488689 -0.2328635 9.0450535 113 165 78
-0.4796831 -0.3335006 9.0785522 45 146 205
-0.4777271 -0.3372768 9.0880270 45 146 205
-0.4837522 -0.3511868 9.0812912 45 146 205
-0.4848996 -0.3468537 9.0716667 45 146 205
-0.4692658 -0.2469316 9.1342077 91 180 105
-0.4672530 -0.2529290 9.1478224 91 180 105
-0.5030683 -0.1046873 9.0865898 244 145 55
-0.4899362 -0.1005234 9.1021729 244 145 55
-0.4944865 -0.1173888 9.1013908 244 145 55
-0.5070942 -0.1212144 9.0855160 244 145 55
-0.4840294 -0.2235464 9.1429777 91 180 105
-0.4793466 -0.2371144 9.1392355 91 180 105
-0.4824941 -0.2341107 9.1257362 244 145 55
-0.4881454 -0.2213285 9.1286240 244 145 55
-0.4808602 -0.0965638 9.1209621 244 145 55
-0.4760896 -0.0943038 9.1418772 244 145 55
-0.4820434 -0.1123867 9.1413603 244 145 55
-0.4862490 -0.1139910 9.1207142 244 145 55
-0.4946923 -0.3762097 9.1133690 45 146 205
-0.4969360 -0.3774298 9.1283169 45 146 205
-0.4625697 -0.2704070 9.1030712 45 146 205
-0.4679582 -0.2562700 9.1067657 91 180 105
-0.4641608 -0.2569717 9.1170979 91 180 105
-0.4590089 -0.2717729 9.1120911 91 180 105
-0.5119103 -0.3158163 9.0439377 45 146 205
-0.5015815 -0.3280070 9.0470181 45 146 205
-0.5067670 -0.3397973 9.0393267 45 146 205
-0.5170383 -0.3214809 9.0383282 45 146 205
-0.5342464 -0.0981418 9.0643549 48 174 181
-0.5149282 -0.0941158 9.0724430 48 174 181
-0.4770657 -0.0788936 9.1207237 244 145 55
-0.4722061 -0.0759725 9.1420069 244 145 55
-0.5711568 -0.3162630 9.0070438 222 112 151
-0.5683727 -0.3109070 9.0118246 244 145 55
-0.5563847 -0.3113863 9.0179749 45 146 205
-0.5605642 -0.3187007 9.0132084 222 112 151
-0.4631410 -0.2837710 9.1643133 91 180 105
-0.4583852 -0.2901742 9.1508627 91 180 105
-0.4581718 -0.2744912 9.1480045 91 180 105
-0.4648558 -0.2645854 9.1592522 91 180 105
-0.4757807 -0.2435770 9.1096773 91 180 105
-0.4848403 -0.2328512 9.1114740 244 145 55
-0.4719753 -0.2442097 9.1213665 91 180 105
-0.4708849 -0.2761633 9.1782064 91 180 105
-0.4773078 -0.2525390 9.1721830 91 180 105
-0.5004349 -0.3760448 9.1432953 45 146 205
-0.4916563 -0.3623345 9.1481209 45 146 205
-0.5089161 -0.3908818 9.1388321 45 146 205
-0.5104219 -0.3888154 9.1547556 112 91 190
-0.5179425 -0.4051639 9.1525955 112 91 190
-0.5175439 -0.4066449 9.1359434 112 91 190
-0.5241531 -0.4213073 9.1520329 112 91 190
-0.5247685 -0.4229258 9.1346760 112 91 190
-0.5385198 -0.4468490 9.1370687 112 91 190
-0.5417167 -0.4560433 9.1396732 112 91 190
-0.4972627 -0.3191485 9.0530672 45 146 205
-0.4942018 -0.3106703 9.0578737 45 146 205
-0.4855955 -0.0834549 9.1017733 244 145 55
-0.6332006 -0.4050055 9.0290642 244 145 55
-0.6405652 -0.3878021 9.0323792 222 112 151
-0.6280367 -0.3894932 9.0183372 244 145 55
-0.6211709 -0.4053100 9.0159912 244 145 55
-0.5500757 -0.4651244 9.0446739 244 145 55
-0.5320850 -0.4509751 9.0579653 244 145 55
-0.5984234 -0.3344569 8.9975452 244 145 55
-0.6039421 -0.3306360 9.0028410 244 145 55
-0.6005408 -0.3206899 9.0064306 244 145 55
-0.5968753 -0.3262174 9.0008087 244 145 55
-0.5863149 -0.3175700 9.0000839 222 112 151
-0.5899736 -0.3116582 8.9978609 222 112 151
-0.5928715 -0.3155783 8.9932480 222 112 151
-0.5893197 -0.3224757 8.9969282 222 112 151
-0.5573264 -0.1165315 9.0636101 113 165 78
-0.5620000 -0.1314910 9.0653725 113 165 78
-0.6096811 -0.2347902 9.0457153 113 165 78
-0.5890980 -0.2270024 9.0445061 113 165 78
-0.5868254 -0.2408073 9.0367441 113 165 78
-0.6055961 -0.2502997 9.0371399 113 165 78
-0.6683064 -0.3855245 9.1214867 222 112 151
-0.6705093 -0.3708063 9.1212244 222 112 151
-0.6671090 -0.3727381 9.1026459 222 112 151
-0.6654505 -0.3883489 9.1019182 222 112 151
-0.6507864 -0.4131631 9.0620165 222 112 151
-0.6453408 -0.4276522 9.0611467 222 112 151
-0.6549376 -0.4215497 9.0814800 222 112 151
-0.6585470 -0.4078253 9.0819321 222 112 151
-0.6461998 -0.4017428 9.0454655 222 112 151
-0.6521245 -0.3844622 9.0483913 222 112 151
-0.5674035 -0.2643069 9.0308380 113 165 78
-0.5668832 -0.2495829 9.0341005 113 165 78
-0.5702237 -0.2821241 9.0228109 113 165 78
-0.5571741 -0.2805902 9.0269852 113 165 78
-0.5594877 -0.2874227 9.0238285 113 165 78
-0.5724695 -0.2882746 9.0196552 113 165 78
-0.5699738 -0.4770518 9.0741673 244 145 55
-0.5879914 -0.4818949 9.0696936 244 145 55
-0.5821232 -0.4762562 9.0577164 244 145 55
-0.6358515 -0.4675004 9.0942049 222 112 151
-0.6396036 -0.4618473 9.0924025 222 112 151
-0.6311700 -0.4650597 9.0800171 222 112 151
-0.6287268 -0.4705629 9.0852165 244 145 55
-0.6705685 -0.3042963 9.1016054 222 112 151
-0.6769728 -0.3060808 9.1202984 222 112 151
-0.6747228 -0.2841657 9.1229420 222 112 151
-0.6680374 -0.2811996 9.1039495 222 112 151
-0.5830917 -0.2983027 9.0147123 113 165 78
-0.5834302 -0.3048897 9.0108557 113 165 78
-0.5893915 -0.3118246 9.0084248 244 145 55
-0.5902557 -0.3043923 9.0129528 113 165 78
-0.5913506 -0.2986306 9.0163469 113 165 78
-0.5925521 -0.2925677 9.0199594 113 165 78
-0.5820225 -0.2864206 9.0207529 113 165 78
-0.5823569 -0.2931778 9.0179291 113 165 78
-0.6000586 -0.2647740 9.0323305 113 165 78
-0.5835737 -0.2558800 9.0311699 113 165 78
-0.5817401 -0.2702679 9.0292130 113 165 78
-0.5961626 -0.2771134 9.0277462 113 165 78
-0.6605548 -0.2171985 9.1360397 151 98 185
-0.6559966 -0.2157119 9.1200047 151 98 185
-0.6598404 -0.2364280 9.1156931 151 98 185
-0.6655110 -0.2377735 9.1322174 151 98 185
-0.5430242 -0.3181403 9.0178719 231 76 96
-0.5334576 -0.3192673 9.0235920 231 76 96
-0.5381248 -0.3091587 9.0217209 231 76 96
-0.5498407 -0.3072534 9.0147009 231 76 96
-0.5947277 -0.3220617 8.9753475 222 112 151
-0.5947585 -0.3151624 8.9692087 222 112 151
-0.5926933 -0.3184234 8.9654369 65 132 208
-0.5928811 -0.3261267 8.9715910 222 112 151
-0.5667704 -0.2887519 9.0067892 222 112 151
-0.5554831 -0.2922788 9.0125208 231 76 96
-0.5610735 -0.2733848 9.0094900 113 165 78
-0.5733904 -0.2708057 9.0037518 113 165 78
-0.5676881 -0.4659965 9.0261364 244 145 55
-0.5425470 -0.4639818 9.0356464 244 145 55
-0.5717709 -0.4697270 9.0354548 244 145 55
-0.5815374 -0.2987975 9.0028458 222 112 151
-0.5881264 -0.2867148 8.9995251 222 112 151
-0.5943660 -0.2891401 8.9937372 222 112 151
-0.5899097 -0.3006107 8.9990654 222 112 151
-0.5225091 -0.2313083 8.9597569 113 165 78
-0.5197907 -0.2529188 8.9672756 113 165 78
-0.5881703 -0.2514095 8.9914331 113 165 78
-0.5952531 -0.2521840 8.9831495 113 165 78
-0.5925280 -0.2706232 8.9935904 65 132 208
-0.5845632 -0.2696872 8.9990616 113 165 78
-0.6108391 -0.2204537 9.0558758 113 165 78
-0.5907360 -0.2130206 9.0518332 113 165 78
-0.5965508 -0.1221911 9.0707006 113 165 78
-0.5773185 -0.1196748 9.0648394 113 165 78
-0.5819368 -0.1354692 9.0681458 113 165 78
-0.6001232 -0.1391988 9.0743637 113 165 78
-0.5546542 -0.1013156 9.0609808 48 174 181
-0.5928656 -0.1045347 9.0685711 113 165 78
-0.5739512 -0.1029143 9.0632486 48 174 181
-0.5907239 -0.4949170 9.0918427 244 145 55
-0.6052566 -0.4957001 9.0971346 244 145 55
-0.6075200 -0.4880652 9.0875883 244 145 55
-0.5905539 -0.4880380 9.0806437 244 145 55
-0.5376580 0.0113245 9.0350170 48 174 181
-0.5371131 0.0423583 9.0322733 48 174 181
-0.5089185 0.0461099 9.0382814 48 174 181
-0.5119946 0.0122045 9.0427837 48 174 181
-0.6319873 -0.4830647 9.1134739 222 112 151
-0.6207041 -0.4855567 9.0996237 244 145 55
-0.6162906 -0.4939134 9.1078386 112 91 190
-0.6258885 -0.4930075 9.1197624 112 91 190
-0.5150239 -0.0163192 9.0466337 48 174 181
-0.5401428 -0.0196083 9.0381021 48 174 181
-0.5755090 -0.4876471 9.0943918 112 91 190
-0.5734785 -0.4819315 9.0839062 244 145 55
-0.5625920 -0.4719942 9.0939426 112 91 190
-0.5642325 -0.4787653 9.1019506 112 91 190
-0.5536828 -0.4721972 9.1129217 112 91 190
-0.4861616 0.0499660 9.0489922 48 174 181
-0.4901806 0.0210449 9.0554113 48 174 181
-0.6018437 -0.5041119 9.1067677 112 91 190
-0.6116101 -0.5022695 9.1160135 112 91 190
-0.6195373 -0.5023898 9.1264210 244 145 55
-0.6250668 -0.5041867 9.1386156 244 145 55
-0.5514741 -0.0866869 9.0571995 48 174 181
-0.5307243 -0.0834865 9.0621586 48 174 181
-0.6115553 0.1483552 9.0462399 190 84 166
-0.6305127 0.1506516 9.0663919 190 84 166
-0.6173587 0.1698500 9.0750465 112 91 190
-0.6004361 0.1662194 9.0496483 112 91 190
-0.6567233 0.1395997 9.1260214 190 84 166
-0.6417714 0.1556639 9.1383038 190 84 166
-0.6320496 0.1639352 9.1053467 190 84 166
-0.6450435 0.1480505 9.0940876 190 84 166
-0.6767771 0.0114772 9.1104126 235 193 62
-0.6645383 0.0122493 9.0854254 235 193 62
-0.6580533 -0.0088948 9.0895557 235 193 62
-0.6713915 -0.0102635 9.1131916 235 193 62
-0.5912024 -0.0885976 9.0635862 48 174 181
-0.5714917 -0.0872966 9.0580053 48 174 181
-0.5115029 -0.0791439 9.0716486 48 174 181
-0.4745482 0.1769477 9.0433683 48 174 181
-0.5040669 0.1740037 9.0259151 48 174 181
-0.5111765 0.2038844 9.0281096 112 91 190
-0.4817103 0.2073242 9.0438013 113 165 78
-0.5719548 0.2012069 9.0380592 112 91 190
-0.5716675 0.1789356 9.0338116 112 91 190
-0.5971742 0.1845444 9.0554895 112 91 190
-0.5944862 0.2029423 9.0595369 112 91 190
-0.4688570 -0.0730958 9.1628351 65 132 208
-0.4702129 -0.0588510 9.1425676 48 174 181
-0.4681902 -0.0552237 9.1639652 65 132 208
-0.4727684 -0.0656294 9.2183666 65 132 208
-0.4686697 -0.0678901 9.1994820 65 132 208
-0.4693903 -0.0498125 9.2025099 65 132 208
-0.4740903 -0.0475830 9.2204199 65 132 208
-0.4840663 0.0629054 9.2127657 151 98 185
-0.4896271 0.0602827 9.2254324 151 98 185
-0.4847983 0.0385884 9.2250395 151 98 185
-0.4795779 0.0414614 9.2102499 151 98 185
-0.4710933 0.0296421 9.0709181 48 174 181
-0.4577307 0.0366038 9.0928535 48 174 181
-0.4644244 0.0115916 9.0954304 48 174 181
-0.4768718 0.0022687 9.0753088 48 174 181
-0.6255254 0.1659611 9.1473198 112 91 190
-0.6217310 0.1756139 9.1173058 112 91 190
-0.4591802 0.2103137 9.0699825 113 165 78
-0.4542049 0.1781105 9.0712214 113 165 78
-0.4467433 0.2105888 9.1050682 113 165 78
-0.4510477 0.2091643 9.1395493 113 165 78
-0.4482220 0.1767467 9.1396484 113 165 78
-0.4442961 0.1783202 9.1050901 113 165 78
-0.5224902 0.1419693 9.2084742 113 165 78
-0.4994494 0.1225007 9.2078114 113 165 78
-0.5008387 0.1306421 9.1986971 113 165 78
-0.5235373 0.1446771 9.2031670 113 165 78
-0.6763588 0.0975587 9.1125689 190 84 166
-0.6696444 0.1180300 9.1167879 190 84 166
-0.6580211 0.1291513 9.0876255 190 84 166
-0.6658533 0.1059575 9.0838547 190 84 166
-0.6092550 -0.1059432 9.0778694 235 193 62
-0.6088199 -0.0884677 9.0729342 235 193 62
-0.6226323 -0.1064377 9.0901814 235 193 62
-0.6128747 -0.1243565 9.0800838 113 165 78
-0.6254072 -0.1264016 9.0924730 151 98 185
-0.6428628 -0.2411264 9.0752001 113 165 78
-0.6281311 -0.2304856 9.0637884 113 165 78
-0.6282788 -0.2447963 9.0527449 113 165 78
-0.6439270 -0.2577501 9.0635452 113 165 78
-0.6651783 -0.3773498 9.0842381 222 112 151
-0.6620988 -0.3924546 9.0831470 222 112 151
-0.6105838 0.2001896 9.0907116 112 91 190
-0.6156867 0.1911152 9.1303806 112 91 190
-0.6135060 0.2192728 9.1201305 112 91 190
-0.6079886 0.2240673 9.0876913 112 91 190
-0.5740808 0.2275880 9.0405455 112 91 190
-0.5482776 0.2278062 9.0297136 112 91 190
-0.5436333 0.2010311 9.0257969 112 91 190
-0.5175933 0.2319417 9.0307770 112 91 190
-0.4864767 0.2375403 9.0459442 113 165 78
-0.4500915 0.2423642 9.1064377 113 165 78
-0.4554613 0.2405831 9.1398993 113 165 78
-0.5212519 0.2026197 9.1953688 113 165 78
-0.4945226 0.2053447 9.1855822 113 165 78
-0.5005957 0.2315019 9.1840029 113 165 78
-0.5286205 0.2269225 9.1911659 113 165 78
-0.4656145 0.0756561 9.1779909 151 98 185
-0.4578876 0.0597006 9.1454859 151 98 185
-0.4544252 0.0812083 9.1430054 48 174 181
-0.4650505 0.0951219 9.1685820 48 174 181
-0.4718547 -0.0861232 9.2129860 65 132 208
-0.4692462 -0.0887346 9.1974134 65 132 208
-0.4674950 -0.0705177 9.1826448 65 132 208
-0.4693122 -0.0907257 9.1811838 65 132 208
-0.4724010 -0.0926334 9.1625042 65 132 208
-0.4764938 -0.1703348 9.1912470 65 132 208
-0.4763032 -0.1684095 9.1722345 244 145 55
-0.4773110 -0.1496269 9.1760206 244 145 55
-0.4764338 -0.1510702 9.1946392 65 132 208
-0.4760006 -0.1913390 9.1868134 91 180 105
-0.4756930 -0.1895668 9.1678400 244 145 55
-0.4854174 -0.2328307 9.1764669 91 180 105
-0.4778669 -0.2423493 9.1548901 91 180 105
-0.4833681 -0.2276320 9.1591215 91 180 105
-0.5032231 -0.3737521 9.1579599 45 146 205
-0.4952357 -0.3605495 9.1621809 91 180 105
-0.4639695 0.0587873 9.0651026 48 174 181
-0.6054414 0.1919624 9.1619024 112 91 190
-0.5898561 0.1951357 9.1820364 112 91 190
-0.5942409 0.2191277 9.1722698 112 91 190
-0.6079925 0.2183095 9.1504450 112 91 190
-0.4941624 -0.0074082 9.0588951 48 174 181
-0.4985505 -0.0892268 9.0855083 48 174 181
-0.4961086 -0.0738899 9.0852852 48 174 181
-0.5100133 -0.2262937 9.0777550 113 165 78
-0.5128105 -0.2068735 9.0803251 113 165 78
-0.4557260 -0.2935458 9.1388283 91 180 105
-0.4555629 -0.2820320 9.1393881 91 180 105
-0.5397975 0.1741811 9.0217905 48 174 181
-0.4550702 0.2730751 9.1076660 113 165 78
-0.4604568 0.3027145 9.1094198 113 165 78
-0.4673483 0.3014085 9.1397543 113 165 78
-0.4610396 0.2713756 9.1402712 113 165 78
-0.5583349 0.2515545 9.1825581 113 165 78
-0.5343106 0.2539907 9.1859684 113 165 78
-0.5400435 0.2838337 9.1789207 113 165 78
-0.5632312 0.2821436 9.1745625 112 91 190
-0.5660021 0.3121971 9.1658993 112 91 190
-0.5438770 0.3148653 9.1709642 113 165 78
-0.5498931 0.3442289 9.1652994 91 180 105
-0.5701400 0.3409331 9.1588421 112 91 190
-0.4629853 0.2410556 9.0717506 113 165 78
-0.4920902 0.2967081 9.0542345 113 165 78
-0.4704570 0.3016241 9.0778437 113 165 78
-0.4669867 0.2718751 9.0746002 113 165 78
-0.4897102 0.2669839 9.0502644 113 165 78
-0.5943469 0.2273933 9.0589790 112 91 190
-0.5532763 0.2244459 9.1913481 113 165 78
-0.5458668 0.2011742 9.1979818 113 165 78
-0.5974742 0.2806793 9.1499786 112 91 190
-0.6085151 0.2800491 9.1291695 112 91 190
-0.6094909 0.2490462 9.1389561 112 91 190
-0.5966230 0.2494399 9.1615448 112 91 190
-0.5726140 0.2822868 9.0422935 112 91 190
-0.5478808 0.2845656 9.0357504 112 91 190
-0.5485844 0.2563255 9.0327511 112 91 190
-0.5738227 0.2547077 9.0413799 112 91 190
-0.5188835 0.2603102 9.0361824 112 91 190
-0.5198903 0.2896825 9.0407915 112 91 190
-0.4958196 0.3554225 9.0610666 91 180 105
-0.4776750 0.3589632 9.0844355 91 180 105
-0.4737383 0.3307942 9.0812235 91 180 105
-0.4941409 0.3265306 9.0577812 91 180 105
-0.5212404 0.3485748 9.0463066 91 180 105
-0.5204987 0.3195651 9.0439625 112 91 190
-0.5467120 0.3136803 9.0378571 112 91 190
-0.5454904 0.3426115 9.0400696 112 91 190
-0.5682097 0.3383892 9.0452900 112 91 190
-0.5703165 0.3102128 9.0431881 112 91 190
-0.5892713 0.3084457 9.0569849 112 91 190
-0.5866370 0.3358101 9.0569630 112 91 190
-0.6018223 0.3073438 9.0765114 112 91 190
-0.6069621 0.3069590 9.0990429 112 91 190
-0.6034947 0.3339056 9.0942917 112 91 190
-0.5981724 0.3346449 9.0742140 112 91 190
-0.5979269 0.3369173 9.1333036 112 91 190
-0.6043786 0.3346979 9.1144915 112 91 190
-0.6061805 0.3081019 9.1213636 112 91 190
-0.5969299 0.3102459 9.1404657 112 91 190
-0.6012077 0.4394286 9.1087971 231 76 96
-0.5974082 0.4378493 9.0917730 231 76 96
-0.5998270 0.4116827 9.0979128 91 180 105
-0.6023680 0.4135549 9.1154528 91 180 105
-0.5952038 0.4372197 9.0758410 235 193 62
-0.5900998 0.4371867 9.0606241 235 193 62
-0.5905443 0.4115907 9.0661621 91 180 105
-0.5950359 0.4110744 9.0814514 91 180 105
-0.5619937 0.4161772 9.0475655 91 180 105
-0.5796950 0.4127831 9.0536976 91 180 105
-0.5789412 0.4384566 9.0489922 235 193 62
-0.5613908 0.4418314 9.0437374 235 193 62
-0.5411779 0.4472821 9.0403690 235 193 62
-0.5416861 0.4217033 9.0413666 91 180 105
-0.5215534 0.4525473 9.0486259 235 193 62
-0.5214949 0.4280380 9.0473433 91 180 105
-0.5047534 0.4328540 9.0690746 91 180 105
-0.5049531 0.4567137 9.0689697 235 193 62
-0.5703503 0.4239777 9.1505079 91 180 105
-0.5745730 0.4491485 9.1453428 231 76 96
-0.5901126 0.4450415 9.1384974 231 76 96
-0.5867606 0.4198028 9.1457701 91 180 105
-0.5273887 0.4301776 9.1453590 91 180 105
-0.5017038 0.4316629 9.1397390 91 180 105
-0.5089806 0.4564671 9.1363440 231 76 96
-0.5334758 0.4550391 9.1395941 231 76 96
-0.5221274 0.3759803 9.0478163 91 180 105
-0.4977415 0.3826517 9.0640306 91 180 105
-0.5656343 0.3654639 9.0476236 91 180 105
-0.5445528 0.3701050 9.0417833 91 180 105
-0.5992290 0.3628231 9.1266861 112 91 190
-0.6025538 0.3609366 9.1084347 112 91 190
-0.5562312 0.3716165 9.1594219 91 180 105
-0.5750917 0.3680520 9.1538153 91 180 105
-0.4824844 0.4095653 9.1191015 91 180 105
-0.4783786 0.3853906 9.1169415 91 180 105
-0.4810239 0.3855465 9.0881987 91 180 105
-0.4847945 0.4105880 9.0909948 91 180 105
-0.5217585 0.4026440 9.0472946 91 180 105
-0.5434287 0.3961531 9.0421114 91 180 105
-0.5636153 0.3911478 9.0487423 91 180 105
-0.5812681 0.3877634 9.0559559 91 180 105
-0.5917983 0.3864737 9.0697060 91 180 105
-0.5971202 0.3857261 9.0861235 91 180 105
-0.6016188 0.3863561 9.1032763 91 180 105
-0.6013014 0.3880714 9.1212568 91 180 105
-0.5815778 0.3944781 9.1497507 91 180 105
-0.5635621 0.3984182 9.1542053 91 180 105
-0.4919784 0.4581384 9.1177931 231 76 96
-0.4853365 0.4350789 9.1198263 91 180 105
-0.4882882 0.4345891 9.0922260 91 180 105
-0.4915420 0.4584716 9.0918522 235 193 62
-0.5004222 0.4791948 9.1134548 231 76 96
-0.5151214 0.4787254 9.1281071 231 76 96
-0.5949464 0.4650294 9.0698719 235 193 62
-0.5883185 0.4651448 9.0555048 235 193 62
-0.5774646 0.4665457 9.0441389 235 193 62
-0.5398446 0.4736603 9.0373507 235 193 62
-0.5194798 0.4786936 9.0505333 235 193 62
-0.5034601 0.4820790 9.0717592 235 193 62
-0.4949748 0.4800539 9.0917578 235 193 62
-0.5852548 0.4999651 9.1239481 231 76 96
-0.5873324 0.4714082 9.1296597 231 76 96
-0.5733075 0.4747040 9.1362343 231 76 96
-0.5704477 0.5024667 9.1301470 231 76 96
-0.5993688 0.4979530 9.0967293 231 76 96
-0.6019124 0.4961805 9.0801706 151 98 185
-0.5952524 0.4662345 9.0857124 231 76 96
-0.5957617 0.4671775 9.1018267 231 76 96
-0.5994110 0.4948217 9.0635548 151 98 185
-0.5902005 0.4950520 9.0488958 151 98 185
-0.5772754 0.4956052 9.0371227 151 98 185
-0.5366427 0.5023434 9.0355701 235 193 62
-0.5601401 0.4689346 9.0370550 235 193 62
-0.5585351 0.4980116 9.0310173 151 98 185
-0.5132842 0.5075373 9.0512161 235 193 62
-0.4986796 0.5405691 9.0791197 190 84 166
-0.5000769 0.5109584 9.0794916 235 193 62
-0.5082544 0.5374220 9.0509233 151 98 185
-0.5061550 0.6344880 9.1051722 190 84 166
-0.4977991 0.6335927 9.0821924 244 145 55
-0.5003715 0.6674001 9.0852289 45 146 205
-0.5075962 0.6687461 9.1053524 45 146 205
-0.5692899 0.5321960 9.1277056 190 84 166
-0.5860476 0.5309975 9.1213665 190 84 166
-0.6055803 0.5294561 9.0951071 190 84 166
-0.6071556 0.5277992 9.0766697 151 98 185
-0.5310212 0.5633437 9.0308075 151 98 185
-0.5319766 0.5324742 9.0330925 151 98 185
-0.5559175 0.5288213 9.0278234 151 98 185
-0.5551894 0.5603907 9.0256290 151 98 185
-0.5687706 0.6275638 9.1311808 190 84 166
-0.5855861 0.6278849 9.1255465 190 84 166
-0.5884367 0.5945866 9.1252737 190 84 166
-0.5703473 0.5948989 9.1313753 190 84 166
-0.6104737 0.5607986 9.0774775 151 98 185
-0.6081030 0.5622188 9.0963230 190 84 166
-0.6081885 0.5946388 9.0980539 190 84 166
-0.6100536 0.5938678 9.0788784 151 98 185
-0.5284802 0.6305493 9.0379114 244 145 55
-0.5298748 0.5961379 9.0324211 151 98 185
-0.5536720 0.5937226 9.0265455 151 98 185
-0.5504748 0.6291140 9.0320292 244 145 55
-0.4965741 0.5695351 9.0789976 190 84 166
-0.5068492 0.5670897 9.0496540 151 98 185
-0.5071133 0.5983617 9.0509739 151 98 185
-0.4967485 0.6009576 9.0792170 190 84 166
-0.5069023 0.5702808 9.1039085 190 84 166
-0.5061568 0.6009876 9.1041088 190 84 166
-0.5711278 0.6989518 9.1226158 45 146 205
-0.5787303 0.6629151 9.1238365 244 145 55
-0.5635067 0.6637720 9.1295080 244 145 55
-0.5570257 0.7009635 9.1274271 45 146 205
-0.6048227 0.6281868 9.0805216 244 145 55
-0.6037316 0.6280738 9.0991783 244 145 55
-0.5951974 0.6632336 9.1000366 244 145 55
-0.5963314 0.6636471 9.0835085 244 145 55
-0.5252727 0.7050508 9.0533981 244 145 55
-0.5269873 0.6669940 9.0450897 244 145 55
-0.5474832 0.6665373 9.0402346 244 145 55
-0.5451278 0.7042123 9.0494165 244 145 55
-0.5018958 0.7041987 9.0889721 45 146 205
-0.5072891 0.6667901 9.0612917 244 145 55
-0.5077035 0.7046446 9.0672112 45 146 205
-0.5013785 0.7407758 9.0949659 45 146 205
-0.5059000 0.7419179 9.1107616 45 146 205
-0.5079335 0.7049985 9.1075954 45 146 205
-0.5504795 0.7357367 9.1251726 45 146 205
-0.5634549 0.7342845 9.1225052 45 146 205
-0.5786976 0.7334752 9.1060591 45 146 205
-0.5813438 0.7328408 9.0928040 45 146 205
-0.5878086 0.6988794 9.0873356 244 145 55
-0.5864017 0.6989207 9.1022301 244 145 55
-0.5741879 0.7029451 9.0589695 244 145 55
-0.5834570 0.7002602 9.0719204 244 145 55
-0.5769109 0.7338991 9.0786390 45 146 205
-0.5677505 0.7364709 9.0673313 45 146 205
-0.5427554 0.7378826 9.0598288 45 146 205
-0.5612801 0.7038291 9.0511169 244 145 55
-0.5568500 0.7375428 9.0612831 45 146 205
-0.5241278 0.7384530 9.0629473 45 146 205
-0.5062476 0.7399720 9.0749245 45 146 205
-0.5882157 0.1662799 9.1830206 235 193 62
-0.5707493 0.1681855 9.1946735 112 91 190
-0.5811177 0.1783280 9.1883087 112 91 190
-0.5971713 0.1731386 9.1720934 112 91 190
-0.5122861 0.2904968 9.1748562 113 165 78
-0.5060632 0.2592498 9.1798677 113 165 78
-0.5255010 0.3491766 9.1642723 91 180 105
-0.5178494 0.3213977 9.1687508 113 165 78
-0.5334117 0.3761346 9.1580591 91 180 105
-0.5416541 0.4025101 9.1532984 91 180 105
-0.5502492 0.4282126 9.1499910 91 180 105
-0.5552206 0.4529890 9.1436720 231 76 96
-0.5551483 0.4785362 9.1360636 231 76 96
-0.5512608 0.5065063 9.1316986 231 76 96
-0.5482100 0.5641178 9.1281786 190 84 166
-0.5701618 0.5632033 9.1285076 190 84 166
-0.5486310 0.5351552 9.1283731 190 84 166
-0.5454907 0.6286175 9.1308155 190 84 166
-0.5471623 0.5951304 9.1296291 190 84 166
-0.5428873 0.6657608 9.1300135 45 146 205
-0.5389376 0.7033173 9.1273975 45 146 205
-0.5336192 0.7383593 9.1250162 45 146 205
-0.4627835 0.1507963 9.1651707 113 165 78
-0.4854288 0.1564526 9.1848717 113 165 78
-0.4823339 0.1386049 9.1835356 113 165 78
-0.4619630 0.1284681 9.1642981 113 165 78
-0.5443315 0.1552212 9.2048492 113 165 78
-0.5360597 0.1507992 9.2069712 113 165 78
-0.5367929 0.1519254 9.2025852 113 165 78
-0.5470956 0.1553858 9.2011623 113 165 78
-0.5002859 0.4080324 9.0670452 91 180 105
-0.5833676 0.3624111 9.0571346 112 91 190
-0.5939687 0.3609478 9.0721102 112 91 190
-0.5998208 0.3602567 9.0899477 112 91 190
-0.5183130 0.4062620 9.1506062 91 180 105
-0.5102611 0.3807613 9.1533527 91 180 105
-0.4906043 0.3830864 9.1400824 91 180 105
-0.4966308 0.4071707 9.1407776 91 180 105
-0.5084691 0.5436916 9.1049366 190 84 166
-0.5270525 0.5676063 9.1184702 190 84 166
-0.5274534 0.5396613 9.1202450 190 84 166
-0.5087450 0.5190132 9.1059742 190 84 166
-0.5916548 0.5260554 9.0428581 151 98 185
-0.5769953 0.5265268 9.0313606 151 98 185
-0.6050551 0.5587679 9.0573969 151 98 185
-0.5943574 0.5579222 9.0397100 151 98 185
-0.6017000 0.5260221 9.0590162 151 98 185
-0.4924839 0.3278570 9.1588535 113 165 78
-0.4738761 0.3306711 9.1398344 113 165 78
-0.4818686 0.3584674 9.1405115 91 180 105
-0.5008637 0.3549630 9.1569986 91 180 105
-0.5868978 -0.1510880 9.0693693 113 165 78
-0.6047606 -0.1564026 9.0751381 113 165 78
-0.4831725 -0.2502683 9.0875025 45 146 205
-0.4950639 -0.2394541 9.0846643 244 145 55
-0.4884761 -0.2335847 9.0975609 244 145 55
-0.4793462 -0.2453209 9.0985556 244 145 55
-0.4988669 -0.2486927 9.0738897 113 165 78
-0.4862661 -0.2583995 9.0781860 45 146 205
-0.4901185 -0.2698961 9.0697660 45 146 205
-0.5026768 -0.2604109 9.0657692 45 146 205
-0.5253390 -0.3077980 9.0399580 45 146 205
-0.5305036 -0.3126755 9.0355558 45 146 205
-0.4792334 -0.2120656 9.1819925 91 180 105
-0.4827885 -0.2133420 9.2011776 91 180 105
-0.4885563 -0.2330355 9.1947584 91 180 105
-0.4680591 -0.0519208 9.1838608 65 132 208
-0.4694175 0.0426796 9.1716833 151 98 185
-0.4787566 0.0680951 9.1983728 151 98 185
-0.4740885 0.0436020 9.1924906 151 98 185
-0.5122224 0.1232941 9.2198677 151 98 185
-0.6481044 -0.2104455 9.1038399 151 98 185
-0.6508582 -0.2313149 9.0987730 151 98 185
-0.6619465 -0.4027163 9.1021929 222 112 151
-0.6651918 -0.3994158 9.1222458 222 112 151
-0.6563156 -0.4276757 9.1033707 222 112 151
-0.6537941 -0.4396644 9.1048803 222 112 151
-0.6569585 -0.4358624 9.1231565 222 112 151
-0.6596309 -0.4245699 9.1228008 222 112 151
-0.6338252 -0.4932802 9.1334629 112 91 190
-0.6402400 -0.4822490 9.1292830 222 112 151
-0.5591484 0.1571759 9.1983261 235 193 62
-0.5525228 0.1574496 9.1997261 113 165 78
-0.5668222 0.1592081 9.1953344 235 193 62
-0.5149020 0.1799103 9.1969385 113 165 78
-0.5386695 0.1811681 9.2008896 113 165 78
-0.5323432 0.1653210 9.2020559 113 165 78
-0.5098295 0.1614338 9.1968307 113 165 78
-0.4682367 0.1476219 9.0468025 48 174 181
-0.4970724 0.1422856 9.0271158 48 174 181
-0.6129475 0.1824299 9.0834503 112 91 190
-0.5973538 -0.2113566 8.9582129 113 165 78
-0.6001077 -0.2129284 8.9467669 113 165 78
-0.6006327 -0.2343455 8.9593525 113 165 78
-0.5968929 -0.2329181 8.9710493 113 165 78
-0.6652337 -0.3038365 9.0827045 222 112 151
-0.6582898 -0.2770049 9.0799255 222 112 151
-0.5586781 -0.4664990 9.0858612 112 91 190
-0.5273364 -0.4538417 9.0170259 244 145 55
-0.5096909 -0.4411849 9.0298071 244 145 55
-0.5172522 -0.4458409 9.0386610 244 145 55
-0.5352134 -0.4600591 9.0266085 244 145 55
-0.6001539 -0.4184006 9.0042152 244 145 55
-0.5877318 -0.4322870 9.0038204 244 145 55
-0.5995573 -0.4364448 9.0127048 244 145 55
-0.6122088 -0.4210082 9.0139341 244 145 55
-0.6815925 0.0328720 9.1092215 235 193 62
-0.6705232 0.0345472 9.0830755 235 193 62
-0.6469733 -0.1519812 9.1242704 151 98 185
-0.6391133 -0.1491138 9.1086884 151 98 185
-0.6436458 -0.1692266 9.1083174 151 98 185
-0.6503698 -0.1733251 9.1245260 151 98 185
-0.6516126 -0.2888436 9.0589342 222 112 151
-0.6387151 -0.2722509 9.0506592 113 165 78
-0.4698223 -0.2993892 9.1785507 91 180 105
-0.4743084 -0.3170419 9.1751680 91 180 105
-0.4706309 -0.3187583 9.1603918 91 180 105
-0.4654840 -0.3029173 9.1634550 91 180 105
-0.5961692 -0.2722647 8.9502869 65 132 208
-0.5994736 -0.2874444 8.9670610 65 132 208
-0.6005568 -0.2790409 8.9739456 65 132 208
-0.6003210 -0.2608416 8.9594574 65 132 208
-0.5368264 0.1412164 9.0203629 48 174 181
-0.5747672 0.1559885 9.0305300 112 91 190
-0.5713742 -0.1789580 9.0584488 113 165 78
-0.5925784 -0.1838512 9.0618038 113 165 78
-0.5903614 -0.1675126 9.0668573 113 165 78
-0.5699911 -0.1625575 9.0631609 113 165 78
-0.5685644 -0.2222926 9.0464535 113 165 78
-0.5700492 -0.2085126 9.0506792 113 165 78
-0.5676790 -0.2353342 9.0400600 113 165 78
-0.5832039 -0.3173327 9.0054836 244 145 55
-0.5774612 -0.3125965 9.0084887 244 145 55
-0.5799183 -0.3156400 9.0039911 222 112 151
-0.4891031 0.1789638 9.1861610 113 165 78
-0.4787440 0.1135280 9.1869030 113 165 78
-0.4800213 0.1007425 9.1962461 151 98 185
-0.5533844 0.1576146 9.2021875 235 193 62
-0.5632471 -0.4875506 9.1092072 244 145 55
-0.5515810 -0.4819723 9.1171694 244 145 55
-0.5710104 -0.3001408 9.0057201 222 112 151
-0.5782946 -0.2865670 9.0030861 222 112 151
-0.5618014 -0.2936144 9.0208549 113 165 78
-0.5497863 -0.2959518 9.0269003 45 146 205
-0.5532995 -0.3016653 9.0233994 45 146 205
-0.5654627 -0.2998411 9.0171795 113 165 78
-0.5755770 -0.3010660 9.0129204 113 165 78
-0.5732083 -0.2947267 9.0169477 113 165 78
-0.4914402 -0.3604779 9.0656776 45 146 205
-0.4908570 -0.3662798 9.0745230 45 146 205
-0.4990207 -0.3829108 9.0691929 45 146 205
-0.4979345 -0.3766982 9.0599651 45 146 205
-0.4911098 -0.3703929 9.0860176 45 146 205
-0.4923193 -0.3737485 9.0991278 45 146 205
-0.5006205 -0.3916032 9.0921593 45 146 205
-0.4994483 -0.3879559 9.0794888 45 146 205
-0.5402468 -0.4491227 9.0952625 112 91 190
-0.5333184 -0.4428030 9.1149502 112 91 190
-0.5309318 -0.4375123 9.1353121 112 91 190
-0.5295289 -0.4338489 9.1516962 112 91 190
-0.6457675 -0.4701950 9.1257973 222 112 151
-0.6511803 -0.4583383 9.1247673 222 112 151
-0.6453291 -0.4604192 9.1069202 222 112 151
-0.6376202 -0.4711944 9.1062002 222 112 151
-0.5450977 -0.4681391 9.1259508 244 145 55
-0.5398020 -0.4652310 9.1414223 112 91 190
-0.5388477 -0.4530755 9.1535711 112 91 190
-0.5257802 -0.2356873 8.9439154 113 165 78
-0.5230489 -0.2582482 8.9520359 113 165 78
-0.5887139 -0.5027363 9.1026640 244 145 55
-0.5747887 -0.4956169 9.1039839 244 145 55
-0.5321872 -0.2617302 8.9377422 65 132 208
-0.5344571 -0.2386962 8.9298735 113 165 78
-0.5139861 -0.4285790 9.0598545 45 146 205
-0.5244663 -0.4490576 9.0479450 244 145 55
-0.5088503 -0.4255976 9.0503340 45 146 205
-0.5423996 -0.4772754 9.1284819 91 180 105
-0.5362704 -0.4742172 9.1430092 91 180 105
-0.4892028 0.1124277 9.0345364 48 174 181
-0.4634608 0.1182206 9.0534754 48 174 181
-0.5101304 -0.1367402 9.0849810 244 145 55
-0.5264326 -0.1394838 9.0736609 244 145 55
-0.4804882 -0.1708599 9.2096539 65 132 208
-0.4801707 -0.1516609 9.2127934 65 132 208
-0.5289446 -0.4778582 9.1664658 91 180 105
-0.4727620 -0.1110837 9.1971970 65 132 208
-0.4771097 -0.1082757 9.2154608 65 132 208
-0.4797566 -0.1314033 9.2143211 65 132 208
-0.4745273 -0.1321469 9.1964588 65 132 208
-0.4762365 -0.0835249 9.2240286 65 132 208
-0.4756996 -0.0725072 9.2260513 65 132 208
-0.4890643 0.0810532 9.2160091 151 98 185
-0.4928963 0.0784725 9.2260923 151 98 185
-0.5131277 -0.3081358 8.9971790 231 76 96
-0.5105491 -0.3268151 9.0014868 231 76 96
-0.5075989 -0.3372710 8.9891510 244 145 55
-0.5102870 -0.3171626 8.9838390 244 145 55
-0.4729026 -0.1121442 9.1795034 65 132 208
-0.4773115 -0.1125237 9.1606245 244 145 55
-0.5082518 -0.3086635 9.0492058 45 146 205
-0.5215329 -0.3010585 9.0443525 45 146 205
-0.4849218 -0.2528287 9.1919231 91 180 105
-0.4619761 -0.3058527 9.1494474 91 180 105
-0.4671950 -0.3198582 9.1463346 91 180 105
-0.4649791 -0.3195017 9.1328259 91 180 105
-0.4594248 -0.3065546 9.1361780 91 180 105
-0.5623298 0.1541189 9.1992760 235 193 62
-0.5738802 -0.3408413 8.9511881 65 132 208
-0.5758539 -0.3519536 8.9560013 65 132 208
-0.5818303 -0.3452824 8.9593363 65 132 208
-0.5798746 -0.3345680 8.9536877 65 132 208
-0.5608034 0.1813252 9.1981363 113 165 78
-0.5686431 0.1984898 9.1921883 112 91 190
-0.6087922 0.1702848 9.1589279 112 91 190
-0.6006713 0.1655696 9.1761761 235 193 62
-0.4739136 0.2367972 9.1666889 113 165 78
-0.4683233 0.2073627 9.1677256 113 165 78
-0.4791177 0.2672506 9.1652451 113 165 78
-0.4855137 0.2983662 9.1615534 113 165 78
-0.5352345 0.4803915 9.1313372 231 76 96
-0.5272516 0.5096711 9.1239805 190 84 166
-0.5260332 0.5983146 9.1184225 190 84 166
-0.5247953 0.6319399 9.1192188 190 84 166
-0.5238898 0.6681188 9.1190357 45 146 205
-0.5223029 0.7055614 9.1191416 45 146 205
-0.5176076 0.7411963 9.1203613 45 146 205
-0.5465341 -0.2380929 8.9198275 65 132 208
-0.5458571 -0.2627370 8.9256210 65 132 208
-0.5603335 -0.2584609 8.9206495 65 132 208
-0.5595248 -0.2339215 8.9138384 65 132 208
-0.5785581 -0.2520979 8.9976387 113 165 78
-0.5660982 -0.2537148 9.0029745 113 165 78
-0.5703283 -0.2336560 8.9941225 113 165 78
-0.5813811 -0.2329609 8.9880085 113 165 78
-0.5842434 -0.2125079 8.9776316 113 165 78
-0.5918559 -0.2116103 8.9685535 113 165 78
-0.5900705 -0.2327206 8.9808435 113 165 78
-0.5982965 -0.2168093 8.9344606 235 193 62
-0.5921512 -0.2211663 8.9236145 235 193 62
-0.5942362 -0.2452176 8.9353685 65 132 208
-0.5995125 -0.2383242 8.9460487 65 132 208
-0.5721825 -0.2294652 8.9117174 65 132 208
-0.5736133 -0.2533805 8.9202604 65 132 208
-0.5852021 -0.2490540 8.9251680 65 132 208
-0.5838259 -0.2250902 8.9153290 235 193 62
-0.5486660 -0.2163808 8.9914694 113 165 78
-0.5623803 -0.2145179 8.9907646 113 165 78
-0.5573464 -0.2348621 8.9989948 113 165 78
-0.5442294 -0.2373453 8.9984350 113 165 78
-0.5104329 -0.3465347 8.9729271 244 145 55
-0.5142379 -0.3250186 8.9686279 244 145 55
-0.5239916 -0.3286552 9.0325441 45 146 205
-0.5147937 -0.3370724 9.0303535 231 76 96
-0.5194716 -0.3316748 9.0265779 231 76 96
-0.5293830 -0.3284822 9.0274782 231 76 96
-0.5170610 -0.2752298 8.9739885 113 165 78
-0.5135303 -0.2964774 8.9791451 65 132 208
-0.5173355 -0.3024264 8.9639053 65 132 208
-0.5206655 -0.2807291 8.9591866 65 132 208
-0.5405049 -0.2590022 9.0057211 113 165 78
-0.5528618 -0.2556830 9.0067873 113 165 78
-0.5482941 -0.2761335 9.0141230 113 165 78
-0.5363169 -0.2795720 9.0123034 113 165 78
-0.6001464 -0.2551733 8.9719648 65 132 208
-0.5979751 -0.2737981 8.9847603 65 132 208
-0.5180370 -0.3186417 9.0135307 231 76 96
-0.5213667 -0.3017995 9.0092840 231 76 96
-0.5049496 -0.3003641 9.0528908 45 146 205
-0.5438110 -0.2823687 9.0340805 113 165 78
-0.5466337 -0.2895538 9.0300875 113 165 78
-0.4712437 -0.2576714 9.0977602 45 146 205
-0.4661455 -0.2703539 9.0952902 45 146 205
-0.5178910 -0.2532661 9.0591984 113 165 78
-0.5227345 -0.2660675 9.0522871 113 165 78
-0.4742514 -0.2617936 9.0892878 45 146 205
-0.4693848 -0.2704873 9.0899305 45 146 205
-0.4813161 -0.2063160 9.1462326 244 145 55
-0.5365621 -0.4436043 9.1526194 112 91 190
-0.5169031 -0.2891160 8.9930000 113 165 78
-0.5253656 -0.2836424 9.0047016 113 165 78
-0.5988863 -0.2989267 8.9784660 222 112 151
-0.5969643 -0.3086491 8.9873018 222 112 151
-0.5944048 -0.3042924 8.9931488 222 112 151
-0.5979286 -0.2933274 8.9855089 222 112 151
-0.6334520 -0.3084673 9.0317259 222 112 151
-0.6440279 -0.2980302 9.0434265 222 112 151
-0.6312087 -0.2850373 9.0386724 113 165 78
-0.6222193 -0.2965013 9.0293989 113 165 78
-0.5599045 -0.3445004 8.9472017 65 132 208
-0.5501652 -0.3419585 8.9459963 65 132 208
-0.5495403 -0.3599135 8.9501562 244 145 55
-0.5606127 -0.3589773 8.9513016 244 145 55
-0.5361464 -0.3588911 8.9518900 244 145 55
-0.5378725 -0.3381653 8.9476089 65 132 208
-0.5246398 -0.3317474 8.9549704 244 145 55
-0.5217140 -0.3539429 8.9590569 244 145 55
-0.5414576 0.0710961 9.0288820 48 174 181
-0.5120910 0.0757086 9.0331688 48 174 181
-0.4830416 -0.0675152 9.1017036 48 174 181
-0.4744626 -0.0625676 9.1207943 48 174 181
-0.4654601 0.0336398 9.1455202 151 98 185
-0.5024635 0.1387584 9.1967592 113 165 78
-0.5255228 0.1492627 9.2020950 113 165 78
-0.5751517 0.2219558 9.1847134 112 91 190
-0.4844038 0.0841039 9.0417814 48 174 181
-0.5789587 0.2507896 9.1751356 112 91 190
-0.5812963 0.2811690 9.1647329 112 91 190
-0.6101524 0.2793227 9.1045341 112 91 190
-0.6047934 0.2798614 9.0792837 112 91 190
-0.6065092 0.2515385 9.0826921 112 91 190
-0.6127001 0.2503535 9.1114759 112 91 190
-0.5915226 0.2808533 9.0578213 112 91 190
-0.5930278 0.2531553 9.0584316 112 91 190
-0.4729246 0.3595098 9.1143618 91 180 105
-0.6047496 0.5932218 9.0585022 151 98 185
-0.5884985 0.6291887 9.0453644 244 145 55
-0.5935799 0.5921824 9.0409737 151 98 185
-0.5996184 0.6288592 9.0619469 244 145 55
-0.5757798 0.5921894 9.0299511 151 98 185
-0.5772485 0.5583072 9.0288038 151 98 185
-0.5071355 0.6315161 9.0554857 244 145 55
-0.5917765 0.6646973 9.0661564 244 145 55
-0.5810428 0.6660482 9.0517130 244 145 55
-0.5711654 0.6284729 9.0348330 244 145 55
-0.5658472 0.6662146 9.0427570 244 145 55
-0.5520180 0.1683692 9.2016077 113 165 78
-0.4494444 0.1483426 9.0746851 48 174 181
-0.4475031 0.1189063 9.0793428 48 174 181
-0.4500398 0.1007056 9.1400261 48 174 181
-0.4633073 0.1111141 9.1648102 48 174 181
-0.4866596 -0.1294238 9.1401701 244 145 55
-0.4900681 -0.1307409 9.1199064 244 145 55
-0.4923616 -0.1660738 9.1167879 244 145 55
-0.4996956 -0.1672056 9.0982418 244 145 55
-0.4993827 -0.1496288 9.0995350 244 145 55
-0.4914781 -0.1474929 9.1182451 244 145 55
-0.5288684 -0.1721287 9.0687256 113 165 78
-0.5497980 -0.1750224 9.0604477 113 165 78
-0.5480768 -0.1588058 9.0639963 113 165 78
-0.5280113 -0.1554602 9.0711269 244 145 55
-0.5455100 -0.1432021 9.0671654 113 165 78
-0.5666108 -0.1467173 9.0659208 113 165 78
-0.6365358 -0.1842843 9.0922289 151 98 185
-0.6237159 -0.1790999 9.0805569 113 165 78
-0.6259195 -0.1978718 9.0776854 113 165 78
-0.6379398 -0.2045246 9.0895853 151 98 185
-0.4839141 0.0882169 9.2057009 151 98 185
-0.5404530 0.1546568 9.2020683 113 165 78
-0.4645711 0.1775485 9.1664629 113 165 78
-0.4474524 0.1468236 9.1391582 113 165 78
-0.4427190 0.1475565 9.1073074 48 174 181
-0.5604302 -0.3033510 9.0093861 222 112 151
-0.6100276 -0.3261531 9.0092821 244 145 55
-0.6051044 -0.3151583 9.0119486 244 145 55
-0.5414951 -0.3157691 8.9426565 65 132 208
-0.5279276 -0.3087794 8.9503231 65 132 208
-0.5313350 -0.2963031 9.0176306 231 76 96
-0.5050058 -0.3559083 8.9945974 244 145 55
-0.5081201 -0.3447512 9.0082979 231 76 96
-0.5047923 -0.3594707 9.0130558 231 76 96
-0.4545519 0.0489056 9.1172533 48 174 181
-0.4502958 0.0668055 9.0884628 48 174 181
-0.4478670 0.0734713 9.1148119 48 174 181
-0.5892853 0.1622614 9.1856918 235 193 62
-0.4800454 0.1256905 9.1841774 113 165 78
-0.5832189 0.3106574 9.1559086 112 91 190
-0.5861943 0.3389705 9.1487951 112 91 190
-0.5901198 0.3655240 9.1428041 112 91 190
-0.5942395 0.3911914 9.1376829 91 180 105
-0.5977033 0.4163363 9.1322842 91 180 105
-0.5987930 0.4418536 9.1249485 91 180 105
-0.5948886 0.4685308 9.1168823 231 76 96
-0.5946567 0.4984654 9.1113234 231 76 96
-0.5877357 0.5625501 9.1228294 190 84 166
-0.6005979 0.5623925 9.1114273 190 84 166
-0.5982171 0.5301434 9.1099777 190 84 166
-0.6007669 0.5951324 9.1133852 190 84 166
-0.5973269 0.6285533 9.1142130 190 84 166
-0.5888324 0.6632349 9.1137123 244 145 55
-0.5805738 0.6984638 9.1138506 244 145 55
-0.5728425 0.7335021 9.1155424 45 146 205
-0.5679324 0.1589563 9.1965227 235 193 62
-0.5779751 0.1598121 9.1916342 235 193 62
-0.5206828 -0.4303165 9.0716181 45 146 205
-0.5382176 -0.3015625 9.0339546 45 146 205
-0.5421920 -0.3064286 9.0299129 45 146 205
-0.5269488 -0.3122164 9.0220366 231 76 96
-0.5758418 -0.2749087 8.9296064 65 132 208
-0.5635433 -0.2814634 8.9283686 65 132 208
-0.5430683 -0.2948363 9.0190439 231 76 96
-0.5343258 -0.3245341 9.0314789 45 146 205
-0.5383009 -0.3296470 9.0249710 231 76 96
-0.4693139 -0.1664983 8.9856911 112 91 190
-0.4641973 -0.1620924 8.9742365 112 91 190
-0.4522205 -0.1565777 8.9896641 112 91 190
-0.4578635 -0.1600810 9.0001745 112 91 190
-0.4769686 -0.1652778 8.9961271 112 91 190
-0.4652635 -0.1581672 9.0088749 112 91 190
-0.4988402 -0.1120635 9.0016756 112 91 190
-0.4995911 -0.1249362 9.0058537 112 91 190
-0.4837362 -0.1192224 9.0146351 112 91 190
-0.4819322 -0.1074820 9.0097990 112 91 190
-0.4611298 -0.1449851 9.0266638 112 91 190
-0.4656853 -0.1360208 9.0275059 112 91 190
-0.4792878 -0.1424612 9.0175371 112 91 190
-0.4729053 -0.1518457 9.0150385 112 91 190
-0.4873033 -0.0995350 8.9815760 112 91 190
-0.4802842 -0.1018035 8.9709425 112 91 190
-0.4983608 -0.1031662 8.9620733 112 91 190
-0.5051773 -0.1016364 8.9738131 112 91 190
-0.5615352 -0.1406640 8.9739628 235 193 62
-0.5637727 -0.1290769 8.9687605 235 193 62
-0.5723366 -0.1362621 8.9663382 235 193 62
-0.5675370 -0.1470479 8.9715633 235 193 62
-0.4932221 -0.1796441 8.9576035 112 91 190
-0.4905289 -0.1731619 8.9447050 112 91 190
-0.4767968 -0.1681949 8.9591265 112 91 190
-0.4811149 -0.1735977 8.9716101 112 91 190
-0.5179719 -0.1647972 8.9866686 112 91 190
-0.5260541 -0.1521295 8.9896441 112 91 190
-0.5388204 -0.1592408 8.9794931 112 91 190
-0.5301876 -0.1713849 8.9758949 112 91 190
-0.5057322 -0.1846352 8.9435644 112 91 190
-0.5050974 -0.1772419 8.9313297 112 91 190
-0.4924614 -0.1496453 9.0078697 112 91 190
-0.4976157 -0.1375863 9.0078249 112 91 190
-0.5121850 -0.1448164 8.9992676 112 91 190
-0.5054261 -0.1576026 8.9978666 112 91 190
-0.4543179 -0.0968729 9.0005398 112 91 190
-0.4480834 -0.0999641 8.9923391 112 91 190
-0.4639173 -0.1008946 8.9814892 112 91 190
-0.4702394 -0.0980422 8.9906921 112 91 190
-0.4679593 -0.1256017 9.0260296 112 91 190
-0.4679214 -0.1147852 9.0232201 112 91 190
-0.4827651 -0.1311562 9.0166101 112 91 190
-0.4331857 -0.1383716 8.9888935 112 91 190
-0.4355555 -0.1465018 8.9960861 112 91 190
-0.4482529 -0.1507953 8.9801836 112 91 190
-0.4469579 -0.1413931 8.9732285 112 91 190
-0.5331889 -0.1251422 8.9864664 112 91 190
-0.5315229 -0.1381115 8.9896841 112 91 190
-0.5159223 -0.1312683 8.9980497 112 91 190
-0.5159994 -0.1183292 8.9939661 112 91 190
-0.5000901 -0.1807630 8.9710026 112 91 190
-0.4887172 -0.1732959 8.9836597 112 91 190
-0.4614142 -0.1440037 8.9575024 112 91 190
-0.4612663 -0.1550260 8.9644070 112 91 190
-0.4755446 -0.1590329 8.9492817 112 91 190
-0.4760490 -0.1470188 8.9428520 112 91 190
-0.4971564 -0.1333487 8.9289284 235 193 62
-0.5041695 -0.1205412 8.9339380 235 193 62
-0.4852801 -0.1200016 8.9449615 112 91 190
-0.4795457 -0.1327934 8.9415159 112 91 190
-0.5498786 -0.1329718 8.9791260 112 91 190
-0.5496976 -0.1205714 8.9732313 235 193 62
-0.5243599 -0.1060572 8.9670897 112 91 190
-0.5175160 -0.1057541 8.9540949 235 193 62
-0.5378793 -0.1103200 8.9476137 235 193 62
-0.5448423 -0.1121372 8.9617815 235 193 62
-0.5361695 -0.1900633 8.9506407 235 193 62
-0.5313656 -0.1919517 8.9349070 235 193 62
-0.5229619 -0.1899185 8.9445724 235 193 62
-0.5305655 -0.1856441 8.9580088 235 193 62
-0.5194805 -0.1871993 8.9306269 235 193 62
-0.5313274 -0.1888169 8.9208012 235 193 62
-0.5514030 -0.1853361 8.9017944 235 193 62
-0.5599651 -0.1770744 8.8985987 235 193 62
-0.5534028 -0.1723879 8.9001560 235 193 62
-0.5449051 -0.1819442 8.9044409 235 193 62
-0.5364857 -0.1338193 8.9071379 235 193 62
-0.5463992 -0.1239192 8.9147320 235 193 62
-0.5245757 -0.1214743 8.9241352 235 193 62
-0.5160338 -0.1330933 8.9173126 235 193 62
-0.5715022 -0.1238637 8.9252090 235 193 62
-0.5729626 -0.1231452 8.9414854 235 193 62
-0.5574286 -0.1162054 8.9429674 235 193 62
-0.5529314 -0.1177948 8.9275837 235 193 62
-0.5946208 -0.1729811 8.9473619 235 193 62
-0.5897013 -0.1734365 8.9581041 235 193 62
-0.5894439 -0.1572389 8.9517670 235 193 62
-0.5932872 -0.1557986 8.9400835 235 193 62
-0.5736914 -0.1657829 8.9692459 113 165 78
-0.5710096 -0.1784284 8.9743834 113 165 78
-0.5588102 -0.1814723 8.9765520 113 165 78
-0.5628926 -0.1704889 8.9716234 113 165 78
-0.5320161 -0.2026748 8.9327431 113 165 78
-0.5385809 -0.2052138 8.9169846 235 193 62
-0.5387865 -0.2000701 8.9168816 235 193 62
-0.5359791 -0.1981934 8.9326477 235 193 62
-0.5551367 -0.1363771 8.8991003 235 193 62
-0.5680666 -0.1279075 8.9077883 235 193 62
-0.5754801 -0.1543292 8.9665060 235 193 62
-0.5665096 -0.1612681 8.9699202 113 165 78
-0.5690620 -0.1529909 8.9706793 235 193 62
-0.5760080 -0.1443576 8.9660425 235 193 62
-0.5486003 -0.1784107 8.9605312 113 165 78
-0.5431020 -0.1870334 8.9507322 235 193 62
-0.5449340 -0.1840641 8.9560461 235 193 62
-0.5523422 -0.1731275 8.9646702 235 193 62
-0.5380222 -0.1951879 8.9359398 235 193 62
-0.5384986 -0.1970062 8.9198122 235 193 62
-0.5365053 -0.1950560 8.9273119 235 193 62
-0.5386860 -0.1925882 8.9436188 235 193 62
-0.5679045 -0.1415509 8.8955793 235 193 62
-0.5592187 -0.1522065 8.8943748 235 193 62
-0.5695517 -0.1561447 8.8942738 235 193 62
-0.5777144 -0.1472429 8.8978138 235 193 62
-0.5837632 -0.1318470 8.9281502 235 193 62
-0.5831366 -0.1316018 8.9429064 235 193 62
-0.5523615 -0.1687753 8.9687891 235 193 62
-0.5608158 -0.1575777 8.9730587 235 193 62
-0.5607705 -0.1625722 8.9707146 235 193 62
-0.5390921 -0.1908678 8.9136229 235 193 62
-0.5978308 -0.1726413 8.9367771 235 193 62
-0.5982162 -0.1741551 8.9257040 235 193 62
-0.5997416 -0.1912775 8.9350166 235 193 62
-0.5982586 -0.1897361 8.9459314 235 193 62
-0.5941462 -0.1898291 8.9562159 113 165 78
-0.5877860 -0.1906634 8.9662294 113 165 78
-0.5672866 -0.1944259 8.9818306 113 165 78
-0.5542613 -0.1968742 8.9835520 113 165 78
-0.5415394 -0.2004129 8.9792852 113 165 78
-0.5313954 -0.2051414 8.9691668 113 165 78
-0.5363546 -0.1906566 8.9635782 113 165 78
-0.5468147 -0.1855701 8.9725990 113 165 78
-0.5286022 -0.2161738 8.9379482 113 165 78
-0.5366895 -0.2190634 8.9230890 113 165 78
-0.5479301 -0.2019453 8.9082375 235 193 62
-0.5474015 -0.2165200 8.9131193 235 193 62
-0.5831553 -0.1475243 8.9589643 235 193 62
-0.5829670 -0.1611365 8.9621058 235 193 62
-0.4630417 -0.1316906 8.9548473 112 91 190
-0.4683523 -0.1190876 8.9571314 112 91 190
-0.4527088 -0.1184506 8.9705391 112 91 190
-0.4478832 -0.1302944 8.9699068 112 91 190
-0.4426442 -0.1076190 8.9867325 112 91 190
-0.4580506 -0.1080942 8.9745932 112 91 190
-0.4849858 -0.1595276 9.0037928 112 91 190
-0.4971885 -0.1671385 8.9921703 112 91 190
-0.4542347 -0.1516993 9.0218525 112 91 190
-0.5440534 -0.1802025 8.9616985 235 193 62
-0.5392684 -0.1764797 8.9670362 235 193 62
-0.5685735 -0.1693985 8.8958311 235 193 62
-0.5647608 -0.1829084 8.8988590 235 193 62
-0.5740428 -0.1760196 8.8978767 235 193 62
-0.5461181 -0.1504532 8.8981600 235 193 62
-0.5287751 -0.1497168 8.9063311 235 193 62
-0.5247670 -0.1656163 8.9123077 235 193 62
-0.5431265 -0.1658042 8.9020805 235 193 62
-0.5847018 -0.1532909 8.9023342 235 193 62
-0.5768859 -0.1611108 8.8964911 235 193 62
-0.5824192 -0.1696240 8.9006596 235 193 62
-0.5901151 -0.1634579 8.9077654 235 193 62
-0.5316268 -0.1956915 8.9501228 113 165 78
-0.5383174 -0.1902686 8.9490480 113 165 78
-0.5711438 -0.2075259 8.9044428 235 193 62
-0.5682861 -0.1928684 8.9007111 235 193 62
-0.5582739 -0.1975313 8.9031868 235 193 62
-0.5589854 -0.2114832 8.9073277 235 193 62
-0.5553228 -0.1894289 8.9016581 235 193 62
-0.5817961 -0.2038612 8.9069691 235 193 62
-0.5781626 -0.1878666 8.9013672 235 193 62
-0.5266725 -0.2107185 8.9543123 113 165 78
-0.5941956 -0.1785247 8.9149256 235 193 62
-0.5867215 -0.1830673 8.9063969 235 193 62
-0.5902058 -0.1998439 8.9138002 235 193 62
-0.5967367 -0.1956071 8.9236727 235 193 62
-0.4742242 -0.1088858 8.9628201 112 91 190
-0.4919938 -0.1100179 8.9524384 112 91 190
-0.5736972 -0.1268478 8.9559288 235 193 62
-0.5620070 -0.1192352 8.9578409 235 193 62
-0.5805941 -0.1358155 8.9566002 235 193 62
-0.4939799 -0.1024274 8.9930325 112 91 190
-0.4767960 -0.0997953 9.0008974 112 91 190
-0.5309078 -0.1128867 8.9791393 112 91 190
-0.5121466 -0.1069185 8.9857454 112 91 190
-0.4929146 -0.1483860 8.9292412 112 91 190
-0.5912067 -0.1427864 8.9216776 235 193 62
-0.5900437 -0.1416939 8.9339943 235 193 62
-0.5832702 -0.1341005 8.9143000 235 193 62
-0.5783105 -0.1924310 8.9757862 113 165 78
-0.5819555 -0.1755735 8.9676199 113 165 78
-0.5744936 -0.1351479 8.9006062 235 193 62
-0.5742653 -0.2134026 8.9856262 113 165 78
-0.5350537 -0.1801382 8.9098225 235 193 62
-0.5436884 -0.1928053 8.9079332 235 193 62
-0.5464014 -0.1959337 8.9066916 235 193 62
-0.4400740 -0.1518941 9.0047026 112 91 190
-0.5093410 -0.1746217 8.9808722 112 91 190
-0.5482430 -0.1648107 8.9725275 235 193 62
-0.5560962 -0.1527670 8.9752502 235 193 62
-0.5895350 -0.1466435 8.9106197 235 193 62
-0.5948421 -0.1581656 8.9176645 235 193 62
-0.5952014 -0.1558074 8.9289417 235 193 62
-0.5425827 -0.1828455 8.9613934 113 165 78
-0.5517826 -0.1761249 8.9690142 113 165 78
-0.4605506 -0.0984523 9.0096149 112 91 190
-0.5568047 -0.1694261 8.9683466 113 165 78
-0.5211639 -0.1775440 8.9182587 235 193 62
-0.6628245 -0.4124402 9.1214275 222 112 151
-0.5146599 -0.2402990 9.0669489 113 165 78
-0.4932837 -0.2221330 9.1138611 244 145 55
-0.4998395 -0.2237671 9.0982208 244 145 55
-0.5304999 -0.2871529 9.0412140 45 146 205
-0.5342124 -0.2951872 9.0375614 45 146 205
-0.5447361 -0.3150914 9.0246696 45 146 205
-0.5488028 -0.3238257 9.0194702 231 76 96
-0.5081187 -0.2715952 9.0588942 45 146 205
-0.5246908 -0.6355006 9.0917540 48 174 181
-0.5300661 -0.6303560 9.0935240 48 174 181
-0.5187524 -0.6466106 9.0890074 48 174 181
-0.4796696 -0.0966710 9.2236900 65 132 208
-0.5225660 -0.6212866 9.0971375 48 174 181
-0.5282114 -0.6143647 9.0991268 48 174 181
-0.5252088 -0.6173165 9.0941086 48 174 181
-0.5204356 -0.6216426 9.0977535 48 174 181
-0.5194497 -0.6222293 9.0975895 48 174 181
-0.5085456 -0.6438383 9.0880785 48 174 181
-0.5341814 -0.6235312 9.0967598 48 174 181
-0.5368538 -0.6145195 9.0990391 48 174 181
-0.5101079 -0.6305496 9.0914698 48 174 181
-0.6435689 -0.0851495 9.1144152 235 193 62
-0.6536246 -0.0841112 9.1315651 235 193 62
-0.6593861 -0.0691506 9.1262178 235 193 62
-0.6476890 -0.0689149 9.1073408 235 193 62
-0.6628782 -0.0508494 9.1235399 235 193 62
-0.5904425 -0.0145553 9.0378180 48 174 181
-0.5647688 -0.0177013 9.0353622 48 174 181
-0.5662911 -0.0400611 9.0403872 48 174 181
-0.5901667 -0.0366654 9.0438881 48 174 181
-0.5445857 -0.0580466 9.0455446 48 174 181
-0.5683963 -0.0589191 9.0454416 48 174 181
-0.5413938 -0.0409387 9.0421762 48 174 181
-0.5174955 -0.0375985 9.0497370 48 174 181
-0.5208675 -0.0550061 9.0525169 48 174 181
-0.4977982 -0.0302032 9.0619707 48 174 181
-0.5013939 -0.0492336 9.0648718 48 174 181
-0.4821260 -0.0212146 9.0774021 48 174 181
-0.4713070 -0.0124479 9.0973263 48 174 181
-0.4611145 0.0214987 9.1198254 48 174 181
-0.4659126 0.0051852 9.1449795 48 174 181
-0.4662125 -0.0035240 9.1203775 48 174 181
-0.4704135 0.0153408 9.1894712 151 98 185
-0.4679506 0.0119505 9.1683846 151 98 185
-0.4795739 0.0151004 9.2249374 151 98 185
-0.4741146 0.0159247 9.2086134 151 98 185
-0.5103003 -0.4120006 9.0843906 45 146 205
-0.6021913 -0.4742472 9.0613413 244 145 55
-0.5986071 -0.4696992 9.0496025 244 145 55
-0.5762197 -0.4729134 9.0459890 244 145 55
-0.6255257 -0.4218097 9.0264273 244 145 55
-0.6139696 -0.4377919 9.0245209 244 145 55
-0.6308021 -0.4342134 9.0412703 244 145 55
-0.6388654 -0.4185776 9.0433455 222 112 151
-0.6181310 -0.4698678 9.0689240 244 145 55
-0.6193350 -0.4728720 9.0765238 244 145 55
-0.6178420 -0.4644101 9.0598688 244 145 55
-0.6440988 -0.4541516 9.0884171 222 112 151
-0.6336002 -0.4590970 9.0727854 222 112 151
-0.5511304 -0.4553444 9.0085335 244 145 55
-0.5719014 -0.4462770 9.0050726 244 145 55
-0.5630535 -0.4400091 8.9968672 244 145 55
-0.5419573 -0.4476284 8.9992495 244 145 55
-0.6099189 -0.4045869 9.0060225 244 145 55
-0.6166208 -0.3902345 9.0084095 244 145 55
-0.6081489 -0.3893669 8.9995766 244 145 55
-0.6010741 -0.4024284 8.9976006 244 145 55
-0.5241869 -0.4096397 8.9754133 244 145 55
-0.5426135 -0.4099337 8.9715929 244 145 55
-0.5390967 -0.3947204 8.9634771 244 145 55
-0.5225232 -0.3924345 8.9685793 244 145 55
-0.5911257 -0.4148634 8.9965553 244 145 55
-0.6609905 -0.3081604 9.0640774 222 112 151
-0.6528535 -0.3149615 9.0480261 222 112 151
-0.6420079 -0.3218291 9.0351648 222 112 151
-0.6132778 -0.3378407 9.0069513 244 145 55
-0.6209437 -0.3336915 9.0136309 244 145 55
-0.6165247 -0.3207897 9.0160332 244 145 55
-0.6066099 -0.3417072 9.0010281 244 145 55
-0.5996243 -0.3430478 8.9953489 244 145 55
-0.5112863 -0.3461166 9.0226784 231 76 96
-0.5063357 -0.3549489 9.0285168 231 76 96
-0.5019025 -0.3725080 9.0176334 45 146 205
-0.5914022 -0.3358192 8.9888134 222 112 151
-0.5924548 -0.3402006 8.9934816 222 112 151
-0.5922323 -0.3343360 8.9952307 222 112 151
-0.5916601 -0.3313962 8.9907465 222 112 151
-0.5599385 -0.4609949 9.0180330 244 145 55
-0.5535692 -0.3911965 8.9625521 244 145 55
-0.5575454 -0.4040017 8.9714928 244 145 55
-0.5692068 -0.3954052 8.9715881 244 145 55
-0.5648531 -0.3845060 8.9633322 244 145 55
-0.5742140 -0.3784258 8.9655781 244 145 55
-0.5787783 -0.3876247 8.9735794 244 145 55
-0.5855469 -0.3793765 8.9767885 244 145 55
-0.5808656 -0.3720827 8.9695454 222 112 151
-0.5907643 -0.3414925 8.9861889 222 112 151
-0.5925742 -0.3463981 8.9917192 244 145 55
-0.5084513 -0.3652778 8.9770403 244 145 55
-0.5124463 -0.4352003 9.0003901 244 145 55
-0.4992472 -0.4208124 9.0150881 244 145 55
-0.5031081 -0.4327870 9.0221443 244 145 55
-0.5190411 -0.4463543 9.0083513 244 145 55
-0.5644143 -0.3116561 9.0081339 222 112 151
-0.5532714 -0.3154457 9.0121613 231 76 96
-0.5749065 -0.3088923 9.0048943 222 112 151
-0.5879859 -0.3226629 9.0013552 222 112 151
-0.5840111 -0.3088567 9.0017891 222 112 151
-0.5234035 -0.3244254 9.0247860 231 76 96
-0.5152253 -0.3332209 9.0169115 231 76 96
-0.4989085 -0.3984101 9.0283165 45 146 205
-0.4999737 -0.4104832 9.0350695 45 146 205
-0.5204718 -0.3735725 8.9634647 244 145 55
-0.5359807 -0.3773832 8.9568348 244 145 55
-0.5934191 -0.3281845 8.9822540 222 112 151
-0.5943104 -0.3238733 8.9855185 222 112 151
-0.5964989 -0.3175901 8.9790497 222 112 151
-0.5935795 -0.3184441 9.0043602 244 145 55
-0.5914460 -0.3286117 8.9974260 222 112 151
-0.5342153 -0.4379764 8.9908056 244 145 55
-0.5508322 -0.3763240 8.9554815 244 145 55
-0.5626750 -0.3722361 8.9564915 244 145 55
-0.5850835 -0.3944113 8.9812412 244 145 55
-0.5754395 -0.4041916 8.9801025 244 145 55
-0.5830547 -0.4105817 8.9881449 244 145 55
-0.5930233 -0.3991468 8.9891443 244 145 55
-0.5781525 -0.3646010 8.9634390 222 112 151
-0.5831190 -0.3554008 8.9657183 222 112 151
-0.5997993 -0.3870806 8.9911728 244 145 55
-0.5921851 -0.3841297 8.9839611 244 145 55
-0.5922227 -0.3337293 8.9785757 222 112 151
-0.5036250 -0.4197850 9.0417528 45 146 205
-0.5020089 -0.3970059 9.0514383 45 146 205
-0.5051343 -0.4035515 9.0607224 45 146 205
-0.5000226 -0.3772403 9.0393982 45 146 205
-0.5007052 -0.3887715 9.0455399 45 146 205
-0.5017765 -0.3643328 9.0341845 45 146 205
-0.5075406 -0.4067720 9.0706844 45 146 205
-0.5825900 -0.1393082 8.9051294 235 193 62
-0.5971286 -0.3130084 8.9823532 222 112 151
-0.5979958 -0.3047920 8.9740925 222 112 151
-0.5965618 -0.3106086 8.9716787 222 112 151
-0.5866282 -0.2719483 8.9364614 65 132 208
-0.4554336 -0.5128199 9.1637907 91 180 105
-0.4502669 -0.5161389 9.1644211 91 180 105
-0.4396557 -0.5322432 9.1651611 91 180 105
-0.4386483 -0.5355641 9.1651421 91 180 105
-0.5614908 -0.1646956 8.8956108 235 193 62
-0.5547689 -0.1606959 8.8964672 235 193 62
-0.5103583 -0.1495636 8.9173079 235 193 62
-0.4910182 -0.1626013 8.9355154 112 91 190
-0.5075588 -0.1646497 8.9229832 235 193 62
-0.5118588 -0.1868236 8.9580555 112 91 190
-0.5208188 -0.1817285 8.9692345 112 91 190
-0.5459268 -0.1454727 8.9810371 112 91 190
-0.5318114 -0.1137094 8.9346180 235 193 62
-0.4244047 -0.1455340 9.0440817 151 98 185
-0.4168937 -0.1447122 9.0362310 151 98 185
-0.4056567 -0.1415363 9.0524082 151 98 185
-0.4133441 -0.1402901 9.0590353 151 98 185
-0.4029229 -0.1343480 9.0741825 151 98 185
-0.4093342 -0.1274981 9.0762959 151 98 185
-0.4199485 -0.1345195 9.0628557 151 98 185
-0.4126152 -0.1191743 9.0743446 151 98 185
-0.4243172 -0.1262970 9.0623693 151 98 185
-0.4139156 -0.1110778 9.0699997 151 98 185
-0.4129128 -0.1039867 9.0659122 151 98 185
-0.4255259 -0.1098640 9.0566044 151 98 185
-0.4260638 -0.1177288 9.0596180 151 98 185
-0.4375641 -0.1068801 9.0422363 151 98 185
-0.4229608 -0.1027825 9.0516844 151 98 185
-0.4191272 -0.0968278 9.0456553 151 98 185
-0.4344735 -0.0989146 9.0365314 151 98 185
-0.3935521 -0.0942455 9.0419130 151 98 185
-0.3881651 -0.0993874 9.0386639 151 98 185
-0.4023958 -0.0995528 9.0268030 151 98 185
-0.4079671 -0.0940438 9.0310707 151 98 185
-0.4087722 -0.1159754 9.0120888 151 98 185
-0.4129464 -0.1071757 9.0126095 151 98 185
-0.3976172 -0.1075101 9.0248432 151 98 185
-0.3933409 -0.1161312 9.0246773 151 98 185
-0.3785394 -0.1160904 9.0361099 151 98 185
-0.3792209 -0.1244160 9.0427151 151 98 185
-0.3924305 -0.1243181 9.0287142 151 98 185
-0.4464743 -0.1544554 9.0140266 112 91 190
-0.4356711 -0.1496104 9.0291433 112 91 190
-0.4428565 -0.1462560 9.0354996 112 91 190
-0.4388961 -0.1240700 9.0488853 151 98 185
-0.4519270 -0.1301616 9.0378828 112 91 190
-0.4484999 -0.1391952 9.0379648 112 91 190
-0.4361416 -0.1329413 9.0500202 151 98 185
-0.4656675 -0.1044078 9.0181599 112 91 190
-0.4523378 -0.1109677 9.0324078 112 91 190
-0.4496281 -0.1018573 9.0269442 112 91 190
-0.4391008 -0.1155035 9.0462542 151 98 185
-0.4529402 -0.1206734 9.0356989 112 91 190
-0.4293555 -0.0944733 9.0284958 151 98 185
-0.4138519 -0.0931080 9.0381269 151 98 185
-0.4111630 -0.1398747 9.0284719 151 98 185
-0.4072634 -0.1337761 9.0205326 151 98 185
-0.3947160 -0.1316928 9.0360069 151 98 185
-0.3993829 -0.1374080 9.0445280 151 98 185
-0.4450305 -0.0962920 9.0193624 112 91 190
-0.4198709 -0.1359321 9.0046902 112 91 190
-0.4232547 -0.1429023 9.0119305 112 91 190
-0.4062015 -0.1254565 9.0146980 151 98 185
-0.4198432 -0.1266969 8.9999266 112 91 190
-0.3883415 -0.1343039 9.0600100 151 98 185
-0.3951078 -0.1366076 9.0683451 151 98 185
-0.4286714 -0.1480087 9.0208340 112 91 190
-0.4234829 -0.0945709 9.0209455 151 98 185
-0.4177533 -0.0991071 9.0153627 151 98 185
-0.4328859 -0.0994508 9.0040369 112 91 190
-0.4389252 -0.0956348 9.0109196 112 91 190
-0.4374616 -0.1173771 8.9845715 112 91 190
-0.4274322 -0.1071732 9.0001144 112 91 190
-0.4228814 -0.1164996 8.9985332 112 91 190
-0.3830755 -0.1068703 9.0363960 151 98 185
-0.4336168 -0.1280973 8.9844990 112 91 190
-0.3562903 -0.0802647 9.1188393 222 112 151
-0.3649127 -0.0780257 9.1141348 222 112 151
-0.3658333 -0.0748312 9.1235447 244 145 55
-0.3571829 -0.0784583 9.1275158 222 112 151
-0.3868505 -0.0735830 9.1164808 244 145 55
-0.3942349 -0.0824867 9.1175337 244 145 55
-0.3909455 -0.0786420 9.1287022 244 145 55
-0.3845266 -0.0715397 9.1278448 244 145 55
-0.3575961 -0.0798474 9.1347666 244 145 55
-0.3663681 -0.0750580 9.1312227 244 145 55
-0.3591894 -0.0830818 9.1376572 244 145 55
-0.3468975 -0.0896936 9.1433506 244 145 55
-0.3489803 -0.0836746 9.1399746 244 145 55
-0.3360177 -0.0914912 9.1480780 244 145 55
-0.3450993 -0.1012643 9.1414452 244 145 55
-0.3303208 -0.0979587 9.1451912 244 145 55
-0.3313948 -0.1066101 9.1198130 222 112 151
-0.3286263 -0.1044155 9.1102180 222 112 151
-0.3184479 -0.0968403 9.1179008 222 112 151
-0.3212520 -0.0982595 9.1277180 222 112 151
-0.3213499 -0.0896945 9.1000099 222 112 151
-0.3191954 -0.0927211 9.1094952 222 112 151
-0.3289841 -0.1008190 9.1023331 222 112 151
-0.3302942 -0.0970889 9.0941286 222 112 151
-0.3531472 -0.0812147 9.1056032 222 112 151
-0.3608769 -0.0813904 9.0992756 222 112 151
-0.3626676 -0.0811756 9.1051168 222 112 151
-0.3546245 -0.0818480 9.1106396 222 112 151
-0.3658210 -0.0811897 9.1422367 244 145 55
-0.3612974 -0.0939917 9.1383724 244 145 55
-0.3574121 -0.0894703 9.1395950 244 145 55
-0.3653570 -0.0781131 9.1421232 244 145 55
-0.3758389 -0.0774719 9.0764980 235 193 62
-0.3833410 -0.0834867 9.0705366 48 174 181
-0.3866868 -0.0872931 9.0771799 48 174 181
-0.3791424 -0.0813999 9.0816441 48 174 181
-0.3971576 -0.0893532 9.0987549 48 174 181
-0.3964071 -0.0926144 9.0905809 48 174 181
-0.4007234 -0.1053815 9.0942221 48 174 181
-0.3984587 -0.1027091 9.1030064 48 174 181
-0.3963535 -0.0856302 9.1073513 48 174 181
-0.3967552 -0.0989163 9.1106415 48 174 181
-0.3942665 -0.0935407 9.1200857 244 145 55
-0.3910246 -0.0870217 9.1308937 244 145 55
-0.3773718 -0.0829374 9.0623503 235 193 62
-0.3714445 -0.0776363 9.0651073 235 193 62
-0.3052232 -0.0620394 9.1718388 190 84 166
-0.3067935 -0.0587536 9.1686487 45 146 205
-0.3085462 -0.0626244 9.1668434 45 146 205
-0.3071289 -0.0661398 9.1700563 45 146 205
-0.3596064 -0.0908017 9.0593138 235 193 62
-0.3553770 -0.0989607 9.0626059 235 193 62
-0.3603514 -0.1001134 9.0571871 235 193 62
-0.3653160 -0.0920511 9.0558453 235 193 62
-0.3523814 -0.0881819 9.0633574 235 193 62
-0.3488131 -0.0970864 9.0686665 235 193 62
-0.2931558 -0.0639093 9.1704664 190 84 166
-0.2973501 -0.0649703 9.1727800 190 84 166
-0.2983907 -0.0694407 9.1704798 45 146 205
-0.2943792 -0.0683583 9.1677122 45 146 205
-0.3492039 -0.0805463 9.1330376 222 112 151
-0.3484863 -0.0805604 9.1246643 222 112 151
-0.3320167 -0.0785117 9.1440935 45 146 205
-0.3402802 -0.0793926 9.1325150 222 112 151
-0.3418897 -0.0811378 9.1404600 222 112 151
-0.3341804 -0.0814610 9.1480265 45 146 205
-0.3375992 -0.0766498 9.1150465 222 112 151
-0.3450670 -0.0791163 9.1084461 222 112 151
-0.3448181 -0.0807394 9.1155930 222 112 151
-0.3369948 -0.0779504 9.1225901 222 112 151
-0.3446514 -0.0716684 9.0984659 222 112 151
-0.3375944 -0.0704274 9.1048231 222 112 151
-0.3376985 -0.0664313 9.0997343 222 112 151
-0.3438218 -0.0681607 9.0945635 222 112 151
-0.3244875 -0.0682747 9.1215887 222 112 151
-0.3179291 -0.0655904 9.1257639 45 146 205
-0.3183066 -0.0640116 9.1208153 222 112 151
-0.3248082 -0.0663213 9.1170788 222 112 151
-0.3647584 -0.1017765 9.0520716 235 193 62
-0.3705176 -0.0942991 9.0514355 235 193 62
-0.3266223 -0.0802875 9.0845013 190 84 166
-0.3313562 -0.0741666 9.0783615 190 84 166
-0.3268634 -0.0690795 9.0831795 190 84 166
-0.3220467 -0.0745285 9.0887928 190 84 166
-0.3532549 -0.1069510 9.0693884 235 193 62
-0.3582837 -0.1087259 9.0633869 235 193 62
-0.2910426 -0.0610850 9.1664648 45 146 205
-0.2920934 -0.0657056 9.1635742 45 146 205
-0.3875512 -0.1034458 9.1206207 244 145 55
-0.3847010 -0.0951366 9.1314850 244 145 55
-0.3903643 -0.1097469 9.1113510 48 174 181
-0.3928677 -0.1138244 9.1042061 48 174 181
-0.3963867 -0.1174209 9.0968733 48 174 181
-0.3336529 -0.0773667 9.1333647 222 112 151
-0.3491713 -0.0811078 9.1162958 222 112 151
-0.3529584 -0.0795099 9.1016712 222 112 151
-0.3480741 -0.0646422 9.0797796 222 112 151
-0.3526235 -0.0661530 9.0747232 235 193 62
-0.3548343 -0.0674934 9.0834150 222 112 151
-0.3493484 -0.0665405 9.0862303 222 112 151
-0.3368908 -0.0682540 9.0769463 190 84 166
-0.3404302 -0.0641508 9.0807991 190 84 166
-0.3358749 -0.0618605 9.0861702 190 84 166
-0.3325892 -0.0645480 9.0823908 190 84 166
-0.3677194 -0.0837363 9.1434507 244 145 55
-0.3670919 -0.0957668 9.1369896 244 145 55
-0.3650658 -0.0830371 9.0595579 235 193 62
-0.3712185 -0.0861413 9.0574064 235 193 62
-0.3767052 -0.0895695 9.0541763 235 193 62
-0.3701217 -0.0806220 9.0899210 222 112 151
-0.3812421 -0.0835081 9.0849686 48 174 181
-0.3839076 -0.0832792 9.0896769 48 174 181
-0.3711486 -0.0814522 9.0936871 222 112 151
-0.3753007 -0.0744946 9.1087894 222 112 151
-0.3873486 -0.0765069 9.1053257 48 174 181
-0.3758411 -0.0709799 9.1193151 244 145 55
-0.3906151 -0.0897415 9.0826273 48 174 181
-0.3921645 -0.0922847 9.0723238 48 174 181
-0.3962035 -0.0952218 9.0786400 48 174 181
-0.3875985 -0.0889052 9.0654860 48 174 181
-0.3823064 -0.0880803 9.0590086 235 193 62
-0.3986078 -0.0953427 9.0670500 151 98 185
-0.4028780 -0.0991552 9.0733376 151 98 185
-0.3934011 -0.0929453 9.0602903 151 98 185
-0.3880070 -0.0915650 9.0544043 151 98 185
-0.3693079 -0.1152114 9.0476122 151 98 185
-0.3720823 -0.1056463 9.0447798 151 98 185
-0.3630525 -0.1114546 9.0565948 235 193 62
-0.4047847 -0.1123173 9.0856009 151 98 185
-0.3999220 -0.0995468 9.0854549 48 174 181
-0.4047470 -0.1047053 9.0793743 151 98 185
-0.4010158 -0.1215984 9.0881205 151 98 185
-0.3831842 -0.0697460 9.1347322 244 145 55
-0.3821656 -0.0650602 9.1410627 244 145 55
-0.3750991 -0.0660585 9.1405802 244 145 55
-0.3751832 -0.0704609 9.1349640 244 145 55
-0.3249042 -0.0905258 9.1522179 45 146 205
-0.3310414 -0.0860860 9.1517868 45 146 205
-0.3407547 -0.0854771 9.1461449 244 145 55
-0.3677869 -0.0720768 9.0774097 235 193 62
-0.3642169 -0.0727079 9.0672855 235 193 62
-0.3273877 -0.0766089 9.1428061 45 146 205
-0.2968519 -0.0737783 9.1646557 45 146 205
-0.3012813 -0.0743599 9.1677275 45 146 205
-0.3082427 -0.0825998 9.1619377 45 146 205
-0.3021178 -0.0824845 9.1589642 45 146 205
-0.3169775 -0.0738406 9.1459942 45 146 205
-0.3215814 -0.0755887 9.1488562 45 146 205
-0.3170317 -0.0717513 9.1540422 45 146 205
-0.3121957 -0.0701586 9.1509724 45 146 205
-0.3213094 -0.0622988 9.1150064 190 84 166
-0.3259386 -0.0638462 9.1114788 190 84 166
-0.3124715 -0.0859555 9.1354370 45 146 205
-0.3151981 -0.0924048 9.1428947 45 146 205
-0.3262122 -0.1013514 9.1375952 45 146 205
-0.3374950 -0.0738288 9.1094179 222 112 151
-0.3308766 -0.0712243 9.1157608 222 112 151
-0.3308514 -0.0686045 9.1112347 222 112 151
-0.3293899 -0.0763893 9.1346025 222 112 151
-0.3242084 -0.0755812 9.1406670 45 146 205
-0.3249817 -0.0742260 9.1344976 45 146 205
-0.3309421 -0.0759037 9.1282291 222 112 151
-0.3377315 -0.0797170 9.0733795 235 193 62
-0.3440963 -0.0708139 9.0707541 235 193 62
-0.3017175 -0.0643033 9.1731911 190 84 166
-0.3032236 -0.0685045 9.1712818 45 146 205
-0.3777262 -0.0971093 9.0464163 151 98 185
-0.3828759 -0.0925731 9.0497866 151 98 185
-0.3450948 -0.0759257 9.1032677 222 112 151
-0.3366597 -0.1081726 9.1306086 244 145 55
-0.3530999 -0.0766509 9.0975323 222 112 151
-0.3154705 -0.0704477 9.1039534 190 84 166
-0.3203698 -0.0654566 9.1019287 190 84 166
-0.3170921 -0.0626829 9.1065531 190 84 166
-0.3118837 -0.0657294 9.1065588 190 84 166
-0.3061314 -0.0630287 9.1561460 45 146 205
-0.3104110 -0.0645523 9.1601095 45 146 205
-0.3068236 -0.0599285 9.1627092 45 146 205
-0.3028314 -0.0584537 9.1590986 45 146 205
-0.3250033 -0.0779701 9.1509218 45 146 205
-0.3266029 -0.0810745 9.1536798 45 146 205
-0.3192212 -0.0774295 9.1603260 45 146 205
-0.3196846 -0.0740173 9.1572275 45 146 205
-0.3218780 -0.0850166 9.1564646 45 146 205
-0.3143714 -0.0808496 9.1622992 45 146 205
-0.3002721 -0.0633572 9.1541433 45 146 205
-0.2952769 -0.0669650 9.1555252 45 146 205
-0.3008461 -0.0750073 9.1495390 45 146 205
-0.3055704 -0.0709018 9.1491623 45 146 205
-0.3391945 -0.1033200 9.0881243 235 193 62
-0.3396482 -0.0988652 9.0808334 235 193 62
-0.3314298 -0.0919827 9.0863171 235 193 62
-0.3237714 -0.0849089 9.0917425 222 112 151
-0.3199119 -0.0756460 9.0982924 190 84 166
-0.3148361 -0.0809377 9.1061020 222 112 151
-0.3336228 -0.0869523 9.0799608 235 193 62
-0.3097211 -0.0761017 9.1394415 45 146 205
-0.3077640 -0.0802133 9.1433077 45 146 205
-0.3066010 -0.0784370 9.1367922 45 146 205
-0.3524346 -0.0719098 9.0917435 222 112 151
-0.3066332 -0.0729735 9.1685200 45 146 205
-0.3743874 -0.1239178 9.0973244 48 174 181
-0.3663306 -0.1241007 9.0894308 235 193 62
-0.3590253 -0.1204064 9.0961971 235 193 62
-0.3693159 -0.1208216 9.1045885 48 174 181
-0.3124824 -0.0666845 9.1639652 45 146 205
-0.3110957 -0.0700457 9.1672554 45 146 205
-0.3260443 -0.0616410 9.1070290 190 84 166
-0.3218753 -0.0607362 9.1105824 190 84 166
-0.3211285 -0.0599387 9.1076012 190 84 166
-0.3247093 -0.0607031 9.1039505 190 84 166
-0.3411558 -0.0933371 9.0746355 235 193 62
-0.3255211 -0.0648560 9.0862827 190 84 166
-0.3193366 -0.0690515 9.0906935 190 84 166
-0.3472557 -0.1040469 9.0750666 235 193 62
-0.3472551 -0.1089929 9.0825958 235 193 62
-0.3535596 -0.1134037 9.0775366 235 193 62
-0.3118009 -0.0803723 9.1181641 222 112 151
-0.3387882 -0.1070108 9.0956030 235 193 62
-0.3475313 -0.1126585 9.0896854 235 193 62
-0.3554294 -0.1174646 9.0852604 235 193 62
-0.3614830 -0.1209999 9.0800695 235 193 62
-0.3589278 -0.1164472 9.0719948 235 193 62
-0.2943597 -0.0709848 9.1600208 45 146 205
-0.2929111 -0.0618714 9.1592035 45 146 205
-0.3647229 -0.1198126 9.0649767 235 193 62
-0.3707263 -0.1230819 9.0551624 151 98 185
-0.3745348 -0.1273868 9.0638838 151 98 185
-0.3676730 -0.1242453 9.0733490 235 193 62
-0.3491259 -0.1153293 9.0977573 235 193 62
-0.3522894 -0.1169479 9.1054707 235 193 62
-0.3394000 -0.1099785 9.1033630 222 112 151
-0.3418047 -0.1121927 9.1123371 222 112 151
-0.3107132 -0.0864763 9.1255112 45 146 205
-0.2937385 -0.0483912 9.1647234 190 84 166
-0.2958435 -0.0547744 9.1607094 45 146 205
-0.3006977 -0.0539701 9.1614428 45 146 205
-0.2979298 -0.0475156 9.1649609 190 84 166
-0.2975195 -0.0590290 9.1575794 45 146 205
-0.2917095 -0.0574172 9.1623020 45 146 205
-0.3481091 -0.1122379 9.1228714 244 145 55
-0.3178245 -0.0726389 9.1390810 45 146 205
-0.3623809 -0.1161314 9.1157846 244 145 55
-0.3542105 -0.1071248 9.1341515 244 145 55
-0.3646466 -0.1077710 9.1291723 244 145 55
-0.3806659 -0.1173741 9.1097574 48 174 181
-0.3778478 -0.1117167 9.1189280 244 145 55
-0.3883254 -0.1242207 9.0949707 48 174 181
-0.3841789 -0.1208961 9.1022596 48 174 181
-0.3941953 -0.1284050 9.0864677 151 98 185
-0.3759174 -0.1026998 9.1297712 244 145 55
-0.3037203 -0.0556794 9.1745138 190 84 166
-0.3048608 -0.0523560 9.1709127 190 84 166
-0.3796895 -0.1271924 9.0901318 48 174 181
-0.3864065 -0.1314673 9.0812044 151 98 185
-0.3752020 -0.0704614 9.1288605 244 145 55
-0.3605902 -0.0735143 9.0877123 222 112 151
-0.3606616 -0.0773364 9.0922451 222 112 151
-0.3574278 -0.0685648 9.0706549 235 193 62
-0.3605057 -0.0688786 9.0806494 222 112 151
-0.3793198 -0.1310314 9.0728941 151 98 185
-0.4093021 -0.0988158 9.0605373 151 98 185
-0.4043291 -0.0955658 9.0537329 151 98 185
-0.3826668 -0.1300752 9.0508480 151 98 185
-0.3002832 -0.0576448 9.1763029 190 84 166
-0.3121994 -0.0653549 9.1248741 45 146 205
-0.3120156 -0.0652840 9.1222286 45 146 205
-0.3889467 -0.0743008 9.1364307 244 145 55
-0.3858794 -0.0692706 9.1435347 244 145 55
-0.3797320 -0.0793656 9.1460390 244 145 55
-0.3846654 -0.0744054 9.1457787 244 145 55
-0.3885778 -0.0809308 9.1390028 244 145 55
-0.3828218 -0.0875266 9.1395311 244 145 55
-0.3695230 -0.0785306 9.0869980 222 112 151
-0.3684906 -0.0752643 9.0833874 222 112 151
-0.3449169 -0.0845566 9.0681944 235 193 62
-0.3506956 -0.0754755 9.0657377 235 193 62
-0.3154816 -0.0876293 9.1563387 45 146 205
-0.3176354 -0.0928713 9.1490498 45 146 205
-0.3088368 -0.0882270 9.1532011 45 146 205
-0.2999958 -0.0798134 9.1537724 45 146 205
-0.3123991 -0.0739789 9.1412611 45 146 205
-0.3103940 -0.0748632 9.1449747 45 146 205
-0.3861036 -0.0807250 9.0964413 48 174 181
-0.3731522 -0.0791578 9.0999804 222 112 151
-0.3677245 -0.0758112 9.1359701 244 145 55
-0.3683928 -0.0731935 9.1407843 244 145 55
-0.3314048 -0.0740118 9.1213512 222 112 151
-0.3047764 -0.0735824 9.1251526 45 146 205
-0.3037282 -0.0786159 9.1303720 45 146 205
-0.3253069 -0.0715744 9.1271601 222 112 151
-0.2919974 -0.0569453 9.1739302 190 84 166
-0.2961983 -0.0579834 9.1762028 190 84 166
-0.3066433 -0.0858290 9.1480131 45 146 205
-0.3315294 -0.0652367 9.1059341 222 112 151
-0.3086777 -0.0720488 9.1184177 45 146 205
-0.3073770 -0.0687180 9.1240435 45 146 205
-0.3311147 -0.0625501 9.0862389 190 84 166
-0.3723518 -0.1272973 9.0823746 48 174 181
-0.3052243 -0.0554451 9.1644249 45 146 205
-0.3029875 -0.0489520 9.1669483 190 84 166
-0.2907552 -0.0510020 9.1662073 190 84 166
-0.2900036 -0.0544327 9.1699333 190 84 166
-0.3576941 -0.0794933 9.0619659 235 193 62
-0.3605447 -0.0799633 9.0957403 222 112 151
-0.3988695 -0.0934440 9.0471725 151 98 185
-0.3748007 -0.0926284 9.1374254 244 145 55
-0.3729038 -0.0826802 9.1445389 244 145 55
-0.3196533 -0.0692211 9.1316462 45 146 205
-0.3193784 -0.0684608 9.0972013 190 84 166
-0.3101009 -0.0740649 9.1092672 190 84 166
-0.3065348 -0.0686685 9.1107845 190 84 166
-0.3052353 -0.0687265 9.1176796 45 146 205
-0.3075943 -0.0658731 9.1212234 45 146 205
-0.2896981 -0.0459146 9.1689243 190 84 166
-0.2888655 -0.0490630 9.1726007 190 84 166
-0.2907154 -0.0513237 9.1766214 190 84 166
-0.2949041 -0.0526502 9.1785870 190 84 166
-0.2990024 -0.0527255 9.1782379 190 84 166
-0.2924563 -0.0435999 9.1675940 190 84 166
-0.2965416 -0.0429947 9.1676512 190 84 166
-0.3013264 -0.0446507 9.1693325 190 84 166
-0.2917864 -0.0392250 9.1698151 190 84 166
-0.2888470 -0.0405719 9.1717453 190 84 166
-0.2898982 -0.0411316 9.1823311 190 84 166
-0.2894061 -0.0454512 9.1793146 190 84 166
-0.2883096 -0.0420386 9.1788464 190 84 166
-0.2880424 -0.0393216 9.1806431 190 84 166
-0.2873622 -0.0357965 9.1822243 190 84 166
-0.2896449 -0.0369122 9.1838884 190 84 166
-0.2875119 -0.0414509 9.1761246 190 84 166
-0.2867633 -0.0378734 9.1775913 190 84 166
-0.2877447 -0.0360785 9.1749411 190 84 166
-0.2869710 -0.0324422 9.1765385 190 84 166
-0.2860456 -0.0341029 9.1792088 190 84 166
-0.2879364 -0.0394078 9.1741047 190 84 166
-0.2878191 -0.0445315 9.1747427 190 84 166
-0.2889987 -0.0328321 9.1841974 190 84 166
-0.2869571 -0.0331255 9.1830378 190 84 166
-0.2858964 -0.0309185 9.1809378 190 84 166
-0.2880707 -0.0293434 9.1819000 190 84 166
-0.2935477 -0.0479902 9.1804790 190 84 166
-0.2928703 -0.0422096 9.1826944 190 84 166
-0.2925042 -0.0369498 9.1840858 190 84 166
-0.2917562 -0.0324917 9.1841908 190 84 166
-0.2961262 -0.0414790 9.1822634 190 84 166
-0.2949765 -0.0361277 9.1832075 190 84 166
-0.2940913 -0.0323159 9.1830101 190 84 166
-0.2987474 -0.0394566 9.1807671 190 84 166
-0.2967753 -0.0346268 9.1818323 190 84 166
-0.3008461 -0.0464753 9.1781864 190 84 166
-0.2976471 -0.0482206 9.1799765 190 84 166
-0.2954475 -0.0322294 9.1819925 190 84 166
-0.2908085 -0.0290487 9.1818237 190 84 166
-0.2890931 -0.0353488 9.1729860 190 84 166
-0.2886065 -0.0312748 9.1751213 190 84 166
-0.2912596 -0.0344685 9.1721497 190 84 166
-0.2907799 -0.0304670 9.1746979 190 84 166
-0.2882036 -0.0285123 9.1780014 190 84 166
-0.2865184 -0.0299028 9.1782131 190 84 166
-0.3023301 -0.0510744 9.1761808 190 84 166
-0.3030487 -0.0478292 9.1725950 190 84 166
-0.3018131 -0.0432782 9.1748085 190 84 166
-0.2999173 -0.0366703 9.1775713 190 84 166
-0.2999573 -0.0406070 9.1714182 190 84 166
-0.2956601 -0.0388466 9.1698017 190 84 166
-0.2943956 -0.0342469 9.1723881 190 84 166
-0.2978828 -0.0348672 9.1739597 190 84 166
-0.2933895 -0.0305114 9.1751041 190 84 166
-0.2958118 -0.0310804 9.1765823 190 84 166
-0.2969806 -0.0325755 9.1793690 190 84 166
-0.2929437 -0.0287244 9.1780434 190 84 166
-0.2904480 -0.0281150 9.1779690 190 84 166
-0.2931849 -0.0296607 9.1810999 190 84 166
-0.2946102 -0.0297531 9.1783323 190 84 166
-0.2949910 -0.0307908 9.1802998 190 84 166
-0.3021193 -0.0432497 9.1496601 45 146 205
-0.3037671 -0.0407945 9.1461687 65 132 208
-0.3047792 -0.0468593 9.1441107 45 146 205
-0.3034817 -0.0493159 9.1476116 45 146 205
-0.2905851 -0.0476589 9.1498146 45 146 205
-0.2954792 -0.0468906 9.1520662 45 146 205
-0.2962568 -0.0530069 9.1501446 45 146 205
-0.2915822 -0.0536507 9.1475430 45 146 205
-0.2888937 -0.0461507 9.1447563 45 146 205
-0.2897210 -0.0520057 9.1421700 45 146 205
-0.2938504 -0.0605861 9.1452618 45 146 205
-0.2986603 -0.0596688 9.1479731 45 146 205
-0.3050607 -0.0697753 9.1425791 45 146 205
-0.3004894 -0.0714132 9.1405344 45 146 205
-0.3131803 -0.0611764 9.1315603 45 146 205
-0.3091027 -0.0606236 9.1288214 45 146 205
-0.2993756 -0.0451475 9.1518040 45 146 205
-0.3005855 -0.0512002 9.1497450 45 146 205
-0.3035734 -0.0509059 9.1344528 65 132 208
-0.3069813 -0.0512660 9.1377535 45 146 205
-0.3040378 -0.0451131 9.1403580 65 132 208
-0.3010698 -0.0444365 9.1372700 65 132 208
-0.3127947 -0.0665228 9.1406069 45 146 205
-0.3144205 -0.0636181 9.1361732 45 146 205
-0.3090546 -0.0681987 9.1424284 45 146 205
-0.2989126 -0.0517154 9.1325178 65 132 208
-0.2939871 -0.0545127 9.1338692 45 146 205
-0.2988805 -0.0659483 9.1292009 45 146 205
-0.3034259 -0.0621949 9.1275425 45 146 205
-0.3031495 -0.0578344 9.1475153 45 146 205
-0.3078573 -0.0532596 9.1418953 45 146 205
-0.3064958 -0.0557441 9.1454945 45 146 205
-0.2917754 -0.0588642 9.1394558 45 146 205
-0.2924840 -0.0478232 9.1369038 65 132 208
-0.2934234 -0.0322577 9.1425104 65 132 208
-0.2954704 -0.0397083 9.1385288 65 132 208
-0.2996340 -0.0385403 9.1395073 65 132 208
-0.2972812 -0.0306049 9.1430283 65 132 208
-0.2969298 -0.0452337 9.1356964 65 132 208
-0.2912632 -0.0423459 9.1398401 65 132 208
-0.3002366 -0.0343027 9.1531687 91 180 105
-0.3016717 -0.0319257 9.1494522 65 132 208
-0.2976303 -0.0363600 9.1551838 190 84 166
-0.2972872 -0.0702771 9.1346331 45 146 205
-0.2895970 -0.0391181 9.1532068 190 84 166
-0.2941174 -0.0380344 9.1552410 190 84 166
-0.3030445 -0.0389385 9.1424456 65 132 208
-0.3011554 -0.0304908 9.1455622 65 132 208
-0.2896997 -0.0347915 9.1439810 91 180 105
-0.2878038 -0.0381555 9.1483965 91 180 105
-0.2889994 -0.0283989 9.1471796 91 180 105
-0.2870963 -0.0311850 9.1512337 91 180 105
-0.2883937 -0.0322161 9.1557684 91 180 105
-0.2929232 -0.0318059 9.1574593 91 180 105
-0.2963621 -0.0307577 9.1570387 91 180 105
-0.2923254 -0.0262975 9.1455832 91 180 105
-0.2959816 -0.0253217 9.1457071 91 180 105
-0.2996849 -0.0255542 9.1475477 91 180 105
-0.2913228 -0.0203635 9.1480522 91 180 105
-0.2879141 -0.0215335 9.1498575 91 180 105
-0.2873151 -0.0151699 9.1620951 91 180 105
-0.2874061 -0.0203689 9.1606932 91 180 105
-0.2856886 -0.0189721 9.1587553 91 180 105
-0.2848831 -0.0148023 9.1606073 91 180 105
-0.2870122 -0.0253546 9.1580009 91 180 105
-0.2858898 -0.0219187 9.1570797 91 180 105
-0.2857440 -0.0212010 9.1544933 91 180 105
-0.2847467 -0.0174984 9.1556778 91 180 105
-0.2863986 -0.0158552 9.1528931 91 180 105
-0.2854852 -0.0117849 9.1542845 91 180 105
-0.2835030 -0.0131894 9.1573124 91 180 105
-0.2867029 -0.0195451 9.1521749 91 180 105
-0.2842673 -0.0113382 9.1614771 91 180 105
-0.2865795 -0.0104139 9.1619625 91 180 105
-0.2861326 -0.0250956 9.1532822 91 180 105
-0.2915311 -0.0265949 9.1593294 91 180 105
-0.2907867 -0.0206577 9.1613245 91 180 105
-0.2903200 -0.0147294 9.1621723 91 180 105
-0.2896615 -0.0096940 9.1615314 91 180 105
-0.2941908 -0.0194619 9.1606541 91 180 105
-0.2931177 -0.0135984 9.1614084 91 180 105
-0.2919322 -0.0095114 9.1606541 91 180 105
-0.2970814 -0.0175642 9.1586361 91 180 105
-0.2951578 -0.0121192 9.1597948 91 180 105
-0.2982299 -0.0247699 9.1562948 91 180 105
-0.2953488 -0.0262033 9.1585617 91 180 105
-0.2934415 -0.0096617 9.1596231 91 180 105
-0.2854404 -0.0071341 9.1595850 91 180 105
-0.2885943 -0.0066726 9.1592770 91 180 105
-0.2826902 -0.0090452 9.1592321 91 180 105
-0.2883536 -0.0153588 9.1515627 91 180 105
-0.2875435 -0.0108932 9.1531668 91 180 105
-0.2902954 -0.0146371 9.1501589 91 180 105
-0.2893100 -0.0097644 9.1522408 91 180 105
-0.2861005 -0.0073858 9.1555605 91 180 105
-0.2843528 -0.0086532 9.1558294 91 180 105
-0.2989514 -0.0291989 9.1548672 91 180 105
-0.3003263 -0.0271753 9.1511869 91 180 105
-0.2998663 -0.0225521 9.1527624 91 180 105
-0.2986734 -0.0153155 9.1551580 91 180 105
-0.2989392 -0.0212258 9.1492243 91 180 105
-0.2949096 -0.0202013 9.1478672 91 180 105
-0.2934291 -0.0142933 9.1503124 91 180 105
-0.2970431 -0.0142562 9.1517477 91 180 105
-0.2919872 -0.0095581 9.1526108 91 180 105
-0.2948813 -0.0097374 9.1539526 91 180 105
-0.2960647 -0.0105690 9.1568356 91 180 105
-0.2912469 -0.0068723 9.1553822 91 180 105
-0.2885195 -0.0065225 9.1552858 91 180 105
-0.2914104 -0.0071972 9.1585884 91 180 105
-0.2933528 -0.0077372 9.1557226 91 180 105
-0.2935622 -0.0083172 9.1578245 91 180 105
-0.3081583 -0.0375934 9.1272697 65 132 208
-0.3115169 -0.0359813 9.1240959 65 132 208
-0.3115387 -0.0416489 9.1223183 65 132 208
-0.3086115 -0.0430812 9.1257896 65 132 208
-0.2975030 -0.0402970 9.1254234 65 132 208
-0.2999139 -0.0397934 9.1276150 65 132 208
-0.3005235 -0.0457481 9.1263323 65 132 208
-0.2975506 -0.0470120 9.1236877 65 132 208
-0.2974233 -0.0393463 9.1209955 65 132 208
-0.2976323 -0.0461593 9.1184120 65 132 208
-0.2983835 -0.0534234 9.1220608 65 132 208
-0.3020080 -0.0516659 9.1251545 65 132 208
-0.3057936 -0.0604988 9.1223211 45 146 205
-0.3018718 -0.0625378 9.1192846 45 146 205
-0.3037756 -0.0386705 9.1282663 65 132 208
-0.3045633 -0.0443752 9.1269655 65 132 208
-0.3137908 -0.0459172 9.1142893 65 132 208
-0.3145733 -0.0462179 9.1174145 65 132 208
-0.3128127 -0.0403869 9.1187792 65 132 208
-0.3117809 -0.0401133 9.1160212 65 132 208
-0.3147091 -0.0586607 9.1209850 65 132 208
-0.3177879 -0.0571808 9.1174364 190 84 166
-0.3105178 -0.0593659 9.1226120 65 132 208
-0.3095168 -0.0467631 9.1117544 65 132 208
-0.3033431 -0.0494636 9.1115465 65 132 208
-0.3077871 -0.0587280 9.1085653 190 84 166
-0.3136418 -0.0563812 9.1089554 190 84 166
-0.3063011 -0.0500039 9.1258841 65 132 208
-0.3136437 -0.0474328 9.1210556 65 132 208
-0.3104897 -0.0488777 9.1245461 65 132 208
-0.2989438 -0.0526876 9.1160259 65 132 208
-0.3020374 -0.0434319 9.1141148 65 132 208
-0.3045085 -0.0264193 9.1200790 65 132 208
-0.3067423 -0.0352941 9.1161337 65 132 208
-0.3111863 -0.0342096 9.1174908 65 132 208
-0.3086672 -0.0253590 9.1208992 65 132 208
-0.3079130 -0.0409216 9.1137791 65 132 208
-0.3011405 -0.0370968 9.1169748 65 132 208
-0.3070318 -0.0288510 9.1299620 65 132 208
-0.3105188 -0.0271376 9.1269445 65 132 208
-0.3030021 -0.0297809 9.1308031 65 132 208
-0.3025597 -0.0617268 9.1128931 65 132 208
-0.3183047 -0.0551008 9.1108541 190 84 166
-0.2969421 -0.0309251 9.1287403 65 132 208
-0.2991970 -0.0306596 9.1305628 65 132 208
-0.3130914 -0.0345981 9.1202536 65 132 208
-0.3114201 -0.0256894 9.1231852 65 132 208
-0.2997672 -0.0281359 9.1211023 65 132 208
-0.2964450 -0.0303115 9.1247025 65 132 208
-0.2989635 -0.0220218 9.1235704 65 132 208
-0.2960539 -0.0239967 9.1272612 65 132 208
-0.2961290 -0.0244877 9.1311712 65 132 208
-0.2989221 -0.0243632 9.1326590 65 132 208
-0.3027003 -0.0239802 9.1326303 65 132 208
-0.3033822 -0.0202242 9.1227093 65 132 208
-0.3070438 -0.0197590 9.1234179 65 132 208
-0.3100387 -0.0207255 9.1252689 65 132 208
-0.3028138 -0.0156972 9.1244631 65 132 208
-0.2985287 -0.0165596 9.1259785 65 132 208
-0.2954914 -0.0088797 9.1377659 65 132 208
-0.2960263 -0.0132484 9.1362915 65 132 208
-0.2955152 -0.0125496 9.1346054 65 132 208
-0.2943882 -0.0088218 9.1361618 65 132 208
-0.2957845 -0.0184140 9.1333561 65 132 208
-0.2955647 -0.0156545 9.1329527 65 132 208
-0.2956907 -0.0156345 9.1302414 65 132 208
-0.2949333 -0.0119517 9.1316214 65 132 208
-0.2974765 -0.0112936 9.1287155 65 132 208
-0.2967303 -0.0076059 9.1302004 65 132 208
-0.2941581 -0.0081159 9.1331320 65 132 208
-0.2970793 -0.0145391 9.1279669 65 132 208
-0.2937815 -0.0061511 9.1367273 65 132 208
-0.2949886 -0.0053611 9.1378851 91 180 105
-0.2958124 -0.0189357 9.1290941 65 132 208
-0.2987922 -0.0192509 9.1348495 65 132 208
-0.2985925 -0.0137912 9.1370811 65 132 208
-0.2980622 -0.0086601 9.1384630 65 132 208
-0.2978725 -0.0050907 9.1380806 65 132 208
-0.3020551 -0.0136264 9.1364937 65 132 208
-0.3013517 -0.0085677 9.1378088 65 132 208
-0.3009634 -0.0054050 9.1374073 65 132 208
-0.3054284 -0.0131667 9.1349325 65 132 208
-0.3040386 -0.0082040 9.1362944 65 132 208
-0.3060835 -0.0190199 9.1328049 65 132 208
-0.3025755 -0.0193355 9.1343575 65 132 208
-0.3028543 -0.0059500 9.1364536 65 132 208
-0.2955451 -0.0033643 9.1351233 65 132 208
-0.2986408 -0.0029107 9.1352358 65 132 208
-0.2936748 -0.0049266 9.1343708 65 132 208
-0.2995015 -0.0112755 9.1272612 65 132 208
-0.2988766 -0.0071948 9.1290722 65 132 208
-0.3023568 -0.0109280 9.1267357 65 132 208
-0.3012630 -0.0065829 9.1288986 65 132 208
-0.2974232 -0.0042489 9.1313753 65 132 208
-0.2957653 -0.0051144 9.1316299 65 132 208
-0.3064211 -0.0234025 9.1313572 65 132 208
-0.3094226 -0.0223609 9.1285238 65 132 208
-0.3087501 -0.0181493 9.1301289 65 132 208
-0.3079457 -0.0119835 9.1323738 65 132 208
-0.3093635 -0.0167806 9.1270304 65 132 208
-0.3063961 -0.0156285 9.1253109 65 132 208
-0.3053407 -0.0106995 9.1273623 65 132 208
-0.3079946 -0.0110572 9.1291857 65 132 208
-0.3038031 -0.0064529 9.1294794 65 132 208
-0.3059647 -0.0065683 9.1310968 65 132 208
-0.3059408 -0.0072399 9.1339951 65 132 208
-0.3023714 -0.0039257 9.1318951 65 132 208
-0.2999364 -0.0037470 9.1314287 65 132 208
-0.3014497 -0.0036199 9.1350460 65 132 208
-0.3041857 -0.0046974 9.1324310 65 132 208
-0.3036106 -0.0049568 9.1347227 65 132 208
-0.3188039 -0.0558144 9.1137133 190 84 166
-0.3238652 -0.0392746 9.1019993 190 84 166
-0.3271154 -0.0390521 9.0998402 190 84 166
-0.3270051 -0.0435117 9.0992184 190 84 166
-0.3240085 -0.0439132 9.1012201 190 84 166
-0.3142195 -0.0404040 9.0993834 190 84 166
-0.3160912 -0.0400612 9.1021881 190 84 166
-0.3161767 -0.0453243 9.1016579 190 84 166
-0.3138328 -0.0459890 9.0985279 190 84 166
-0.3160063 -0.0401872 9.0950413 190 84 166
-0.3154252 -0.0457513 9.0938520 190 84 166
-0.3143161 -0.0524353 9.0982828 190 84 166
-0.3169969 -0.0512907 9.1014776 190 84 166
-0.3193816 -0.0602650 9.1003857 190 84 166
-0.3165974 -0.0622572 9.0973043 190 84 166
-0.3311763 -0.0607353 9.0891609 190 84 166
-0.3319573 -0.0599399 9.0926981 190 84 166
-0.3311870 -0.0555139 9.0945129 190 84 166
-0.3306608 -0.0559140 9.0908155 190 84 166
-0.3197829 -0.0395068 9.1027222 190 84 166
-0.3202072 -0.0444542 9.1022205 190 84 166
-0.3292125 -0.0476601 9.0928497 190 84 166
-0.3294595 -0.0474735 9.0962381 190 84 166
-0.3288612 -0.0431303 9.0965099 190 84 166
-0.3287431 -0.0429846 9.0934954 190 84 166
-0.3321426 -0.0600035 9.0972109 190 84 166
-0.3290995 -0.0600604 9.1010199 190 84 166
-0.3263722 -0.0571812 9.1001787 190 84 166
-0.3298087 -0.0557710 9.0978022 190 84 166
-0.3233690 -0.0581356 9.1008635 190 84 166
-0.3260970 -0.0486622 9.0904913 190 84 166
-0.3209842 -0.0500972 9.0901613 190 84 166
-0.3230015 -0.0597949 9.0881748 190 84 166
-0.3278871 -0.0573587 9.0885372 190 84 166
-0.3209778 -0.0497480 9.1018391 190 84 166
-0.3278523 -0.0479844 9.0990801 190 84 166
-0.3242470 -0.0488470 9.1012287 190 84 166
-0.3154387 -0.0521214 9.0932980 190 84 166
-0.3205470 -0.0443693 9.0911493 190 84 166
-0.3255603 -0.0323020 9.0935144 190 84 166
-0.3259930 -0.0388653 9.0919037 190 84 166
-0.3291894 -0.0386198 9.0937376 190 84 166
-0.3285593 -0.0322601 9.0948448 190 84 166
-0.3256818 -0.0434232 9.0913258 190 84 166
-0.3209809 -0.0393930 9.0922079 190 84 166
-0.3231321 -0.0329517 9.1032867 65 132 208
-0.3267341 -0.0328355 9.1009922 190 84 166
-0.3192771 -0.0330818 9.1037178 65 132 208
-0.3169151 -0.0623306 9.0922089 190 84 166
-0.3141235 -0.0334979 9.1010714 65 132 208
-0.3158335 -0.0333362 9.1034594 65 132 208
-0.3290579 -0.0387727 9.0969419 190 84 166
-0.3286942 -0.0325139 9.0977697 190 84 166
-0.3208417 -0.0326931 9.0940580 190 84 166
-0.3160146 -0.0334429 9.0969515 190 84 166
-0.3202798 -0.0274034 9.0955000 190 84 166
-0.3154452 -0.0282222 9.0982800 65 132 208
-0.3137455 -0.0284262 9.1024895 65 132 208
-0.3154792 -0.0285853 9.1047306 65 132 208
-0.3187606 -0.0290511 9.1047192 65 132 208
-0.3247960 -0.0270852 9.0950136 190 84 166
-0.3273653 -0.0274677 9.0962591 190 84 166
-0.3275139 -0.0283678 9.0987225 190 84 166
-0.3237752 -0.0229121 9.0968199 65 132 208
-0.3191900 -0.0224388 9.0976048 65 132 208
-0.3138587 -0.0150134 9.1077862 65 132 208
-0.3138914 -0.0188907 9.1067619 65 132 208
-0.3138254 -0.0184761 9.1050348 65 132 208
-0.3132735 -0.0150871 9.1062984 65 132 208
-0.3136612 -0.0235683 9.1040478 65 132 208
-0.3137431 -0.0213226 9.1033325 65 132 208
-0.3147334 -0.0216543 9.1006985 65 132 208
-0.3143769 -0.0183913 9.1022167 65 132 208
-0.3169063 -0.0181192 9.0993433 65 132 208
-0.3169646 -0.0143808 9.1010160 65 132 208
-0.3136685 -0.0149801 9.1032543 65 132 208
-0.3169563 -0.0206818 9.0992031 65 132 208
-0.3127522 -0.0127411 9.1065273 65 132 208
-0.3138356 -0.0117953 9.1075764 65 132 208
-0.3151594 -0.0242172 9.0998878 65 132 208
-0.3153226 -0.0243601 9.1059475 65 132 208
-0.3151876 -0.0193164 9.1078320 65 132 208
-0.3152995 -0.0146144 9.1087132 65 132 208
-0.3161634 -0.0112564 9.1080284 65 132 208
-0.3178008 -0.0199472 9.1074457 65 132 208
-0.3176550 -0.0149420 9.1084480 65 132 208
-0.3182193 -0.0119541 9.1076546 65 132 208
-0.3210138 -0.0204584 9.1062212 65 132 208
-0.3202426 -0.0154162 9.1072674 65 132 208
-0.3218095 -0.0256561 9.1044941 65 132 208
-0.3181346 -0.0252546 9.1057844 65 132 208
-0.3196447 -0.0129214 9.1071520 65 132 208
-0.3153887 -0.0103352 9.1049662 65 132 208
-0.3177148 -0.0100096 9.1057167 65 132 208
-0.3134667 -0.0119525 9.1039724 65 132 208
-0.3198886 -0.0179710 9.0988483 65 132 208
-0.3193765 -0.0136820 9.1004524 65 132 208
-0.3228314 -0.0185379 9.0986357 65 132 208
-0.3216707 -0.0138122 9.1007605 65 132 208
-0.3177657 -0.0110350 9.1023178 65 132 208
-0.3161017 -0.0120465 9.1019049 65 132 208
-0.3224154 -0.0291170 9.1038723 65 132 208
-0.3257490 -0.0289294 9.1014910 65 132 208
-0.3251303 -0.0253708 9.1024094 65 132 208
-0.3240747 -0.0203320 9.1041260 65 132 208
-0.3267827 -0.0245731 9.0999184 65 132 208
-0.3264293 -0.0234281 9.0978489 65 132 208
-0.3250745 -0.0186350 9.0997305 65 132 208
-0.3257841 -0.0194256 9.1017675 65 132 208
-0.3233551 -0.0138927 9.1020279 65 132 208
-0.3237797 -0.0145963 9.1036530 65 132 208
-0.3225409 -0.0152863 9.1055717 65 132 208
-0.3211673 -0.0113699 9.1042099 65 132 208
-0.3197797 -0.0107236 9.1032305 65 132 208
-0.3195097 -0.0108413 9.1061268 65 132 208
-0.3220045 -0.0122391 9.1048975 65 132 208
-0.3209462 -0.0121852 9.1062317 65 132 208
-0.3281750 -0.0615511 9.0875521 190 84 166
-0.3650430 -0.0745053 9.1522074 244 145 55
-0.3630075 -0.0720094 9.1507969 244 145 55
-0.3739339 -0.0589160 9.1477299 244 145 55
-0.3681043 -0.0630216 9.1486206 244 145 55
-0.3799471 -0.0583890 9.1488438 244 145 55
-0.3812314 -0.0668418 9.1537771 244 145 55
-0.3821529 -0.0621915 9.1518297 244 145 55
-0.3639575 -0.0679916 9.1496735 244 145 55
-0.3697592 -0.0748072 9.1534176 244 145 55
-0.3764134 -0.0718564 9.1541548 244 145 55
-0.3662822 -0.0679297 9.1616678 112 91 190
-0.3727330 -0.0645650 9.1620436 112 91 190
-0.3780420 -0.0592028 9.1611938 112 91 190
-0.3794368 -0.0552565 9.1580200 112 91 190
-0.3776751 -0.0524647 9.1542482 112 91 190
-0.3615890 -0.0685610 9.1597672 112 91 190
-0.3601755 -0.0659102 9.1571255 244 145 55
-0.3624291 -0.0612150 9.1546354 244 145 55
-0.3579215 -0.0626249 9.1667805 112 91 190
-0.3613336 -0.0598917 9.1712437 112 91 190
-0.3693567 -0.0446112 9.1781158 112 91 190
-0.3715792 -0.0469523 9.1738462 112 91 190
-0.3690925 -0.0494151 9.1756449 112 91 190
-0.3682654 -0.0477415 9.1793127 112 91 190
-0.3729873 -0.0517741 9.1694241 112 91 190
-0.3694533 -0.0517068 9.1732330 112 91 190
-0.3659524 -0.0546121 9.1741467 112 91 190
-0.3652647 -0.0531601 9.1771116 112 91 190
-0.3622136 -0.0564720 9.1747875 112 91 190
-0.3604936 -0.0555463 9.1774769 112 91 190
-0.3646426 -0.0513785 9.1807890 112 91 190
-0.3666301 -0.0467843 9.1824398 112 91 190
-0.3636477 -0.0493097 9.1838808 112 91 190
-0.3664231 -0.0440147 9.1823006 112 91 190
-0.3676697 -0.0573190 9.1702061 112 91 190
-0.3760822 -0.0492486 9.1646481 112 91 190
-0.3729601 -0.0444601 9.1712160 112 91 190
-0.3691446 -0.0420092 9.1767483 112 91 190
-0.3648562 -0.0419499 9.1808453 112 91 190
-0.3708429 -0.0420713 9.1677256 112 91 190
-0.3665985 -0.0407753 9.1742601 112 91 190
-0.3629627 -0.0418675 9.1781826 112 91 190
-0.3662090 -0.0430023 9.1654673 112 91 190
-0.3631148 -0.0422346 9.1725130 112 91 190
-0.3704164 -0.0473334 9.1569777 112 91 190
-0.3751023 -0.0467474 9.1600733 112 91 190
-0.3615647 -0.0425760 9.1760206 112 91 190
-0.3616871 -0.0463349 9.1848450 112 91 190
-0.3597746 -0.0445344 9.1827040 112 91 190
-0.3572739 -0.0567360 9.1760368 112 91 190
-0.3596981 -0.0537840 9.1808758 112 91 190
-0.3562132 -0.0537170 9.1800976 112 91 190
-0.3550217 -0.0571749 9.1732388 112 91 190
-0.3540933 -0.0526291 9.1782160 112 91 190
-0.3573342 -0.0504946 9.1834698 112 91 190
-0.3600560 -0.0518319 9.1836777 112 91 190
-0.3731453 -0.0530583 9.1524124 244 145 55
-0.3672767 -0.0565010 9.1532965 244 145 55
-0.3645249 -0.0522044 9.1580267 112 91 190
-0.3612248 -0.0471842 9.1655149 112 91 190
-0.3596173 -0.0570046 9.1598711 112 91 190
-0.3566315 -0.0613306 9.1630898 112 91 190
-0.3541085 -0.0553690 9.1702166 112 91 190
-0.3565976 -0.0518108 9.1675386 112 91 190
-0.3538416 -0.0506620 9.1758842 112 91 190
-0.3559894 -0.0481640 9.1736584 112 91 190
-0.3593858 -0.0450327 9.1725187 112 91 190
-0.3557153 -0.0471988 9.1789284 112 91 190
-0.3557253 -0.0485619 9.1816483 112 91 190
-0.3590264 -0.0441460 9.1796799 112 91 190
-0.3565659 -0.0463759 9.1767197 112 91 190
-0.3589616 -0.0443183 9.1766310 112 91 190
-0.3332307 -0.0605640 9.0899906 190 84 166
-0.3339337 -0.0610205 9.0957537 190 84 166
-0.3370909 -0.0619704 9.0911226 190 84 166
-0.3423561 -0.0632929 9.0852547 190 84 166
-0.3446589 -0.0653675 9.0763092 190 84 166
-0.3434199 -0.0655467 9.0905981 222 112 151
-0.3375782 -0.0643538 9.0962830 222 112 151
-0.3315752 -0.0622323 9.1016645 190 84 166
-0.3488002 -0.0689133 9.0908766 222 112 151
-0.4353974 -0.5950111 9.1273365 48 174 181
-0.4334055 -0.5945858 9.1303921 48 174 181
-0.4393077 -0.5900237 9.1284466 48 174 181
-0.4403028 -0.5912781 9.1261320 48 174 181
-0.4371707 -0.5884458 9.1350174 48 174 181
-0.4379171 -0.5888539 9.1313248 48 174 181
-0.4320965 -0.5944126 9.1348572 48 174 181
-0.4324178 -0.5938329 9.1402531 231 76 96
-0.4371818 -0.5913837 9.1477194 231 76 96
-0.4378462 -0.5901758 9.1493969 231 76 96
-0.4379845 -0.5892937 9.1485567 231 76 96
-0.4378727 -0.5892425 9.1463318 231 76 96
-0.4370518 -0.5886936 9.1427107 231 76 96
-0.4411032 -0.5947630 9.1232901 48 174 181
-0.4395621 -0.5950333 9.1239071 48 174 181
-0.4375461 -0.5952107 9.1254702 48 174 181
-0.4368177 -0.5884438 9.1389494 48 174 181
-0.4414211 -0.5926879 9.1245079 48 174 181
-0.4418228 -0.5938805 9.1235447 48 174 181
-0.4345382 -0.5931080 9.1447315 231 76 96
-0.4355851 -0.5901700 9.1346989 48 174 181
-0.4365226 -0.5908058 9.1311111 48 174 181
-0.4337910 -0.5924938 9.1346626 48 174 181
-0.4338626 -0.5921312 9.1392260 231 76 96
-0.4367151 -0.5900177 9.1447411 231 76 96
-0.4359836 -0.5900643 9.1423388 231 76 96
-0.4380134 -0.5917063 9.1283836 48 174 181
-0.4353827 -0.5901536 9.1387529 48 174 181
-0.4350230 -0.5929325 9.1307096 48 174 181
-0.4348215 -0.5915437 9.1431246 231 76 96
-0.4361812 -0.5909337 9.1453276 231 76 96
-0.4406751 -0.5942406 9.1240597 48 174 181
-0.4409552 -0.5938607 9.1241007 48 174 181
-0.5193944 -0.4036510 9.1672144 112 91 190
-0.5123847 -0.3871992 9.1698837 112 91 190
-0.4367293 -0.5934131 9.1280336 48 174 181
-0.4402831 -0.5933107 9.1248922 48 174 181
-0.4392281 -0.5925568 9.1262960 48 174 181
-0.4384129 -0.5939326 9.1260204 48 174 181
-0.4397419 -0.5941475 9.1247101 48 174 181
-0.5288355 -0.2635466 8.9998245 113 165 78
-0.5205572 -0.2690220 8.9886112 113 165 78
-0.5306174 -0.2865336 8.9450951 65 132 208
-0.5475531 -0.2931095 8.9351416 65 132 208
-0.4757047 -0.1320429 9.1779575 65 132 208
-0.6086814 -0.1728944 9.0725231 113 165 78
-0.6110328 -0.1906794 9.0683212 113 165 78
-0.6533502 -0.1944429 9.1229239 151 98 185
-0.6464545 -0.1896796 9.1065521 151 98 185
-0.5111305 -0.1529158 9.0830708 244 145 55
-0.5117521 -0.1693400 9.0820494 244 145 55
-0.4871153 -0.1464331 9.1379166 244 145 55
-0.4869326 -0.1652842 9.1352472 244 145 55
-0.4978075 -0.1335973 9.1003761 244 145 55
-0.6285896 -0.1464056 9.0943470 151 98 185
-0.6160305 -0.1431065 9.0832243 113 165 78
-0.6203229 -0.1612595 9.0831223 113 165 78
-0.6330913 -0.1650291 9.0939159 151 98 185
-0.6563154 -0.1973038 9.1393490 151 98 185
-0.6530540 -0.1771487 9.1410046 151 98 185
-0.5286947 -0.1887929 9.0664053 113 165 78
-0.5496433 -0.1906199 9.0568399 113 165 78
-0.5922336 -0.1999004 9.0582380 113 165 78
-0.6110790 -0.2066872 9.0641766 113 165 78
-0.6263626 -0.2151223 9.0728455 113 165 78
-0.6396422 -0.2233057 9.0844717 151 98 185
-0.4795465 -0.1871101 9.1493177 244 145 55
-0.4784427 -0.2091864 9.1635714 91 180 105
-0.5117440 -0.1876749 9.0810375 244 145 55
-0.4803463 -0.1918948 9.2059517 91 180 105
-0.6550837 -0.2522143 9.0908422 151 98 185
-0.6642281 -0.2580414 9.1106234 151 98 185
-0.5709355 -0.1946991 9.0553789 113 165 78
-0.4870038 -0.3479406 9.1675024 91 180 105
-0.4843031 -0.3485289 9.1528149 91 180 105
-0.4774143 -0.3337631 9.1568451 91 180 105
-0.4808688 -0.3331312 9.1720972 91 180 105
-0.4740307 -0.3334492 9.1425610 91 180 105
-0.4713584 -0.3325298 9.1287937 45 146 205
-0.4701447 -0.3306739 9.1157436 45 146 205
-0.4740632 -0.3217206 9.0845757 45 146 205
-0.4714594 -0.3251989 9.0936775 45 146 205
-0.4824998 -0.3109306 9.0689478 45 146 205
-0.4776558 -0.3173513 9.0765724 45 146 205
-0.4899015 -0.3016977 9.0626879 45 146 205
-0.5006383 -0.2919374 9.0576515 45 146 205
-0.5178944 -0.2927020 9.0477724 45 146 205
-0.5130730 -0.2822865 9.0537090 45 146 205
-0.4952621 -0.2814842 9.0627594 45 146 205
-0.4848302 -0.2925362 9.0678673 45 146 205
-0.4780518 -0.3014961 9.0741081 45 146 205
-0.4781339 -0.2731857 9.1935520 91 180 105
-0.4747142 -0.2971715 9.1944447 91 180 105
-0.5260748 -0.4195992 9.1653061 112 91 190
-0.5110509 -0.1114874 8.9428701 235 193 62
-0.4312206 -0.1408508 9.0486650 151 98 185
-0.6549196 -0.4468312 9.1239100 222 112 151
-0.6508930 -0.4502688 9.1058207 222 112 151
-0.6191315 -0.4582967 9.0507050 244 145 55
-0.5964416 -0.4645325 9.0386839 244 145 55
-0.6367926 -0.4516248 9.0663157 222 112 151
-0.6478572 -0.4453174 9.0852737 222 112 151
-0.5011241 -0.2056580 9.0976067 244 145 55
-0.6591600 -0.4159498 9.1024265 222 112 151
-0.6514302 -0.4341490 9.0826712 222 112 151
-0.6402171 -0.4412611 9.0628033 222 112 151
-0.6225725 -0.4483517 9.0428009 244 145 55
-0.5965164 -0.4556301 9.0260878 244 145 55
-0.5825838 -0.4515503 9.0140476 244 145 55
-0.5787373 -0.4277627 8.9963112 244 145 55
-0.5704547 -0.4216428 8.9884310 244 145 55
-0.5634487 -0.4138550 8.9801016 244 145 55
-0.5478023 -0.4224097 8.9799118 244 145 55
-0.5548659 -0.4319956 8.9883852 244 145 55
-0.5527401 -0.3239684 8.9419546 65 132 208
-0.5589768 -0.3089036 8.9382057 65 132 208
-0.5684834 -0.2989547 8.9362612 65 132 208
-0.5781211 -0.2922798 8.9380922 65 132 208
-0.5870033 -0.2895606 8.9445934 65 132 208
-0.5940705 -0.2906683 8.9545097 65 132 208
-0.5972559 -0.2968244 8.9647818 65 132 208
-0.5945943 -0.3197687 8.9891119 222 112 151
-0.5914863 -0.3272141 8.9935303 222 112 151
-0.5955201 -0.3123214 9.0100517 244 145 55
-0.5989640 -0.3057346 9.0145426 113 165 78
-0.6099997 -0.2860650 9.0277328 113 165 78
-0.6159376 -0.2742372 9.0354929 113 165 78
-0.6236080 -0.2599989 9.0422554 113 165 78
-0.6258366 -0.0538769 9.0725288 235 193 62
-0.6101822 -0.0556263 9.0599174 235 193 62
-0.6095447 -0.0721036 9.0665493 235 193 62
-0.6242815 -0.0715795 9.0792351 235 193 62
-0.6421971 -0.1059169 9.1196375 235 193 62
-0.6501204 -0.1050943 9.1367826 235 193 62
-0.5480357 -0.0724775 9.0530148 48 174 181
-0.5262878 -0.0695356 9.0587978 48 174 181
-0.5910335 -0.0728270 9.0571604 48 174 181
-0.5703711 -0.0731210 9.0527678 48 174 181
-0.5071524 -0.0648578 9.0689116 48 174 181
-0.4668090 -0.0406190 9.1437130 48 174 181
-0.4657207 -0.0365870 9.1655407 65 132 208
-0.4688358 -0.0305440 9.2054157 65 132 208
-0.4734387 -0.0291569 9.2237492 65 132 208
-0.4910313 -0.0584311 9.0829582 48 174 181
-0.4665836 -0.0330774 9.1860332 65 132 208
-0.4785253 -0.0512694 9.0998249 48 174 181
-0.4710672 -0.0452010 9.1206598 48 174 181
-0.6329949 -0.1063454 9.1041727 235 193 62
-0.6336603 -0.0863178 9.0991869 235 193 62
-0.6231038 -0.0875129 9.0851107 235 193 62
-0.6734072 -0.3243955 9.1016636 222 112 151
-0.6699585 -0.3249331 9.0856676 222 112 151
-0.6664290 -0.3274942 9.0682898 222 112 151
-0.6596098 -0.3500223 9.0520868 222 112 151
-0.6584106 -0.3319987 9.0514193 222 112 151
-0.6463856 -0.3371967 9.0372581 222 112 151
-0.6472590 -0.3539848 9.0360785 222 112 151
-0.6242399 -0.3609912 9.0115175 244 145 55
-0.6235974 -0.3472489 9.0127926 244 145 55
-0.6153922 -0.3502304 9.0054340 244 145 55
-0.6155346 -0.3629568 9.0036621 244 145 55
-0.6080278 -0.3526916 8.9992447 244 145 55
-0.6002414 -0.3537919 8.9930067 244 145 55
-0.5917686 -0.3533963 8.9898090 244 145 55
-0.5900948 -0.3480235 8.9824619 222 112 151
-0.5859111 -0.3645327 8.9734964 222 112 151
-0.5898874 -0.3707018 8.9812212 244 145 55
-0.6215668 -0.3757109 9.0103178 244 145 55
-0.6336462 -0.3732122 9.0203600 244 145 55
-0.6696993 -0.3563977 9.1045218 222 112 151
-0.6733538 -0.3542308 9.1218538 222 112 151
-0.5270091 -0.2775038 9.0469599 113 165 78
-0.5410987 -0.2735387 9.0387964 113 165 78
-0.5549699 -0.2724325 9.0320053 113 165 78
-0.5684141 -0.2744616 9.0276613 113 165 78
-0.5815125 -0.2787451 9.0244389 113 165 78
-0.5943666 -0.2851883 9.0230598 113 165 78
-0.6022986 -0.3001816 9.0187902 113 165 78
-0.6057215 -0.2937984 9.0230522 113 165 78
-0.6102712 -0.3098906 9.0174532 113 165 78
-0.6155494 -0.3039971 9.0231800 113 165 78
-0.6240860 -0.3150972 9.0232096 222 112 151
-0.6305828 -0.3276941 9.0235043 222 112 151
-0.6347387 -0.3427303 9.0232267 222 112 151
-0.6356022 -0.3577463 9.0221558 222 112 151
-0.6450827 -0.3711600 9.0348234 222 112 151
-0.6561599 -0.3670784 9.0500460 222 112 151
-0.6613838 -0.3808689 9.0661011 222 112 151
-0.6558284 -0.3968463 9.0634317 222 112 151
-0.6652114 -0.3634554 9.0677519 222 112 151
-0.6679822 -0.3453863 9.0684605 222 112 151
-0.6095198 -0.4798324 9.0756626 244 145 55
-0.6252038 -0.4771311 9.0915232 244 145 55
-0.5925261 -0.3111653 8.9610758 65 132 208
-0.5943947 -0.3102605 8.9651041 65 132 208
-0.5956452 -0.3047577 8.9647312 65 132 208
-0.5928032 -0.3022880 8.9577303 65 132 208
-0.5879800 -0.3036540 8.9512320 65 132 208
-0.5833575 -0.3190005 8.9522905 65 132 208
-0.5885064 -0.3130389 8.9557343 65 132 208
-0.5810391 -0.3073264 8.9459801 65 132 208
-0.5733569 -0.3138049 8.9437866 65 132 208
-0.5771369 -0.3252023 8.9490900 65 132 208
-0.5662091 -0.3218597 8.9434509 65 132 208
-0.5710872 -0.3316407 8.9476690 65 132 208
-0.5613586 -0.3313206 8.9440889 65 132 208
-0.5666108 -0.3361465 8.9466848 65 132 208
-0.5711242 -0.3694164 8.9602575 244 145 55
-0.5689637 -0.3584469 8.9546490 65 132 208
-0.5673568 -0.3465332 8.9502573 65 132 208
-0.5905353 -0.3400364 8.9748106 222 112 151
-0.5903670 -0.3318158 8.9677210 222 112 151
-0.5897145 -0.3229601 8.9615622 65 132 208
-0.5851915 -0.3298569 8.9583931 65 132 208
-0.5866549 -0.3382664 8.9635077 65 132 208
-0.5874242 -0.3474954 8.9701452 222 112 151
-0.6730768 -0.3404377 9.1035862 222 112 151
-0.6709798 -0.3428888 9.0868912 222 112 151
-0.6070862 -0.3639954 8.9967175 244 145 55
-0.5994226 -0.3640616 8.9912271 244 145 55
-0.5916881 -0.3616390 8.9861841 244 145 55
-0.5884390 -0.3557193 8.9778814 222 112 151
-0.5964711 -0.3741274 8.9873915 244 145 55
-0.6046775 -0.3756790 8.9937105 244 145 55
-0.6128858 -0.3761768 9.0017614 244 145 55
-0.6686696 -0.3597974 9.0861120 222 112 151
-0.6766625 -0.3392570 9.1206760 222 112 151
-0.4997166 -0.3862393 9.0234337 45 146 205
-0.4991181 -0.4047185 9.0080853 244 145 55
-0.5086938 -0.4192031 8.9932442 244 145 55
-0.5275928 -0.4251075 8.9829102 244 145 55
-0.5879502 -0.1429010 8.9472723 235 193 62
-0.6511778 -0.1555637 9.1407757 151 98 185
-0.6507484 -0.1317725 9.1390133 151 98 185
-0.6456659 -0.1295018 9.1222448 151 98 185
-0.6705849 -0.2609666 9.1275282 151 98 185
-0.6797900 -0.3246058 9.1186571 222 112 151
-0.4582630 -0.3029397 9.1129646 45 146 205
-0.4580456 -0.3051764 9.1239614 91 180 105
-0.4636111 -0.3178839 9.1201048 45 146 205
-0.4637525 -0.3158488 9.1086197 45 146 205
-0.4637572 -0.2982970 9.0945511 45 146 205
-0.4605173 -0.3006681 9.1031618 45 146 205
-0.4654146 -0.3133637 9.0985537 45 146 205
-0.4686337 -0.3103005 9.0896740 45 146 205
-0.4680260 -0.2951152 9.0864410 45 146 205
-0.4724246 -0.3069568 9.0815210 45 146 205
-0.4578352 -0.2867516 9.1077595 45 146 205
-0.4552535 -0.2889813 9.1171913 91 180 105
-0.4549111 -0.2916629 9.1275702 91 180 105
-0.4653150 -0.2827178 9.0914831 45 146 205
-0.4612419 -0.2853349 9.0992451 45 146 205
-0.4923214 -0.4923013 9.1609898 91 180 105
-0.4787261 -0.4898090 9.1602001 91 180 105
-0.4477032 -0.5199724 9.1648521 91 180 105
-0.4472983 -0.5245226 9.1651516 91 180 105
-0.5390949 -0.4423543 9.1636724 112 91 190
-0.5402944 -0.4530151 9.1643839 112 91 190
-0.4769233 -0.3149754 9.1909571 91 180 105
-0.4892964 -0.3456624 9.1823931 91 180 105
-0.4985633 -0.3567840 9.1764584 91 180 105
-0.5056826 -0.3711528 9.1728449 112 91 190
-0.5333257 -0.4320739 9.1636562 112 91 190
-0.4826026 -0.3310058 9.1872063 91 180 105
-0.5664439 0.1227950 9.0240126 190 84 166
-0.5904595 0.1392502 9.0313187 190 84 166
-0.5871977 0.1100866 9.0267706 190 84 166
-0.6040947 0.1223179 9.0328856 190 84 166
-0.5643951 0.0402152 9.0307035 48 174 181
-0.5692878 0.0671219 9.0280676 190 84 166
-0.5637411 0.0111633 9.0315332 48 174 181
-0.6229156 0.1292748 9.0446186 190 84 166
-0.6404830 0.1312195 9.0636845 190 84 166
-0.6492420 0.1098945 9.0607080 190 84 166
-0.5893747 0.0125670 9.0343361 48 174 181
-0.5907266 0.0391006 9.0321627 190 84 166
-0.5998307 0.1017360 9.0298147 190 84 166
-0.5763491 0.0913161 9.0254288 190 84 166
-0.5969250 0.0873832 9.0294075 190 84 166
-0.6304533 0.1091873 9.0448151 190 84 166
-0.6129416 0.1060088 9.0343876 190 84 166
-0.6499053 -0.0497733 9.1018877 235 193 62
-0.6660521 -0.0310292 9.1174536 235 193 62
-0.6526992 -0.0292933 9.0956316 235 193 62
-0.5904195 -0.0576295 9.0496483 48 174 181
-0.6102133 -0.0349489 9.0530214 235 193 62
-0.6155581 0.0879713 9.0348482 190 84 166
-0.6354463 0.0881227 9.0445061 190 84 166
-0.6544499 0.0868240 9.0604753 190 84 166
-0.6495920 0.0132191 9.0654039 235 193 62
-0.6542534 0.0354051 9.0626144 190 84 166
-0.6356108 0.0387385 9.0475578 190 84 166
-0.6320751 0.0141050 9.0505924 190 84 166
-0.6117600 -0.0121674 9.0452061 48 174 181
-0.6126868 0.0138584 9.0407867 190 84 166
-0.6445762 -0.0094001 9.0708961 235 193 62
-0.6292650 -0.0105136 9.0561981 235 193 62
-0.6270638 -0.0332530 9.0646400 235 193 62
-0.6146078 0.0406284 9.0376482 190 84 166
-0.6733565 0.0578011 9.0826063 190 84 166
-0.6563745 0.0611605 9.0609217 190 84 166
-0.6828807 0.0542405 9.1096392 235 193 62
-0.6404951 -0.0307802 9.0785027 235 193 62
-0.6383234 -0.0517278 9.0866480 235 193 62
-0.6366078 -0.0705418 9.0931072 235 193 62
-0.6356367 -0.1280850 9.1068287 151 98 185
-0.4663603 0.3316954 9.1109276 113 165 78
-0.5600803 0.1610198 9.1983624 113 165 78
-0.5766410 0.1621053 9.1910162 235 193 62
-0.4628996 0.0858068 9.0590143 48 174 181
-0.5207434 0.1051929 9.0246973 190 84 166
-0.5503719 0.0976287 9.0242443 190 84 166
-0.5055897 0.1474611 9.1960220 113 165 78
-0.5278363 0.1551818 9.2019796 113 165 78
-0.4458162 0.0933916 9.0834322 48 174 181
-0.4473878 0.1211241 9.1395473 48 174 181
-0.5448869 0.1591328 9.2022390 113 165 78
-0.5935440 0.0651172 9.0300703 190 84 166
-0.6154189 0.0658689 9.0354099 190 84 166
-0.6366246 0.0644414 9.0453644 190 84 166
-0.6715930 0.0827639 9.0821590 190 84 166
-0.6806824 0.0765413 9.1105585 190 84 166
-0.4931836 0.1021448 9.2141275 151 98 185
-0.4915859 0.0905918 9.2188320 151 98 185
-0.4968505 0.0929049 9.2255831 151 98 185
-0.5021853 0.1080840 9.2227745 151 98 185
-0.4657461 -0.0193654 9.1444244 48 174 181
-0.4650003 -0.0146965 9.1668425 65 132 208
-0.4693502 -0.0088669 9.2077017 151 98 185
-0.4746605 -0.0083071 9.2251968 151 98 185
-0.4865566 -0.0406027 9.0798779 48 174 181
-0.4658453 -0.0113138 9.1883211 65 132 208
-0.4754288 -0.0326050 9.0985880 48 174 181
-0.4682821 -0.0251797 9.1206932 48 174 181
-0.5414628 0.7663521 9.1241589 45 146 205
-0.5324500 0.7929950 9.1274805 65 132 208
-0.5456972 0.7915153 9.1216440 65 132 208
-0.5552150 0.7650638 9.1209307 65 132 208
-0.5755244 0.7627453 9.0987291 65 132 208
-0.5720868 0.7638422 9.1107397 65 132 208
-0.5724022 0.7633863 9.0857401 65 132 208
-0.5681127 0.7901895 9.0925121 65 132 208
-0.5580024 0.7917943 9.0845184 65 132 208
-0.5633423 0.7652512 9.0761023 65 132 208
-0.5519001 0.7661843 9.0713882 45 146 205
-0.5348578 0.7943618 9.0772963 65 132 208
-0.5183617 0.7944363 9.0807447 45 146 205
-0.5213442 0.7673522 9.0730171 45 146 205
-0.5391185 0.7669630 9.0700121 45 146 205
-0.5044902 0.7704718 9.0837040 45 146 205
-0.5016996 0.7967488 9.0906277 45 146 205
-0.4998225 0.7720957 9.1015091 45 146 205
-0.5248020 0.7687782 9.1255445 45 146 205
-0.5158168 0.7947763 9.1304483 65 132 208
-0.5705541 0.7893235 9.1045408 65 132 208
-0.5638596 0.7905774 9.1143398 65 132 208
-0.5644590 0.7648879 9.1184187 65 132 208
-0.5546233 0.7909673 9.1177311 65 132 208
-0.5374703 0.8174992 9.1276665 65 132 208
-0.5245553 0.8178553 9.1366034 65 132 208
-0.5678793 0.8143037 9.1098108 65 132 208
-0.5561232 0.8157430 9.1162109 65 132 208
-0.5529203 0.8167092 9.0933981 65 132 208
-0.5668695 0.8147221 9.0975399 65 132 208
-0.5312510 0.8210121 9.0803003 65 132 208
-0.5469336 0.7929768 9.0803614 65 132 208
-0.5424469 0.8189651 9.0860491 65 132 208
-0.5147102 0.8205587 9.0835171 65 132 208
-0.4958913 0.8216167 9.0947800 65 132 208
-0.5067576 0.8191771 9.1376228 65 132 208
-0.5462403 0.8165880 9.1208200 65 132 208
-0.3547240 0.9276155 9.1117315 113 165 78
-0.3543521 0.9278731 9.1187706 113 165 78
-0.3549064 0.9228162 9.1169701 113 165 78
-0.3553752 0.9231238 9.1123495 113 165 78
-0.3510010 0.9239728 9.1480761 48 174 181
-0.3542316 0.9263496 9.1597519 48 174 181
-0.3503321 0.9143412 9.1582069 48 174 181
-0.3480446 0.9134409 9.1497793 48 174 181
-0.3487777 0.9273475 9.1323128 48 174 181
-0.3485733 0.9281643 9.1251221 113 165 78
-0.3521808 0.9313516 9.1266642 113 165 78
-0.3521517 0.9305903 9.1313763 113 165 78
-0.3803863 0.9243877 9.0891924 113 165 78
-0.3828620 0.9250106 9.0830774 91 180 105
-0.3842341 0.9282834 9.0850229 91 180 105
-0.3831029 0.9287487 9.0892353 113 165 78
-0.3645988 0.9277249 9.1039686 113 165 78
-0.3668284 0.9286235 9.0980749 113 165 78
-0.3688628 0.9315234 9.0996237 113 165 78
-0.3678747 0.9319296 9.1034117 113 165 78
-0.3680218 0.9081189 9.1440315 48 174 181
-0.3551098 0.9099956 9.1461182 48 174 181
-0.3585465 0.9108018 9.1586409 48 174 181
-0.3707616 0.9050187 9.1576929 48 174 181
-0.3635379 0.9195232 9.1643324 48 174 181
-0.3656487 0.9256402 9.1566763 48 174 181
-0.3781590 0.9241818 9.1567183 48 174 181
-0.3768544 0.9157109 9.1638594 48 174 181
-0.3628987 0.9273738 9.1450481 48 174 181
-0.3747704 0.9261830 9.1438465 48 174 181
-0.3704765 0.9195256 9.1366806 48 174 181
-0.3562833 0.9201340 9.1372833 48 174 181
-0.3665461 0.9212636 9.1198874 113 165 78
-0.3554132 0.9254568 9.1190252 113 165 78
-0.3540511 0.9184292 9.1240997 113 165 78
-0.3651124 0.9133626 9.1244755 113 165 78
-0.3536184 0.9180072 9.1321011 48 174 181
-0.3649893 0.9126363 9.1350574 48 174 181
-0.3681589 0.9221496 9.1382074 48 174 181
-0.3547422 0.9242261 9.1382294 48 174 181
-0.3585106 0.9292639 9.1334496 113 165 78
-0.3709441 0.9274253 9.1338053 113 165 78
-0.3700176 0.9280608 9.1253824 113 165 78
-0.3584750 0.9307391 9.1248426 113 165 78
-0.3696464 0.9148349 9.1081944 113 165 78
-0.3602922 0.9207793 9.1103382 113 165 78
-0.3602318 0.9204304 9.1180391 113 165 78
-0.3689828 0.9149626 9.1184912 113 165 78
-0.3609465 0.9275165 9.1227560 113 165 78
-0.3624964 0.9310058 9.1174049 113 165 78
-0.3720009 0.9288912 9.1180286 113 165 78
-0.3701203 0.9244688 9.1225548 113 165 78
-0.3719923 0.9287416 9.1089687 113 165 78
-0.3627223 0.9318411 9.1103878 113 165 78
-0.3690751 0.9218777 9.1044226 113 165 78
-0.3607607 0.9265689 9.1059103 113 165 78
-0.3807624 0.9222478 9.0896406 113 165 78
-0.3727916 0.9273819 9.0926037 113 165 78
-0.3714683 0.9219527 9.0953264 113 165 78
-0.3799071 0.9150205 9.0918169 113 165 78
-0.3701678 0.9205693 9.1013489 113 165 78
-0.3771417 0.9155658 9.1000566 113 165 78
-0.3700227 0.9246150 9.1062622 113 165 78
-0.3728075 0.9313014 9.1041412 113 165 78
-0.3799666 0.9287991 9.1022549 113 165 78
-0.3758211 0.9216124 9.1043100 113 165 78
-0.3739803 0.9319654 9.0974159 113 165 78
-0.3823970 0.9289652 9.0941944 113 165 78
-0.3944427 0.9143329 9.0774946 91 180 105
-0.3970711 0.9209356 9.0758343 91 180 105
-0.3883329 0.9235745 9.0788288 91 180 105
-0.3872021 0.9183002 9.0808058 91 180 105
-0.3853001 0.9173819 9.0859823 91 180 105
-0.3904441 0.9137259 9.0841980 91 180 105
-0.3854201 0.9217781 9.0904770 91 180 105
-0.3881528 0.9283941 9.0898867 91 180 105
-0.3933955 0.9270712 9.0882063 91 180 105
-0.3894891 0.9196585 9.0878820 91 180 105
-0.3892429 0.9285767 9.0831785 91 180 105
-0.3964806 0.9263919 9.0811739 91 180 105
-0.3831312 0.9005405 9.1556759 45 146 205
-0.3799843 0.9069320 9.1386976 45 146 205
-0.3574789 0.9265800 9.1557178 48 174 181
-0.3896154 0.9130537 9.1617908 112 91 190
-0.3561649 0.9275832 9.1493549 48 174 181
-0.3845450 0.9250659 9.1390715 45 146 205
-0.3905656 0.9222929 9.1542130 112 91 190
-0.3762205 0.9192243 9.1375589 48 174 181
-0.3489400 0.9224897 9.1257305 113 165 78
-0.3752590 0.9214671 9.1217041 113 165 78
-0.3835256 0.9265994 9.1212025 113 165 78
-0.3487495 0.9220737 9.1301594 113 165 78
-0.3796502 0.9093093 9.1217203 45 146 205
-0.3855422 0.9110886 9.1047430 45 146 205
-0.3567895 0.9316302 9.1171160 113 165 78
-0.3570411 0.9320379 9.1134090 113 165 78
-0.3872436 0.9275790 9.1041431 113 165 78
-0.3775393 0.9200107 9.1027079 113 165 78
-0.3671307 0.9248520 9.0979395 113 165 78
-0.3892666 0.9191793 9.0866575 91 180 105
-0.3960061 0.9270822 9.0895796 91 180 105
-0.3659301 0.9237465 9.1017008 113 165 78
-0.3939199 0.9096444 9.0879354 91 180 105
-0.3836859 0.9214016 9.0836229 91 180 105
-0.4073233 0.9181882 9.0732594 91 180 105
-0.4058689 0.9257175 9.0787392 91 180 105
-0.3822072 0.9205895 9.0865917 113 165 78
-0.4033732 0.9100508 9.0754566 91 180 105
-0.5105940 0.7713386 9.1233530 45 146 205
-0.5023409 0.7965350 9.1271362 45 146 205
-0.5019500 0.7731113 9.1149273 45 146 205
-0.4952564 0.7982441 9.1068535 45 146 205
-0.4953494 0.7987309 9.1180115 45 146 205
-0.4914522 0.8204433 9.1311369 65 132 208
-0.4878912 0.8233243 9.1096153 45 146 205
-0.4855516 0.8222858 9.1202698 45 146 205
-0.5339445 0.8402300 9.0802994 65 132 208
-0.5151855 0.8414248 9.0809393 65 132 208
-0.5445542 0.8377935 9.0890970 65 132 208
-0.5695943 0.8333412 9.1006479 65 132 208
-0.5566898 0.8354771 9.0945835 65 132 208
-0.4798920 0.8400648 9.1346188 65 132 208
-0.4989136 0.8411832 9.1396351 65 132 208
-0.4715151 0.8408526 9.1219177 151 98 185
-0.4751995 0.8418298 9.1076555 151 98 185
-0.3981765 0.8937026 9.1575251 45 146 205
-0.4183845 0.8906292 9.1548328 112 91 190
-0.4128647 0.8817124 9.1407747 45 146 205
-0.3956530 0.8937204 9.1399670 45 146 205
-0.4148709 0.8834134 9.1220741 45 146 205
-0.3977655 0.8979910 9.1223230 45 146 205
-0.4202845 0.8872126 9.1050358 45 146 205
-0.4028177 0.8994877 9.1048384 45 146 205
-0.4267946 0.8912306 9.0898762 151 98 185
-0.4098884 0.9013224 9.0886736 91 180 105
-0.4340795 0.8985016 9.0771141 151 98 185
-0.4164430 0.9046689 9.0752163 91 180 105
-0.4387111 0.9091905 9.0696964 151 98 185
-0.4205474 0.9145146 9.0692854 151 98 185
-0.4048529 0.9099464 9.1633444 112 91 190
-0.4235920 0.9058951 9.1593437 151 98 185
-0.4069772 0.9214595 9.1533279 112 91 190
-0.4264550 0.9197915 9.1504459 112 91 190
-0.4062516 0.9231924 9.1369371 112 91 190
-0.4266233 0.9214045 9.1344433 112 91 190
-0.4384344 0.9217061 9.0752058 151 98 185
-0.4199663 0.9256402 9.0762768 91 180 105
-0.4082551 0.9245971 9.1191006 45 146 205
-0.4283916 0.9214470 9.1170959 112 91 190
-0.4120488 0.9265482 9.1026516 91 180 105
-0.4319312 0.9231837 9.1010056 91 180 105
-0.4164786 0.9274433 9.0884647 91 180 105
-0.4357175 0.9242511 9.0870743 151 98 185
-0.4350000 0.8712649 9.1414299 151 98 185
-0.4333544 0.8679904 9.1223745 151 98 185
-0.4398389 0.8723456 9.1057701 151 98 185
-0.4481093 0.8796788 9.0918865 151 98 185
-0.4562326 0.8911566 9.0803823 151 98 185
-0.4604098 0.9021611 9.0715418 151 98 185
-0.4735470 0.8648702 9.0896950 151 98 185
-0.4812481 0.8854570 9.0823412 151 98 185
-0.4840195 0.8981804 9.0754480 151 98 185
-0.5062314 0.8807920 9.0813866 151 98 185
-0.5075325 0.8943860 9.0781822 151 98 185
-0.5471689 0.8762295 9.0823545 65 132 208
-0.5503914 0.8914521 9.0780830 65 132 208
-0.5306247 0.8913168 9.0780096 65 132 208
-0.5290841 0.8775097 9.0815506 65 132 208
-0.5005950 0.8626770 9.0875778 151 98 185
-0.5238202 0.8594463 9.0846519 65 132 208
-0.5405021 0.8572323 9.0850964 65 132 208
-0.5743174 0.8887362 9.0899220 65 132 208
-0.5642037 0.8907102 9.0815487 65 132 208
-0.5603850 0.8748675 9.0847015 65 132 208
-0.5722049 0.8725606 9.0900135 65 132 208
-0.5822269 0.8716728 9.1037178 65 132 208
-0.5809180 0.8886041 9.1049442 65 132 208
-0.5744367 0.8735647 9.1205025 65 132 208
-0.5756764 0.8897868 9.1216269 65 132 208
-0.5641980 0.8533850 9.0923672 65 132 208
-0.5525817 0.8557869 9.0889654 65 132 208
-0.5745121 0.8519933 9.1024237 65 132 208
-0.5685906 0.8532588 9.1166286 65 132 208
-0.5529903 0.8556916 9.1215849 65 132 208
-0.5570334 0.8758374 9.1267710 65 132 208
-0.5599385 0.8913055 9.1306877 65 132 208
-0.4417253 0.8865147 9.1507406 151 98 185
-0.4460445 0.8991897 9.1513195 151 98 185
-0.4581877 0.8561504 9.1054344 151 98 185
-0.4530688 0.8534084 9.1231766 151 98 185
-0.4638917 0.8588834 9.1407652 151 98 185
-0.4678696 0.8804911 9.1480932 151 98 185
-0.4714347 0.8952585 9.1436853 151 98 185
-0.4948594 0.8932425 9.1385469 151 98 185
-0.4931034 0.8800438 9.1445847 151 98 185
-0.4490481 0.9104964 9.1434669 151 98 185
-0.4731335 0.9028766 9.1351681 151 98 185
-0.4962084 0.8998849 9.1308908 151 98 185
-0.5153650 0.8920411 9.1365948 65 132 208
-0.5140020 0.8791650 9.1406288 65 132 208
-0.5315431 0.8912196 9.1346712 65 132 208
-0.5297861 0.8773348 9.1353540 65 132 208
-0.5425380 0.8762311 9.1312141 65 132 208
-0.5451050 0.8910184 9.1335859 65 132 208
-0.5293685 0.8585085 9.1331644 65 132 208
-0.5406182 0.8570173 9.1276064 65 132 208
-0.5137681 0.8604482 9.1394863 65 132 208
-0.4925011 0.8604131 9.1435728 65 132 208
-0.4607689 0.9149740 9.0757475 151 98 185
-0.4841987 0.9088497 9.0778379 151 98 185
-0.5078008 0.9039432 9.0803556 151 98 185
-0.5309780 0.9023792 9.0805521 151 98 185
-0.5496123 0.9024786 9.0836639 65 132 208
-0.5612670 0.9016065 9.0878477 65 132 208
-0.5746572 0.8984278 9.1070356 65 132 208
-0.5704764 0.8998036 9.0947304 65 132 208
-0.5710485 0.8991020 9.1188831 65 132 208
-0.5585288 0.9011509 9.1260633 65 132 208
-0.5458423 0.9022613 9.1286163 65 132 208
-0.5169600 0.9002419 9.1299992 151 98 185
-0.5328587 0.9020463 9.1297131 65 132 208
-0.5183717 0.8405796 9.1397133 65 132 208
-0.5337155 0.8389265 9.1330519 65 132 208
-0.5432256 0.8373176 9.1258707 65 132 208
-0.5662794 0.8337217 9.1137609 65 132 208
-0.5527745 0.8360667 9.1192703 65 132 208
-0.4502713 0.9154138 9.1302509 151 98 185
-0.4520631 0.9159641 9.1139679 151 98 185
-0.4552568 0.9175732 9.0987148 151 98 185
-0.4585012 0.9181597 9.0859804 151 98 185
-0.4825496 0.9128444 9.0859594 151 98 185
-0.4803253 0.9124551 9.0970316 151 98 185
-0.4778249 0.9113439 9.1109953 151 98 185
-0.4750358 0.9079880 9.1248360 151 98 185
-0.5061589 0.9086660 9.0881586 151 98 185
-0.5039085 0.9093049 9.0981035 151 98 185
-0.5022073 0.9085651 9.1103477 151 98 185
-0.4986143 0.9054952 9.1219358 151 98 185
-0.5196934 0.9061935 9.1220798 151 98 185
-0.5237958 0.9078292 9.1117916 151 98 185
-0.5254745 0.9078742 9.1006908 151 98 185
-0.5285030 0.9065862 9.0905991 151 98 185
-0.5455954 0.9053097 9.0933590 65 132 208
-0.5418091 0.9061298 9.1029654 65 132 208
-0.5394882 0.9065176 9.1132278 65 132 208
-0.5358080 0.9059548 9.1216393 65 132 208
-0.5557224 0.9042754 9.0964050 65 132 208
-0.5675309 0.9024376 9.1077166 65 132 208
-0.5629382 0.9031726 9.1008596 65 132 208
-0.5658361 0.9031805 9.1153593 65 132 208
-0.5568067 0.9043624 9.1194162 65 132 208
-0.5468487 0.9054060 9.1210356 65 132 208
-0.5488461 0.9054448 9.1134796 65 132 208
-0.5561910 0.9043968 9.1132278 65 132 208
-0.5512251 0.9048952 9.1043777 65 132 208
-0.5579853 0.9037724 9.1061764 65 132 208
-0.5617090 0.9035040 9.1122818 65 132 208
-0.5624902 0.9031858 9.1086779 65 132 208
-0.4915639 0.8445749 9.0950499 65 132 208
-0.5064705 0.4978728 9.1081085 231 76 96
-0.5168430 0.4945111 9.1187439 231 76 96
-0.5001853 0.4965359 9.0938721 235 193 62
-0.4434720 0.0971761 9.1124020 48 174 181
-0.4816252 -0.1305386 9.1591597 244 145 55
-0.4805351 -0.1664861 9.1530361 244 145 55
-0.4820046 -0.1476758 9.1570311 244 145 55
-0.4420086 0.1204581 9.1097107 48 174 181
-0.5003871 -0.1862195 9.0981264 244 145 55
-0.4703542 -0.3282316 9.1039314 45 146 205
-0.5132375 -0.6175571 9.0928440 48 174 181
-0.5153322 -0.6146237 9.0953493 48 174 181
-0.5182894 -0.6137609 9.0973816 48 174 181
-0.5217322 -0.6121036 9.0974913 48 174 181
-0.5249664 -0.6109704 9.0975161 48 174 181
-0.5279907 -0.6126161 9.0997372 48 174 181
-0.5199802 -0.6157586 9.0952759 48 174 181
-0.5213728 -0.6187677 9.0976906 48 174 181
-0.5193350 -0.6199731 9.0974712 48 174 181
-0.5177090 -0.6168946 9.0947676 48 174 181
3 1 2 0
3 0 2 3
3 2 1 4
3 4 1 5
3 2 6 3
3 3 6 7
3 9 10 8
3 8 10 11
3 13 14 12
3 12 14 15
3 17 18 16
3 16 18 19
3 21 22 20
3 20 22 23
3 25 17 24
3 24 17 16
3 26 27 16
3 16 27 24
3 29 30 28
3 28 30 31
3 33 34 32
3 32 34 35
3 20 23 36
3 36 23 37
3 39 30 38
3 38 30 37
3 33 32 27
3 27 32 24
3 40 41 43
3 43 41 42
3 35 44 32
3 32 44 24
3 45 46 48
3 48 46 47
3 50 51 49
3 49 51 52
3 54 52 53
3 53 52 51
3 56 57 55
3 55 57 58
3 60 61 59
3 59 61 62
3 64 65 63
3 63 65 66
3 68 69 67
3 67 69 70
3 64 72 71
3 71 72 73
3 63 74 64
3 64 74 72
3 76 77 75
3 75 77 78
3 79 80 82
3 82 80 81
3 80 84 83
3 83 84 85
3 87 88 86
3 86 88 68
3 87 86 89
3 89 86 90
3 92 93 91
3 91 93 94
3 95 83 42
3 42 83 43
3 50 97 96
3 96 97 85
3 96 98 50
3 50 98 51
3 53 51 99
3 99 51 98
3 57 100 58
3 58 100 101
3 61 102 62
3 62 102 103
3 104 105 5
3 5 105 4
3 107 108 106
3 106 108 109
3 111 112 110
3 110 112 113
3 115 116 114
3 114 116 117
3 119 120 118
3 118 120 121
3 123 124 122
3 122 124 125
3 127 128 126
3 126 128 129
3 129 130 126
3 126 130 131
3 133 0 132
3 132 0 134
3 0 3 134
3 134 3 135
3 3 7 135
3 135 7 136
3 137 138 14
3 14 138 139
3 139 138 140
3 140 138 141
3 143 56 142
3 142 56 55
3 144 145 140
3 140 145 146
3 145 148 147
3 147 148 149
3 151 152 150
3 150 152 153
3 140 146 139
3 139 146 154
3 156 10 155
3 155 10 157
3 159 160 158
3 158 160 161
3 163 164 162
3 162 164 165
3 164 159 165
3 165 159 158
3 167 168 166
3 166 168 169
3 168 170 169
3 169 170 171
3 148 172 149
3 149 172 173
3 174 175 148
3 148 175 172
3 177 171 176
3 176 171 170
3 179 180 178
3 178 180 181
3 183 179 182
3 182 179 178
3 185 186 184
3 184 186 187
3 189 190 188
3 188 190 191
3 6 192 7
3 7 192 193
3 195 161 194
3 194 161 160
3 196 167 197
3 197 167 166
3 180 198 181
3 181 198 199
3 201 202 200
3 200 202 203
3 186 185 204
3 204 185 205
3 207 208 206
3 206 208 209
3 211 212 210
3 210 212 213
3 214 215 217
3 217 215 216
3 219 208 218
3 218 208 207
3 203 185 220
3 220 185 184
3 200 203 221
3 221 203 220
3 222 210 219
3 219 210 208
3 223 224 213
3 213 224 209
3 202 205 203
3 203 205 185
3 226 186 225
3 225 186 204
3 26 227 20
3 20 227 21
3 229 230 228
3 228 230 231
3 233 234 232
3 232 234 235
3 237 238 236
3 236 238 239
3 118 121 117
3 117 121 114
3 111 241 240
3 240 241 242
3 97 50 243
3 243 50 49
3 244 137 13
3 13 137 14
3 10 9 157
3 157 9 245
3 88 84 68
3 68 84 69
3 10 156 11
3 11 156 246
3 248 163 247
3 247 163 162
3 176 249 177
3 177 249 250
3 252 253 251
3 251 253 254
3 186 226 187
3 187 226 255
3 211 256 212
3 212 256 257
3 259 133 258
3 258 133 132
3 164 163 134
3 134 163 132
3 159 164 135
3 135 164 134
3 135 136 159
3 159 136 160
3 136 260 160
3 160 260 194
3 262 263 261
3 261 263 264
3 12 15 265
3 265 15 266
3 267 266 154
3 154 266 15
3 146 268 154
3 154 268 267
3 161 195 166
3 166 195 197
3 166 169 161
3 161 169 158
3 169 171 158
3 158 171 165
3 171 177 165
3 165 177 162
3 177 250 162
3 162 250 247
3 167 269 168
3 168 269 270
3 271 272 170
3 170 272 176
3 270 271 168
3 168 271 170
3 167 196 269
3 269 196 273
3 249 176 274
3 274 176 272
3 276 44 275
3 275 44 277
3 279 280 278
3 278 280 281
3 283 103 282
3 282 103 102
3 284 214 285
3 285 214 217
3 287 288 286
3 286 288 289
3 290 79 65
3 65 79 82
3 292 293 291
3 291 293 294
3 72 90 73
3 73 90 86
3 90 72 91
3 91 72 74
3 278 76 279
3 279 76 75
3 79 290 69
3 69 290 70
3 276 46 95
3 95 46 81
3 296 174 295
3 295 174 148
3 298 153 297
3 297 153 152
3 224 299 209
3 209 299 206
3 223 300 205
3 205 300 204
3 209 208 213
3 213 208 210
3 225 204 301
3 301 204 300
3 303 304 302
3 302 304 305
3 307 308 306
3 306 308 309
3 71 290 64
3 64 290 65
3 65 82 66
3 66 82 45
3 311 312 310
3 310 312 313
3 315 316 314
3 314 316 35
3 28 317 34
3 34 317 318
3 320 31 319
3 319 31 321
3 310 313 322
3 322 313 323
3 314 324 315
3 315 324 325
3 317 286 318
3 318 286 289
3 327 320 326
3 326 320 319
3 328 329 38
3 38 329 330
3 331 332 39
3 39 332 321
3 308 333 284
3 284 333 334
3 235 1 133
3 133 1 0
3 259 335 232
3 232 335 336
3 236 13 264
3 264 13 12
3 83 85 43
3 43 85 97
3 188 191 6
3 6 191 192
3 43 97 40
3 40 97 243
3 236 239 13
3 13 239 244
3 6 2 188
3 188 2 4
3 337 70 71
3 71 70 290
3 261 264 265
3 265 264 12
3 123 122 338
3 338 122 104
3 122 108 104
3 104 108 105
3 188 4 189
3 189 4 105
3 110 113 11
3 11 113 8
3 263 339 264
3 264 339 236
3 341 342 340
3 340 342 343
3 5 234 104
3 104 234 338
3 233 345 344
3 344 345 346
3 348 349 347
3 347 349 350
3 106 351 107
3 107 351 352
3 354 355 353
3 353 355 356
3 236 339 237
3 237 339 357
3 11 246 110
3 110 246 358
3 263 262 115
3 115 262 359
3 360 361 221
3 221 361 200
3 363 364 362
3 362 364 365
3 367 368 366
3 366 368 369
3 371 372 370
3 370 372 373
3 374 375 371
3 371 375 376
3 377 378 380
3 380 378 379
3 381 382 268
3 268 382 267
3 149 173 364
3 364 173 383
3 379 376 380
3 380 376 375
3 270 269 179
3 179 269 180
3 272 271 251
3 251 271 183
3 271 270 183
3 183 270 179
3 180 269 273
3 251 254 272
3 272 254 274
3 253 384 254
3 254 384 385
3 386 387 178
3 178 387 182
3 388 386 181
3 181 386 178
3 181 199 388
3 388 199 389
3 387 390 182
3 182 390 252
3 390 391 252
3 252 391 253
3 393 378 392
3 392 378 377
3 184 187 394
3 394 187 395
3 220 184 396
3 396 184 394
3 221 220 397
3 397 220 396
3 187 255 395
3 395 255 398
3 399 400 255
3 255 400 398
3 401 402 404
3 404 402 403
3 147 149 363
3 363 149 364
3 392 405 393
3 393 405 406
3 157 245 392
3 392 245 405
3 341 18 237
3 237 18 238
3 22 21 349
3 349 21 353
3 243 49 244
3 244 49 137
3 54 141 52
3 52 141 138
3 144 143 295
3 295 143 142
3 354 227 340
3 340 227 19
3 40 239 41
3 41 239 238
3 282 307 283
3 283 307 306
3 348 408 407
3 407 408 409
3 243 244 40
3 40 244 239
3 267 382 405
3 405 382 406
3 345 410 348
3 348 410 408
3 250 411 247
3 247 411 412
3 274 413 249
3 249 413 414
3 24 44 25
3 25 44 276
3 42 25 95
3 95 25 276
3 415 416 60
3 60 416 61
3 328 23 407
3 407 23 22
3 30 39 31
3 31 39 321
3 38 37 328
3 328 37 23
3 36 37 29
3 29 37 30
3 417 418 420
3 420 418 419
3 77 294 78
3 78 294 293
3 123 338 421
3 421 338 344
3 231 130 356
3 356 130 350
3 1 235 5
3 5 235 234
3 251 183 252
3 252 183 182
3 226 422 255
3 255 422 399
3 422 226 304
3 304 226 225
3 423 257 424
3 424 257 256
3 425 426 211
3 211 426 256
3 258 132 248
3 248 132 163
3 418 417 427
3 427 417 428
3 326 429 327
3 327 429 287
3 48 430 45
3 45 430 66
3 305 301 423
3 423 301 257
3 312 431 313
3 313 431 432
3 31 320 28
3 28 320 317
3 323 313 432
3 286 317 327
3 327 317 320
3 133 259 235
3 235 259 232
3 344 338 233
3 233 338 234
3 356 350 353
3 353 350 349
3 407 22 348
3 348 22 349
3 316 277 35
3 35 277 44
3 431 312 428
3 428 312 427
3 434 427 433
3 433 427 312
3 41 238 17
3 17 238 18
3 42 41 25
3 25 41 17
3 120 119 435
3 435 119 436
3 301 300 257
3 257 300 212
3 109 108 125
3 125 108 122
3 237 357 341
3 341 357 342
3 340 19 341
3 341 19 18
3 321 437 319
3 319 437 438
3 319 438 326
3 326 438 429
3 332 439 321
3 321 439 437
3 288 287 322
3 322 287 429
3 114 339 115
3 115 339 263
3 145 144 148
3 148 144 295
3 14 139 15
3 15 139 154
3 440 441 151
3 151 441 152
3 224 223 202
3 202 223 205
3 174 296 153
3 153 296 150
3 292 442 293
3 293 442 443
3 247 412 248
3 248 412 444
3 445 446 399
3 399 446 400
3 387 386 395
3 395 386 394
3 386 388 394
3 394 388 396
3 390 387 398
3 398 387 395
3 400 391 398
3 398 391 390
3 254 385 274
3 274 385 413
3 448 449 447
3 447 449 450
3 334 451 284
3 284 451 214
3 452 297 441
3 441 297 152
3 210 222 211
3 211 222 425
3 424 256 453
3 453 256 426
3 265 9 261
3 261 9 8
3 359 112 455
3 455 112 454
3 7 193 136
3 136 193 260
3 9 265 245
3 245 265 266
3 202 201 224
3 224 201 299
3 261 8 262
3 262 8 113
3 107 352 189
3 189 352 190
3 388 389 396
3 396 389 397
3 456 421 127
3 127 421 128
3 155 157 377
3 377 157 392
3 346 345 347
3 347 345 348
3 446 457 400
3 400 457 391
3 363 381 147
3 147 381 268
3 54 53 56
3 56 53 57
3 74 63 458
3 458 63 459
3 99 89 100
3 100 89 94
3 100 57 99
3 99 57 53
3 141 54 143
3 143 54 56
3 146 145 268
3 268 145 147
3 458 92 74
3 74 92 91
3 143 144 141
3 141 144 140
3 227 26 19
3 19 26 16
3 153 298 174
3 174 298 175
3 213 212 223
3 223 212 300
3 423 460 305
3 305 460 302
3 284 285 308
3 308 285 309
3 461 333 307
3 307 333 308
3 301 305 225
3 225 305 304
3 36 27 20
3 20 27 26
3 28 34 29
3 29 34 33
3 29 33 36
3 36 33 27
3 343 435 355
3 355 435 228
3 324 289 325
3 325 289 288
3 310 438 311
3 311 438 437
3 34 318 35
3 35 318 314
3 438 310 429
3 429 310 322
3 314 318 324
3 324 318 289
3 439 462 437
3 437 462 311
3 340 343 354
3 354 343 355
3 359 455 115
3 115 455 116
3 353 21 354
3 354 21 227
3 325 288 323
3 323 288 322
3 73 86 67
3 67 86 68
3 49 52 137
3 137 52 138
3 267 405 266
3 266 405 245
3 189 105 107
3 107 105 108
3 240 454 111
3 111 454 112
3 357 121 342
3 342 121 120
3 128 346 129
3 129 346 347
3 347 350 129
3 129 350 130
3 228 231 355
3 355 231 356
3 339 114 357
3 357 114 121
3 110 358 111
3 111 358 241
3 124 123 456
3 456 123 421
3 230 131 231
3 231 131 130
3 342 120 343
3 343 120 435
3 262 113 359
3 359 113 112
3 346 128 344
3 344 128 421
3 229 228 436
3 436 228 435
3 463 445 422
3 422 445 399
3 464 465 467
3 467 465 466
3 469 470 468
3 468 470 471
3 468 471 372
3 372 471 373
3 473 468 472
3 472 468 372
3 470 474 471
3 471 474 475
3 471 476 373
3 373 476 477
3 476 471 475
3 478 479 475
3 475 479 476
3 472 372 376
3 376 372 371
3 480 481 478
3 478 481 479
3 482 483 480
3 480 483 481
3 402 401 484
3 484 401 485
3 486 487 482
3 482 487 483
3 486 488 487
3 487 488 489
3 488 490 489
3 489 490 491
3 490 492 491
3 491 492 493
3 492 494 493
3 493 494 495
3 496 497 480
3 480 497 482
3 483 498 481
3 481 498 366
3 369 479 366
3 366 479 481
3 479 369 476
3 476 369 477
3 499 496 478
3 478 496 480
3 450 472 379
3 379 472 376
3 447 450 378
3 378 450 379
3 500 501 503
3 503 501 502
3 448 504 506
3 506 504 505
3 485 507 504
3 504 507 505
3 507 508 505
3 505 508 509
3 510 506 509
3 509 506 505
3 508 507 511
3 511 507 512
3 514 508 513
3 513 508 511
3 508 514 509
3 509 514 515
3 509 515 510
3 510 515 516
3 485 504 484
3 484 504 517
3 504 448 517
3 517 448 447
3 382 381 402
3 402 381 403
3 362 403 363
3 363 403 381
3 402 484 382
3 382 484 406
3 518 519 360
3 360 519 361
3 521 495 520
3 520 495 494
3 449 473 450
3 450 473 472
3 362 365 522
3 522 365 523
3 524 498 487
3 487 498 483
3 487 489 524
3 524 489 525
3 495 521 519
3 519 521 526
3 493 495 518
3 518 495 519
3 491 493 527
3 527 493 518
3 528 529 494
3 494 529 520
3 489 491 525
3 525 491 527
3 528 494 530
3 530 494 492
3 532 533 531
3 531 533 534
3 522 523 532
3 532 523 533
3 485 401 531
3 531 401 532
3 528 535 529
3 529 535 536
3 535 537 536
3 536 537 538
3 539 540 538
3 538 540 536
3 529 536 534
3 534 536 540
3 541 538 542
3 542 538 537
3 538 541 539
3 539 541 543
3 540 539 512
3 512 539 511
3 539 543 511
3 511 543 513
3 545 546 544
3 544 546 547
3 548 549 530
3 530 549 550
3 549 548 551
3 551 548 552
3 545 549 553
3 553 549 551
3 546 545 554
3 554 545 553
3 497 555 557
3 557 555 556
3 558 556 559
3 559 556 555
3 560 561 559
3 559 561 558
3 556 558 551
3 551 558 553
3 558 561 553
3 553 561 554
3 557 556 552
3 552 556 551
3 474 470 562
3 562 470 563
3 564 562 566
3 566 562 565
3 470 469 563
3 563 469 465
3 563 465 567
3 567 465 464
3 567 464 568
3 568 464 569
3 571 572 570
3 570 572 573
3 568 574 566
3 566 574 575
3 576 564 575
3 575 564 566
3 577 578 580
3 580 578 579
3 574 560 575
3 575 560 559
3 555 576 559
3 559 576 575
3 576 555 496
3 496 555 497
3 564 576 499
3 499 576 496
3 562 564 474
3 474 564 499
3 552 488 557
3 557 488 486
3 530 492 548
3 548 492 490
3 488 552 490
3 490 552 548
3 393 406 517
3 517 406 484
3 517 447 393
3 393 447 378
3 544 547 537
3 537 547 542
3 550 544 535
3 535 544 537
3 535 528 550
3 550 528 530
3 506 581 448
3 448 581 449
3 510 582 506
3 506 582 581
3 510 516 582
3 582 516 583
3 584 585 587
3 587 585 586
3 589 590 588
3 588 590 591
3 590 589 592
3 592 589 593
3 595 596 594
3 594 596 597
3 598 599 601
3 601 599 600
3 603 604 602
3 602 604 605
3 607 608 606
3 606 608 609
3 611 612 610
3 610 612 613
3 614 615 617
3 617 615 616
3 619 620 618
3 618 620 621
3 623 624 622
3 622 624 625
3 627 628 626
3 626 628 629
3 631 632 630
3 630 632 633
3 634 635 637
3 637 635 636
3 638 639 641
3 641 639 640
3 643 644 642
3 642 644 645
3 618 621 646
3 646 621 647
3 649 650 648
3 648 650 651
3 600 652 601
3 601 652 653
3 655 656 654
3 654 656 657
3 659 660 658
3 658 660 661
3 663 664 662
3 662 664 665
3 592 593 666
3 666 593 667
3 668 669 671
3 671 669 670
3 672 673 675
3 675 673 674
3 632 631 676
3 676 631 677
3 662 665 678
3 678 665 679
3 680 681 683
3 683 681 682
3 685 686 684
3 684 686 687
3 689 660 688
3 688 660 690
3 692 685 691
3 691 685 684
3 694 596 693
3 693 596 667
3 593 695 667
3 667 695 693
3 696 697 695
3 695 697 698
3 699 700 696
3 696 700 697
3 701 584 702
3 702 584 587
3 670 689 671
3 671 689 688
3 639 638 703
3 703 638 704
3 678 705 662
3 662 705 657
3 707 708 706
3 706 708 709
3 710 711 609
3 609 711 606
3 712 713 715
3 715 713 714
3 716 717 719
3 719 717 718
3 721 633 720
3 720 633 632
3 723 724 722
3 722 724 725
3 727 728 726
3 726 728 729
3 731 732 730
3 730 732 733
3 706 709 734
3 734 709 735
3 642 736 643
3 643 736 737
3 739 740 738
3 738 740 741
3 607 743 742
3 742 743 744
3 746 747 745
3 745 747 748
3 750 751 749
3 749 751 752
3 753 754 756
3 756 754 755
3 757 758 760
3 760 758 759
3 762 763 761
3 761 763 764
3 766 767 765
3 765 767 768
3 770 771 769
3 769 771 772
3 774 775 773
3 773 775 776
3 778 779 777
3 777 779 780
3 782 711 781
3 781 711 783
3 784 785 787
3 787 785 786
3 789 627 788
3 788 627 626
3 791 792 790
3 790 792 793
3 794 795 725
3 725 795 722
3 797 798 796
3 796 798 799
3 720 632 800
3 800 632 676
3 796 799 801
3 801 799 802
3 804 805 803
3 803 805 806
3 808 809 807
3 807 809 810
3 812 813 811
3 811 813 814
3 808 807 816
3 816 807 815
3 817 818 803
3 803 818 804
3 819 820 817
3 817 820 818
3 820 819 586
3 586 819 821
3 808 822 809
3 809 822 823
3 813 806 814
3 814 806 805
3 825 425 824
3 824 425 222
3 425 825 426
3 426 825 826
3 827 828 453
3 453 828 829
3 830 831 676
3 676 831 800
3 833 834 832
3 832 834 835
3 837 838 836
3 836 838 839
3 840 841 843
3 843 841 842
3 844 845 802
3 802 845 801
3 846 830 677
3 677 830 676
3 847 848 850
3 850 848 849
3 852 853 851
3 851 853 854
3 856 857 855
3 855 857 679
3 859 860 858
3 858 860 861
3 863 864 862
3 862 864 865
3 867 868 866
3 866 868 869
3 838 870 839
3 839 870 871
3 848 847 873
3 873 847 872
3 875 876 874
3 874 876 877
3 879 880 878
3 878 880 881
3 882 883 885
3 885 883 884
3 845 886 801
3 801 886 887
3 889 890 888
3 888 890 887
3 892 893 891
3 891 893 894
3 895 896 727
3 727 896 728
3 898 899 897
3 897 899 900
3 901 851 903
3 903 851 902
3 848 904 849
3 849 904 905
3 874 877 906
3 906 877 907
3 909 910 908
3 908 910 911
3 913 914 912
3 912 914 915
3 916 917 861
3 861 917 858
3 918 919 855
3 855 919 920
3 922 923 921
3 921 923 924
3 925 926 924
3 924 926 921
3 928 929 927
3 927 929 692
3 931 694 930
3 930 694 693
3 822 866 823
3 823 866 932
3 934 935 933
3 933 935 936
3 937 867 822
3 822 867 866
3 939 846 938
3 938 846 677
3 631 654 677
3 677 654 938
3 940 941 618
3 618 941 619
3 686 942 687
3 687 942 943
3 850 849 944
3 944 849 902
3 849 905 902
3 902 905 903
3 945 946 948
3 948 946 947
3 950 951 949
3 949 951 952
3 954 955 953
3 953 955 956
3 906 957 874
3 874 957 873
3 959 960 958
3 958 960 961
3 962 852 901
3 901 852 851
3 908 963 909
3 909 963 964
3 966 967 965
3 965 967 968
3 970 971 969
3 969 971 972
3 973 959 974
3 974 959 958
3 976 977 975
3 975 977 978
3 980 976 979
3 979 976 975
3 979 981 980
3 980 981 982
3 984 982 983
3 983 982 981
3 983 985 984
3 984 985 986
3 988 989 987
3 987 989 990
3 992 993 991
3 991 993 994
3 996 997 995
3 995 997 998
3 1000 1001 999
3 999 1001 1002
3 1004 1005 1003
3 1003 1005 1006
3 1003 1007 1004
3 1004 1007 1008
3 1007 1009 1008
3 1008 1009 1010
3 1012 1010 1011
3 1011 1010 1009
3 1013 1014 1016
3 1016 1014 1015
3 1018 1019 1017
3 1017 1019 1020
3 1021 1022 975
3 975 1022 979
3 1023 1024 981
3 981 1024 983
3 991 994 1025
3 1025 994 1026
3 955 954 1027
3 1027 954 1028
3 1029 1030 1032
3 1032 1030 1031
3 1009 1007 1033
3 1033 1007 1034
3 1007 1003 1034
3 1034 1003 1035
3 1036 1037 1001
3 1001 1037 1006
3 1001 1000 1036
3 1036 1000 1038
3 1039 1040 996
3 996 1040 997
3 1014 1013 1042
3 1042 1013 1041
3 1043 1044 1046
3 1046 1044 1045
3 1043 1019 1047
3 1047 1019 1048
3 1049 1050 1002
3 1002 1050 999
3 1051 1049 1005
3 1005 1049 1002
3 1052 1053 1010
3 1010 1053 1008
3 1012 1044 1054
3 1054 1044 1055
3 1057 1058 1056
3 1056 1058 1059
3 1061 1062 1060
3 1060 1062 1063
3 1064 1065 1049
3 1049 1065 1050
3 1066 1064 1051
3 1051 1064 1049
3 1067 1068 1053
3 1053 1068 1069
3 1070 1067 1052
3 1052 1067 1053
3 1072 1070 1071
3 1071 1070 1073
3 1073 1070 1054
3 1054 1070 1052
3 1075 1076 1074
3 1074 1076 1077
3 1078 1079 1056
3 1056 1079 1057
3 1080 1081 1063
3 1063 1081 1060
3 1083 1084 1082
3 1082 1084 1085
3 1087 1088 1086
3 1086 1088 1089
3 1091 1092 1090
3 1090 1092 1093
3 1095 1096 1094
3 1094 1096 1097
3 1098 1099 1101
3 1101 1099 1100
3 1102 1103 1098
3 1098 1103 1099
3 1105 1106 1104
3 1104 1106 1107
3 1109 1110 1108
3 1108 1110 1111
3 1113 1114 1112
3 1112 1114 1115
3 1117 1118 1116
3 1116 1118 1076
3 1116 1119 1121
3 1121 1119 1120
3 1104 1122 1105
3 1105 1122 1123
3 1124 1125 1127
3 1127 1125 1126
3 1129 1130 1128
3 1128 1130 1131
3 1133 1134 1132
3 1132 1134 1113
3 1112 1135 1113
3 1113 1135 1132
3 1117 1136 1112
3 1112 1136 1135
3 1117 1116 1136
3 1136 1116 1121
3 1138 1139 1137
3 1137 1139 1140
3 1142 952 1141
3 1141 952 951
3 1144 956 1143
3 1143 956 955
3 1027 1145 955
3 955 1145 1143
3 1013 1146 1041
3 1041 1146 1147
3 1013 1016 1146
3 1146 1016 1148
3 1058 1057 1149
3 1149 1057 1150
3 1152 1079 1151
3 1151 1079 1153
3 1155 1087 1154
3 1154 1087 1086
3 1156 1157 1105
3 1105 1157 1106
3 1105 1123 1156
3 1156 1123 1158
3 1160 1161 1159
3 1159 1161 1162
3 1164 1165 1163
3 1163 1165 1166
3 1167 1030 1011
3 1011 1030 1045
3 1023 1022 1034
3 1034 1022 1033
3 1035 1037 1024
3 1024 1037 1168
3 1169 1170 1038
3 1038 1170 1036
3 1027 1028 1041
3 1041 1028 1042
3 1171 1172 1174
3 1174 1172 1173
3 1054 1052 1012
3 1012 1052 1010
3 1004 1008 1069
3 1069 1008 1053
3 995 998 1061
3 1061 998 1062
3 1015 1059 1016
3 1016 1059 1058
3 1016 1058 1148
3 1148 1058 1149
3 1176 1177 1175
3 1175 1177 1102
3 1175 1071 1178
3 1178 1071 1073
3 1072 1101 1085
3 1085 1101 1082
3 1179 1180 1066
3 1066 1180 1064
3 1181 1182 1183
3 1183 1182 1180
3 1185 1186 1184
3 1184 1186 1187
3 1188 1189 797
3 797 1189 798
3 1191 1192 1190
3 1190 1192 1193
3 1194 1195 1193
3 1193 1195 1190
3 1195 1194 1197
3 1197 1194 1196
3 1199 673 1198
3 1198 673 672
3 927 1200 1202
3 1202 1200 1201
3 860 1203 861
3 861 1203 920
3 1204 1205 912
3 912 1205 1206
3 881 1207 878
3 878 1207 1208
3 1209 1210 1166
3 1166 1210 1163
3 1211 768 1212
3 1212 768 767
3 726 1213 727
3 727 1213 1214
3 1216 1217 1215
3 1215 1217 1218
3 1219 812 1220
3 1220 812 811
3 826 827 426
3 426 827 453
3 1222 1223 1221
3 1221 1223 1164
3 1225 1226 1224
3 1224 1226 1227
3 850 1228 847
3 847 1228 1229
3 833 853 834
3 834 853 1230
3 1232 1233 1231
3 1231 1233 1234
3 1236 750 1235
3 1235 750 749
3 742 818 1237
3 1237 818 820
3 1239 1240 1238
3 1238 1240 1241
3 1243 1244 1242
3 1242 1244 1245
3 843 1246 840
3 840 1246 1247
3 1249 1250 1248
3 1248 1250 1251
3 1253 892 1252
3 1252 892 1236
3 1254 1255 1257
3 1257 1255 1256
3 1259 1260 1258
3 1258 1260 1261
3 944 902 854
3 854 902 851
3 854 1262 944
3 944 1262 1263
3 831 844 800
3 800 844 802
3 799 720 802
3 802 720 800
3 720 799 721
3 721 799 798
3 1265 1266 1264
3 1264 1266 1267
3 1269 794 1268
3 1268 794 725
3 724 1270 725
3 725 1270 1268
3 736 764 737
3 737 764 763
3 758 739 759
3 759 739 738
3 716 1271 1273
3 1273 1271 1272
3 1162 1225 1274
3 1274 1225 1224
3 1276 881 1275
3 1275 881 880
3 1040 1039 1026
3 1026 1039 1025
3 899 934 900
3 900 934 933
3 1163 1277 1164
3 1164 1277 1221
3 1210 1278 1163
3 1163 1278 1277
3 441 1279 452
3 452 1279 1280
3 787 1281 784
3 784 1281 1282
3 1284 1285 1283
3 1283 1285 1286
3 1283 1287 1284
3 1284 1287 1288
3 756 1288 753
3 753 1288 1287
3 604 603 674
3 674 603 675
3 1289 1290 1292
3 1292 1290 1291
3 1294 1295 1293
3 1293 1295 1296
3 695 698 693
3 693 698 930
3 1297 1298 591
3 591 1298 588
3 1298 1299 588
3 588 1299 699
3 1299 1300 699
3 699 1300 700
3 742 744 818
3 818 744 804
3 1302 1303 1301
3 1301 1303 1304
3 1305 1306 1304
3 1304 1306 1301
3 608 1297 609
3 609 1297 591
3 586 821 587
3 587 821 1307
3 702 587 1308
3 1308 587 1307
3 1309 702 570
3 570 702 1308
3 1310 1311 788
3 788 1311 789
3 824 222 1312
3 1312 222 219
3 218 1313 219
3 219 1313 1312
3 1314 1315 1310
3 1310 1315 1311
3 1316 1317 1318
3 1318 1317 1240
3 440 1319 441
3 441 1319 1279
3 1320 216 571
3 571 216 215
3 1322 1229 1321
3 1321 1229 1228
3 1323 1324 630
3 630 1324 655
3 1033 1167 1009
3 1009 1167 1011
3 1326 1327 1325
3 1325 1327 1328
3 1330 1201 1329
3 1329 1201 1200
3 570 1308 571
3 571 1308 1320
3 572 571 1331
3 1331 571 215
3 1333 1334 1332
3 1332 1334 1335
3 1336 1337 917
3 917 1337 858
3 1338 862 1339
3 1339 862 865
3 1340 1341 1343
3 1343 1341 1342
3 1344 1345 918
3 918 1345 919
3 1346 1347 672
3 672 1347 1198
3 692 1348 927
3 927 1348 1200
3 1350 1256 1349
3 1349 1256 1255
3 1349 1351 1350
3 1350 1351 1352
3 652 929 653
3 653 929 661
3 1278 1353 1277
3 1277 1353 1354
3 1356 1357 1355
3 1355 1357 1358
3 936 1359 1139
3 1139 1359 1360
3 1224 1227 908
3 908 1227 963
3 900 933 1361
3 1361 933 1138
3 1363 1364 1362
3 1362 1364 1361
3 1366 911 1365
3 1365 911 910
3 1142 1141 1367
3 1367 1141 1368
3 1143 1185 1144
3 1144 1185 1184
3 1145 1174 1143
3 1143 1174 1185
3 1174 1145 1171
3 1171 1145 1147
3 1146 1017 1147
3 1147 1017 1171
3 1017 1146 1018
3 1018 1146 1148
3 1148 1149 1018
3 1018 1149 1369
3 1149 1150 1369
3 1369 1150 1370
3 1150 1152 1370
3 1370 1152 1176
3 1151 1155 1177
3 1177 1155 1371
3 1154 1157 1372
3 1372 1157 1373
3 1156 1158 1375
3 1375 1158 1374
3 1377 1378 1376
3 1376 1378 1379
3 1381 1382 1380
3 1380 1382 1383
3 1381 1385 1384
3 1384 1385 1386
3 1385 1232 1386
3 1386 1232 1231
3 1388 1389 1387
3 1387 1389 1390
3 1392 1393 1391
3 1391 1393 1394
3 1396 1397 1395
3 1395 1397 1398
3 628 1396 629
3 629 1396 1395
3 1341 1399 1342
3 1342 1399 1400
3 1402 1403 1401
3 1401 1403 1404
3 1406 1407 1405
3 1405 1407 1408
3 1410 1411 1409
3 1409 1411 1412
3 792 1413 793
3 793 1413 1414
3 1416 1340 1415
3 1415 1340 1343
3 703 704 1346
3 1346 704 1417
3 740 1418 741
3 741 1418 1419
3 1421 668 1420
3 1420 668 671
3 644 1422 645
3 645 1422 1423
3 1195 1197 613
3 613 1197 610
3 612 1424 613
3 613 1424 1425
3 1426 615 658
3 658 615 659
3 613 1425 1195
3 1195 1425 1190
3 695 593 696
3 696 593 589
3 696 589 699
3 699 589 588
3 702 1309 701
3 701 1309 1427
3 1420 671 1191
3 1191 671 688
3 1270 647 1268
3 1268 647 621
3 620 1269 621
3 621 1269 1268
3 1428 1429 1416
3 1416 1429 1340
3 1430 1431 1433
3 1433 1431 1432
3 1435 1436 1434
3 1434 1436 1437
3 1439 1440 1438
3 1438 1440 1441
3 1442 1443 1445
3 1445 1443 1444
3 822 808 937
3 937 808 816
3 809 1446 810
3 810 1446 1447
3 1448 1449 678
3 678 1449 705
3 912 915 1204
3 1204 915 1450
3 1274 1224 911
3 911 1224 908
3 1451 1452 879
3 879 1452 880
3 1443 1400 1444
3 1444 1400 1399
3 935 1453 936
3 936 1453 1359
3 823 1454 809
3 809 1454 1446
3 630 655 631
3 631 655 654
3 965 1455 966
3 966 1455 1456
3 1458 1459 1457
3 1457 1459 1460
3 1459 1461 1460
3 1460 1461 1462
3 971 973 972
3 972 973 974
3 989 994 990
3 990 994 993
3 1463 1186 1032
3 1032 1186 1173
3 1017 1020 1171
3 1171 1020 1172
3 999 998 1000
3 1000 998 997
3 975 978 1021
3 1021 978 1031
3 1022 1023 979
3 979 1023 981
3 988 985 1170
3 1170 985 1168
3 1170 1169 988
3 988 1169 989
3 1169 1026 989
3 989 1026 994
3 1040 1038 997
3 997 1038 1000
3 1050 1062 999
3 999 1062 998
3 1065 1063 1050
3 1050 1063 1062
3 1182 1080 1065
3 1065 1080 1063
3 1177 1371 1102
3 1102 1371 1103
3 1091 1090 1464
3 1464 1090 1181
3 1466 1464 1465
3 1465 1464 1467
3 1468 1469 1183
3 1183 1469 1467
3 1094 1097 1470
3 1470 1097 1100
3 1075 1373 1119
3 1119 1373 1375
3 1109 1471 1126
3 1126 1471 1131
3 1471 1472 1131
3 1131 1472 1128
3 1473 1474 1465
3 1465 1474 1472
3 1118 1117 1115
3 1115 1117 1112
3 1374 1120 1375
3 1375 1120 1119
3 1126 1131 1127
3 1127 1131 1130
3 1226 1475 1227
3 1227 1475 1360
3 1364 1476 1361
3 1361 1476 871
3 1477 1478 1322
3 1322 1478 1229
3 1479 1480 913
3 913 1480 914
3 912 1276 913
3 913 1276 1275
3 1167 1033 1021
3 1021 1033 1022
3 1034 1035 1023
3 1023 1035 1024
3 1038 1040 1169
3 1169 1040 1026
3 1041 1147 1027
3 1027 1147 1145
3 967 1458 968
3 968 1458 1457
3 1481 1482 663
3 663 1482 664
3 1484 1485 1483
3 1483 1485 1486
3 1488 1489 1487
3 1487 1489 1490
3 1491 1492 721
3 721 1492 633
3 1494 1495 1493
3 1493 1495 1496
3 1497 1206 1338
3 1338 1206 862
3 1223 1498 1164
3 1164 1498 1165
3 1159 1162 1499
3 1499 1162 1274
3 1499 876 1159
3 1159 876 1500
3 875 872 1501
3 1501 872 1478
3 944 1263 850
3 850 1263 1228
3 834 1230 838
3 838 1230 870
3 1502 1282 777
3 777 1282 1281
3 715 714 1504
3 1504 714 1503
3 1445 1444 1506
3 1506 1444 1505
3 778 791 1380
3 1380 791 790
3 1429 1408 1340
3 1340 1408 1341
3 1410 1428 1507
3 1507 1428 1416
3 634 1509 1508
3 1508 1509 1510
3 1376 1379 1314
3 1314 1379 1315
3 1444 1399 1505
3 1505 1399 1407
3 917 916 1335
3 1335 916 1332
3 1512 1513 1511
3 1511 1513 869
3 1514 1515 1362
3 1362 1515 1363
3 1452 1516 880
3 880 1516 1275
3 991 1517 992
3 992 1517 1518
3 1519 1028 1517
3 1517 1028 954
3 1519 1025 1520
3 1520 1025 1039
3 1521 1014 1520
3 1520 1014 1042
3 995 1522 996
3 996 1522 1521
3 1059 1015 1523
3 1523 1015 1522
3 1060 1524 1061
3 1061 1524 1523
3 1078 1526 1525
3 1525 1526 1527
3 1092 1528 1093
3 1093 1528 1527
3 1110 1529 1111
3 1111 1529 1530
3 1531 1532 1104
3 1104 1532 1122
3 933 936 1138
3 1138 936 1139
3 1137 1362 1138
3 1138 1362 1361
3 1533 1221 1354
3 1354 1221 1277
3 1534 1222 1533
3 1533 1222 1221
3 820 586 1237
3 1237 586 585
3 1318 710 1316
3 1316 710 1535
3 1537 1199 1536
3 1536 1199 1198
3 1507 1416 1538
3 1538 1416 1415
3 1539 1540 839
3 839 1540 836
3 1230 897 870
3 870 897 900
3 1499 1274 1366
3 1366 1274 911
3 1542 1378 1541
3 1541 1378 1394
3 1538 771 1507
3 1507 771 1543
3 1545 1402 1544
3 1544 1402 1401
3 1547 1548 1546
3 1546 1548 1549
3 1551 1547 1550
3 1550 1547 1546
3 1553 1554 1552
3 1552 1554 1555
3 1557 1558 1556
3 1556 1558 1559
3 1561 1562 1560
3 1560 1562 1563
3 1565 1566 1564
3 1564 1566 1567
3 1569 1570 1568
3 1568 1570 1571
3 1573 1574 1572
3 1572 1574 1575
3 1576 1577 1571
3 1571 1577 1568
3 1579 1580 1578
3 1578 1580 1581
3 1583 1584 1582
3 1582 1584 1585
3 1587 1554 1586
3 1586 1554 1588
3 1590 1591 1589
3 1589 1591 1592
3 1594 1595 1593
3 1593 1595 1596
3 1595 1580 1596
3 1596 1580 1575
3 1598 1569 1597
3 1597 1569 1568
3 1600 1601 1599
3 1599 1601 1602
3 1604 1605 1603
3 1603 1605 1606
3 1607 1608 1567
3 1567 1608 1564
3 1610 1611 1609
3 1609 1611 1612
3 1614 1615 1613
3 1613 1615 1616
3 1618 1616 1617
3 1617 1616 1615
3 1620 1621 1619
3 1619 1621 1622
3 1624 1625 1623
3 1623 1625 1626
3 1628 1629 1627
3 1627 1629 1630
3 1632 1633 1631
3 1631 1633 1634
3 1635 1636 1638
3 1638 1636 1637
3 1640 1641 1639
3 1639 1641 1642
3 1623 1626 1643
3 1643 1626 1644
3 1646 1647 1645
3 1645 1647 1648
3 1650 1651 1649
3 1649 1651 1652
3 1654 1655 1653
3 1653 1655 1656
3 1658 1659 1657
3 1657 1659 1660
3 1661 1662 1630
3 1630 1662 1627
3 1650 1664 1663
3 1663 1664 1665
3 1666 1655 1618
3 1618 1655 1616
3 1668 1669 1667
3 1667 1669 1670
3 1631 1634 1671
3 1671 1634 1672
3 1673 1674 1637
3 1637 1674 1638
3 1676 1677 1675
3 1675 1677 1678
3 1679 1639 1680
3 1680 1639 1642
3 1681 1682 1642
3 1642 1682 1680
3 1669 1668 1234
3 1234 1668 1231
3 1395 1398 1673
3 1673 1398 1674
3 626 629 1678
3 1678 629 1675
3 1680 1314 1679
3 1679 1314 1310
3 1682 1376 1680
3 1680 1376 1314
3 1671 1672 1386
3 1386 1672 1384
3 1635 1683 1645
3 1645 1683 1684
3 1686 1687 1685
3 1685 1687 1688
3 1584 1689 1585
3 1585 1689 1690
3 1598 1691 1550
3 1550 1691 1692
3 1551 1557 1693
3 1693 1557 1556
3 1695 1614 1694
3 1694 1614 1613
3 1697 1698 1696
3 1696 1698 1622
3 1699 1700 1702
3 1702 1700 1701
3 1704 1705 1703
3 1703 1705 1706
3 1707 1708 1639
3 1639 1708 1640
3 1709 1710 1712
3 1712 1710 1711
3 1651 1654 1652
3 1652 1654 1653
3 1713 1698 1711
3 1711 1698 1712
3 1714 1709 1715
3 1715 1709 1712
3 1716 1707 1679
3 1679 1707 1639
3 1392 1391 1714
3 1714 1391 1709
3 1718 1719 1717
3 1717 1719 1720
3 1679 1310 1716
3 1716 1310 788
3 1377 1710 1391
3 1391 1710 1709
3 1387 1390 1718
3 1718 1390 1719
3 1722 1605 1721
3 1721 1605 1688
3 1724 1567 1723
3 1723 1567 1566
3 1725 1646 1684
3 1684 1646 1645
3 1727 1553 1726
3 1726 1553 1552
3 1590 1686 1599
3 1599 1686 1685
3 1729 1594 1728
3 1728 1594 1593
3 1600 1604 1730
3 1730 1604 1603
3 1732 1662 1731
3 1731 1662 1733
3 1735 1638 1734
3 1734 1638 1674
3 1657 1643 1736
3 1736 1643 1644
3 1725 1661 1723
3 1723 1661 1630
3 1398 1737 1674
3 1674 1737 1734
3 1620 1666 1738
3 1738 1666 1618
3 1713 1739 1619
3 1619 1739 1740
3 1591 1548 1592
3 1592 1548 1741
3 1601 1570 1602
3 1602 1570 1549
3 1687 1689 1688
3 1688 1689 1721
3 1587 1558 1581
3 1581 1558 1578
3 1672 1734 1384
3 1384 1734 1737
3 1386 1231 1671
3 1671 1231 1668
3 1579 1691 1572
3 1572 1691 1742
3 1376 1682 1377
3 1377 1682 1710
3 1663 1665 1743
3 1743 1665 1744
3 1743 1695 1663
3 1663 1695 1694
3 1745 1746 1731
3 1731 1746 1747
3 1748 1749 1676
3 1676 1749 1677
3 1708 1707 1749
3 1749 1707 1677
3 1667 1631 1668
3 1668 1631 1671
3 1632 1745 1733
3 1733 1745 1731
3 1678 1677 1716
3 1716 1677 1707
3 788 626 1716
3 1716 626 1678
3 1562 1722 1563
3 1563 1722 1721
3 1727 1583 1750
3 1750 1583 1582
3 1673 1675 1395
3 1395 1675 629
3 1665 1565 1744
3 1744 1565 1564
3 1626 1628 1644
3 1644 1628 1627
3 1636 1748 1637
3 1637 1748 1676
3 1647 1664 1648
3 1648 1664 1751
3 1739 1641 1740
3 1740 1641 1656
3 1675 1673 1676
3 1676 1673 1637
3 1682 1681 1710
3 1710 1681 1711
3 1617 1752 1618
3 1618 1752 1738
3 1700 1738 1701
3 1701 1738 1752
3 1753 1213 1755
3 1755 1213 1754
3 646 1756 618
3 618 1756 940
3 1758 1192 1757
3 1757 1192 690
3 1418 1759 1419
3 1419 1759 1760
3 681 1761 682
3 682 1761 1762
3 1411 779 1412
3 1412 779 1383
3 1382 1397 1383
3 1383 1397 1412
3 1196 1423 1763
3 1763 1423 1422
3 1536 1286 1537
3 1537 1286 1285
3 1633 1683 1634
3 1634 1683 1735
3 1723 1630 1724
3 1724 1630 1629
3 1561 1729 1609
3 1609 1729 1728
3 1734 1672 1735
3 1735 1672 1634
3 1756 1194 940
3 940 1194 1193
3 1765 199 1764
3 1764 199 198
3 474 499 475
3 475 499 478
3 497 557 482
3 482 557 486
3 544 550 545
3 545 550 549
3 452 1280 218
3 218 1280 1313
3 297 452 207
3 207 452 218
3 367 1764 1766
3 1766 1764 198
3 522 404 362
3 362 404 403
3 522 532 404
3 404 532 401
3 297 207 298
3 298 207 206
3 298 206 175
3 175 206 299
3 175 299 172
3 172 299 201
3 172 201 173
3 173 201 200
3 1336 917 1767
3 1767 917 1335
3 1768 1769 1337
3 1337 1769 858
3 580 569 577
3 577 569 1770
3 554 561 579
3 579 561 560
3 503 1771 500
3 500 1771 547
3 516 541 583
3 583 541 542
3 514 513 515
3 515 513 543
3 541 516 543
3 543 516 515
3 560 574 579
3 579 574 580
3 574 568 580
3 580 568 569
3 500 547 1772
3 1772 547 546
3 1773 1774 569
3 569 1774 1770
3 368 367 1775
3 1775 367 1766
3 371 368 374
3 374 368 1775
3 821 1279 1307
3 1307 1279 1319
3 819 1280 821
3 821 1280 1279
3 817 1313 819
3 819 1313 1280
3 1313 817 1312
3 1312 817 803
3 806 813 824
3 824 813 825
3 813 812 825
3 825 812 826
3 812 1219 826
3 826 1219 827
3 579 578 554
3 554 578 546
3 1476 1539 871
3 871 1539 839
3 366 498 367
3 367 498 1764
3 1765 1764 524
3 524 1764 498
3 1776 1765 525
3 525 1765 524
3 519 526 361
3 361 526 383
3 360 1777 518
3 518 1777 527
3 370 1778 371
3 371 1778 368
3 368 1778 369
3 369 1778 477
3 1778 370 477
3 477 370 373
3 1777 1776 527
3 527 1776 525
3 1780 1781 1779
3 1779 1781 1782
3 430 459 66
3 66 459 63
3 67 337 73
3 73 337 71
3 1784 1781 1783
3 1783 1781 1785
3 1786 1787 1789
3 1789 1787 1788
3 1791 1788 1790
3 1790 1788 1792
3 1790 1793 1791
3 1791 1793 1794
3 1793 1795 1794
3 1794 1795 1796
3 1796 1797 937
3 937 1797 867
3 1797 1798 867
3 867 1798 868
3 1800 1801 1799
3 1799 1801 1450
3 1802 1803 1204
3 1204 1803 1205
3 1804 1805 863
3 863 1805 864
3 1805 1806 864
3 864 1806 1807
3 67 70 337
3 286 327 287
3 1319 1320 1307
3 1307 1320 1308
3 1319 440 1320
3 1320 440 216
3 440 151 216
3 216 151 217
3 150 285 151
3 151 285 217
3 296 309 150
3 150 309 285
3 295 306 296
3 296 306 309
3 295 142 306
3 306 142 283
3 142 55 283
3 283 55 103
3 55 58 103
3 103 58 62
3 58 101 62
3 62 101 59
3 101 93 59
3 59 93 281
3 92 458 278
3 278 458 76
3 458 459 76
3 76 459 77
3 459 430 77
3 77 430 294
3 430 48 294
3 294 48 291
3 47 420 48
3 48 420 291
3 275 277 417
3 417 277 428
3 316 431 277
3 277 431 428
3 431 316 432
3 432 316 315
3 325 323 315
3 315 323 432
3 1535 591 1808
3 1808 591 590
3 1809 743 1811
3 1811 743 1810
3 1813 1814 1812
3 1812 1814 1815
3 1816 747 1817
3 1817 747 746
3 1811 1818 1809
3 1809 1818 1816
3 1819 1820 747
3 747 1820 748
3 1822 1823 1821
3 1821 1823 1824
3 1826 1827 1825
3 1825 1827 1828
3 1830 1831 1829
3 1829 1831 1832
3 1833 1826 1242
3 1242 1826 1825
3 1312 803 824
3 824 803 806
3 1834 1252 1235
3 1235 1252 1236
3 1835 1836 1437
3 1437 1836 1434
3 1837 1504 1839
3 1839 1504 1838
3 1840 1841 715
3 715 1841 712
3 1842 1843 1509
3 1509 1843 1844
3 1846 1847 1845
3 1845 1847 1848
3 1849 1239 1821
3 1821 1239 1238
3 635 1830 636
3 636 1830 1829
3 1851 1852 1850
3 1850 1852 1853
3 1854 1855 1857
3 1857 1855 1856
3 1845 1848 1858
3 1858 1848 1859
3 1342 1400 1508
3 1508 1400 1860
3 1508 1860 634
3 634 1860 635
3 1862 1863 1861
3 1861 1863 1864
3 1282 1502 1866
3 1866 1502 1865
3 1867 1866 680
3 680 1866 681
3 1285 1284 682
3 682 1284 683
3 756 755 1273
3 1273 755 1868
3 1273 1868 716
3 716 1868 717
3 1433 1432 718
3 718 1432 719
3 1199 1537 1544
3 1544 1537 1762
3 1284 1288 683
3 683 1288 1272
3 683 1272 680
3 680 1272 1271
3 784 1282 1867
3 1867 1282 1866
3 785 784 1869
3 1869 784 1867
3 1288 756 1272
3 1272 756 1273
3 1538 1415 1870
3 1870 1415 1871
3 772 1870 1402
3 1402 1870 1403
3 674 673 1404
3 1404 673 1401
3 1863 1872 1864
3 1864 1872 1873
3 637 1842 634
3 634 1842 1509
3 1343 1342 1510
3 1510 1342 1508
3 771 1538 772
3 772 1538 1870
3 673 1199 1401
3 1401 1199 1544
3 1537 1285 1762
3 1762 1285 682
3 1443 1442 1874
3 1874 1442 1875
3 1874 1875 1830
3 1830 1875 1831
3 1415 1343 1871
3 1871 1343 1510
3 1876 1877 773
3 773 1877 1878
3 1877 1846 1878
3 1878 1846 1845
3 1879 713 1880
3 1880 713 1847
3 1400 1443 1860
3 1860 1443 1874
3 1860 1874 635
3 635 1874 1830
3 1822 1862 1881
3 1881 1862 1861
3 1440 1439 1883
3 1883 1439 1882
3 1882 1851 1883
3 1883 1851 1850
3 1885 1886 1884
3 1884 1886 1887
3 1357 1888 1358
3 1358 1888 1889
3 1890 1885 1891
3 1891 1885 1884
3 773 1878 774
3 774 1878 1892
3 1858 1892 1845
3 1845 1892 1878
3 712 1841 1848
3 1848 1841 1859
3 1317 1894 1893
3 1893 1894 1895
3 1872 1896 1873
3 1873 1896 1897
3 1897 604 1898
3 1898 604 674
3 1404 1843 674
3 674 1843 1898
3 1403 1844 1404
3 1404 1844 1843
3 592 1295 590
3 590 1295 1808
3 1294 1291 1899
3 1899 1291 1894
3 605 1896 1290
3 1290 1896 1895
3 1509 1844 1510
3 1510 1844 1871
3 1870 1871 1403
3 1403 1871 1844
3 1865 769 1761
3 1761 769 1545
3 1761 681 1865
3 1865 681 1866
3 1869 1867 1271
3 1271 1867 680
3 1271 716 1869
3 1869 716 719
3 1869 719 785
3 785 719 1432
3 785 1432 786
3 786 1432 1431
3 1260 1413 1431
3 1431 1413 786
3 1388 1233 1259
3 1259 1233 1414
3 1718 1669 1387
3 1387 1669 1234
3 1717 1670 1718
3 1718 1670 1669
3 1704 1746 1717
3 1717 1746 1670
3 1658 1900 1703
3 1703 1900 1747
3 1876 1902 1901
3 1901 1902 1903
3 1258 1904 1389
3 1389 1904 1393
3 1714 1719 1392
3 1392 1719 1390
3 1715 1720 1714
3 1714 1720 1719
3 1697 1705 1715
3 1715 1705 1720
3 276 275 46
3 46 275 47
3 83 95 80
3 80 95 81
3 79 69 80
3 80 69 84
3 98 96 87
3 87 96 88
3 89 99 87
3 87 99 98
3 100 94 101
3 101 94 93
3 1905 1906 279
3 279 1906 280
3 96 85 88
3 88 85 84
3 59 281 60
3 60 281 280
3 82 81 45
3 45 81 46
3 292 291 419
3 419 291 420
3 418 1907 419
3 419 1907 1908
3 91 94 90
3 90 94 89
3 278 281 92
3 92 281 93
3 275 417 47
3 47 417 420
3 1909 1659 1696
3 1696 1659 1706
3 1702 1623 1699
3 1699 1623 1643
3 1621 1909 1622
3 1622 1909 1696
3 1700 1699 1910
3 1910 1699 1660
3 1699 1643 1660
3 1660 1643 1657
3 1900 1736 1732
3 1732 1736 1644
3 1624 1911 1603
3 1603 1911 1730
3 1911 1912 1730
3 1730 1912 1913
3 1912 1576 1913
3 1913 1576 1571
3 1914 1577 1615
3 1615 1577 1617
3 1914 1915 1597
3 1597 1915 1742
3 1915 1573 1742
3 1742 1573 1572
3 1574 1916 1575
3 1575 1916 1596
3 1916 1608 1596
3 1596 1608 1593
3 1607 1610 1728
3 1728 1610 1609
3 1917 1611 1628
3 1628 1611 1629
3 1625 1917 1626
3 1626 1917 1628
3 1919 1920 1918
3 1918 1920 1921
3 1919 1923 1922
3 1922 1923 1924
3 1925 1926 1923
3 1923 1926 1924
3 1928 1929 1927
3 1927 1929 1930
3 1931 1932 1934
3 1934 1932 1933
3 1936 1937 1935
3 1935 1937 1938
3 1940 1941 1939
3 1939 1941 1942
3 1940 1944 1943
3 1943 1944 1945
3 1946 1947 1693
3 1693 1947 1948
3 1949 1950 1952
3 1952 1950 1951
3 1954 1955 1953
3 1953 1955 1588
3 1957 1955 1956
3 1956 1955 1931
3 1959 1933 1958
3 1958 1933 1932
3 1961 1962 1960
3 1960 1962 1963
3 1964 1954 1750
3 1750 1954 1953
3 1934 1929 1931
3 1931 1929 1956
3 1950 1949 1925
3 1925 1949 1928
3 1965 1966 1592
3 1592 1966 1589
3 1968 1966 1967
3 1967 1966 1963
3 1961 1920 1969
3 1969 1920 1970
3 1962 1944 1963
3 1963 1944 1967
3 1971 1947 1921
3 1921 1947 1918
3 1965 1971 1960
3 1960 1971 1921
3 1957 1952 1586
3 1586 1952 1559
3 1973 1974 1972
3 1972 1974 1975
3 1977 1978 1976
3 1976 1978 1690
3 1978 1974 1690
3 1690 1974 1585
3 1937 1941 1938
3 1938 1941 1979
3 1951 1946 1556
3 1556 1946 1693
3 1968 1977 1980
3 1980 1977 1976
3 1982 1983 1981
3 1981 1983 1984
3 1985 1986 1988
3 1988 1986 1987
3 1989 1990 1982
3 1982 1990 1983
3 1989 1992 1991
3 1991 1992 1993
3 1994 1995 1993
3 1993 1995 1996
3 1998 1999 1997
3 1997 1999 2000
3 2002 2003 2001
3 2001 2003 2004
3 2006 2007 2005
3 2005 2007 2008
3 2010 2011 2009
3 2009 2011 2012
3 2013 2014 2016
3 2016 2014 2015
3 2017 2018 2020
3 2020 2018 2019
3 2021 1988 2023
3 2023 1988 2022
3 1988 1987 2022
3 2022 1987 2024
3 2025 2026 2016
3 2016 2026 2013
3 2028 2029 2027
3 2027 2029 2030
3 2032 2033 2031
3 2031 2033 2034
3 2031 2034 2035
3 2035 2034 2036
3 2038 2039 2037
3 2037 2039 2040
3 1981 2041 1982
3 1982 2041 2042
3 2044 2045 2043
3 2043 2045 2046
3 2048 2049 2047
3 2047 2049 2050
3 2052 2053 2051
3 2051 2053 2054
3 2056 2057 2055
3 2055 2057 2058
3 2059 2060 2032
3 2032 2060 2033
3 2062 2063 2061
3 2061 2063 2064
3 2065 2034 2066
3 2066 2034 2033
3 2068 2038 2067
3 2067 2038 2037
3 2024 2069 2022
3 2022 2069 2070
3 2071 2023 2070
3 2070 2023 2022
3 2073 2019 2072
3 2072 2019 2018
3 2049 2048 2046
3 2046 2048 2074
3 1982 2042 1989
3 1989 2042 1992
3 2005 2049 2006
3 2006 2049 2075
3 2049 2005 2050
3 2050 2005 2076
3 2078 2079 2077
3 2077 2079 2080
3 2081 2082 2084
3 2084 2082 2083
3 2009 2012 2085
3 2085 2012 2086
3 2088 2032 2087
3 2087 2032 2031
3 2089 2059 2088
3 2088 2059 2032
3 2091 2092 2090
3 2090 2092 2093
3 2095 1985 2094
3 2094 1985 2096
3 2096 1985 2021
3 2021 1985 1988
3 2014 2093 2015
3 2015 2093 2097
3 2015 2097 2099
3 2099 2097 2098
3 2016 2015 2100
3 2100 2015 2099
3 2016 2100 2025
3 2025 2100 2101
3 2099 2098 2103
3 2103 2098 2102
3 2103 2104 2099
3 2099 2104 2100
3 2104 2105 2100
3 2100 2105 2101
3 2107 2060 2106
3 2106 2060 2108
3 2110 2111 2109
3 2109 2111 2019
3 2019 2073 2109
3 2109 2073 2112
3 2114 2115 2113
3 2113 2115 2116
3 2117 2118 1994
3 1994 2118 2119
3 2120 2121 2026
3 2026 2121 2013
3 2046 2074 2043
3 2043 2074 2122
3 2123 2124 2126
3 2126 2124 2125
3 2128 2129 2127
3 2127 2129 2130
3 2131 2132 2056
3 2056 2132 2057
3 2133 1998 2135
3 2135 1998 2134
3 2054 2137 2136
3 2136 2137 2138
3 2140 2141 2139
3 2139 2141 2142
3 2082 2081 2063
3 2063 2081 2064
3 2081 2143 2064
3 2064 2143 2144
3 2039 2145 2040
3 2040 2145 2146
3 2059 2089 2147
3 2147 2089 2148
3 2047 2050 2136
3 2136 2050 2149
3 2150 1996 2134
3 2134 1996 1995
3 2151 2149 2076
3 2076 2149 2050
3 2045 2044 2117
3 2117 2044 2118
3 2153 2154 2152
3 2152 2154 2155
3 2157 2158 2156
3 2156 2158 2159
3 2161 2162 2160
3 2160 2162 2163
3 2163 2162 2164
3 2164 2162 2165
3 2167 2168 2166
3 2166 2168 2169
3 2002 2171 2170
3 2170 2171 2172
3 2173 2174 2001
3 2001 2174 2175
3 2144 2176 2064
3 2064 2176 2061
3 2177 2178 2179
3 2179 2178 2133
3 2180 2051 2151
3 2151 2051 2149
3 2039 2126 2145
3 2145 2126 2181
3 2129 2161 2130
3 2130 2161 2160
3 2051 2054 2149
3 2149 2054 2136
3 2183 2184 2182
3 2182 2184 2185
3 2158 2029 2159
3 2159 2029 2186
3 2145 2181 2028
3 2028 2181 2187
3 2188 2189 2191
3 2191 2189 2190
3 2171 2002 2175
3 2175 2002 2001
3 1997 2150 1998
3 1998 2150 2134
3 2176 2171 2061
3 2061 2171 2175
3 2171 2176 2172
3 2172 2176 2192
3 2062 2193 2063
3 2063 2193 2194
3 2065 2196 2195
3 2195 2196 2197
3 2001 2004 2173
3 2173 2004 2198
3 2003 2002 2199
3 2199 2002 2170
3 2197 2200 2170
3 2170 2200 2199
3 2196 2201 2197
3 2197 2201 2200
3 2201 2196 2202
3 2202 2196 2203
3 2195 2197 2172
3 2172 2197 2170
3 2204 2068 2169
3 2169 2068 2205
3 2196 2065 2203
3 2203 2065 2066
3 2106 2206 2107
3 2107 2206 2207
3 2209 2207 2208
3 2208 2207 2206
3 2184 2210 2211
3 2212 2213 2210
3 2210 2213 2211
3 1997 2000 2212
3 2212 2000 2213
3 2133 2214 1998
3 1998 2214 1999
3 2215 2216 2218
3 2218 2216 2217
3 2205 2219 2169
3 2169 2219 2166
3 2068 2067 2205
3 2205 2067 2220
3 2150 1997 2221
3 2221 1997 2212
3 2123 2038 2204
3 2204 2038 2068
3 2141 2222 2142
3 2142 2222 2127
3 2202 2185 2201
3 2201 2185 2184
3 2184 2183 2210
3 2210 2183 2223
3 2223 2224 2221
3 2221 2224 2225
3 2070 2226 2071
3 2071 2226 2227
3 2228 2073 2229
3 2229 2073 2072
3 2073 2228 2112
3 2112 2228 2230
3 2231 2224 2226
3 2226 2224 2223
3 2232 2233 2030
3 2030 2233 2027
3 2235 2230 2234
3 2234 2230 2228
3 2229 2182 2228
3 2228 2182 2234
3 2236 1986 2095
3 2095 1986 1985
3 2151 2237 2180
3 2180 2237 2238
3 2079 2239 2080
3 2080 2239 2240
3 2235 2241 1970
3 1970 2241 1969
3 1924 2112 1922
3 1922 2112 2230
3 2109 1926 2110
3 2110 1926 1927
3 2102 2110 1930
3 1930 2110 1927
3 1930 2242 2102
3 2102 2242 2103
3 2104 2103 2243
3 2243 2103 2242
3 1938 1979 2147
3 2147 1979 2108
3 1979 1943 2108
3 2108 1943 2106
3 1945 2244 2206
3 2206 2244 2208
3 2244 1969 2208
3 2208 1969 2241
3 2230 2235 1922
3 1922 2235 1970
3 2112 1924 2109
3 2109 1924 1926
3 2233 2245 2027
3 2027 2245 2146
3 2246 2247 2057
3 2057 2247 2058
3 2113 2116 2248
3 2248 2116 2249
3 2251 2252 2250
3 2250 2252 2253
3 2093 2014 2090
3 2090 2014 2254
3 2255 2254 2013
3 2013 2254 2014
3 2256 2144 2257
3 2257 2144 2143
3 2130 2160 2122
3 2122 2160 2043
3 2044 2043 2163
3 2163 2043 2160
3 2044 2163 2118
3 2118 2163 2164
3 2258 2119 2164
3 2164 2119 2118
3 2259 2260 2258
3 2258 2260 2119
3 2204 2261 2123
3 2123 2261 2124
3 2179 2262 2177
3 2177 2262 2263
3 2264 2265 2091
3 2091 2265 2092
3 1991 2266 2267
3 2183 2227 2223
3 2223 2227 2226
3 2047 2268 2048
3 2048 2268 2140
3 2128 2167 2156
3 2156 2167 2166
3 2048 2140 2074
3 2074 2140 2139
3 2198 2214 2269
3 2269 2214 2270
3 2141 2140 2271
3 2271 2140 2268
3 2088 2025 2089
3 2089 2025 2101
3 2145 2028 2146
3 2146 2028 2027
3 2110 2102 2111
3 2111 2102 2098
3 2060 2059 2108
3 2108 2059 2147
3 2272 2273 2040
3 2040 2273 2037
3 2259 2274 2260
3 2260 2274 2135
3 2056 2137 2131
3 2131 2137 2275
3 2271 2268 2055
3 2055 2268 2138
3 2276 2277 2269
3 2269 2277 2198
3 2028 2187 2029
3 2029 2187 2186
3 2039 2038 2126
3 2126 2038 2123
3 2063 2194 2082
3 2082 2194 2278
3 2055 2138 2056
3 2056 2138 2137
3 2277 2276 2246
3 2246 2276 2247
3 2061 2175 2062
3 2062 2175 2174
3 2279 2209 2241
3 2241 2209 2208
3 2281 2232 2280
3 2280 2232 2030
3 2215 2218 2282
3 2282 2218 2220
3 2157 2219 2217
3 2217 2219 2218
3 2216 2281 2217
3 2217 2281 2280
3 2219 2157 2166
3 2166 2157 2156
3 2222 2263 2127
3 2127 2263 2262
3 2260 1995 2119
3 2119 1995 1994
3 2212 2210 2221
3 2221 2210 2223
3 2282 2220 2283
3 2283 2220 2067
3 2134 1995 2135
3 2135 1995 2260
3 2143 2080 2257
3 2257 2080 2240
3 2234 2279 2235
3 2235 2279 2241
3 2245 2272 2146
3 2146 2272 2040
3 2035 2284 2031
3 2031 2284 2087
3 2076 2285 2151
3 2151 2285 2237
3 1936 1959 1972
3 1972 1959 1958
3 2069 2231 2070
3 2070 2231 2226
3 2243 2286 2104
3 2104 2286 2105
3 1935 1938 2148
3 2148 1938 2147
3 1943 1945 2106
3 2106 1945 2206
3 2284 2120 2087
3 2087 2120 2026
3 2252 2248 2253
3 2253 2248 2249
3 2005 2008 2076
3 2076 2008 2285
3 2288 2085 2287
3 2287 2085 2086
3 2222 2141 2289
3 2289 2141 2271
3 2127 2130 2142
3 2142 2130 2122
3 2155 2290 2152
3 2152 2290 2174
3 2291 2292 2277
3 2277 2292 2293
3 2074 2139 2122
3 2122 2139 2142
3 2261 2168 2274
3 2274 2168 2179
3 2274 2179 2135
3 2135 2179 2133
3 2273 2283 2037
3 2037 2283 2067
3 2126 2125 2181
3 2181 2125 2165
3 2093 2092 2097
3 2097 2092 2020
3 2097 2020 2098
3 2098 2020 2111
3 2017 2020 2265
3 2265 2020 2092
3 2250 2288 2251
3 2251 2288 2287
3 1996 2150 2225
3 2225 2150 2221
3 2205 2220 2219
3 2219 2220 2218
3 2268 2047 2138
3 2138 2047 2136
3 2158 2157 2280
3 2280 2157 2217
3 2155 2154 2189
3 2189 2154 2190
3 1973 1964 1582
3 1582 1964 1750
3 2087 2026 2088
3 2088 2026 2025
3 2029 2158 2030
3 2030 2158 2280
3 2105 2148 2101
3 2101 2148 2089
3 2286 1935 2105
3 2105 1935 2148
3 2292 2153 2293
3 2293 2153 2152
3 2020 2019 2111
3 2246 2294 2277
3 2277 2294 2291
3 2283 2295 2282
3 2282 2295 2296
3 2297 2295 2273
3 2273 2295 2283
3 2272 2298 2273
3 2273 2298 2297
3 2245 2299 2272
3 2272 2299 2298
3 2282 2296 2215
3 2215 2296 2300
3 2215 2300 2216
3 2216 2300 2301
3 2301 2302 2216
3 2216 2302 2281
3 2303 2300 2304
3 2304 2300 2296
3 2306 2307 2305
3 2305 2307 2308
3 2305 2309 2306
3 2306 2309 2310
3 2306 2311 2307
3 2307 2311 2312
3 2313 2314 2311
3 2311 2314 2315
3 2315 2316 2311
3 2311 2316 2312
3 2316 2304 2312
3 2312 2304 2317
3 2313 2311 2310
3 2310 2311 2306
3 2318 2319 2321
3 2321 2319 2320
3 2321 2310 2318
3 2318 2310 2309
3 2312 2317 2307
3 2307 2317 2308
3 2295 2297 2317
3 2317 2297 2308
3 2308 2297 2322
3 2322 2297 2298
3 2305 2308 2323
3 2323 2308 2322
3 2309 2305 2324
3 2324 2305 2323
3 2295 2317 2296
3 2296 2317 2304
3 2318 2309 2325
3 2325 2309 2324
3 2327 2324 2326
3 2326 2324 2323
3 2324 2327 2325
3 2325 2327 2328
3 2330 2327 2329
3 2329 2327 2326
3 2331 2332 2326
3 2326 2332 2329
3 2327 2330 2328
3 2328 2330 2333
3 2323 2322 2326
3 2326 2322 2331
3 2299 2331 2298
3 2298 2331 2322
3 2325 2334 2318
3 2318 2334 2319
3 2304 2316 2335
3 2335 2316 2315
3 2335 2315 2336
3 2336 2315 2314
3 2337 2303 2335
3 2335 2303 2304
3 2336 2338 2335
3 2335 2338 2337
3 2336 2314 2340
3 2340 2314 2339
3 2341 2299 2233
3 2233 2299 2245
3 2302 2342 2281
3 2281 2342 2232
3 2233 2232 2341
3 2341 2232 2342
3 2341 2342 2332
3 2332 2342 2343
3 2332 2343 2329
3 2329 2343 2344
3 2345 2343 2302
3 2302 2343 2342
3 2331 2299 2332
3 2332 2299 2341
3 2346 2345 2301
3 2301 2345 2302
3 2300 2303 2301
3 2301 2303 2346
3 2303 2337 2346
3 2346 2337 2347
3 2347 2348 2346
3 2346 2348 2345
3 2349 2350 2347
3 2347 2350 2348
3 2348 2344 2345
3 2345 2344 2343
3 2344 2348 2351
3 2351 2348 2350
3 2337 2338 2347
3 2347 2338 2349
3 2349 2338 2352
3 2352 2338 2353
3 2355 2356 2354
3 2354 2356 2352
3 2350 2349 2356
3 2356 2349 2352
3 2352 2353 2354
3 2354 2353 2334
3 2319 2334 2340
3 2340 2334 2353
3 2338 2336 2353
3 2353 2336 2340
3 2351 2330 2344
3 2344 2330 2329
3 2355 2333 2351
3 2351 2333 2330
3 2355 2351 2356
3 2356 2351 2350
3 2354 2328 2355
3 2355 2328 2333
3 2334 2325 2354
3 2354 2325 2328
3 2320 2313 2321
3 2321 2313 2310
3 2320 2319 2339
3 2339 2319 2340
3 2314 2313 2339
3 2339 2313 2320
3 2124 2259 2125
3 2125 2259 2258
3 2156 2159 2128
3 2128 2159 2129
3 2187 2162 2186
3 2186 2162 2161
3 2181 2165 2187
3 2187 2165 2162
3 2179 2168 2262
3 2262 2168 2167
3 2159 2186 2129
3 2129 2186 2161
3 2274 2259 2261
3 2261 2259 2124
3 2127 2262 2128
3 2128 2262 2167
3 2261 2204 2168
3 2168 2204 2169
3 2164 2165 2258
3 2258 2165 2125
3 2358 2359 2357
3 2357 2359 2360
3 2362 2363 2361
3 2361 2363 2364
3 2366 2362 2365
3 2365 2362 2361
3 2367 2368 2370
3 2370 2368 2369
3 2371 2372 2247
3 2247 2372 2058
3 2363 2373 2364
3 2364 2373 2374
3 2376 2377 2375
3 2375 2377 2378
3 2289 2379 2222
3 2222 2379 2380
3 2222 2380 2263
3 2263 2380 2381
3 2383 2384 2382
3 2382 2384 2385
3 2363 2370 2373
3 2373 2370 2386
3 2058 2372 2289
3 2289 2372 2379
3 2377 2359 2378
3 2378 2359 2387
3 2373 2386 2358
3 2358 2386 2388
3 2389 2366 2385
3 2385 2366 2390
3 2392 2393 2391
3 2391 2393 2394
3 2385 2390 2382
3 2382 2390 2395
3 2366 2365 2390
3 2390 2365 2396
3 2362 2366 2367
3 2367 2366 2389
3 2397 2398 2360
3 2360 2398 2357
3 2398 2399 2357
3 2357 2399 2374
3 2389 2400 2367
3 2367 2400 2368
3 2371 2383 2375
3 2375 2383 2382
3 2373 2358 2374
3 2374 2358 2357
3 2401 2402 2364
3 2364 2402 2361
3 2358 2388 2359
3 2359 2388 2387
3 2363 2362 2370
3 2370 2362 2367
3 2404 2397 2403
3 2403 2397 2360
3 2391 2394 2405
3 2405 2394 2396
3 2376 2395 2393
3 2393 2395 2394
3 2393 2392 2403
3 2403 2392 2404
3 2395 2376 2382
3 2382 2376 2375
3 2405 2396 2406
3 2406 2396 2365
3 2399 2401 2374
3 2374 2401 2364
3 2384 2269 2400
3 2400 2269 2270
3 2402 2406 2361
3 2361 2406 2365
3 2370 2369 2386
3 2386 2369 2381
3 2390 2396 2395
3 2395 2396 2394
3 2377 2376 2403
3 2403 2376 2393
3 2359 2377 2360
3 2360 2377 2403
3 2406 2407 2405
3 2405 2407 2408
3 2409 2407 2402
3 2402 2407 2406
3 2410 2409 2401
3 2401 2409 2402
3 2411 2410 2399
3 2399 2410 2401
3 2405 2408 2391
3 2391 2408 2412
3 2391 2412 2392
3 2392 2412 2413
3 2414 2404 2413
3 2413 2404 2392
3 2415 2412 2416
3 2416 2412 2408
3 2418 2419 2417
3 2417 2419 2420
3 2419 2421 2420
3 2420 2421 2422
3 2419 2423 2421
3 2421 2423 2424
3 2425 2426 2423
3 2423 2426 2427
3 2427 2428 2423
3 2423 2428 2424
3 2425 2423 2418
3 2418 2423 2419
3 2418 2417 2430
3 2430 2417 2429
3 2424 2431 2421
3 2421 2431 2422
3 2407 2409 2431
3 2431 2409 2422
3 2422 2409 2432
3 2432 2409 2410
3 2420 2422 2433
3 2433 2422 2432
3 2434 2417 2433
3 2433 2417 2420
3 2428 2416 2424
3 2424 2416 2431
3 2407 2431 2408
3 2408 2431 2416
3 2417 2434 2429
3 2429 2434 2435
3 2437 2434 2436
3 2436 2434 2433
3 2434 2437 2435
3 2435 2437 2438
3 2440 2437 2439
3 2439 2437 2436
3 2441 2442 2436
3 2436 2442 2439
3 2438 2437 2443
3 2443 2437 2440
3 2432 2441 2433
3 2433 2441 2436
3 2411 2441 2410
3 2410 2441 2432
3 2435 2444 2429
3 2429 2444 2445
3 2429 2445 2430
3 2430 2445 2446
3 2416 2428 2447
3 2447 2428 2427
3 2426 2448 2427
3 2427 2448 2447
3 2449 2415 2447
3 2447 2415 2416
3 2450 2449 2448
3 2448 2449 2447
3 2426 2451 2448
3 2448 2451 2452
3 2446 2445 2451
3 2451 2445 2452
3 2453 2411 2398
3 2398 2411 2399
3 2414 2454 2404
3 2404 2454 2397
3 2398 2397 2453
3 2453 2397 2454
3 2453 2454 2442
3 2442 2454 2455
3 2442 2455 2439
3 2439 2455 2456
3 2457 2455 2414
3 2414 2455 2454
3 2442 2441 2453
3 2453 2441 2411
3 2458 2457 2413
3 2413 2457 2414
3 2412 2415 2413
3 2413 2415 2458
3 2458 2415 2459
3 2459 2415 2449
3 2459 2460 2458
3 2458 2460 2457
3 2461 2462 2459
3 2459 2462 2460
3 2460 2456 2457
3 2457 2456 2455
3 2456 2460 2463
3 2463 2460 2462
3 2450 2461 2449
3 2449 2461 2459
3 2461 2450 2464
3 2464 2450 2465
3 2467 2468 2466
3 2466 2468 2464
3 2462 2461 2468
3 2468 2461 2464
3 2464 2465 2466
3 2466 2465 2444
3 2445 2444 2452
3 2452 2444 2465
3 2450 2448 2465
3 2465 2448 2452
3 2463 2440 2456
3 2456 2440 2439
3 2467 2443 2463
3 2463 2443 2440
3 2467 2463 2468
3 2468 2463 2462
3 2466 2438 2467
3 2467 2438 2443
3 2444 2435 2466
3 2466 2435 2438
3 2446 2425 2430
3 2430 2425 2418
3 2426 2425 2451
3 2451 2425 2446
3 2368 2178 2369
3 2369 2178 2177
3 2375 2378 2371
3 2371 2378 2372
3 2388 2380 2387
3 2387 2380 2379
3 2386 2381 2388
3 2388 2381 2380
3 2269 2384 2276
3 2276 2384 2383
3 2378 2387 2372
3 2372 2387 2379
3 2400 2270 2368
3 2368 2270 2178
3 2247 2276 2371
3 2371 2276 2383
3 2400 2389 2384
3 2384 2389 2385
3 2263 2381 2177
3 2177 2381 2369
3 2214 2133 2270
3 2270 2133 2178
3 2004 1999 2198
3 2198 1999 2214
3 2003 2000 2004
3 2004 2000 1999
3 2199 2213 2003
3 2003 2213 2000
3 2469 2470 2472
3 2472 2470 2471
3 2474 2475 2473
3 2473 2475 2476
3 2478 2474 2477
3 2477 2474 2473
3 2480 2481 2479
3 2479 2481 2482
3 2475 2483 2476
3 2476 2483 2484
3 2486 2487 2485
3 2485 2487 2488
3 2132 2489 2057
3 2057 2489 2490
3 2057 2490 2246
3 2246 2490 2491
3 2493 2494 2492
3 2492 2494 2495
3 2475 2482 2483
3 2483 2482 2496
3 2471 2497 2487
3 2487 2497 2488
3 2483 2496 2470
3 2470 2496 2498
3 2499 2478 2495
3 2495 2478 2500
3 2501 2502 2504
3 2504 2502 2503
3 2495 2500 2492
3 2492 2500 2505
3 2478 2477 2500
3 2500 2477 2506
3 2474 2478 2479
3 2479 2478 2499
3 2507 2508 2472
3 2472 2508 2469
3 2508 2509 2469
3 2469 2509 2484
3 2510 2480 2499
3 2499 2480 2479
3 2511 2493 2485
3 2485 2493 2492
3 2484 2483 2469
3 2469 2483 2470
3 2512 2513 2476
3 2476 2513 2473
3 2470 2498 2471
3 2471 2498 2497
3 2475 2474 2482
3 2482 2474 2479
3 2515 2507 2514
3 2514 2507 2472
3 2501 2504 2516
3 2516 2504 2506
3 2503 2486 2504
3 2504 2486 2505
3 2502 2515 2503
3 2503 2515 2514
3 2505 2486 2492
3 2492 2486 2485
3 2516 2506 2517
3 2517 2506 2477
3 2509 2512 2484
3 2484 2512 2476
3 2510 2494 2292
3 2292 2494 2153
3 2513 2517 2473
3 2473 2517 2477
3 2482 2481 2496
3 2496 2481 2491
3 2500 2506 2505
3 2505 2506 2504
3 2487 2486 2514
3 2514 2486 2503
3 2471 2487 2472
3 2472 2487 2514
3 2517 2518 2516
3 2516 2518 2519
3 2520 2518 2513
3 2513 2518 2517
3 2521 2520 2512
3 2512 2520 2513
3 2522 2521 2509
3 2509 2521 2512
3 2516 2519 2501
3 2501 2519 2523
3 2501 2523 2502
3 2502 2523 2524
3 2524 2525 2502
3 2502 2525 2515
3 2526 2523 2527
3 2527 2523 2519
3 2529 2530 2528
3 2528 2530 2531
3 2530 2532 2531
3 2531 2532 2533
3 2530 2534 2532
3 2532 2534 2535
3 2536 2537 2534
3 2534 2537 2538
3 2538 2539 2534
3 2534 2539 2535
3 2536 2534 2529
3 2529 2534 2530
3 2528 2540 2529
3 2529 2540 2541
3 2542 2533 2535
3 2535 2533 2532
3 2518 2520 2542
3 2542 2520 2533
3 2533 2520 2543
3 2543 2520 2521
3 2531 2533 2544
3 2544 2533 2543
3 2528 2531 2545
3 2545 2531 2544
3 2535 2539 2542
3 2542 2539 2527
3 2518 2542 2519
3 2519 2542 2527
3 2540 2528 2546
3 2546 2528 2545
3 2547 2548 2544
3 2544 2548 2545
3 2548 2549 2545
3 2545 2549 2546
3 2550 2551 2547
3 2547 2551 2548
3 2547 2552 2550
3 2550 2552 2553
3 2549 2548 2554
3 2554 2548 2551
3 2544 2543 2547
3 2547 2543 2552
3 2522 2552 2521
3 2521 2552 2543
3 2546 2555 2540
3 2540 2555 2556
3 2540 2556 2541
3 2541 2556 2557
3 2527 2539 2558
3 2558 2539 2538
3 2537 2559 2538
3 2538 2559 2558
3 2560 2526 2558
3 2558 2526 2527
3 2559 2561 2558
3 2558 2561 2560
3 2559 2537 2563
3 2563 2537 2562
3 2557 2556 2562
3 2562 2556 2563
3 2564 2522 2508
3 2508 2522 2509
3 2525 2565 2515
3 2515 2565 2507
3 2508 2507 2564
3 2564 2507 2565
3 2564 2565 2553
3 2553 2565 2566
3 2553 2566 2550
3 2550 2566 2567
3 2568 2566 2525
3 2525 2566 2565
3 2552 2522 2553
3 2553 2522 2564
3 2569 2568 2524
3 2524 2568 2525
3 2523 2526 2524
3 2524 2526 2569
3 2526 2560 2569
3 2569 2560 2570
3 2570 2571 2569
3 2569 2571 2568
3 2572 2573 2570
3 2570 2573 2571
3 2571 2567 2568
3 2568 2567 2566
3 2567 2571 2574
3 2574 2571 2573
3 2561 2572 2560
3 2560 2572 2570
3 2572 2561 2575
3 2575 2561 2576
3 2578 2579 2577
3 2577 2579 2575
3 2573 2572 2579
3 2579 2572 2575
3 2575 2576 2577
3 2577 2576 2555
3 2556 2555 2563
3 2563 2555 2576
3 2561 2559 2576
3 2576 2559 2563
3 2574 2551 2567
3 2567 2551 2550
3 2578 2554 2574
3 2574 2554 2551
3 2578 2574 2579
3 2579 2574 2573
3 2549 2554 2577
3 2577 2554 2578
3 2555 2546 2577
3 2577 2546 2549
3 2557 2536 2541
3 2541 2536 2529
3 2537 2536 2562
3 2562 2536 2557
3 2291 2294 2480
3 2480 2294 2481
3 2485 2488 2511
3 2511 2488 2580
3 2498 2490 2497
3 2497 2490 2489
3 2496 2491 2498
3 2498 2491 2490
3 2154 2153 2493
3 2493 2153 2494
3 2580 2488 2489
3 2489 2488 2497
3 2292 2291 2510
3 2510 2291 2480
3 2190 2154 2511
3 2511 2154 2493
3 2499 2495 2510
3 2510 2495 2494
3 2246 2491 2294
3 2294 2491 2481
3 2582 2583 2581
3 2581 2583 2584
3 2586 2587 2585
3 2585 2587 2588
3 2590 2586 2589
3 2589 2586 2585
3 2592 2593 2591
3 2591 2593 2594
3 2595 2596 2598
3 2598 2596 2597
3 2587 2599 2588
3 2588 2599 2600
3 2601 2602 2604
3 2604 2602 2603
3 2605 2606 2608
3 2608 2606 2607
3 2608 2607 2189
3 2189 2607 2609
3 2610 2611 2613
3 2613 2611 2612
3 2599 2587 2614
3 2614 2587 2594
3 2598 2597 2605
3 2605 2597 2606
3 2583 2615 2603
3 2603 2615 2604
3 2599 2614 2582
3 2582 2614 2616
3 2590 2618 2617
3 2617 2618 2613
3 2620 2621 2619
3 2619 2621 2622
3 2618 2623 2613
3 2613 2623 2610
3 2590 2589 2618
3 2618 2589 2624
3 2586 2590 2591
3 2591 2590 2617
3 2625 2626 2584
3 2584 2626 2581
3 2626 2627 2581
3 2581 2627 2600
3 2628 2592 2617
3 2617 2592 2591
3 2601 2596 2610
3 2610 2596 2611
3 2599 2582 2600
3 2600 2582 2581
3 2629 2630 2588
3 2588 2630 2585
3 2582 2616 2583
3 2583 2616 2615
3 2587 2586 2594
3 2594 2586 2591
3 2632 2625 2631
3 2631 2625 2584
3 2619 2622 2633
3 2633 2622 2624
3 2621 2602 2622
3 2622 2602 2623
3 2620 2632 2621
3 2621 2632 2631
3 2610 2623 2601
3 2601 2623 2602
3 2633 2624 2634
3 2634 2624 2589
3 2627 2629 2600
3 2600 2629 2588
3 2612 2194 2628
3 2628 2194 2193
3 2630 2634 2585
3 2585 2634 2589
3 2594 2593 2614
3 2614 2593 2609
3 2618 2624 2623
3 2623 2624 2622
3 2631 2603 2621
3 2621 2603 2602
3 2584 2583 2631
3 2631 2583 2603
3 2634 2635 2633
3 2633 2635 2636
3 2637 2635 2630
3 2630 2635 2634
3 2638 2637 2629
3 2629 2637 2630
3 2639 2638 2627
3 2627 2638 2629
3 2633 2636 2619
3 2619 2636 2640
3 2619 2640 2620
3 2620 2640 2641
3 2641 2642 2620
3 2620 2642 2632
3 2640 2636 2643
3 2643 2636 2644
3 2645 2646 2648
3 2648 2646 2647
3 2647 2649 2648
3 2648 2649 2650
3 2647 2651 2649
3 2649 2651 2652
3 2651 2653 2655
3 2655 2653 2654
3 2655 2656 2651
3 2651 2656 2652
3 2653 2651 2646
3 2646 2651 2647
3 2646 2645 2658
3 2658 2645 2657
3 2659 2650 2652
3 2652 2650 2649
3 2635 2637 2659
3 2659 2637 2650
3 2650 2637 2660
3 2660 2637 2638
3 2650 2660 2648
3 2648 2660 2661
3 2662 2645 2661
3 2661 2645 2648
3 2652 2656 2659
3 2659 2656 2644
3 2635 2659 2636
3 2636 2659 2644
3 2645 2662 2657
3 2657 2662 2663
3 2664 2665 2661
3 2661 2665 2662
3 2665 2666 2662
3 2662 2666 2663
3 2667 2668 2664
3 2664 2668 2665
3 2664 2669 2667
3 2667 2669 2670
3 2666 2665 2671
3 2671 2665 2668
3 2661 2660 2664
3 2664 2660 2669
3 2639 2669 2638
3 2638 2669 2660
3 2672 2673 2663
3 2663 2673 2657
3 2657 2673 2658
3 2658 2673 2674
3 2644 2656 2675
3 2675 2656 2655
3 2676 2675 2654
3 2654 2675 2655
3 2675 2677 2644
3 2644 2677 2643
3 2676 2678 2675
3 2675 2678 2677
3 2654 2679 2676
3 2676 2679 2680
3 2674 2673 2679
3 2679 2673 2680
3 2681 2639 2626
3 2626 2639 2627
3 2642 2682 2632
3 2632 2682 2625
3 2681 2626 2682
3 2682 2626 2625
3 2682 2683 2681
3 2681 2683 2670
3 2683 2684 2670
3 2670 2684 2667
3 2685 2683 2642
3 2642 2683 2682
3 2669 2639 2670
3 2670 2639 2681
3 2686 2685 2641
3 2641 2685 2642
3 2641 2640 2686
3 2686 2640 2643
3 2686 2643 2687
3 2687 2643 2677
3 2687 2688 2686
3 2686 2688 2685
3 2689 2690 2687
3 2687 2690 2688
3 2688 2684 2685
3 2685 2684 2683
3 2684 2688 2691
3 2691 2688 2690
3 2678 2689 2677
3 2677 2689 2687
3 2689 2678 2692
3 2692 2678 2693
3 2695 2696 2694
3 2694 2696 2692
3 2690 2689 2696
3 2696 2689 2692
3 2692 2693 2694
3 2694 2693 2672
3 2673 2672 2680
3 2680 2672 2693
3 2678 2676 2693
3 2693 2676 2680
3 2684 2691 2667
3 2667 2691 2668
3 2695 2671 2691
3 2691 2671 2668
3 2695 2691 2696
3 2696 2691 2690
3 2694 2666 2695
3 2695 2666 2671
3 2672 2663 2694
3 2694 2663 2666
3 2674 2653 2658
3 2658 2653 2646
3 2654 2653 2679
3 2679 2653 2674
3 2290 2155 2592
3 2592 2155 2593
3 2596 2601 2597
3 2597 2601 2604
3 2615 2616 2606
3 2606 2616 2607
3 2614 2609 2616
3 2616 2609 2607
3 2596 2595 2611
3 2611 2595 2697
3 2597 2604 2606
3 2606 2604 2615
3 2193 2290 2628
3 2628 2290 2592
3 2628 2617 2612
3 2612 2617 2613
3 2189 2609 2155
3 2155 2609 2593
3 2699 2009 2698
3 2698 2009 2085
3 2266 2700 2115
3 2115 2700 2701
3 2115 2701 2116
3 2116 2701 2702
3 2703 2704 2249
3 2249 2704 2253
3 2010 2705 2266
3 2266 2705 2700
3 2698 2085 2706
3 2706 2085 2288
3 2009 2699 2010
3 2010 2699 2705
3 2707 2706 2250
3 2250 2706 2288
3 2702 2703 2116
3 2116 2703 2249
3 2704 2707 2253
3 2253 2707 2250
3 2708 2709 2707
3 2707 2709 2706
3 2710 2708 2704
3 2704 2708 2707
3 2711 2710 2703
3 2703 2710 2704
3 2712 2711 2702
3 2702 2711 2703
3 2706 2709 2698
3 2698 2709 2713
3 2698 2713 2699
3 2699 2713 2714
3 2715 2705 2714
3 2714 2705 2699
3 2713 2709 2716
3 2716 2709 2717
3 2719 2720 2718
3 2718 2720 2721
3 2720 2722 2721
3 2721 2722 2723
3 2720 2724 2722
3 2722 2724 2725
3 2726 2727 2724
3 2724 2727 2725
3 2728 2724 2719
3 2719 2724 2720
3 2730 2728 2729
3 2729 2728 2719
3 2718 2731 2719
3 2719 2731 2729
3 2725 2732 2722
3 2722 2732 2723
3 2708 2710 2732
3 2732 2710 2723
3 2723 2710 2733
3 2733 2710 2711
3 2721 2723 2734
3 2734 2723 2733
3 2718 2721 2735
3 2735 2721 2734
3 2725 2727 2732
3 2732 2727 2717
3 2708 2732 2709
3 2709 2732 2717
3 2731 2718 2736
3 2736 2718 2735
3 2737 2738 2734
3 2734 2738 2735
3 2738 2739 2735
3 2735 2739 2736
3 2740 2741 2737
3 2737 2741 2738
3 2737 2742 2740
3 2740 2742 2743
3 2739 2738 2744
3 2744 2738 2741
3 2734 2733 2737
3 2737 2733 2742
3 2712 2742 2711
3 2711 2742 2733
3 2736 2745 2731
3 2731 2745 2746
3 2731 2746 2729
3 2729 2746 2730
3 2717 2727 2747
3 2747 2727 2726
3 2748 2749 2726
3 2726 2749 2747
3 2747 2750 2717
3 2717 2750 2716
3 2749 2751 2747
3 2747 2751 2750
3 2749 2748 2753
3 2753 2748 2752
3 2730 2746 2752
3 2752 2746 2753
3 2726 2724 2748
3 2748 2724 2728
3 2748 2728 2752
3 2752 2728 2730
3 2701 2754 2702
3 2702 2754 2712
3 2705 2715 2700
3 2700 2715 2755
3 2754 2701 2755
3 2755 2701 2700
3 2755 2756 2754
3 2754 2756 2743
3 2756 2757 2743
3 2743 2757 2740
3 2758 2756 2715
3 2715 2756 2755
3 2742 2712 2743
3 2743 2712 2754
3 2759 2758 2714
3 2714 2758 2715
3 2714 2713 2759
3 2759 2713 2716
3 2759 2716 2760
3 2760 2716 2750
3 2760 2761 2759
3 2759 2761 2758
3 2762 2763 2760
3 2760 2763 2761
3 2761 2757 2758
3 2758 2757 2756
3 2757 2761 2764
3 2764 2761 2763
3 2751 2762 2750
3 2750 2762 2760
3 2762 2751 2765
3 2765 2751 2766
3 2767 2768 2765
3 2765 2768 2769
3 2763 2762 2769
3 2769 2762 2765
3 2765 2766 2767
3 2767 2766 2745
3 2746 2745 2753
3 2753 2745 2766
3 2751 2749 2766
3 2766 2749 2753
3 2757 2764 2740
3 2740 2764 2741
3 2768 2744 2764
3 2764 2744 2741
3 2768 2764 2769
3 2769 2764 2763
3 2767 2739 2768
3 2768 2739 2744
3 2745 2736 2767
3 2767 2736 2739
3 2200 2211 2199
3 2199 2211 2213
3 2200 2201 2211
3 2211 2201 2184
3 2511 2580 2190
3 2190 2580 2191
3 2058 2289 2055
3 2055 2289 2271
3 2173 2198 2293
3 2293 2198 2277
3 2062 2174 2193
3 2193 2174 2290
3 2191 2580 2132
3 2132 2580 2489
3 2132 2131 2191
3 2191 2131 2188
3 2053 2275 2054
3 2054 2275 2137
3 2082 2278 2083
3 2083 2278 2770
3 2770 2278 2598
3 2598 2278 2595
3 2605 2771 2598
3 2598 2771 2770
3 2771 2772 2770
3 2770 2772 2083
3 2772 2773 2083
3 2083 2773 2084
3 2084 2774 2081
3 2081 2774 2143
3 2773 2077 2084
3 2084 2077 2774
3 2077 2773 2078
3 2078 2773 2775
3 2773 2772 2775
3 2775 2772 2776
3 2772 2771 2776
3 2776 2771 2777
3 2189 2188 2608
3 2608 2188 2777
3 2052 2051 2778
3 2778 2051 2180
3 2143 2774 2080
3 2080 2774 2077
3 2293 2152 2173
3 2173 2152 2174
3 2131 2275 2188
3 2188 2275 2777
3 2605 2608 2771
3 2771 2608 2777
3 2194 2612 2697
3 2697 2612 2611
3 2595 2278 2697
3 2697 2278 2194
3 2053 2776 2275
3 2275 2776 2777
3 2776 2053 2775
3 2775 2053 2052
3 2052 2778 2775
3 2775 2778 2078
3 2778 2180 2078
3 2078 2180 2079
3 2180 2238 2079
3 2079 2238 2239
3 2121 2255 2013
3 2041 1981 2075
3 2075 1981 2006
3 1981 1984 2006
3 2006 1984 2007
3 2094 2096 2264
3 2264 2096 2265
3 2075 2049 2041
3 2041 2049 2046
3 2045 2042 2046
3 2046 2042 2041
3 2117 1992 2045
3 2045 1992 2042
3 1994 1993 2117
3 2117 1993 1992
3 2266 1991 2010
3 2010 1991 2011
3 1996 2011 1993
3 1993 2011 1991
3 2225 2012 1996
3 1996 2012 2011
3 2224 2086 2225
3 2225 2086 2012
3 2224 2231 2086
3 2086 2231 2287
3 2231 2069 2287
3 2287 2069 2251
3 2069 2024 2251
3 2251 2024 2252
3 1987 2248 2024
3 2024 2248 2252
3 2115 2114 2266
3 2266 2114 2267
3 2095 1983 2236
3 2236 1983 1990
3 2094 1984 2095
3 2095 1984 1983
3 2264 2007 2094
3 2094 2007 1984
3 2091 2008 2264
3 2264 2008 2007
3 2090 2285 2091
3 2091 2285 2008
3 2254 2237 2090
3 2090 2237 2285
3 2255 2238 2254
3 2254 2238 2237
3 2121 2239 2255
3 2255 2239 2238
3 2120 2240 2121
3 2121 2240 2239
3 2021 2017 2096
3 2096 2017 2265
3 2021 2023 2017
3 2017 2023 2018
3 2023 2071 2018
3 2018 2071 2072
3 2071 2227 2072
3 2072 2227 2229
3 2227 2183 2229
3 2229 2183 2182
3 2120 2284 2240
3 2240 2284 2257
3 2284 2035 2257
3 2257 2035 2256
3 2176 2144 2192
3 2192 2144 2256
3 2172 2192 2195
3 2195 2192 2036
3 2035 2036 2256
3 2256 2036 2192
3 2195 2036 2065
3 2065 2036 2034
3 2060 2107 2033
3 2033 2107 2066
3 2107 2207 2066
3 2066 2207 2203
3 2207 2209 2203
3 2203 2209 2202
3 2209 2279 2202
3 2202 2279 2185
3 2182 2185 2234
3 2234 2185 2279
3 1986 2113 1987
3 1987 2113 2248
3 2236 2114 1986
3 1986 2114 2113
3 1990 2267 2236
3 2236 2267 2114
3 1990 1989 2267
3 2267 1989 1991
3 106 109 2780
3 2780 109 2779
3 116 2781 117
3 117 2781 2782
3 118 2783 119
3 119 2783 2784
3 124 2785 125
3 125 2785 2786
3 126 2787 127
3 127 2787 2788
3 126 131 2787
3 2787 131 2789
3 230 229 2791
3 2791 229 2790
3 117 2782 118
3 118 2782 2783
3 240 242 2793
3 2793 242 2792
3 2780 2794 106
3 106 2794 351
3 119 2784 436
3 436 2784 2795
3 125 2786 109
3 109 2786 2779
3 454 2796 455
3 455 2796 2797
3 127 2788 456
3 456 2788 2798
3 455 2797 116
3 116 2797 2781
3 2793 2796 240
3 240 2796 454
3 456 2798 124
3 124 2798 2785
3 131 230 2789
3 2789 230 2791
3 229 436 2790
3 2790 436 2795
3 2791 2788 2789
3 2789 2788 2787
3 2784 2783 2800
3 2800 2783 2799
3 2785 2801 2786
3 2786 2801 2802
3 2791 2790 2804
3 2804 2790 2803
3 2783 2782 2799
3 2799 2782 2805
3 2784 2800 2795
3 2795 2800 2806
3 2786 2802 2779
3 2779 2802 2807
3 2788 2808 2798
3 2798 2808 2809
3 2798 2809 2785
3 2785 2809 2801
3 2790 2795 2803
3 2803 2795 2806
3 2788 2791 2808
3 2808 2791 2804
3 2811 2796 2810
3 2810 2796 2793
3 2808 2804 2809
3 2809 2804 2803
3 2809 2803 2801
3 2801 2803 2806
3 2801 2806 2802
3 2802 2806 2800
3 2807 2802 2799
3 2799 2802 2800
3 2813 698 2812
3 2812 698 697
3 2807 2814 2779
3 2779 2814 2780
3 2816 2781 2815
3 2815 2781 2797
3 2814 2817 2780
3 2780 2817 2794
3 2796 2811 2797
3 2797 2811 2815
3 2782 2781 2805
3 2805 2781 2816
3 2799 2805 2807
3 2807 2805 2814
3 2793 2792 2810
3 2810 2792 2818
3 173 200 383
3 383 200 361
3 199 1765 389
3 389 1765 1776
3 1776 1777 389
3 389 1777 397
3 1777 360 397
3 397 360 221
3 2819 2820 627
3 627 2820 628
3 1405 2819 789
3 789 2819 627
3 793 1414 1232
3 1232 1414 1233
3 1405 789 1406
3 1406 789 1311
3 1406 1311 2821
3 2821 1311 1315
3 2822 1379 1542
3 1542 1379 1378
3 1384 1737 1381
3 1381 1737 1382
3 1380 790 1381
3 1381 790 1385
3 790 793 1385
3 1385 793 1232
3 1258 1389 1259
3 1259 1389 1388
3 1904 1541 1393
3 1393 1541 1394
3 1409 1412 1396
3 1396 1412 1397
3 2820 1409 628
3 628 1409 1396
3 2822 2821 1379
3 1379 2821 1315
3 1391 1394 1377
3 1377 1394 1378
3 1737 1398 1382
3 1382 1398 1397
3 1387 1234 1388
3 1388 1234 1233
3 1392 1390 1393
3 1393 1390 1389
3 1380 1383 778
3 778 1383 779
3 1281 787 791
3 791 787 792
3 1430 1261 1431
3 1431 1261 1260
3 1399 1341 1407
3 1407 1341 1408
3 1507 1543 1410
3 1410 1543 1411
3 787 786 792
3 792 786 1413
3 2820 2819 1428
3 1428 2819 1429
3 2821 2822 1505
3 1505 2822 1506
3 777 1281 778
3 778 1281 791
3 2819 1405 1429
3 1429 1405 1408
3 1409 2820 1410
3 1410 2820 1428
3 1406 2821 1407
3 1407 2821 1505
3 1543 780 1411
3 1411 780 779
3 1259 1414 1260
3 1260 1414 1413
3 1333 2823 922
3 922 2823 923
3 2825 1267 2824
3 2824 1267 1266
3 768 1211 2826
3 2826 1211 2827
3 1491 1189 1265
3 1265 1189 1266
3 1487 2828 1488
3 1488 2828 2829
3 921 1328 922
3 922 1328 1327
3 1483 2830 1484
3 1484 2830 2831
3 1481 2832 1484
3 1484 2832 1485
3 1323 1492 1488
3 1488 1492 1489
3 1264 1490 1265
3 1265 1490 1489
3 2834 2835 2833
3 2833 2835 2836
3 1249 2837 2826
3 2826 2837 2838
3 1487 1490 2839
3 2839 1490 2840
3 1267 2825 2841
3 2841 2825 2842
3 2843 2844 1494
3 1494 2844 1495
3 1426 2846 2845
3 2845 2846 925
3 2828 1487 2847
3 2847 1487 2839
3 1328 921 2848
3 2848 921 926
3 2849 2850 767
3 767 2850 1212
3 1264 1267 2851
3 2851 1267 2841
3 1490 1264 2840
3 2840 1264 2851
3 2853 2854 2852
3 2852 2854 2855
3 2854 2856 2855
3 2855 2856 597
3 2856 2857 597
3 597 2857 594
3 2857 2858 594
3 594 2858 625
3 648 651 2859
3 2859 651 2860
3 638 641 2861
3 2861 641 2862
3 2863 704 2861
3 2861 704 638
3 2864 1417 2863
3 2863 1417 704
3 2865 2866 2864
3 2864 2866 1417
3 1759 1347 1760
3 1760 1347 2866
3 1763 2867 1196
3 1196 2867 1197
3 2868 610 2867
3 2867 610 1197
3 2869 611 2868
3 2868 611 610
3 1351 1349 943
3 943 1349 687
3 1349 1255 687
3 687 1255 684
3 1255 1254 684
3 684 1254 691
3 1254 2870 691
3 691 2870 2871
3 700 2872 697
3 697 2872 2812
3 2871 1348 691
3 691 1348 692
3 1695 1743 1573
3 1573 1743 1574
3 1752 1617 1576
3 1576 1617 1577
3 1728 1593 1607
3 1607 1593 1608
3 1724 1629 1610
3 1610 1629 1611
3 1603 1606 1624
3 1624 1606 1625
3 1623 1702 1624
3 1624 1702 1911
3 1702 1701 1911
3 1911 1701 1912
3 1701 1752 1912
3 1912 1752 1576
3 1597 1568 1914
3 1914 1568 1577
3 1615 1614 1914
3 1914 1614 1915
3 1614 1695 1915
3 1915 1695 1573
3 1743 1744 1574
3 1574 1744 1916
3 1744 1564 1916
3 1916 1564 1608
3 1567 1724 1607
3 1607 1724 1610
3 2873 1612 1917
3 1917 1612 1611
3 1606 2873 1625
3 1625 2873 1917
3 1609 1612 1561
3 1561 1612 1562
3 1546 1549 1569
3 1569 1549 1570
3 1572 1575 1579
3 1579 1575 1580
3 1552 1555 1594
3 1594 1555 1595
3 1555 1581 1595
3 1595 1581 1580
3 1550 1546 1598
3 1598 1546 1569
3 1730 1913 1600
3 1600 1913 1601
3 1685 1688 1604
3 1604 1688 1605
3 1597 1742 1598
3 1598 1742 1691
3 2873 1606 1722
3 1722 1606 1605
3 1726 1552 1729
3 1729 1552 1594
3 1599 1685 1600
3 1600 1685 1604
3 1913 1571 1601
3 1601 1571 1570
3 1578 1692 1579
3 1579 1692 1691
3 1612 2873 1562
3 1562 2873 1722
3 1560 1726 1561
3 1561 1726 1729
3 1948 1741 1547
3 1547 1741 1548
3 1693 1948 1551
3 1551 1948 1547
3 1953 1588 1553
3 1553 1588 1554
3 1692 1578 1557
3 1557 1578 1558
3 1560 1563 1583
3 1583 1563 1584
3 1581 1555 1587
3 1587 1555 1554
3 1599 1602 1590
3 1590 1602 1591
3 1980 1976 1686
3 1686 1976 1687
3 1563 1721 1584
3 1584 1721 1689
3 1550 1692 1551
3 1551 1692 1557
3 1750 1953 1727
3 1727 1953 1553
3 1589 1980 1590
3 1590 1980 1686
3 1602 1549 1591
3 1591 1549 1548
3 1976 1690 1687
3 1687 1690 1689
3 1586 1559 1587
3 1587 1559 1558
3 1726 1560 1727
3 1727 1560 1583
3 2874 1918 1946
3 1946 1918 1947
3 1556 1559 1951
3 1951 1559 1952
3 1932 1931 1954
3 1954 1931 1955
3 1586 1588 1957
3 1957 1588 1955
3 1958 1932 1964
3 1964 1932 1954
3 1960 1963 1965
3 1965 1963 1966
3 1980 1589 1968
3 1968 1589 1966
3 1741 1948 1971
3 1971 1948 1947
3 1592 1741 1965
3 1965 1741 1971
3 1956 1949 1957
3 1957 1949 1952
3 1582 1585 1973
3 1973 1585 1974
3 1939 1942 1977
3 1977 1942 1978
3 1942 1975 1978
3 1978 1975 1974
3 1950 2874 1951
3 1951 2874 1946
3 1967 1939 1968
3 1968 1939 1977
3 1972 1958 1973
3 1973 1958 1964
3 1922 1970 1919
3 1919 1970 1920
3 1918 2874 1919
3 1919 2874 1923
3 2874 1950 1923
3 1923 1950 1925
3 1949 1956 1928
3 1928 1956 1929
3 2243 2242 1933
3 1933 2242 1934
3 1972 1975 1936
3 1936 1975 1937
3 1943 1979 1940
3 1940 1979 1941
3 1939 1967 1940
3 1940 1967 1944
3 2286 2243 1959
3 1959 2243 1933
3 1969 2244 1961
3 1961 2244 1962
3 2242 1930 1934
3 1934 1930 1929
3 1926 1925 1927
3 1927 1925 1928
3 1960 1921 1961
3 1961 1921 1920
3 2244 1945 1962
3 1962 1945 1944
3 1975 1942 1937
3 1937 1942 1941
3 1935 2286 1936
3 1936 2286 1959
3 742 1237 607
3 607 1237 608
3 606 1810 607
3 607 1810 743
3 1303 2875 1304
3 1304 2875 2876
3 585 584 1297
3 1297 584 1298
3 584 701 1298
3 1298 701 1299
3 701 1427 1299
3 1299 1427 1300
3 1237 585 608
3 608 585 1297
3 2877 2878 1217
3 1217 2878 2876
3 2879 2880 1811
3 1811 2880 1818
3 2882 1820 2881
3 2881 1820 1819
3 2839 2840 619
3 619 2840 620
3 2841 2842 794
3 794 2842 795
3 891 894 2843
3 2843 894 2844
3 2847 2839 941
3 941 2839 619
3 2848 926 1201
3 1201 926 1202
3 2851 2841 1269
3 1269 2841 794
3 2840 2851 620
3 620 2851 1269
3 940 1758 941
3 941 1758 2883
3 658 928 1426
3 1426 928 2846
3 1236 2850 750
3 750 2850 2849
3 1215 2884 1216
3 1216 2884 1753
3 2886 733 2885
3 2885 733 732
3 2888 1815 2887
3 2887 1815 1814
3 2889 1244 2888
3 2888 1244 1815
3 1823 2890 1824
3 1824 2890 1245
3 2891 2892 2894
3 2894 2892 2893
3 1853 1832 1850
3 1850 1832 1831
3 1850 1831 1883
3 1883 1831 1875
3 1883 1875 1440
3 1440 1875 1442
3 1440 1442 1441
3 1441 1442 1445
3 1441 1445 2895
3 2895 1445 1506
3 2896 2822 2897
3 2897 2822 1542
3 1541 2898 1542
3 1542 2898 2897
3 1541 1904 2898
3 2898 1904 2899
3 1904 1258 2899
3 2899 1258 2900
3 1261 1430 2901
3 2901 1430 1903
3 1430 1433 1903
3 1903 1433 1901
3 1901 1433 2902
3 2902 1433 718
3 2902 718 2903
3 2903 718 717
3 1868 1880 717
3 717 1880 2903
3 1880 1868 1879
3 1879 1868 755
3 1879 755 2904
3 2904 755 754
3 2904 754 2905
3 2905 754 757
3 761 2906 762
3 762 2906 2907
3 723 722 2908
3 2908 722 893
3 795 894 722
3 722 894 893
3 2842 2844 795
3 795 2844 894
3 2825 1495 2842
3 2842 1495 2844
3 2824 1496 2825
3 2825 1496 1495
3 1188 2835 2824
3 2824 2835 1496
3 796 890 797
3 797 890 2836
3 801 887 796
3 796 887 890
3 2909 2910 2912
3 2912 2910 2911
3 1779 1782 2914
3 2914 1782 2913
3 2915 2916 830
3 830 2916 831
3 2917 2918 844
3 844 2918 845
3 2919 2915 846
3 846 2915 830
3 2920 2921 856
3 856 2921 857
3 2922 2923 859
3 859 2923 860
3 2918 2911 845
3 845 2911 886
3 2924 2919 939
3 939 2919 846
3 2923 2925 860
3 860 2925 1203
3 2916 2917 831
3 831 2917 844
3 2926 2927 1448
3 1448 2927 1449
3 2928 2929 888
3 888 2929 2930
3 2895 1506 2896
3 2896 1506 2822
3 2901 2900 1261
3 1261 2900 1258
3 2931 2932 749
3 749 2932 1235
3 2932 2933 1235
3 1235 2933 1834
3 2935 2936 2934
3 2934 2936 2937
3 2939 2940 2938
3 2938 2940 2941
3 2942 2943 1840
3 1840 2943 1841
3 2944 1859 2943
3 2943 1859 1841
3 2944 2945 1859
3 1859 2945 1858
3 1888 2946 1889
3 1889 2946 1855
3 1855 2946 1856
3 1856 2946 2947
3 2949 708 2948
3 2948 708 1828
3 2951 729 2950
3 2950 729 728
3 2865 2952 2866
3 2866 2952 1760
3 2952 2953 1760
3 1760 2953 1419
3 2953 2954 1419
3 1419 2954 741
3 2954 2955 741
3 741 2955 738
3 2955 2956 738
3 738 2956 759
3 2956 2957 759
3 759 2957 760
3 2957 2958 760
3 760 2958 2959
3 2958 2960 2959
3 2959 2960 2961
3 2962 2963 1838
3 1838 2963 1839
3 2963 2964 1839
3 1839 2964 2941
3 2965 2949 2938
3 2938 2949 2948
3 2934 2966 2935
3 2935 2966 2967
3 2968 2969 735
3 735 2969 734
3 733 2886 1814
3 1814 2886 2887
3 2886 2881 2887
3 2887 2881 2880
3 1818 1819 1816
3 1816 1819 747
3 1194 1756 1196
3 1196 1756 1423
3 1756 646 1423
3 1423 646 645
3 646 647 645
3 645 647 642
3 647 1270 642
3 642 1270 736
3 1270 724 736
3 736 724 764
3 724 723 764
3 764 723 761
3 761 723 2906
3 2906 723 2908
3 1253 1436 2908
3 2908 1436 2906
3 1437 1252 1835
3 1835 1252 1834
3 1835 1834 2937
3 2937 1834 2933
3 2970 2971 2934
3 2934 2971 2966
3 896 895 2968
3 2968 895 2969
3 1814 1813 733
3 733 1813 730
3 727 1214 895
3 895 1214 731
3 2884 1215 732
3 732 1215 2885
3 1215 1218 2885
3 2885 1218 2882
3 2875 1303 1820
3 1820 1303 748
3 1303 1302 748
3 748 1302 745
3 1817 2972 1816
3 1816 2972 1809
3 746 2973 1817
3 1817 2973 2972
3 746 745 2973
3 2973 745 1302
3 2975 2976 2974
3 2974 2976 2977
3 2975 2978 2900
3 2900 2978 2899
3 2979 2980 2981
3 2981 2980 2978
3 2980 2979 2982
3 2982 2979 2983
3 2984 2896 2982
3 2982 2896 2897
3 2986 2987 2985
3 2985 2987 2984
3 2895 2987 1441
3 1441 2987 1438
3 1902 2976 1903
3 1903 2976 2901
3 1855 1854 1889
3 1889 1854 2988
3 2988 2989 1889
3 1889 2989 1358
3 2989 2990 1358
3 1358 2990 1355
3 2945 2991 1858
3 1858 2991 1892
3 2991 2992 1892
3 1892 2992 774
3 2992 2993 774
3 774 2993 775
3 2985 1355 2986
3 2986 1355 2990
3 2974 2977 775
3 775 2977 776
3 2981 2993 2979
3 2979 2993 2994
3 1356 2983 2994
3 2994 2983 2979
3 2994 2995 1356
3 1356 2995 1357
3 2995 2996 1357
3 1357 2996 1888
3 2997 2998 2931
3 2931 2998 2932
3 2998 2970 2932
3 2932 2970 2933
3 1836 1835 2936
3 2936 1835 2937
3 2942 1840 2940
3 2940 1840 1837
3 3000 2943 2999
3 2999 2943 2942
3 3000 3001 2943
3 2943 3001 2944
3 3001 3002 2944
3 2944 3002 2945
3 2996 3002 1888
3 1888 3002 2946
3 2946 3002 2947
3 2947 3002 3001
3 3000 3003 3001
3 3001 3003 2947
3 2999 3004 3000
3 3000 3004 3003
3 2939 3005 2999
3 2999 3005 3004
3 2998 3006 2970
3 2970 3006 2971
3 2997 2950 2998
3 2998 2950 3006
3 3007 2951 2997
3 2997 2951 2950
3 2965 2964 2935
3 2935 2964 2936
3 2934 2937 2970
3 2970 2937 2933
3 3002 2996 2945
3 2945 2996 2991
3 2996 2995 2991
3 2991 2995 2992
3 2995 2994 2992
3 2992 2994 2993
3 1355 2985 1356
3 1356 2985 2983
3 2981 2974 2993
3 2993 2974 775
3 1843 1842 1898
3 1898 1842 3008
3 1842 637 3008
3 3008 637 3009
3 637 636 3009
3 3009 636 3010
3 636 1829 3010
3 3010 1829 3011
3 1829 1832 3011
3 3011 1832 2893
3 1832 1853 2893
3 2893 1853 2894
3 1853 1852 2894
3 2894 1852 1887
3 1857 1856 1884
3 1884 1856 1891
3 1898 3008 1897
3 1897 3008 1873
3 3008 3009 1873
3 1873 3009 1864
3 3009 3010 1864
3 1864 3010 1861
3 3010 3011 1861
3 1861 3011 1881
3 3011 2893 1881
3 1881 2893 2892
3 1849 2889 781
3 781 2889 2888
3 782 2879 1810
3 1810 2879 1811
3 743 1809 744
3 744 1809 2972
3 744 2972 804
3 804 2972 805
3 2972 2973 805
3 805 2973 814
3 1302 811 2973
3 2973 811 814
3 1302 1301 811
3 811 1301 1220
3 1306 3012 1301
3 1301 3012 1220
3 1733 3013 1632
3 1632 3013 1633
3 1645 1648 1635
3 1635 1648 1636
3 1653 1656 1640
3 1640 1656 1641
3 1638 1735 1635
3 1635 1735 1683
3 1715 1712 1697
3 1697 1712 1698
3 1717 1720 1704
3 1704 1720 1705
3 1652 1653 1708
3 1708 1653 1640
3 1619 1622 1713
3 1713 1622 1698
3 1711 1681 1713
3 1713 1681 1739
3 1667 1670 1745
3 1745 1670 1746
3 1751 1649 1748
3 1748 1649 1749
3 1749 1649 1708
3 1708 1649 1652
3 1631 1667 1632
3 1632 1667 1745
3 1648 1751 1636
3 1636 1751 1748
3 1681 1642 1739
3 1739 1642 1641
3 3013 1684 1633
3 1633 1684 1683
3 1703 1747 1704
3 1704 1747 1746
3 1696 1706 1697
3 1697 1706 1705
3 1738 1700 1620
3 1620 1700 1621
3 1566 1565 1646
3 1646 1565 1647
3 1663 1694 1650
3 1650 1694 1651
3 1613 1616 1654
3 1654 1616 1655
3 1703 1706 1658
3 1658 1706 1659
3 3013 1733 1661
3 1661 1733 1662
3 1649 1751 1650
3 1650 1751 1664
3 1740 1656 1666
3 1666 1656 1655
3 1694 1613 1651
3 1651 1613 1654
3 1723 1566 1725
3 1725 1566 1646
3 1644 1627 1732
3 1732 1627 1662
3 1684 3013 1725
3 1725 3013 1661
3 1619 1740 1620
3 1620 1740 1666
3 1565 1665 1647
3 1647 1665 1664
3 1657 1736 1658
3 1658 1736 1900
3 1910 1660 1909
3 1909 1660 1659
3 1700 1910 1621
3 1621 1910 1909
3 1731 1747 1732
3 1732 1747 1900
3 1856 2947 1891
3 1891 2947 3003
3 1891 3003 1890
3 1890 3003 3004
3 1827 3005 1828
3 1828 3005 2948
3 2966 735 2967
3 2967 735 709
3 2971 2968 2966
3 2966 2968 735
3 2968 2971 896
3 896 2971 3006
3 896 3006 728
3 728 3006 2950
3 3015 752 3014
3 3014 752 751
3 3017 766 3016
3 3016 766 765
3 3018 3019 1248
3 1248 3019 3020
3 2914 2913 3018
3 3018 2913 3019
3 3022 2913 3021
3 3021 2913 1782
3 2826 2838 768
3 768 2838 765
3 3024 2837 3023
3 3023 2837 3020
3 767 766 2849
3 2849 766 3025
3 2849 3025 750
3 750 3025 751
3 749 752 2931
3 2931 752 3026
3 3007 2997 3026
3 3026 2997 2931
3 3027 3028 3007
3 3007 3028 2951
3 3028 3029 2951
3 2951 3029 729
3 3031 3032 3030
3 3030 3032 3033
3 3035 3036 3034
3 3034 3036 3037
3 2869 3038 611
3 611 3038 3039
3 3040 3041 3030
3 3030 3041 3037
3 3033 1351 3042
3 3042 1351 943
3 611 3039 612
3 612 3039 3043
3 612 3043 1424
3 1424 3043 1421
3 3044 3041 668
3 668 3041 669
3 3040 3042 598
3 598 3042 599
3 771 770 1543
3 1543 770 780
3 1502 770 1865
3 1865 770 769
3 770 1502 780
3 780 1502 777
3 60 280 415
3 415 280 1906
3 282 102 3045
3 3045 102 3046
3 75 78 3047
3 3047 78 3048
3 279 75 1905
3 1905 75 3047
3 3050 334 3049
3 3049 334 333
3 3052 416 3051
3 3051 416 415
3 3054 434 3053
3 3053 434 433
3 427 434 418
3 418 434 1907
3 419 1908 292
3 292 1908 442
3 78 293 3048
3 3048 293 443
3 3056 443 3055
3 3055 443 442
3 3050 3057 334
3 334 3057 451
3 215 214 1331
3 1331 214 451
3 307 282 461
3 461 282 3045
3 3049 333 3058
3 3058 333 461
3 102 61 3046
3 3046 61 416
3 312 311 433
3 433 311 462
3 3060 573 3059
3 3059 573 572
3 1309 3061 1427
3 1427 3061 3062
3 1257 3063 1254
3 1254 3063 2870
3 931 3064 2852
3 2852 3064 3065
3 698 2813 930
3 930 2813 3066
3 3067 1300 3062
3 3062 1300 1427
3 570 573 1309
3 1309 573 3061
3 3059 572 3068
3 3068 572 1331
3 3069 3070 1905
3 1905 3070 1906
3 3071 3072 1907
3 1907 3072 1908
3 3074 2813 3073
3 3073 2813 2812
3 2853 3075 1257
3 1257 3075 3063
3 2870 3076 2871
3 2871 3076 3077
3 3073 2812 3078
3 3078 2812 2872
3 2871 3077 1348
3 1348 3077 3079
3 2872 700 3067
3 3067 700 1300
3 1329 1200 3079
3 3079 1200 1348
3 1263 1262 3080
3 3080 1262 3081
3 3082 3083 3081
3 3081 3083 3080
3 810 1447 3085
3 3085 1447 3084
3 807 810 3086
3 3086 810 3085
3 3087 3082 832
3 832 3082 3081
3 883 3088 884
3 884 3088 3089
3 3086 1789 807
3 807 1789 815
3 1789 3086 1786
3 1786 3086 3090
3 3091 3090 3085
3 3085 3090 3086
3 3092 3093 3083
3 3083 3093 3094
3 3088 3095 3089
3 3089 3095 3087
3 3096 3092 3082
3 3082 3092 3083
3 3098 3099 3097
3 3097 3099 1785
3 3100 1787 2912
3 2912 1787 3101
3 837 836 884
3 884 836 885
3 885 836 3102
3 3102 836 1540
3 3093 3092 3103
3 3103 3092 3096
3 3104 3105 3088
3 3088 3105 3095
3 3107 3108 3106
3 3106 3108 3109
3 3110 3111 3090
3 3090 3111 1786
3 3113 3107 3112
3 3112 3107 3106
3 3113 3114 3111
3 3111 3114 3101
3 3090 3091 3110
3 3110 3091 3115
3 838 837 834
3 834 837 835
3 884 3089 837
3 837 3089 835
3 3109 3116 1246
3 1246 3116 3117
3 1246 3117 1247
3 1247 3117 3118
3 3119 3120 3118
3 3118 3120 1247
3 1246 843 3109
3 3109 843 3106
3 843 842 3106
3 3106 842 3112
3 842 3098 3112
3 3112 3098 3121
3 1780 3122 3097
3 3097 3122 3123
3 2914 2930 1779
3 1779 2930 2929
3 3018 3124 2914
3 2914 3124 2930
3 889 3124 2833
3 2833 3124 1251
3 3124 3018 1251
3 1251 3018 1248
3 906 907 945
3 945 907 946
3 1184 1187 1368
3 1368 1187 947
3 953 956 950
3 950 956 951
3 909 964 952
3 952 964 949
3 904 957 959
3 959 957 960
3 3125 977 948
3 948 977 961
3 935 934 966
3 966 934 967
3 993 992 968
3 968 992 965
3 901 903 970
3 970 903 971
3 982 984 972
3 972 984 969
3 905 904 973
3 973 904 959
3 976 980 958
3 958 980 974
3 910 909 1142
3 1142 909 952
3 951 956 1141
3 1141 956 1144
3 910 1142 1365
3 1365 1142 1367
3 1184 1368 1144
3 1144 1368 1141
3 992 1518 965
3 965 1518 1455
3 964 1453 949
3 949 1453 1456
3 899 898 1458
3 1458 898 1459
3 987 990 1460
3 1460 990 1457
3 898 962 1459
3 1459 962 1461
3 984 986 969
3 969 986 1462
3 903 905 971
3 971 905 973
3 980 982 974
3 974 982 972
3 934 899 967
3 967 899 1458
3 990 993 1457
3 1457 993 968
3 1153 1525 1087
3 1087 1525 1088
3 1108 1111 1091
3 1091 1111 1092
3 1082 1097 1083
3 1083 1097 1096
3 1077 1470 1099
3 1099 1470 1100
3 1074 1077 1103
3 1103 1077 1099
3 1151 1153 1155
3 1155 1153 1087
3 1155 1154 1371
3 1371 1154 1372
3 1371 1372 1103
3 1103 1372 1074
3 1466 1108 1464
3 1464 1108 1091
3 1464 1181 1467
3 1467 1181 1183
3 1473 1469 1095
3 1095 1469 1096
3 1101 1100 1082
3 1082 1100 1097
3 1111 1530 1092
3 1092 1530 1528
3 1101 1072 1098
3 1098 1072 1071
3 1525 1153 1078
3 1078 1153 1079
3 1080 1090 1081
3 1081 1090 1093
3 1068 1067 1084
3 1084 1067 1085
3 1152 1150 1079
3 1079 1150 1057
3 1370 1176 1178
3 1178 1176 1175
3 1098 1071 1102
3 1102 1071 1175
3 1067 1070 1085
3 1085 1070 1072
3 1084 1083 1179
3 1179 1083 1468
3 1065 1064 1182
3 1182 1064 1180
3 1152 1151 1176
3 1176 1151 1177
3 1090 1080 1181
3 1181 1080 1182
3 1056 1524 1078
3 1078 1524 1526
3 1119 1116 1075
3 1075 1116 1076
3 1086 1089 1106
3 1106 1089 1107
3 1126 1125 1109
3 1109 1125 1110
3 1094 1115 1095
3 1095 1115 1114
3 1470 1077 1118
3 1118 1077 1076
3 1086 1106 1154
3 1154 1106 1157
3 1375 1373 1156
3 1156 1373 1157
3 1075 1074 1373
3 1373 1074 1372
3 1108 1466 1109
3 1109 1466 1471
3 1466 1465 1471
3 1471 1465 1472
3 1134 1474 1113
3 1113 1474 1114
3 1470 1118 1094
3 1094 1118 1115
3 1125 1531 1110
3 1110 1531 1529
3 913 1275 1479
3 1479 1275 1516
3 3126 3127 1222
3 1222 3127 1223
3 823 932 1454
3 1454 932 3128
3 3130 1447 3129
3 3129 1447 1446
3 3131 3132 1451
3 1451 3132 1452
3 3129 1446 1321
3 1321 1446 1454
3 932 1513 3128
3 3128 1513 3133
3 1160 3134 1479
3 1479 3134 1480
3 3127 3135 1223
3 1223 3135 1498
3 3132 1161 1452
3 1452 1161 1516
3 1514 3126 1534
3 1534 3126 1222
3 3094 3084 3130
3 3130 3084 1447
3 3136 3091 3084
3 3084 3091 3085
3 3137 3115 3136
3 3136 3115 3091
3 3109 3108 3116
3 3116 3108 3138
3 3104 3139 3116
3 3116 3139 3117
3 3139 3140 3117
3 3117 3140 3118
3 3141 3119 3140
3 3140 3119 3118
3 1497 3142 1276
3 1276 3142 881
3 3143 3144 1339
3 1339 3144 1338
3 1339 3145 3143
3 3143 3145 3146
3 3144 3143 3142
3 3142 3143 3147
3 870 900 871
3 871 900 1361
3 3148 3147 3146
3 3146 3147 3143
3 1207 3149 1208
3 3097 1785 1780
3 1780 1785 1781
3 2929 2928 3122
3 3122 2928 2910
3 1793 1790 2915
3 2915 1790 2916
3 1792 3100 2917
3 2917 3100 2918
3 1795 1793 2919
3 2919 1793 2915
3 3150 3151 2920
3 2920 3151 2921
3 3152 3153 2922
3 2922 3153 2923
3 2918 3100 2911
3 2911 3100 2912
3 3154 1795 2924
3 2924 1795 2919
3 3153 3155 2923
3 2923 3155 2925
3 1790 1792 2916
3 2916 1792 2917
3 3156 3157 2926
3 2926 3157 2927
3 1779 2929 1780
3 1780 2929 3122
3 2824 1266 1188
3 1188 1266 1189
3 2826 2827 1249
3 1249 2827 1250
3 1488 2829 1323
3 1323 2829 1324
3 922 1327 1333
3 1333 1327 1334
3 1484 2831 1481
3 1481 2831 1482
3 1265 1489 1491
3 1491 1489 1492
3 1332 1345 1333
3 1333 1345 2823
3 721 798 1491
3 1491 798 1189
3 663 656 1481
3 1481 656 2832
3 630 633 1323
3 1323 633 1492
3 2827 1493 1250
3 1250 1493 2834
3 1248 3020 1249
3 1249 3020 2837
3 797 2836 1188
3 1188 2836 2835
3 3099 841 3159
3 3159 841 3158
3 1787 3100 1788
3 1788 3100 1792
3 1791 815 1788
3 1788 815 1789
3 816 815 1794
3 1794 815 1791
3 937 816 1796
3 1796 816 1794
3 1795 3154 1796
3 1796 3154 1797
3 3154 3157 1797
3 1797 3157 1798
3 3156 3151 1800
3 1800 3151 1801
3 3150 3155 1802
3 1802 3155 1803
3 3153 3152 1804
3 1804 3152 1805
3 3152 3160 1805
3 1805 3160 1806
3 3098 842 3099
3 3099 842 841
3 1787 1786 3101
3 3101 1786 3111
3 2909 3114 3123
3 3123 3114 3121
3 3098 3097 3121
3 3121 3097 3123
3 415 1906 3051
3 3051 1906 3070
3 3045 3046 3162
3 3162 3046 3161
3 248 444 258
3 258 444 3163
3 424 3164 423
3 423 3164 460
3 407 409 328
3 328 409 329
3 38 330 39
3 39 330 331
3 304 303 422
3 422 303 463
3 384 253 457
3 457 253 391
3 249 414 250
3 250 414 411
3 232 336 233
3 233 336 3165
3 434 3054 1907
3 1907 3054 3071
3 442 1908 3055
3 3055 1908 3072
3 3166 3048 3056
3 3056 3048 443
3 451 3057 1331
3 1331 3057 3068
3 233 3165 345
3 345 3165 410
3 3045 3162 461
3 461 3162 3058
3 258 3163 259
3 259 3163 335
3 3046 416 3161
3 3161 416 3052
3 462 3167 433
3 433 3167 3053
3 453 829 424
3 424 829 3164
3 3061 3168 3062
3 3062 3168 3169
3 1354 1353 1533
3 1533 1353 3170
3 3062 3169 3067
3 3067 3169 3171
3 573 3060 3061
3 3061 3060 3168
3 1533 3170 1534
3 1534 3170 3172
3 3078 2872 3171
3 3171 2872 3067
3 2837 3024 2838
3 2838 3024 3173
3 3175 3176 3174
3 3174 3176 3177
3 3179 1124 3178
3 3178 1124 1127
3 3181 3182 3180
3 3180 3182 3183
3 1133 3184 1129
3 1129 3184 3181
3 3185 3186 3188
3 3188 3186 3187
3 3190 3188 3189
3 3189 3188 3187
3 1136 1121 3189
3 3189 1121 3191
3 3174 3177 3192
3 3192 3177 3193
3 3180 3183 3178
3 3178 3183 3194
3 3196 3197 3195
3 3195 3197 3179
3 3199 3177 3198
3 3198 3177 3176
3 3201 3195 3200
3 3200 3195 3194
3 3203 3183 3202
3 3202 3183 3182
3 3205 3206 3204
3 3204 3206 3185
3 3204 3185 3207
3 3207 3185 3188
3 3208 3207 3190
3 3190 3207 3188
3 3209 3193 3199
3 3199 3193 3177
3 3200 3194 3203
3 3203 3194 3183
3 3196 3210 3176
3 3176 3210 3198
3 3212 3213 3211
3 3211 3213 3214
3 3216 3217 3215
3 3215 3217 3218
3 3220 3221 3219
3 3219 3221 3222
3 3224 3225 3223
3 3223 3225 3226
3 3228 3229 3227
3 3227 3229 3230
3 3232 3233 3231
3 3231 3233 3234
3 3236 3237 3235
3 3235 3237 3238
3 3237 3239 3238
3 3238 3239 3240
3 3231 3234 3241
3 3241 3234 3242
3 3244 3245 3243
3 3243 3245 3246
3 3247 3248 3244
3 3244 3248 3245
3 3250 3251 3249
3 3249 3251 3252
3 3254 3251 3253
3 3253 3251 3250
3 3255 3256 3258
3 3258 3256 3257
3 3260 3261 3259
3 3259 3261 3262
3 3264 3262 3263
3 3263 3262 3261
3 3255 3258 3265
3 3265 3258 3266
3 3268 3269 3267
3 3267 3269 3270
3 3268 3271 3269
3 3269 3271 3272
3 3273 3274 3276
3 3276 3274 3275
3 3277 3278 3275
3 3275 3278 3276
3 3280 3281 3279
3 3279 3281 3282
3 3279 3283 3280
3 3280 3283 3284
3 3286 3287 3285
3 3285 3287 3288
3 3289 3290 3287
3 3287 3290 3288
3 3233 3217 3234
3 3234 3217 3216
3 3231 3291 3232
3 3232 3291 3292
3 3238 3293 3235
3 3235 3293 3218
3 3232 3292 3236
3 3236 3292 3294
3 3295 3293 3240
3 3240 3293 3238
3 3239 3237 3296
3 3296 3237 3297
3 3216 3215 3234
3 3234 3215 3242
3 3296 3298 3239
3 3239 3298 3241
3 3245 3299 3246
3 3246 3299 3222
3 3300 3301 3253
3 3253 3301 3243
3 3248 3302 3245
3 3245 3302 3299
3 3244 3303 3247
3 3247 3303 3291
3 3251 3220 3252
3 3252 3220 3219
3 3249 3247 3298
3 3298 3247 3291
3 3221 3220 3254
3 3254 3220 3251
3 3296 3300 3250
3 3250 3300 3253
3 3257 3213 3258
3 3258 3213 3212
3 3256 3255 3303
3 3303 3255 3304
3 3262 3305 3259
3 3259 3305 3214
3 3260 3256 3301
3 3301 3256 3303
3 3306 3305 3264
3 3264 3305 3262
3 3261 3300 3263
3 3263 3300 3307
3 3258 3212 3266
3 3266 3212 3211
3 3307 3308 3263
3 3263 3308 3265
3 3269 3309 3270
3 3270 3309 3230
3 3310 3311 3277
3 3277 3311 3267
3 3269 3272 3309
3 3309 3272 3312
3 3271 3268 3304
3 3304 3268 3313
3 3276 3228 3273
3 3273 3228 3227
3 3274 3271 3308
3 3308 3271 3304
3 3278 3229 3276
3 3276 3229 3228
3 3275 3307 3277
3 3277 3307 3310
3 3280 3314 3281
3 3281 3314 3226
3 3289 3315 3282
3 3282 3315 3316
3 3280 3284 3314
3 3314 3284 3317
3 3283 3279 3313
3 3313 3279 3318
3 3288 3224 3285
3 3285 3224 3223
3 3286 3283 3311
3 3283 3313 3311
3 3290 3225 3288
3 3288 3225 3224
3 3287 3310 3289
3 3289 3310 3315
3 3211 3214 3306
3 3306 3214 3305
3 3293 3295 3218
3 3218 3295 3215
3 3302 3219 3299
3 3299 3219 3222
3 3223 3226 3317
3 3317 3226 3314
3 3227 3230 3312
3 3312 3230 3309
3 3233 3232 3235
3 3235 3232 3236
3 3242 3240 3241
3 3241 3240 3239
3 3246 3254 3243
3 3243 3254 3253
3 3252 3248 3249
3 3249 3248 3247
3 3259 3257 3260
3 3260 3257 3256
3 3265 3266 3263
3 3263 3266 3264
3 3267 3270 3277
3 3277 3270 3278
3 3273 3272 3274
3 3274 3272 3271
3 3282 3281 3289
3 3289 3281 3290
3 3285 3284 3286
3 3286 3284 3283
3 3217 3233 3218
3 3218 3233 3235
3 3294 3297 3236
3 3236 3297 3237
3 3215 3295 3242
3 3242 3295 3240
3 3241 3298 3231
3 3231 3298 3291
3 3222 3221 3246
3 3246 3221 3254
3 3243 3301 3244
3 3244 3301 3303
3 3302 3248 3219
3 3219 3248 3252
3 3296 3250 3298
3 3298 3250 3249
3 3214 3213 3259
3 3259 3213 3257
3 3300 3261 3301
3 3301 3261 3260
3 3211 3306 3266
3 3266 3306 3264
3 3265 3308 3255
3 3255 3308 3304
3 3270 3230 3278
3 3278 3230 3229
3 3267 3311 3268
3 3268 3311 3313
3 3227 3312 3273
3 3273 3312 3272
3 3307 3275 3308
3 3308 3275 3274
3 3281 3226 3290
3 3290 3226 3225
3 3316 3318 3282
3 3282 3318 3279
3 3223 3317 3285
3 3285 3317 3284
3 3311 3310 3286
3 3310 3287 3286
3 3319 3320 3193
3 3193 3320 3192
3 1374 3320 1120
3 1120 3320 3321
3 3322 3323 3321
3 3321 3323 3191
3 3174 1123 3175
3 3175 1123 1122
3 3178 3194 3179
3 3179 3194 3195
3 3180 1130 3181
3 3181 1130 1129
3 3206 3184 3185
3 3185 3184 3186
3 1135 3187 1132
3 1132 3187 3186
3 3189 3187 1136
3 1136 3187 1135
3 3192 1158 3174
3 3174 1158 1123
3 3178 1127 3180
3 3180 1127 1130
3 1532 3197 1122
3 1122 3197 3175
3 3320 1374 3192
3 3192 1374 1158
3 3320 3319 3321
3 3321 3319 3322
3 1121 1120 3191
3 3191 1120 3321
3 3193 3209 3319
3 3319 3209 3324
3 3323 3322 3326
3 3326 3322 3325
3 3319 3324 3322
3 3322 3324 3325
3 3207 3327 3204
3 3204 3327 3328
3 3329 3205 3328
3 3328 3205 3204
3 3202 3330 3203
3 3203 3330 3331
3 3209 3332 3324
3 3324 3332 3333
3 3324 3333 3325
3 3325 3333 3334
3 3326 3325 3335
3 3335 3325 3334
3 3326 3208 3323
3 3323 3208 3190
3 3189 3191 3190
3 3190 3191 3323
3 3337 3338 3336
3 3336 3338 3339
3 3337 3340 3338
3 3338 3340 3341
3 3340 3342 3341
3 3341 3342 3343
3 3342 3344 3343
3 3343 3344 3345
3 3344 3346 3345
3 3345 3346 3347
3 3346 3348 3347
3 3347 3348 3349
3 3336 3339 3350
3 3350 3339 3351
3 3350 3351 3352
3 3352 3351 3353
3 3352 3353 3354
3 3354 3353 3355
3 3349 3348 3356
3 3356 3348 3357
3 3354 3355 3358
3 3358 3355 3359
3 3358 3359 3360
3 3360 3359 3361
3 3360 3361 3362
3 3362 3361 3363
3 3362 3363 3357
3 3357 3363 3356
3 3338 3341 3364
3 3364 3341 3365
3 3341 3343 3365
3 3365 3343 3366
3 3343 3345 3366
3 3366 3345 3367
3 3345 3347 3367
3 3367 3347 3368
3 3347 3349 3368
3 3368 3349 3369
3 3367 3368 3370
3 3370 3368 3371
3 3368 3369 3371
3 3371 3369 3372
3 3372 3373 3371
3 3371 3373 3374
3 3376 3377 3375
3 3375 3377 3378
3 3376 3374 3377
3 3377 3374 3373
3 3374 3379 3371
3 3371 3379 3370
3 3376 3380 3374
3 3374 3380 3379
3 3375 3381 3376
3 3376 3381 3380
3 3383 3384 3382
3 3382 3384 3385
3 3383 3382 3387
3 3387 3382 3386
3 3387 3386 3388
3 3388 3386 3389
3 3391 3384 3390
3 3390 3384 3383
3 3387 3392 3383
3 3383 3392 3390
3 3388 3393 3387
3 3387 3393 3392
3 3388 3394 3393
3 3393 3394 3395
3 3394 3388 3396
3 3396 3388 3389
3 3338 3364 3339
3 3339 3364 3397
3 3339 3397 3351
3 3351 3397 3398
3 3370 3399 3367
3 3367 3399 3366
3 3399 3400 3366
3 3366 3400 3365
3 3365 3400 3364
3 3364 3400 3401
3 3397 3364 3402
3 3402 3364 3401
3 3397 3402 3398
3 3398 3402 3403
3 3402 3404 3403
3 3403 3404 3405
3 3351 3398 3353
3 3353 3398 3406
3 3398 3403 3406
3 3406 3403 3407
3 3403 3405 3407
3 3407 3405 3408
3 3404 3409 3405
3 3405 3409 3410
3 3409 3411 3410
3 3410 3411 3412
3 3396 3413 3394
3 3394 3413 3414
3 3416 3414 3415
3 3415 3414 3411
3 3409 3417 3411
3 3411 3417 3415
3 3409 3404 3417
3 3417 3404 3418
3 3404 3402 3418
3 3418 3402 3401
3 3369 3349 3419
3 3419 3349 3356
3 3372 3369 3420
3 3420 3369 3419
3 3373 3372 3421
3 3421 3372 3420
3 3377 3373 3422
3 3422 3373 3421
3 3377 3422 3378
3 3378 3422 3423
3 3423 3424 3378
3 3378 3424 3385
3 3382 3425 3386
3 3386 3425 3426
3 3386 3426 3389
3 3389 3426 3427
3 3389 3427 3396
3 3396 3427 3428
3 3428 3429 3396
3 3396 3429 3413
3 3410 3412 3430
3 3430 3412 3431
3 3405 3410 3408
3 3408 3410 3430
3 3400 3399 3334
3 3334 3399 3335
3 3400 3334 3401
3 3401 3334 3333
3 3401 3333 3418
3 3418 3333 3332
3 3418 3332 3417
3 3417 3332 3432
3 3417 3432 3415
3 3415 3432 3433
3 3434 3416 3433
3 3433 3416 3415
3 3393 3395 3435
3 3435 3395 3436
3 3392 3393 3331
3 3331 3393 3435
3 3392 3331 3390
3 3390 3331 3330
3 3329 3391 3330
3 3330 3391 3390
3 3381 3328 3380
3 3380 3328 3327
3 3353 3406 3355
3 3355 3406 3437
3 3355 3437 3359
3 3359 3437 3438
3 3359 3438 3361
3 3361 3438 3439
3 3361 3439 3363
3 3363 3439 3440
3 3363 3440 3356
3 3356 3440 3419
3 3420 3419 3441
3 3441 3419 3440
3 3441 3440 3442
3 3442 3440 3439
3 3442 3439 3443
3 3443 3439 3438
3 3443 3438 3444
3 3444 3438 3437
3 3444 3437 3407
3 3407 3437 3406
3 3421 3420 3445
3 3445 3420 3441
3 3445 3441 3446
3 3446 3441 3442
3 3446 3442 3447
3 3447 3442 3443
3 3447 3443 3448
3 3448 3443 3444
3 3448 3444 3408
3 3408 3444 3407
3 3408 3430 3448
3 3448 3430 3449
3 3448 3449 3447
3 3447 3449 3450
3 3450 3451 3447
3 3447 3451 3446
3 3446 3451 3445
3 3445 3451 3452
3 3445 3452 3421
3 3421 3452 3422
3 3423 3422 3453
3 3453 3422 3452
3 3451 3454 3452
3 3452 3454 3453
3 3451 3450 3454
3 3454 3450 3455
3 3449 3456 3450
3 3450 3456 3455
3 3430 3431 3449
3 3449 3431 3456
3 3453 3457 3423
3 3423 3457 3424
3 3426 3425 3458
3 3458 3425 3459
3 3427 3426 3460
3 3460 3426 3458
3 3427 3460 3428
3 3428 3460 3461
3 3461 3462 3428
3 3428 3462 3429
3 3463 3464 3461
3 3461 3464 3462
3 3454 3465 3453
3 3453 3465 3457
3 3464 3463 3465
3 3465 3463 3466
3 3460 3458 3467
3 3467 3458 3468
3 3467 3468 3463
3 3463 3468 3466
3 3463 3461 3467
3 3467 3461 3460
3 3458 3459 3468
3 3468 3459 3466
3 3294 3350 3297
3 3297 3350 3352
3 3352 3354 3297
3 3297 3354 3296
3 3296 3354 3300
3 3300 3354 3358
3 3300 3358 3307
3 3307 3358 3360
3 3307 3360 3310
3 3310 3360 3362
3 3310 3362 3315
3 3315 3362 3357
3 3315 3357 3316
3 3316 3357 3348
3 3348 3346 3316
3 3316 3346 3318
3 3346 3344 3318
3 3318 3344 3313
3 3344 3342 3313
3 3313 3342 3304
3 3342 3340 3304
3 3304 3340 3303
3 3303 3340 3291
3 3291 3340 3337
3 3291 3337 3292
3 3292 3337 3336
3 3292 3336 3294
3 3294 3336 3350
3 3436 3201 3435
3 3435 3201 3200
3 3435 3200 3331
3 3331 3200 3203
3 3432 3199 3433
3 3433 3199 3198
3 3210 3434 3198
3 3198 3434 3433
3 3332 3209 3432
3 3432 3209 3199
3 3379 3469 3370
3 3399 3370 3335
3 3335 3370 3469
3 3380 3327 3379
3 3379 3327 3469
3 3469 3327 3208
3 3208 3327 3207
3 3335 3469 3326
3 3326 3469 3208
3 1544 1762 1545
3 1545 1762 1761
3 1402 1545 772
3 772 1545 769
3 1220 3012 1219
3 1219 3012 3470
3 1304 2876 1305
3 1305 2876 2878
3 1219 3470 827
3 827 3470 828
3 1216 1753 3471
3 3471 1753 1755
3 1048 3472 1047
3 1047 3472 3473
3 1370 1178 3472
3 3472 1178 3473
3 1073 3474 1178
3 1178 3474 3473
3 3473 3474 1047
3 1047 3474 1055
3 918 665 1344
3 1344 665 664
3 855 679 918
3 918 679 665
3 678 679 1448
3 1448 679 857
3 1366 877 1499
3 1499 877 876
3 1365 907 1366
3 1366 907 877
3 1511 915 1512
3 1512 915 914
3 946 1367 947
3 947 1367 1368
3 1046 1020 1043
3 1043 1020 1019
3 1369 1048 1018
3 1018 1048 1019
3 1172 1029 1173
3 1173 1029 1032
3 3125 1187 1463
3 1463 1187 1186
3 1799 1450 1511
3 1511 1450 915
3 1174 1173 1185
3 1185 1173 1186
3 1029 1172 1046
3 1046 1172 1020
3 1512 914 3475
3 3475 914 1480
3 1344 664 3476
3 3476 664 1482
3 1501 1500 875
3 875 1500 876
3 1204 1450 1802
3 1802 1450 1801
3 3478 2831 3477
3 3477 2831 2830
3 1448 857 2926
3 2926 857 2921
3 907 1365 946
3 946 1365 1367
3 948 947 3125
3 3125 947 1187
3 3479 3134 1501
3 1501 3134 1500
3 2926 2921 3156
3 3156 2921 3151
3 3476 1482 3478
3 3478 1482 2831
3 1802 1801 3150
3 3150 1801 3151
3 662 657 663
3 663 657 656
3 654 657 938
3 938 657 705
3 1511 869 1799
3 1799 869 868
3 874 873 875
3 875 873 872
3 848 873 904
3 904 873 957
3 948 961 945
3 945 961 960
3 977 3125 978
3 978 3125 1463
3 1030 1167 1031
3 1031 1167 1021
3 1044 1012 1045
3 1045 1012 1011
3 1044 1043 1055
3 1055 1043 1047
3 1046 1045 1029
3 1029 1045 1030
3 938 705 939
3 939 705 1449
3 978 1463 1031
3 1031 1463 1032
3 3479 1477 3475
3 3475 1477 3133
3 2828 1486 2829
3 2829 1486 1485
3 847 1229 872
3 872 1229 1478
3 866 869 932
3 932 869 1513
3 1799 868 1800
3 1800 868 1798
3 2829 1485 1324
3 1324 1485 2832
3 939 1449 2924
3 2924 1449 2927
3 945 960 906
3 906 960 957
3 958 961 976
3 976 961 977
3 3475 3133 1512
3 1512 3133 1513
3 2924 2927 3154
3 3154 2927 3157
3 1324 2832 655
3 655 2832 656
3 1800 1798 3156
3 3156 1798 3157
3 1073 1054 3474
3 3474 1054 1055
3 1370 3472 1369
3 1369 3472 1048
3 2883 614 3480
3 3480 614 617
3 3477 2830 2845
3 2845 2830 616
3 2830 1483 616
3 616 1483 617
3 1483 1486 617
3 617 1486 3480
3 2847 3480 2828
3 2828 3480 1486
3 1479 1516 1160
3 1160 1516 1161
3 3128 1322 1454
3 1454 1322 1321
3 3128 3133 1322
3 1322 3133 1477
3 1534 3172 1514
3 1514 3172 1515
3 3084 3094 3136
3 3136 3094 3093
3 3136 3093 3137
3 3137 3093 3103
3 3116 3138 3104
3 3104 3138 3105
3 1137 1140 3126
3 3126 1140 3127
3 3080 3130 1263
3 1263 3130 3129
3 1226 1225 3131
3 3131 1225 3132
3 1263 3129 1228
3 1228 3129 1321
3 1159 1500 1160
3 1160 1500 3134
3 1140 1475 3127
3 3127 1475 3135
3 1225 1162 3132
3 3132 1162 1161
3 1362 1137 1514
3 1514 1137 3126
3 3083 3094 3080
3 3080 3094 3130
3 3088 883 3104
3 3104 883 3139
3 883 882 3139
3 3139 882 3140
3 882 3481 3140
3 3140 3481 3141
3 3475 1480 3479
3 3479 1480 3134
3 1501 1478 3479
3 3479 1478 1477
3 3167 462 439
3 713 1879 714
3 714 1879 2904
3 895 731 2969
3 2969 731 730
3 1262 833 3081
3 3081 833 832
3 897 1230 852
3 852 1230 853
3 3124 889 2930
3 2930 889 888
3 1236 892 2850
3 2850 892 891
3 897 852 898
3 898 852 962
3 987 986 988
3 988 986 985
3 1001 1006 1002
3 1002 1006 1005
3 1037 1035 1006
3 1006 1035 1003
3 1069 1051 1004
3 1004 1051 1005
3 1068 1066 1069
3 1069 1066 1051
3 1129 1128 1133
3 1133 1128 1134
3 878 1166 879
3 879 1166 1165
3 1170 1168 1036
3 1036 1168 1037
3 1084 1179 1068
3 1068 1179 1066
3 1208 1209 878
3 878 1209 1166
3 2884 1214 1753
3 1753 1214 1213
3 1262 854 833
3 833 854 853
3 707 1243 1825
3 1825 1243 1242
3 2908 893 1253
3 1253 893 892
3 1227 1360 963
3 963 1360 1359
3 2907 2906 1435
3 1435 2906 1436
3 2989 1439 2990
3 2990 1439 1438
3 963 1359 964
3 964 1359 1453
3 949 1456 950
3 950 1456 1455
3 969 1462 970
3 970 1462 1461
3 1024 1168 983
3 983 1168 985
3 1083 1096 1468
3 1468 1096 1469
3 1095 1114 1473
3 1473 1114 1474
3 1139 1360 1140
3 1140 1360 1475
3 1211 1494 2827
3 2827 1494 1493
3 879 1165 1451
3 1451 1165 1498
3 714 2904 1503
3 1503 2904 2905
3 953 1518 954
3 954 1518 1517
3 1025 1519 991
3 991 1519 1517
3 1028 1519 1042
3 1042 1519 1520
3 996 1521 1039
3 1039 1521 1520
3 1014 1521 1015
3 1015 1521 1522
3 1522 995 1523
3 1523 995 1061
3 1056 1059 1524
3 1524 1059 1523
3 1093 1527 1081
3 1081 1527 1526
3 1525 1527 1088
3 1088 1527 1528
3 1089 1530 1107
3 1107 1530 1529
3 1124 1532 1125
3 1125 1532 1531
3 3482 1754 726
3 726 1754 1213
3 734 1813 706
3 706 1813 1812
3 2890 1833 1245
3 1245 1833 1242
3 2903 1880 1846
3 1846 1880 1847
3 1851 1854 1852
3 1852 1854 1857
3 1901 2902 1876
3 1876 2902 1877
3 2902 2903 1877
3 1877 2903 1846
3 713 712 1847
3 1847 712 1848
3 1439 2989 1882
3 1882 2989 2988
3 1882 2988 1851
3 1851 2988 1854
3 2894 1887 2891
3 2891 1887 1886
3 773 776 1876
3 1876 776 1902
3 1250 2834 1251
3 1251 2834 2833
3 1212 2843 1211
3 1211 2843 1494
3 2850 891 1212
3 1212 891 2843
3 3122 2910 3123
3 3123 2910 2909
3 886 2928 887
3 887 2928 888
3 1434 2962 1435
3 1435 2962 2960
3 1252 1437 1253
3 1253 1437 1436
3 2969 730 734
3 734 730 1813
3 732 731 2884
3 2884 731 1214
3 2900 2901 2975
3 2975 2901 2976
3 2974 2981 2975
3 2975 2981 2978
3 2898 2899 2980
3 2980 2899 2978
3 2898 2980 2897
3 2897 2980 2982
3 2985 2984 2983
3 2983 2984 2982
3 2896 2984 2895
3 2895 2984 2987
3 2990 1438 2986
3 2986 1438 2987
3 776 2977 1902
3 1902 2977 2976
3 1884 1887 1857
3 1857 1887 1852
3 3089 3087 835
3 835 3087 832
3 3082 3087 3096
3 3096 3087 3095
3 3096 3095 3103
3 3103 3095 3105
3 3110 3115 3107
3 3107 3115 3108
3 3111 3110 3113
3 3113 3110 3107
3 3112 3121 3113
3 3113 3121 3114
3 890 889 2836
3 2836 889 2833
3 950 1455 953
3 953 1455 1518
3 966 1456 935
3 935 1456 1453
3 970 1461 901
3 901 1461 962
3 1460 1462 987
3 987 1462 986
3 1465 1467 1473
3 1473 1467 1469
3 1088 1528 1089
3 1089 1528 1530
3 1183 1180 1468
3 1468 1180 1179
3 1081 1526 1060
3 1060 1526 1524
3 1128 1472 1134
3 1134 1472 1474
3 1107 1529 1104
3 1104 1529 1531
3 1451 1498 3131
3 3131 1498 3135
3 3108 3115 3138
3 3138 3115 3137
3 2911 2910 886
3 886 2910 2928
3 2835 2834 1496
3 1496 2834 1493
3 2912 3101 2909
3 2909 3101 3114
3 1132 3186 1133
3 1133 3186 3184
3 3176 3175 3196
3 3196 3175 3197
3 3202 3182 3205
3 3205 3182 3206
3 3195 3201 3196
3 3196 3201 3210
3 3182 3181 3206
3 3206 3181 3184
3 1124 3179 1532
3 1532 3179 3197
3 3330 3202 3329
3 3329 3202 3205
3 3375 3378 3384
3 3384 3378 3385
3 3381 3375 3391
3 3391 3375 3384
3 3411 3414 3412
3 3412 3414 3413
3 3416 3395 3414
3 3414 3395 3394
3 3382 3385 3425
3 3425 3385 3424
3 3412 3413 3431
3 3431 3413 3429
3 3436 3395 3434
3 3434 3395 3416
3 3328 3381 3329
3 3329 3381 3391
3 3425 3424 3459
3 3459 3424 3457
3 3431 3429 3456
3 3456 3429 3462
3 3456 3462 3455
3 3455 3462 3464
3 3459 3457 3466
3 3466 3457 3465
3 3465 3454 3464
3 3464 3454 3455
3 3201 3436 3210
3 3210 3436 3434
3 3103 3105 3137
3 3137 3105 3138
3 3131 3135 1226
3 1226 3135 1475
3 942 686 599
3 599 686 600
3 595 624 666
3 666 624 1296
3 686 685 600
3 600 685 652
3 1318 783 710
3 710 783 711
3 1810 606 782
3 782 606 711
3 861 920 916
3 916 920 919
3 3477 924 3478
3 3478 924 923
3 2845 925 3477
3 3477 925 924
3 658 661 928
3 928 661 929
3 855 920 856
3 856 920 1203
3 1205 863 1206
3 1206 863 862
3 2875 1218 2876
3 2876 1218 1217
3 666 1296 592
3 592 1296 1295
3 916 919 1332
3 1332 919 1345
3 685 692 652
3 652 692 929
3 1276 912 1497
3 1497 912 1206
3 591 1535 609
3 609 1535 710
3 863 1205 1804
3 1804 1205 1803
3 1316 1535 1899
3 1899 1535 1808
3 1899 1808 1294
3 1294 1808 1295
3 3478 923 3476
3 3476 923 2823
3 926 925 1202
3 1202 925 2846
3 3483 2858 3031
3 3031 2858 3032
3 3471 2877 1216
3 1216 2877 1217
3 2888 2887 2879
3 2879 2887 2880
3 2885 2882 2886
3 2886 2882 2881
3 928 927 2846
3 2846 927 1202
3 856 1203 2920
3 2920 1203 2925
3 1819 1818 2881
3 2881 1818 2880
3 1820 2882 2875
3 2875 2882 1218
3 781 2888 782
3 782 2888 2879
3 1351 3033 1352
3 1352 3033 3032
3 3030 3033 3040
3 3040 3033 3042
3 943 942 3042
3 3042 942 599
3 1338 3144 1497
3 1497 3144 3142
3 1207 881 3147
3 3147 881 3142
3 2920 2925 3150
3 3150 2925 3155
3 3476 2823 1344
3 1344 2823 1345
3 1804 1803 3153
3 3153 1803 3155
3 885 3102 882
3 882 3102 3481
3 840 1247 3484
3 3484 1247 3120
3 2810 2818 2811
3 2811 2818 2815
3 2817 2814 2816
3 2816 2814 2805
3 2816 2815 2817
3 2817 2815 2818
3 2792 2794 2818
3 2818 2794 2817
3 242 351 2792
3 2792 351 2794
3 241 352 242
3 242 352 351
3 358 190 241
3 241 190 352
3 246 191 358
3 358 191 190
3 156 192 246
3 246 192 191
3 155 193 156
3 156 193 192
3 377 260 155
3 155 260 193
3 377 380 260
3 260 380 194
3 194 380 195
3 195 380 375
3 195 375 197
3 197 375 374
3 374 1775 197
3 197 1775 196
3 1775 1766 196
3 196 1766 273
3 180 273 198
3 198 273 1766
3 567 565 563
3 563 565 562
3 567 568 565
3 565 568 566
3 500 1772 1770
3 1770 1772 577
3 546 578 1772
3 1772 578 577
3 3485 469 473
3 473 469 468
3 449 581 3486
3 3486 581 3487
3 581 582 3487
3 3487 582 3488
3 582 583 3488
3 3488 583 3489
3 3489 583 3490
3 3490 583 542
3 469 3485 465
3 465 3485 466
3 3488 3489 502
3 502 3489 503
3 502 3491 3488
3 3488 3491 3487
3 3491 502 3492
3 3492 502 501
3 3494 3491 3493
3 3493 3491 3492
3 3486 3487 3494
3 3494 3487 3491
3 467 1773 464
3 464 1773 569
3 3493 3492 1774
3 1774 3492 1770
3 3489 3490 503
3 503 3490 1771
3 3490 542 1771
3 1771 542 547
3 449 3486 473
3 473 3486 3485
3 3494 466 3486
3 3486 466 3485
3 3493 467 3494
3 3494 467 466
3 467 3493 1773
3 1773 3493 1774
3 500 1770 501
3 501 1770 3492
3 526 365 383
3 383 365 364
3 521 523 526
3 526 523 365
3 520 533 521
3 521 533 523
3 529 534 520
3 520 534 533
3 507 485 512
3 512 485 531
3 512 531 540
3 540 531 534
3 666 667 595
3 595 667 596
3 1293 1296 623
3 623 1296 624
3 602 640 603
3 603 640 639
3 1289 1292 649
3 649 1292 650
3 1757 690 659
3 659 690 660
3 601 670 598
3 598 670 669
3 653 661 689
3 689 661 660
3 2855 597 694
3 694 597 596
3 601 653 670
3 670 653 689
3 603 639 675
3 675 639 703
3 1825 1828 707
3 707 1828 708
3 1287 1283 739
3 739 1283 740
3 754 753 757
3 757 753 758
3 2852 2855 931
3 931 2855 694
3 688 690 1191
3 1191 690 1192
3 783 1318 1239
3 1239 1318 1240
3 1812 1815 1243
3 1243 1815 1244
3 753 1287 758
3 758 1287 739
3 1893 1241 1317
3 1317 1241 1240
3 2866 1347 1417
3 1417 1347 1346
3 675 703 672
3 672 703 1346
3 1283 1286 740
3 740 1286 1418
3 1420 1425 1421
3 1421 1425 1424
3 1757 659 614
3 614 659 615
3 1191 1190 1420
3 1420 1190 1425
3 2961 1838 1503
3 1503 1838 1504
3 940 1193 1758
3 1758 1193 1192
3 1286 1536 1418
3 1418 1536 1759
3 1881 2892 1822
3 1822 2892 1823
3 1885 1890 1826
3 1826 1890 1827
3 1886 1885 1833
3 1833 1885 1826
3 1840 715 1837
3 1837 715 1504
3 781 783 1849
3 1849 783 1239
3 1238 1241 1862
3 1862 1241 1863
3 1241 1893 1863
3 1863 1893 1872
3 1821 1238 1822
3 1822 1238 1862
3 1317 1316 1894
3 1894 1316 1899
3 1893 1895 1872
3 1872 1895 1896
3 1290 1895 1291
3 1291 1895 1894
3 604 1897 605
3 605 1897 1896
3 1257 1256 2853
3 2853 1256 2854
3 1256 1350 2854
3 2854 1350 2856
3 1350 1352 2856
3 2856 1352 2857
3 1352 3032 2857
3 2857 3032 2858
3 2859 2860 3035
3 3035 2860 3036
3 2861 2862 2869
3 2869 2862 3038
3 2869 2868 2861
3 2861 2868 2863
3 2867 2864 2868
3 2868 2864 2863
3 1763 2865 2867
3 2867 2865 2864
3 1536 1198 1759
3 1759 1198 1347
3 614 2883 1757
3 1757 2883 1758
3 1824 1245 2889
3 2889 1245 1244
3 2892 2891 1823
3 1823 2891 2890
3 760 2959 757
3 757 2959 2905
3 2999 2942 2939
3 2939 2942 2940
3 2967 709 2949
3 2949 709 708
3 1763 1422 2865
3 2865 1422 2952
3 1422 644 2952
3 2952 644 2953
3 644 643 2953
3 2953 643 2954
3 643 737 2954
3 2954 737 2955
3 737 763 2955
3 2955 763 2956
3 763 762 2956
3 2956 762 2957
3 762 2907 2957
3 2957 2907 2958
3 2907 1435 2958
3 2958 1435 2960
3 1836 2963 1434
3 1434 2963 2962
3 1836 2936 2963
3 2963 2936 2964
3 2935 2967 2965
3 2965 2967 2949
3 1839 2941 1837
3 1837 2941 2940
3 2938 2948 2939
3 2939 2948 3005
3 2938 2941 2965
3 2965 2941 2964
3 1821 1824 1849
3 1849 1824 2889
3 1890 3004 1827
3 1827 3004 3005
3 3034 3037 3044
3 3044 3037 3041
3 3044 3043 3034
3 3034 3043 3039
3 668 1421 3044
3 3044 1421 3043
3 598 669 3040
3 3040 669 3041
3 930 3066 931
3 931 3066 3064
3 2852 3065 2853
3 2853 3065 3075
3 3066 3495 3064
3 3064 3495 3496
3 3065 3497 3075
3 3075 3497 3498
3 706 1812 707
3 707 1812 1243
3 2959 2961 2905
3 2905 2961 1503
3 2891 1886 2890
3 2890 1886 1833
3 1838 2961 2962
3 2962 2961 2960
3 594 625 595
3 595 625 624
3 622 625 3483
3 3483 625 2858
3 1290 1289 605
3 605 1289 602
3 1289 649 602
3 602 649 640
3 640 649 641
3 641 649 648
3 2859 2862 648
3 648 2862 641
3 3035 3038 2859
3 2859 3038 2862
3 3034 3039 3035
3 3035 3039 3038
3 1293 1292 1294
3 1294 1292 1291
3 623 650 1293
3 1293 650 1292
3 622 651 623
3 623 651 650
3 3483 2860 622
3 622 2860 651
3 3031 3036 3483
3 3483 3036 2860
3 3030 3037 3031
3 3031 3037 3036
3 3480 2847 2883
3 2883 2847 941
3 2845 616 1426
3 1426 616 615
3 3048 3166 3047
3 3047 3166 3499
3 1905 3047 3069
3 3069 3047 3499
3 1336 1767 3500
3 3500 1767 3501
3 3019 3502 3020
3 3020 3502 3023
3 2913 3022 3019
3 3019 3022 3502
3 858 1769 859
3 859 1769 3503
3 1335 3504 1767
3 1767 3504 3501
3 3064 3496 3065
3 3065 3496 3497
3 2813 3074 3066
3 3066 3074 3495
3 2838 3173 765
3 765 3173 3016
3 1336 3500 1337
3 1337 3500 1768
3 766 3017 3025
3 3025 3017 3505
3 3075 3498 3063
3 3063 3498 3506
3 726 729 3482
3 3482 729 3029
3 3063 3506 2870
3 2870 3506 3076
3 3099 3159 1785
3 1785 3159 1783
3 3025 3505 751
3 751 3505 3014
3 859 3503 2922
3 2922 3503 3507
3 752 3015 3026
3 3026 3015 3508
3 3026 3508 3007
3 3007 3508 3027
3 1781 1784 1782
3 1782 1784 3021
3 2922 3507 3152
3 3152 3507 3160
3 3147 3148 1207
3 1207 3148 3149
3 1334 1327 3509
3 3509 1327 1326
3 1335 1334 3504
3 3504 1334 3509
3 865 3510 1339
3 1339 3510 3145
3 864 1807 865
3 865 1807 3510
3 841 840 3158
3 3158 840 3484
3 2848 3511 1328
3 1328 3511 1325
3 1201 1330 2848
3 2848 1330 3511
3 3513 3514 3512
3 3512 3514 3515
3 3517 3515 3516
3 3516 3515 3514
3 3518 3519 3513
3 3513 3519 3514
3 3521 3522 3520
3 3520 3522 3523
3 3525 3526 3524
3 3524 3526 3527
3 3529 3530 3528
3 3528 3530 3531
3 3533 3534 3532
3 3532 3534 3535
3 3528 3531 3536
3 3536 3531 3537
3 3536 3538 3528
3 3528 3538 3539
3 3541 3542 3540
3 3540 3542 3543
3 3545 3546 3544
3 3544 3546 3547
3 3549 3533 3548
3 3548 3533 3532
3 3549 3542 3550
3 3550 3542 3551
3 3536 3544 3538
3 3538 3544 3547
3 3552 3553 3555
3 3555 3553 3554
3 3536 3556 3544
3 3544 3556 3545
3 3557 3558 3560
3 3560 3558 3559
3 3562 3563 3561
3 3561 3563 3564
3 3563 3562 3565
3 3565 3562 3566
3 3568 3569 3567
3 3567 3569 3570
3 3572 3573 3571
3 3571 3573 3574
3 3576 3577 3575
3 3575 3577 3578
3 3580 3581 3579
3 3579 3581 3582
3 3584 3585 3583
3 3583 3585 3578
3 3585 3586 3578
3 3578 3586 3575
3 3588 3589 3587
3 3587 3589 3590
3 3591 3592 3594
3 3594 3592 3593
3 3596 3597 3595
3 3595 3597 3594
3 3582 3599 3598
3 3598 3599 3600
3 3602 3598 3601
3 3601 3598 3600
3 3604 3605 3603
3 3603 3605 3606
3 3607 3554 3595
3 3595 3554 3553
3 3596 3609 3608
3 3608 3609 3564
3 3563 3610 3564
3 3564 3610 3608
3 3610 3563 3611
3 3611 3563 3565
3 3612 3613 3568
3 3568 3613 3569
3 3614 3615 3572
3 3572 3615 3573
3 3516 3616 3517
3 3517 3616 3617
3 3619 3620 3618
3 3618 3620 3621
3 3623 3624 3622
3 3622 3624 3625
3 3627 3628 3626
3 3626 3628 3629
3 3631 3632 3630
3 3630 3632 3633
3 3635 3636 3634
3 3634 3636 3637
3 3639 3640 3638
3 3638 3640 3641
3 3642 3643 3638
3 3638 3643 3639
3 3645 3512 3644
3 3644 3512 3646
3 3647 3513 3645
3 3645 3513 3512
3 3648 3518 3647
3 3647 3518 3513
3 3649 3650 3526
3 3526 3650 3651
3 3653 3650 3652
3 3652 3650 3649
3 3567 3570 3654
3 3654 3570 3655
3 3656 3657 3652
3 3652 3657 3658
3 3660 3661 3659
3 3659 3661 3657
3 3663 3664 3662
3 3662 3664 3665
3 3666 3656 3649
3 3649 3656 3652
3 3668 3522 3667
3 3667 3522 3669
3 3671 3672 3670
3 3670 3672 3673
3 3675 3676 3674
3 3674 3676 3677
3 3670 3673 3675
3 3675 3673 3676
3 3679 3680 3678
3 3678 3680 3681
3 3682 3683 3679
3 3679 3683 3680
3 3684 3685 3660
3 3660 3685 3661
3 3685 3686 3661
3 3661 3686 3687
3 3683 3682 3688
3 3688 3682 3689
3 3691 3692 3690
3 3690 3692 3693
3 3690 3693 3694
3 3694 3693 3695
3 3697 3698 3696
3 3696 3698 3699
3 3701 3702 3700
3 3700 3702 3703
3 3704 3705 3518
3 3518 3705 3519
3 3672 3671 3706
3 3706 3671 3707
3 3708 3709 3681
3 3681 3709 3678
3 3710 3711 3691
3 3691 3711 3692
3 3713 3714 3712
3 3712 3714 3715
3 3717 3699 3716
3 3716 3699 3698
3 3719 3720 3718
3 3718 3720 3721
3 3723 3724 3722
3 3722 3724 3725
3 3726 3727 3729
3 3729 3727 3728
3 3721 3720 3730
3 3730 3720 3731
3 3696 3699 3732
3 3732 3699 3713
3 3732 3713 3733
3 3733 3713 3712
3 3720 3722 3731
3 3731 3722 3734
3 3719 3735 3723
3 3723 3735 3736
3 3699 3717 3713
3 3713 3717 3714
3 3716 3698 3737
3 3737 3698 3738
3 3535 3739 3532
3 3532 3739 3539
3 3741 3742 3740
3 3740 3742 3743
3 3745 3746 3744
3 3744 3746 3747
3 3749 3750 3748
3 3748 3750 3751
3 3626 3631 3627
3 3627 3631 3630
3 3753 3754 3752
3 3752 3754 3625
3 3561 3564 3755
3 3755 3564 3609
3 3526 3651 3527
3 3527 3651 3756
3 3757 3523 3668
3 3668 3523 3522
3 3581 3597 3582
3 3582 3597 3599
3 3758 3669 3521
3 3521 3669 3522
3 3674 3677 3759
3 3759 3677 3760
3 3761 3762 3689
3 3689 3762 3688
3 3764 3765 3763
3 3763 3765 3766
3 3767 3738 3697
3 3697 3738 3698
3 3725 3724 3769
3 3769 3724 3768
3 3644 3646 3770
3 3770 3646 3771
3 3644 3677 3645
3 3645 3677 3676
3 3645 3676 3647
3 3647 3676 3673
3 3672 3648 3673
3 3673 3648 3647
3 3706 3772 3672
3 3672 3772 3648
3 3774 3775 3773
3 3773 3775 3776
3 3778 3525 3777
3 3777 3525 3524
3 3525 3778 3666
3 3666 3778 3779
3 3779 3780 3666
3 3666 3780 3656
3 3671 3678 3707
3 3707 3678 3709
3 3670 3679 3671
3 3671 3679 3678
3 3675 3682 3670
3 3670 3682 3679
3 3674 3689 3675
3 3675 3689 3682
3 3759 3761 3674
3 3674 3761 3689
3 3681 3680 3782
3 3782 3680 3781
3 3688 3783 3683
3 3683 3783 3784
3 3683 3784 3680
3 3680 3784 3781
3 3785 3708 3782
3 3782 3708 3681
3 3783 3688 3786
3 3786 3688 3762
3 3788 3556 3787
3 3787 3556 3789
3 3791 3792 3790
3 3790 3792 3793
3 3615 3614 3794
3 3794 3614 3795
3 3796 3797 3726
3 3726 3797 3727
3 3799 3800 3798
3 3798 3800 3801
3 3802 3577 3591
3 3591 3577 3592
3 3804 3805 3803
3 3803 3805 3806
3 3598 3602 3584
3 3584 3602 3585
3 3586 3585 3603
3 3603 3585 3602
3 3587 3590 3793
3 3793 3590 3790
3 3580 3802 3581
3 3581 3802 3591
3 3593 3560 3607
3 3607 3560 3789
3 3661 3687 3807
3 3807 3687 3808
3 3664 3663 3809
3 3809 3663 3810
3 3718 3811 3719
3 3719 3811 3735
3 3716 3812 3717
3 3717 3812 3736
3 3722 3720 3723
3 3723 3720 3719
3 3812 3716 3813
3 3813 3716 3737
3 3814 3815 302
3 302 3815 303
3 3817 3818 3816
3 3816 3818 3819
3 3577 3802 3578
3 3578 3802 3583
3 3557 3592 3576
3 3576 3592 3577
3 3821 3822 3820
3 3820 3822 3823
3 3545 3825 3824
3 3824 3825 3826
3 3827 3828 3546
3 3546 3828 3540
3 3830 3541 3829
3 3829 3541 3831
3 3833 3821 3832
3 3832 3821 3820
3 3834 3835 3826
3 3826 3835 3824
3 3799 3798 3827
3 3827 3798 3828
3 3829 3831 3836
3 3836 3831 3837
3 330 329 3550
3 3550 329 3838
3 3830 332 3551
3 3551 332 331
3 3818 3796 3840
3 3840 3796 3839
3 3512 3515 3646
3 3646 3515 3745
3 336 335 3744
3 3744 335 3771
3 3524 3527 3774
3 3774 3527 3748
3 3609 3596 3553
3 3553 3596 3595
3 3705 3701 3519
3 3519 3701 3700
3 3755 3609 3552
3 3552 3609 3553
3 3756 3749 3527
3 3527 3749 3748
3 3516 3514 3700
3 3700 3514 3519
3 3841 3583 3580
3 3580 3583 3802
3 3524 3774 3777
3 3777 3774 3773
3 3637 3842 3634
3 3634 3842 3617
3 3616 3620 3617
3 3617 3620 3634
3 3616 3516 3703
3 3703 3516 3700
3 3520 3623 3521
3 3521 3623 3622
3 3748 3843 3774
3 3774 3843 3775
3 3845 3846 3844
3 3844 3846 3847
3 3842 3746 3617
3 3617 3746 3517
3 3849 3850 3848
3 3848 3850 3747
3 3852 3853 3851
3 3851 3853 3854
3 3855 3856 3621
3 3621 3856 3618
3 3858 3859 3857
3 3857 3859 3860
3 3861 3843 3751
3 3751 3843 3748
3 3862 3758 3622
3 3622 3758 3521
3 3863 3776 3629
3 3629 3776 3775
3 3712 3864 3733
3 3733 3864 3865
3 3867 3868 3866
3 3866 3868 3869
3 3871 3872 3870
3 3870 3872 3873
3 3875 3876 3874
3 3874 3876 3877
3 3878 3879 3877
3 3877 3879 3880
3 3881 3882 3884
3 3884 3882 3883
3 3779 3885 3780
3 3780 3885 3886
3 3887 3684 3868
3 3868 3684 3660
3 3879 3878 3882
3 3882 3878 3883
3 3692 3782 3693
3 3693 3782 3781
3 3695 3784 3763
3 3763 3784 3783
3 3693 3781 3695
3 3695 3781 3784
3 3692 3785 3782
3 3786 3764 3783
3 3783 3764 3763
3 385 384 3764
3 3764 384 3765
3 3694 3888 3690
3 3690 3888 3889
3 3690 3889 3691
3 3691 3889 3890
3 3891 3710 3890
3 3890 3710 3691
3 3766 3892 3694
3 3694 3892 3888
3 3765 3893 3766
3 3766 3893 3892
3 3881 3884 3894
3 3894 3884 3895
3 3897 3697 3896
3 3896 3697 3696
3 3896 3696 3898
3 3898 3696 3732
3 3898 3732 3899
3 3899 3732 3733
3 3900 3767 3897
3 3897 3767 3697
3 3900 3901 3767
3 3767 3901 3902
3 3903 3904 3906
3 3906 3904 3905
3 3868 3660 3869
3 3869 3660 3659
3 3907 3908 3895
3 3895 3908 3894
3 3908 3757 3894
3 3894 3757 3668
3 3750 3530 3751
3 3751 3530 3847
3 3857 3535 3853
3 3853 3535 3534
3 3651 3561 3756
3 3756 3561 3755
3 3650 3653 3562
3 3562 3653 3566
3 3654 3655 3807
3 3807 3655 3658
3 3529 3739 3844
3 3844 3739 3860
3 3750 3749 3555
3 3555 3749 3552
3 3816 3819 3795
3 3795 3819 3794
3 409 408 3909
3 3909 408 3854
3 3749 3756 3552
3 3552 3756 3755
3 3907 3885 3908
3 3908 3885 3779
3 408 410 3854
3 3854 410 3850
3 412 411 3759
3 3759 411 3761
3 414 413 3762
3 3762 413 3786
3 3789 3556 3537
3 3537 3556 3536
3 3554 3607 3537
3 3537 3607 3789
3 3573 3910 3574
3 3574 3910 3911
3 3534 3533 3909
3 3909 3533 3838
3 3830 3551 3541
3 3541 3551 3542
3 3533 3549 3838
3 3838 3549 3550
3 3542 3549 3543
3 3543 3549 3548
3 3912 3913 3915
3 3915 3913 3914
3 3805 3804 3588
3 3588 3804 3589
3 3848 3842 3916
3 3916 3842 3637
3 3852 3643 3858
3 3858 3643 3741
3 3746 3745 3517
3 3517 3745 3515
3 3694 3695 3766
3 3766 3695 3763
3 3902 3917 3767
3 3767 3917 3738
3 3737 3738 3815
3 3815 3738 3917
3 3918 3919 3768
3 3768 3919 3769
3 3920 3725 3921
3 3921 3725 3769
3 3677 3644 3760
3 3760 3644 3770
3 3923 3912 3922
3 3922 3912 3915
3 3801 3924 3837
3 3837 3924 3836
3 3576 3925 3557
3 3557 3925 3558
3 3814 3918 3813
3 3813 3918 3768
3 3926 3927 3821
3 3821 3927 3822
3 3828 3831 3540
3 3540 3831 3541
3 3833 3926 3821
3 3831 3828 3837
3 3837 3828 3798
3 3744 3771 3745
3 3745 3771 3646
3 3848 3747 3842
3 3842 3747 3746
3 3853 3852 3857
3 3857 3852 3858
3 3853 3534 3854
3 3854 3534 3909
3 3556 3788 3545
3 3545 3788 3825
3 3922 3822 3923
3 3923 3822 3927
3 3822 3922 3928
3 3928 3922 3929
3 3530 3750 3531
3 3531 3750 3555
3 3531 3555 3537
3 3537 3555 3554
3 3931 3633 3930
3 3930 3633 3632
3 3813 3768 3812
3 3812 3768 3724
3 3619 3635 3620
3 3620 3635 3634
3 3846 3861 3847
3 3847 3861 3751
3 3530 3529 3847
3 3847 3529 3844
3 3932 3933 3829
3 3829 3933 3830
3 3924 3932 3836
3 3836 3932 3829
3 3933 439 3830
3 3830 439 332
3 3924 3801 3832
3 3832 3801 3800
3 3775 3843 3629
3 3629 3843 3626
3 3807 3658 3661
3 3661 3658 3657
3 3666 3649 3525
3 3525 3649 3526
3 3934 3665 3935
3 3935 3665 3664
3 3717 3736 3714
3 3714 3736 3735
3 3662 3808 3663
3 3663 3808 3687
3 3806 3805 3937
3 3937 3805 3936
3 444 412 3760
3 3760 412 3759
3 3901 446 3902
3 3902 446 445
3 3896 3889 3897
3 3897 3889 3888
3 3898 3890 3896
3 3896 3890 3889
3 3897 3888 3900
3 3900 3888 3892
3 3892 3893 3900
3 3900 3893 3901
3 413 385 3786
3 3786 385 3764
3 3939 3940 3938
3 3938 3940 3941
3 3839 3796 3942
3 3942 3796 3726
3 3664 3809 3935
3 3935 3809 3943
3 3920 3734 3725
3 3725 3734 3722
3 3919 3944 3769
3 3769 3944 3921
3 3520 3523 3773
3 3773 3523 3777
3 3863 3945 3624
3 3624 3945 3946
3 3772 3704 3648
3 3648 3704 3518
3 3778 3777 3757
3 3757 3777 3523
3 3811 3715 3735
3 3735 3715 3714
3 3623 3520 3776
3 3776 3520 3773
3 3702 3855 3703
3 3703 3855 3621
3 3899 3891 3898
3 3898 3891 3890
3 3640 3916 3641
3 3641 3916 3947
3 3894 3668 3881
3 3881 3668 3667
3 3854 3850 3851
3 3851 3850 3849
3 3893 457 3901
3 3901 457 446
3 3780 3886 3659
3 3659 3886 3869
3 3569 3565 3570
3 3570 3565 3566
3 3949 3575 3948
3 3948 3575 3586
3 3604 3601 3613
3 3613 3601 3611
3 3613 3611 3569
3 3569 3611 3565
3 3570 3566 3655
3 3655 3566 3653
3 3659 3657 3780
3 3780 3657 3656
3 3603 3606 3586
3 3586 3606 3948
3 3652 3658 3653
3 3653 3658 3655
3 3528 3539 3529
3 3529 3539 3739
3 3686 3810 3687
3 3687 3810 3663
3 3812 3724 3736
3 3736 3724 3723
3 3918 3814 460
3 460 3814 302
3 3817 3797 3818
3 3818 3797 3796
3 3818 3840 3819
3 3819 3840 3950
3 3815 3814 3737
3 3737 3814 3813
3 3539 3538 3532
3 3532 3538 3548
3 3547 3546 3543
3 3543 3546 3540
3 3538 3547 3548
3 3548 3547 3543
3 3740 3930 3859
3 3859 3930 3845
3 3800 3799 3834
3 3834 3799 3835
3 3933 3932 3823
3 3823 3932 3820
3 3824 3827 3545
3 3545 3827 3546
3 3832 3820 3924
3 3924 3820 3932
3 3799 3827 3835
3 3835 3827 3824
3 3823 3951 3933
3 3933 3951 439
3 3859 3845 3860
3 3860 3845 3844
3 3628 3945 3629
3 3629 3945 3863
3 3739 3535 3860
3 3860 3535 3857
3 3832 3800 3833
3 3833 3800 3834
3 3582 3598 3579
3 3579 3598 3584
3 3650 3562 3651
3 3651 3562 3561
3 3757 3908 3778
3 3778 3908 3779
3 3620 3616 3621
3 3621 3616 3703
3 3624 3946 3625
3 3625 3946 3752
3 3632 3631 3846
3 3846 3631 3861
3 3851 3849 3639
3 3639 3849 3640
3 3643 3852 3639
3 3639 3852 3851
3 3858 3741 3859
3 3859 3741 3740
3 3631 3626 3861
3 3861 3626 3843
3 3754 3862 3625
3 3625 3862 3622
3 3916 3637 3947
3 3947 3637 3636
3 3643 3642 3741
3 3741 3642 3742
3 3930 3632 3845
3 3845 3632 3846
3 3624 3623 3863
3 3863 3623 3776
3 3916 3640 3848
3 3848 3640 3849
3 3743 3931 3740
3 3740 3931 3930
3 3902 445 3917
3 3917 445 463
3 3952 3953 3955
3 3955 3953 3954
3 3957 3958 3956
3 3956 3958 3959
3 3875 3957 3876
3 3876 3957 3956
3 3876 3956 3960
3 3960 3956 3961
3 3962 3963 3957
3 3957 3963 3958
3 3964 3965 3875
3 3875 3965 3957
3 3965 3962 3957
3 3965 3966 3962
3 3962 3966 3967
3 3877 3876 3878
3 3878 3876 3960
3 3966 3968 3967
3 3967 3968 3969
3 3968 3970 3969
3 3969 3970 3971
3 3973 3903 3972
3 3972 3903 3906
3 3970 3974 3971
3 3971 3974 3975
3 3975 3974 3977
3 3977 3974 3976
3 3978 3979 3976
3 3976 3979 3977
3 3980 3981 3978
3 3978 3981 3979
3 3982 3983 3980
3 3980 3983 3981
3 3971 3984 3969
3 3969 3984 3985
3 3870 3986 3968
3 3968 3986 3970
3 3871 3870 3966
3 3966 3870 3968
3 3964 3871 3965
3 3965 3871 3966
3 3969 3985 3967
3 3967 3985 3987
3 3878 3960 3883
3 3883 3960 3939
3 3883 3939 3884
3 3884 3939 3938
3 3988 3989 3991
3 3991 3989 3990
3 3941 3992 3994
3 3994 3992 3993
3 3993 3995 3994
3 3994 3995 3973
3 3996 3997 3993
3 3993 3997 3995
3 3998 3996 3992
3 3992 3996 3993
3 4000 3995 3999
3 3999 3995 3997
3 3999 3997 4001
3 4001 3997 4002
3 4003 4002 3996
3 3996 4002 3997
3 3996 3998 4003
3 4003 3998 4004
3 4005 3994 3972
3 3972 3994 3973
3 3938 3941 4005
3 4005 3941 3994
3 3905 3886 3906
3 3906 3886 3885
3 3886 3905 3869
3 3869 3905 3866
3 3907 3972 3885
3 3885 3972 3906
3 3864 4006 3865
3 3865 4006 4007
3 3983 3982 4008
3 4008 3982 4009
3 3960 3961 3939
3 3939 3961 3940
3 4011 3867 4010
3 4010 3867 3866
3 4012 3974 3986
3 3986 3974 3970
3 4013 3976 4012
3 4012 3976 3974
3 4014 4009 4006
3 4006 4009 3982
3 4006 3982 4007
3 4007 3982 3980
3 4007 3980 4015
3 4015 3980 3978
3 4016 3983 4017
3 4017 3983 4008
3 3976 4013 3978
3 3978 4013 4015
3 3981 3983 4018
3 4018 3983 4016
3 4020 4021 4019
3 4019 4021 4022
3 4021 4011 4022
3 4022 4011 4010
3 4022 3903 4019
3 4019 3903 3973
3 4023 4024 4017
3 4017 4024 4016
3 4025 4026 4023
3 4023 4026 4024
3 4027 4025 4028
3 4028 4025 4023
3 4017 4020 4023
3 4023 4020 4028
3 4029 4030 4025
3 4025 4030 4026
3 4031 4029 4027
3 4027 4029 4025
3 4028 4000 4027
3 4027 4000 3999
3 4027 3999 4031
3 4031 3999 4001
3 4033 4034 4032
3 4032 4034 4035
3 4036 4037 4018
3 4018 4037 4038
3 4040 4038 4039
3 4039 4038 4037
3 4039 4037 4041
3 4041 4037 4035
3 4041 4035 4042
3 4042 4035 4034
3 3984 4043 4045
3 4045 4043 4044
3 4046 4047 4044
3 4044 4047 4045
3 4046 4048 4047
3 4047 4048 4049
3 4041 4046 4039
3 4039 4046 4044
3 4042 4048 4041
3 4041 4048 4046
3 4039 4044 4040
3 4040 4044 4043
3 4051 3958 4050
3 4050 3958 3963
3 4052 4053 4050
3 4050 4053 4054
3 3955 3959 4051
3 4051 3959 3958
3 3952 3955 4055
3 4055 3955 4051
3 4057 3952 4056
3 4056 3952 4055
3 4059 4060 4058
3 4058 4060 4061
3 4062 4063 4053
3 4053 4063 4056
3 4053 4052 4062
3 4062 4052 4064
3 4065 4066 4068
3 4068 4066 4067
3 4047 4049 4062
3 4062 4049 4063
3 4062 4064 4047
3 4047 4064 4045
3 3984 4045 3985
3 3985 4045 4064
3 3985 4064 3987
3 3987 4064 4052
3 3987 4052 3963
3 3963 4052 4050
3 3975 3977 4043
3 4043 3977 4040
3 3979 3981 4038
3 4038 3981 4018
3 4038 4040 3979
3 3979 4040 3977
3 3972 3907 4005
3 4005 3907 3895
3 3884 3938 3895
3 3895 3938 4005
3 4030 4033 4026
3 4026 4033 4032
3 4026 4032 4024
3 4024 4032 4036
3 4018 4016 4036
3 4036 4016 4024
3 3992 3941 4069
3 4069 3941 3940
3 3998 3992 4070
3 4070 3992 4069
3 3998 4070 4004
3 4004 4070 4071
3 4072 4073 4075
3 4075 4073 4074
3 4077 4078 4076
3 4076 4078 4079
3 4081 4079 4080
3 4080 4079 4078
3 4083 4084 4082
3 4082 4084 4085
3 4086 4087 4089
3 4089 4087 4088
3 4091 4092 4090
3 4090 4092 4093
3 4095 4096 4094
3 4094 4096 4097
3 4099 4100 4098
3 4098 4100 4101
3 4102 4103 4105
3 4105 4103 4104
3 4107 4108 4106
3 4106 4108 4109
3 4111 4112 4110
3 4110 4112 4113
3 4115 4116 4114
3 4114 4116 4117
3 4119 4120 4118
3 4118 4120 4121
3 4122 4123 4125
3 4125 4123 4124
3 4126 4127 4129
3 4129 4127 4128
3 4131 4132 4130
3 4130 4132 4133
3 4135 4107 4134
3 4134 4107 4106
3 4137 4138 4136
3 4136 4138 4139
3 4140 4141 4087
3 4087 4141 4088
3 4143 4144 4142
3 4142 4144 4145
3 4147 4148 4146
3 4146 4148 4149
3 4151 4152 4150
3 4150 4152 4153
3 4155 4081 4154
3 4154 4081 4080
3 4156 4157 4159
3 4159 4157 4158
3 4160 4161 4163
3 4163 4161 4162
3 4165 4121 4164
3 4164 4121 4120
3 4167 4151 4166
3 4166 4151 4150
3 4168 4169 4171
3 4171 4169 4170
3 4173 4174 4172
3 4172 4174 4175
3 4177 4148 4176
3 4176 4148 4178
3 4172 4175 4179
3 4179 4175 4180
3 4155 4084 4181
3 4181 4084 4182
3 4181 4183 4155
3 4155 4183 4081
3 4184 4185 4183
3 4183 4185 4186
3 4185 4187 4186
3 4186 4187 4188
3 4189 4190 4072
3 4072 4190 4073
3 4176 4178 4157
3 4157 4178 4158
3 4192 4126 4191
3 4191 4126 4129
3 4143 4193 4150
3 4150 4193 4166
3 4195 4196 4194
3 4194 4196 4197
3 4094 4198 4095
3 4095 4198 4199
3 4200 4201 4203
3 4203 4201 4202
3 4204 4205 4207
3 4207 4205 4206
3 4120 4119 4208
3 4208 4119 4209
3 4211 4212 4210
3 4210 4212 4213
3 4215 4216 4214
3 4214 4216 4217
3 4219 4220 4218
3 4218 4220 4221
3 4223 4195 4222
3 4222 4195 4194
3 4224 4225 4133
3 4133 4225 4130
3 4227 4228 4226
3 4226 4228 4229
3 4231 4232 4230
3 4230 4232 4097
3 4234 4235 4233
3 4233 4235 4236
3 4238 4239 4237
3 4237 4239 4240
3 4241 4242 4244
3 4244 4242 4243
3 4245 4246 4248
3 4248 4246 4247
3 4250 4251 4249
3 4249 4251 4252
3 4254 4255 4253
3 4253 4255 4256
3 4258 4259 4257
3 4257 4259 4260
3 4262 4263 4261
3 4261 4263 4264
3 4266 4267 4265
3 4265 4267 4268
3 4270 4198 4269
3 4269 4198 4271
3 4272 4273 4275
3 4275 4273 4274
3 4114 4117 4276
3 4276 4117 4277
3 4279 4280 4278
3 4278 4280 4281
3 4210 4282 4211
3 4211 4282 4283
3 4285 4286 4284
3 4284 4286 4287
3 4164 4120 4288
3 4288 4120 4208
3 4290 4285 4289
3 4289 4285 4284
3 4292 4293 4291
3 4291 4293 4294
3 4296 4297 4295
3 4295 4297 4298
3 4300 4301 4299
3 4299 4301 4302
3 4298 4303 4295
3 4295 4303 4304
3 4305 4291 4306
3 4306 4291 4294
3 4306 4307 4305
3 4305 4307 4308
3 4309 4308 4074
3 4074 4308 4307
3 4298 4297 4311
3 4311 4297 4310
3 4301 4300 4292
3 4292 4300 4293
3 3734 3920 4312
3 4312 3920 4313
3 4314 4313 3921
3 3921 4313 3920
3 4315 3944 828
3 828 3944 829
3 4288 4316 4164
3 4164 4316 4317
3 4319 4320 4318
3 4318 4320 4321
3 4323 4324 4322
3 4322 4324 4325
3 4326 4327 4329
3 4329 4327 4328
3 4289 4330 4290
3 4290 4330 4331
3 4164 4317 4165
3 4165 4317 4332
3 4333 4334 4336
3 4336 4334 4335
3 4338 4339 4337
3 4337 4339 4340
3 4167 4342 4341
3 4341 4342 4343
3 4345 4346 4344
3 4344 4346 4347
3 4349 4350 4348
3 4348 4350 4351
3 4353 4354 4352
3 4352 4354 4355
3 4356 4357 4323
3 4323 4357 4324
3 4336 4358 4333
3 4333 4358 4359
3 4361 4362 4360
3 4360 4362 4363
3 4365 4366 4364
3 4364 4366 4367
3 4368 4369 4371
3 4371 4369 4370
3 4330 4289 4373
3 4373 4289 4372
3 4372 4375 4374
3 4374 4375 4376
3 4378 4379 4377
3 4377 4379 4380
3 4216 4381 4217
3 4217 4381 4382
3 4384 4385 4383
3 4383 4385 4386
3 4387 4388 4337
3 4337 4388 4389
3 4336 4335 4391
3 4391 4335 4390
3 4393 4361 4392
3 4392 4361 4360
3 4395 4396 4394
3 4394 4396 4397
3 4399 4400 4398
3 4398 4400 4401
3 4344 4402 4345
3 4345 4402 4403
3 4404 4405 4341
3 4341 4405 4406
3 4408 4409 4407
3 4407 4409 4410
3 4407 4411 4408
3 4408 4411 4412
3 4180 4414 4413
3 4413 4414 4415
3 4181 4182 4416
3 4416 4182 4417
3 4418 4352 4310
3 4310 4352 4311
3 4420 4421 4419
3 4419 4421 4422
3 4352 4355 4311
3 4311 4355 4423
3 4165 4332 4424
3 4424 4332 4425
3 4424 4142 4165
3 4165 4142 4121
3 4426 4106 4427
3 4427 4106 4109
3 4428 4429 4173
3 4173 4429 4174
3 4334 4430 4335
3 4335 4430 4389
3 4335 4389 4390
3 4390 4389 4388
3 4431 4432 4434
3 4434 4432 4433
3 4436 4437 4435
3 4435 4437 4438
3 4440 4441 4439
3 4439 4441 4442
3 4358 4443 4360
3 4360 4443 4392
3 4445 4446 4444
3 4444 4446 4447
3 4337 4340 4387
3 4387 4340 4448
3 4449 4450 4397
3 4397 4450 4394
3 4452 4453 4451
3 4451 4453 4454
3 4456 4457 4455
3 4455 4457 4458
3 4459 4460 4447
3 4447 4460 4444
3 4462 4463 4461
3 4461 4463 4464
3 4461 4464 4465
3 4465 4464 4466
3 4467 4468 4466
3 4466 4468 4465
3 4468 4467 4469
3 4469 4467 4470
3 4471 4472 4470
3 4470 4472 4469
3 4474 4475 4473
3 4473 4475 4476
3 4478 4479 4477
3 4477 4479 4480
3 4482 4483 4481
3 4481 4483 4484
3 4486 4487 4485
3 4485 4487 4488
3 4490 4491 4489
3 4489 4491 4492
3 4493 4494 4492
3 4492 4494 4489
3 4495 4496 4493
3 4493 4496 4494
3 4496 4495 4497
3 4497 4495 4498
3 4499 4500 4502
3 4502 4500 4501
3 4504 4505 4503
3 4503 4505 4506
3 4465 4507 4461
3 4461 4507 4508
3 4469 4509 4468
3 4468 4509 4510
3 4512 4478 4511
3 4511 4478 4477
3 4514 4442 4513
3 4513 4442 4441
3 4515 4516 4518
3 4518 4516 4517
3 4520 4494 4519
3 4519 4494 4496
3 4521 4489 4520
3 4520 4489 4494
3 4490 4522 4487
3 4487 4522 4523
3 4524 4488 4523
3 4523 4488 4487
3 4483 4525 4484
3 4484 4525 4526
3 4502 4527 4499
3 4499 4527 4528
3 4529 4530 4532
3 4532 4530 4531
3 4534 4505 4533
3 4533 4505 4529
3 4485 4535 4486
3 4486 4535 4536
3 4486 4536 4491
3 4491 4536 4537
3 4493 4538 4495
3 4495 4538 4539
3 4541 4532 4540
3 4540 4532 4498
3 4543 4544 4542
3 4542 4544 4545
3 4547 4548 4546
3 4546 4548 4549
3 4535 4550 4536
3 4536 4550 4551
3 4536 4551 4537
3 4537 4551 4552
3 4553 4538 4555
3 4555 4538 4554
3 4556 4539 4553
3 4553 4539 4538
3 4558 4556 4557
3 4557 4556 4559
3 4539 4556 4540
3 4540 4556 4558
3 4561 4562 4560
3 4560 4562 4563
3 4545 4564 4542
3 4542 4564 4565
3 4546 4566 4547
3 4547 4566 4567
3 4569 4570 4568
3 4568 4570 4571
3 4573 4574 4572
3 4572 4574 4575
3 4577 4578 4576
3 4576 4578 4579
3 4581 4582 4580
3 4580 4582 4583
3 4584 4585 4587
3 4587 4585 4586
3 4588 4584 4589
3 4589 4584 4587
3 4591 4592 4590
3 4590 4592 4593
3 4595 4596 4594
3 4594 4596 4597
3 4599 4600 4598
3 4598 4600 4601
3 4562 4603 4602
3 4602 4603 4604
3 4602 4605 4607
3 4607 4605 4606
3 4608 4609 4593
3 4593 4609 4590
3 4610 4611 4613
3 4613 4611 4612
3 4615 4616 4614
3 4614 4616 4617
3 4601 4619 4618
3 4618 4619 4620
3 4618 4621 4601
3 4601 4621 4598
3 4604 4598 4622
3 4622 4598 4621
3 4604 4622 4602
3 4602 4622 4605
3 4624 4625 4623
3 4623 4625 4626
3 4437 4436 4627
3 4627 4436 4628
3 4441 4440 4629
3 4629 4440 4630
3 4629 4631 4441
3 4441 4631 4513
3 4632 4633 4528
3 4528 4633 4499
3 4499 4633 4500
3 4500 4633 4634
3 4636 4545 4635
3 4635 4545 4544
3 4638 4564 4637
3 4637 4564 4639
3 4572 4575 4640
3 4640 4575 4641
3 4592 4642 4593
3 4593 4642 4643
3 4644 4608 4643
3 4643 4608 4593
3 4646 4647 4645
3 4645 4647 4648
3 4650 4651 4649
3 4649 4651 4652
3 4653 4497 4518
3 4518 4497 4531
3 4519 4507 4520
3 4520 4507 4510
3 4521 4509 4522
3 4522 4509 4654
3 4523 4655 4524
3 4524 4655 4656
3 4513 4528 4514
3 4514 4528 4527
3 4657 4658 4660
3 4660 4658 4659
3 4495 4539 4498
3 4498 4539 4540
3 4492 4554 4493
3 4493 4554 4538
3 4548 4482 4549
3 4549 4482 4481
3 4544 4543 4500
3 4500 4543 4501
3 4635 4544 4634
3 4634 4544 4500
3 4588 4662 4661
3 4661 4662 4663
3 4661 4664 4557
3 4557 4664 4558
3 4568 4585 4569
3 4569 4585 4559
3 4551 4665 4552
3 4552 4665 4666
3 4667 4668 4669
3 4669 4668 4665
3 4671 4672 4670
3 4670 4672 4673
3 4286 4674 4287
3 4287 4674 4675
3 4677 4678 4676
3 4676 4678 4679
3 4680 4677 4681
3 4681 4677 4676
3 4681 4682 4680
3 4680 4682 4683
3 4160 4163 4684
3 4684 4163 4685
3 4413 4686 4688
3 4688 4686 4687
3 4404 4689 4345
3 4345 4689 4346
3 4690 4398 4692
3 4692 4398 4691
3 1208 4693 4364
3 4364 4693 4365
3 4649 1210 4650
3 4650 1210 1209
3 4694 4695 4254
3 4254 4695 4255
3 4696 4697 4217
3 4217 4697 4214
3 4699 4700 4698
3 4698 4700 4701
3 4702 4703 4302
3 4302 4703 4299
3 4314 3921 4315
3 4315 3921 3944
3 4652 4705 4704
3 4704 4705 4706
3 4708 4709 4707
3 4707 4709 4710
3 4334 4333 4712
3 4712 4333 4711
3 4713 4339 4320
3 4320 4339 4321
3 4715 4716 4714
3 4714 4716 4717
3 4237 4240 4718
3 4718 4240 4719
3 4230 4720 4306
3 4306 4720 4307
3 4722 4723 4721
3 4721 4723 4724
3 4726 4727 4725
3 4725 4727 4728
3 4729 4730 4326
3 4326 4730 4327
3 4732 4733 4731
3 4731 4733 4734
3 4719 4380 4735
3 4735 4380 4736
3 4737 4738 4740
3 4740 4738 4739
3 4742 4743 4741
3 4741 4743 4744
3 4337 4389 4338
3 4338 4389 4430
3 4745 4746 4430
3 4430 4746 4338
3 4290 4331 4288
3 4288 4331 4316
3 4288 4208 4290
3 4290 4208 4285
3 4286 4285 4209
3 4209 4285 4208
3 4748 4749 4747
3 4747 4749 4750
3 4211 4283 4751
3 4751 4283 4752
3 4751 4753 4211
3 4211 4753 4212
3 4251 4250 4224
3 4224 4250 4225
3 4226 4229 4247
3 4247 4229 4248
3 4204 4754 4756
3 4756 4754 4755
3 4707 4710 4757
3 4757 4710 4646
3 4366 4365 4758
3 4758 4365 4759
3 4525 4512 4526
3 4526 4512 4511
3 4419 4422 4384
3 4384 4422 4385
3 4704 4760 4652
3 4652 4760 4649
3 4760 1278 4649
3 4649 1278 1210
3 4761 4762 3943
3 3943 4762 3935
3 4273 4272 4764
3 4764 4272 4763
3 4766 4767 4765
3 4765 4767 4768
3 4769 4770 4768
3 4768 4770 4765
3 4770 4769 4241
3 4241 4769 4242
3 4092 4162 4093
3 4093 4162 4161
3 4771 4772 4774
3 4774 4772 4773
3 4776 4777 4775
3 4775 4777 4778
3 4416 4184 4181
3 4181 4184 4183
3 4779 4077 4780
3 4780 4077 4076
3 4780 4076 4781
3 4781 4076 4188
3 4187 4782 4188
3 4188 4782 4781
3 4294 4231 4306
3 4306 4231 4230
3 4784 4785 4783
3 4783 4785 4786
3 4783 1306 4784
3 4784 1306 1305
3 4077 4779 4095
3 4095 4779 4096
3 4074 4073 4309
3 4309 4073 4787
3 4787 4073 4788
3 4788 4073 4190
3 4788 4190 4058
3 4058 4190 4789
3 4790 4276 4791
3 4791 4276 4277
3 3731 3734 4792
3 4792 3734 4312
3 4792 4793 3731
3 3731 4793 3730
3 4791 4794 4790
3 4790 4794 4795
3 4796 4797 4798
3 4798 4797 4723
3 4762 4799 3935
3 3935 4799 3934
3 4800 4061 3728
3 3728 4061 3729
3 4712 4711 4801
3 4801 4711 4802
3 4145 4803 4118
3 4118 4803 4804
3 4497 4653 4496
3 4496 4653 4519
3 4805 4806 1325
3 1325 4806 1326
3 4688 4687 1329
3 1329 4687 1330
3 4800 4788 4061
3 4061 4788 4058
3 3729 4061 4807
3 4807 4061 4060
3 4809 4810 4808
3 4808 4810 4811
3 4812 4402 4813
3 4813 4402 4344
3 4814 4815 4348
3 4348 4815 4349
3 4816 4817 4819
3 4819 4817 4818
3 4405 4820 4406
3 4406 4820 4821
3 4822 4160 4823
3 4823 4160 4684
3 4180 4413 4824
3 4824 4413 4688
3 4740 4739 4825
3 4825 4739 4826
3 4827 4828 4826
3 4826 4828 4825
3 4141 4140 4414
3 4414 4140 4147
3 4829 1353 4760
3 4760 1353 1278
3 4831 4832 4830
3 4830 4832 4833
3 4834 4835 4625
3 4625 4835 4420
3 4450 4708 4394
3 4394 4708 4707
3 4626 4419 4836
3 4836 4419 4384
3 4836 1364 4837
3 4837 1364 1363
3 4396 4395 4838
3 4838 4395 4839
3 4841 4627 4840
3 4840 4627 4628
3 4670 4673 4630
3 4630 4673 4629
3 4673 4658 4629
3 4629 4658 4631
3 4632 4631 4657
3 4657 4631 4658
3 4657 4503 4632
3 4632 4503 4633
3 4634 4633 4506
3 4506 4633 4503
3 4842 4635 4506
3 4506 4635 4634
3 4843 4636 4842
3 4842 4636 4635
3 4636 4843 4639
3 4639 4843 4663
3 4637 4662 4641
3 4641 4662 4844
3 4846 4642 4845
3 4845 4642 4640
3 4643 4847 4644
3 4644 4847 4848
3 4850 4851 4849
3 4849 4851 4852
3 4854 4855 4853
3 4853 4855 4856
3 4858 4859 4857
3 4857 4859 4856
3 4714 4717 4858
3 4858 4717 4859
3 4861 4862 4860
3 4860 4862 4863
3 4865 4866 4864
3 4864 4866 4867
3 4869 4870 4868
3 4868 4870 4871
3 4868 4871 4115
3 4115 4871 4116
3 4819 4818 4873
3 4873 4818 4872
3 4875 4876 4874
3 4874 4876 4877
3 4879 4880 4878
3 4878 4880 4881
3 4883 4884 4882
3 4882 4884 4885
3 4886 4887 4279
3 4279 4887 4280
3 4817 4816 4888
3 4888 4816 4889
3 4890 4192 4822
3 4822 4192 4191
3 4891 4892 4227
3 4227 4892 4228
3 4157 4156 4893
3 4893 4156 4894
3 4895 4896 4131
3 4131 4896 4132
3 4098 4682 4099
3 4099 4682 4681
3 4100 4099 4898
3 4898 4099 4897
3 4149 4105 4146
3 4146 4105 4899
3 4099 4681 4897
3 4897 4681 4676
3 4079 4081 4186
3 4186 4081 4183
3 4076 4079 4188
3 4188 4079 4186
3 4190 4189 4789
3 4789 4189 4900
3 4176 4157 4679
3 4679 4157 4893
3 4107 4135 4751
3 4751 4135 4753
3 4751 4752 4107
3 4107 4752 4108
3 4816 4901 4889
3 4889 4901 4902
3 4903 4904 4906
3 4906 4904 4905
3 4908 4909 4907
3 4907 4909 4910
3 4912 4913 4911
3 4911 4913 4914
3 4915 4916 4918
3 4918 4916 4917
3 4311 4423 4298
3 4298 4423 4303
3 4919 4920 4296
3 4296 4920 4297
3 4193 4921 4166
3 4166 4921 4922
3 4923 4399 4690
3 4690 4399 4398
3 4394 4707 4395
3 4395 4707 4757
3 4366 4924 4367
3 4367 4924 4925
3 4918 4917 4872
3 4872 4917 4873
3 4835 4926 4420
3 4420 4926 4421
3 4920 4927 4297
3 4297 4927 4310
3 4142 4145 4121
3 4121 4145 4118
3 4928 4929 4454
3 4454 4929 4451
3 4931 4932 4930
3 4930 4932 4933
3 4934 4935 4931
3 4931 4935 4932
3 4460 4459 4456
3 4456 4459 4457
3 4479 4478 4474
3 4474 4478 4475
3 4659 4672 4516
3 4516 4672 4936
3 4660 4504 4657
3 4657 4504 4503
3 4483 4482 4488
3 4488 4482 4485
3 4461 4508 4462
3 4462 4508 4517
3 4468 4510 4465
3 4465 4510 4507
3 4654 4472 4655
3 4655 4472 4476
3 4475 4656 4476
3 4476 4656 4655
3 4478 4512 4475
3 4475 4512 4656
3 4488 4524 4483
3 4483 4524 4525
3 4482 4548 4485
3 4485 4548 4535
3 4548 4547 4535
3 4535 4547 4550
3 4547 4567 4550
3 4550 4567 4669
3 4662 4588 4844
3 4844 4588 4589
3 4667 4576 4937
3 4937 4576 4579
3 4939 4937 4938
3 4938 4937 4940
3 4939 4941 4668
3 4668 4941 4942
3 4586 4581 4943
3 4943 4581 4580
3 4847 4846 4607
3 4607 4846 4563
3 4615 4944 4612
3 4612 4944 4597
3 4614 4945 4615
3 4615 4945 4944
3 4946 4938 4947
3 4947 4938 4945
3 4598 4604 4599
3 4599 4604 4603
3 4607 4606 4847
3 4847 4606 4848
3 4612 4611 4615
3 4615 4611 4616
3 4834 4948 4708
3 4708 4948 4709
3 4356 1476 4836
3 4836 1476 1364
3 4711 4949 4802
3 4802 4949 4950
3 4400 4951 4401
3 4401 4951 4952
3 4758 4759 4401
3 4401 4759 4398
3 4507 4519 4508
3 4508 4519 4653
3 4509 4521 4510
3 4510 4521 4520
3 4512 4525 4656
3 4656 4525 4524
3 4631 4632 4513
3 4513 4632 4528
3 4930 4933 4452
3 4452 4933 4453
3 4152 4953 4153
3 4153 4953 4954
3 4956 4957 4955
3 4955 4957 4958
3 4960 4961 4959
3 4959 4961 4962
3 4119 4963 4209
3 4209 4963 4964
3 4966 4967 4965
3 4965 4967 4968
3 4348 4691 4814
3 4814 4691 4969
3 4651 4970 4652
3 4652 4970 4705
3 4757 4646 4971
3 4971 4646 4645
3 4972 4362 4645
3 4645 4362 4971
3 4949 4359 4973
3 4973 4359 4363
3 4430 4334 4745
3 4745 4334 4712
3 4357 4713 4324
3 4324 4713 4320
3 4764 4763 4265
3 4265 4763 4974
3 4201 4975 4202
3 4202 4975 4976
3 4916 4977 4917
3 4917 4977 4978
3 4278 4281 4853
3 4853 4281 4268
3 4819 4879 4816
3 4816 4879 4901
3 4889 4902 4979
3 4979 4902 4885
3 4981 4982 4980
3 4980 4982 4122
3 4794 4850 4795
3 4795 4850 4849
3 4917 4978 4873
3 4873 4978 4880
3 4808 4403 4809
3 4809 4403 4402
3 4353 4984 4983
3 4983 4984 4985
3 1363 1515 4837
3 4837 1515 4986
3 4758 4987 4366
3 4366 4987 4924
3 4988 4989 4480
3 4480 4989 4477
3 4442 4514 4989
3 4989 4514 4990
3 4526 4511 4991
3 4991 4511 4990
3 4527 4502 4991
3 4991 4502 4992
3 4992 4993 4484
3 4484 4993 4481
3 4543 4994 4501
3 4501 4994 4993
3 4994 4995 4549
3 4549 4995 4546
3 4997 4998 4996
3 4996 4998 4565
3 4997 4999 4577
3 4577 4999 4578
3 5000 5001 4595
3 4595 5001 4596
3 5002 4590 5003
3 5003 4590 4609
3 4625 4420 4626
3 4626 4420 4419
3 4836 4837 4626
3 4626 4837 4623
3 4760 4704 4829
3 4829 4704 5004
3 4704 4706 5004
3 5004 4706 5005
3 4307 4720 4074
3 4074 4720 4075
3 5006 4199 4796
3 4796 4199 4797
3 4684 4685 5007
3 5007 4685 5008
3 4888 4889 5009
3 5009 4889 4979
3 4322 1540 4323
3 4323 1540 1539
3 4384 4383 4357
3 4357 4383 4713
3 4395 4757 4839
3 4839 4757 4971
3 4865 4851 5010
3 5010 4851 5011
3 5012 4259 4979
3 4979 4259 5009
3 4874 4877 5013
3 5013 4877 5014
3 5016 5017 5015
3 5015 5017 5018
3 5015 5018 5019
3 5019 5018 5020
3 5022 5023 5021
3 5021 5023 5024
3 5026 5027 5025
3 5025 5027 5028
3 5030 5031 5029
3 5029 5031 5032
3 5034 5035 5033
3 5033 5035 5036
3 5038 5039 5037
3 5037 5039 5040
3 5042 5043 5041
3 5041 5043 5044
3 5037 5045 5038
3 5038 5045 5046
3 5048 5049 5047
3 5047 5049 5050
3 5052 5053 5051
3 5051 5053 5054
3 5056 5023 5055
3 5055 5023 5057
3 5059 5060 5058
3 5058 5060 5061
3 5063 5064 5062
3 5062 5064 5065
3 5042 5049 5063
3 5063 5049 5064
3 5037 5040 5066
3 5066 5040 5067
3 5069 5070 5068
3 5068 5070 5071
3 5073 5074 5072
3 5072 5074 5075
3 5033 5076 5034
3 5034 5076 5077
3 5079 5080 5078
3 5078 5080 5081
3 5083 5084 5082
3 5082 5084 5085
3 5084 5083 5086
3 5086 5083 5087
3 5089 5090 5088
3 5088 5090 5091
3 5093 5094 5092
3 5092 5094 5095
3 5097 5098 5096
3 5096 5098 5099
3 5101 5102 5100
3 5100 5102 5103
3 5104 5105 5107
3 5107 5105 5106
3 5109 5110 5108
3 5108 5110 5111
3 5113 5093 5112
3 5112 5093 5092
3 5115 5116 5114
3 5114 5116 5117
3 5119 5120 5118
3 5118 5120 5121
3 5123 5124 5122
3 5122 5124 5125
3 5127 5128 5126
3 5126 5128 5129
3 5096 5130 5097
3 5097 5130 5131
3 5133 5134 5132
3 5132 5134 5121
3 5083 5124 5087
3 5087 5124 5135
3 5137 5138 5136
3 5136 5138 5139
3 5141 5101 5140
3 5140 5101 5100
3 5105 5142 5106
3 5106 5142 5143
3 5145 5146 5144
3 5144 5146 5147
3 5148 5149 5108
3 5108 5149 5109
3 5150 5109 5151
3 5151 5109 5149
3 4714 5139 4715
3 4715 5139 5138
3 5142 4869 5143
3 5143 4869 4868
3 4114 5145 4115
3 4115 5145 5144
3 4790 4795 5148
3 5148 4795 5149
3 4795 4849 5149
3 5149 4849 5151
3 4857 5141 4858
3 4858 5141 5140
3 5152 5153 5114
3 5114 5153 5104
3 5155 5156 5154
3 5154 5156 5157
3 5158 5159 5052
3 5052 5159 5053
3 5160 5161 5019
3 5019 5161 5067
3 5025 5028 5162
3 5162 5028 5020
3 5082 5085 5163
3 5163 5085 5164
3 5089 5166 5165
3 5165 5166 5167
3 5168 5169 5171
3 5171 5169 5170
3 5173 5174 5172
3 5172 5174 5175
3 5176 5108 5177
3 5177 5108 5111
3 5178 5179 5181
3 5181 5179 5180
3 5122 5125 5119
3 5119 5125 5120
3 5179 5166 5180
3 5180 5166 5182
3 5183 5184 5178
3 5178 5184 5179
3 5185 5148 5176
3 5176 5148 5108
3 4867 5183 4864
3 4864 5183 5178
3 5187 5188 5186
3 5186 5188 5189
3 4276 4790 5185
3 5185 4790 5148
3 5178 5181 4864
3 4864 5181 4852
3 5188 4861 5189
3 5189 4861 4860
3 5155 5074 5190
3 5190 5074 5191
3 5035 5034 5192
3 5192 5034 5193
3 5114 5117 5152
3 5152 5117 5194
3 5021 5024 5195
3 5195 5024 5196
3 5154 5157 5068
3 5068 5157 5061
3 5062 5065 5197
3 5197 5065 5198
3 5072 5075 5199
3 5199 5075 5071
3 5201 5130 5200
3 5200 5130 5202
3 5142 5105 5203
3 5203 5105 5204
3 5113 5112 5205
3 5205 5112 5126
3 5097 5131 5192
3 5192 5131 5194
3 5203 5206 5142
3 5142 5206 4869
3 5087 5135 5207
3 5207 5135 5091
3 5208 5209 5088
3 5088 5209 5182
3 5210 5017 5059
3 5059 5017 5060
3 5016 5039 5069
3 5069 5039 5070
3 5190 5159 5155
3 5155 5159 5156
3 5047 5027 5048
3 5048 5027 5057
3 5206 5203 4857
3 4857 5203 5141
3 4858 5140 4714
3 4714 5140 5139
3 5211 5161 5041
3 5041 5161 5050
3 5181 5151 4852
3 4852 5151 4849
3 5213 5133 5212
3 5212 5133 5132
3 5163 5164 5132
3 5132 5164 5212
3 5214 5215 5200
3 5200 5215 5216
3 5146 5217 5147
3 5147 5217 5218
3 5146 5176 5217
3 5217 5176 5177
3 5140 5100 5139
3 5139 5100 5136
3 5200 5216 5201
3 5201 5216 5103
3 5145 5185 5146
3 5146 5185 5176
3 4276 5185 4114
3 4114 5185 5145
3 5190 5191 5030
3 5030 5191 5031
3 5051 5054 5219
3 5219 5054 5196
3 4115 5144 4868
3 4868 5144 5143
3 5033 5036 5213
3 5213 5036 5133
3 5096 5099 5113
3 5113 5099 5093
3 5107 5106 5218
3 5218 5106 5147
3 5220 5134 5115
3 5115 5134 5116
3 5123 5110 5208
3 5208 5110 5209
3 5106 5143 5147
3 5147 5143 5144
3 5151 5181 5150
3 5150 5181 5180
3 5207 5221 5087
3 5087 5221 5086
3 5221 5207 5170
3 5170 5207 5171
3 5222 1755 4697
3 4697 1755 1754
3 4426 5223 4106
3 4106 5223 4134
3 4177 4678 5224
3 5224 4678 5225
3 5226 5227 4891
3 4891 5227 4892
3 5228 5229 4170
3 4170 5229 4171
3 4854 4267 4883
3 4883 4267 4884
3 4883 4870 4854
3 4854 4870 4855
3 4683 5230 4895
3 4895 5230 4896
3 4767 4766 5008
3 5008 4766 5007
3 5204 5153 5101
3 5101 5153 5102
3 5098 5097 5193
3 5193 5097 5192
3 5197 5198 5078
3 5078 5198 5032
3 5101 5141 5204
3 5204 5141 5203
3 5223 4426 4680
3 4680 4426 4677
3 3711 3710 5231
3 5231 3710 5232
3 3967 3987 3962
3 3962 3987 3963
3 3975 4043 3971
3 3971 4043 3984
3 4037 4036 4035
3 4035 4036 4032
3 4793 4761 3730
3 3730 4761 3943
3 3730 3943 3721
3 3721 3943 3809
3 3873 5233 5231
3 5231 5233 3711
3 3905 3904 3866
3 3866 3904 4010
3 3903 4022 3904
3 3904 4022 4010
3 3718 3721 3810
3 3810 3721 3809
3 3811 3718 3686
3 3686 3718 3810
3 3715 3811 3685
3 3685 3811 3686
3 3712 3715 3684
3 3684 3715 3685
3 4809 4402 5234
3 5234 4402 4812
3 4344 1769 4813
3 4813 1769 1768
3 4066 4065 4057
3 4057 4065 5235
3 4042 4067 4048
3 4048 4067 4049
3 4033 5236 3988
3 3988 5236 3989
3 4030 4029 4071
3 4071 4029 4004
3 4002 4003 4001
3 4001 4003 4031
3 4003 4004 4031
3 4031 4004 4029
3 4066 4063 4067
3 4067 4063 4049
3 4057 4056 4066
3 4066 4056 4063
3 4034 4033 5237
3 5237 4033 3988
3 5235 5238 4057
3 4057 5238 5239
3 5233 3873 5240
3 5240 3873 3872
3 5240 3872 3880
3 3880 3872 3877
3 4799 4762 4787
3 4787 4762 4309
3 4762 4761 4309
3 4309 4761 4308
3 4761 4793 4308
3 4308 4793 4305
3 4793 4792 4305
3 4305 4792 4291
3 4292 4312 4301
3 4301 4312 4313
3 4301 4313 4302
3 4302 4313 4314
3 4302 4314 4702
3 4702 4314 4315
3 4034 4068 4042
3 4042 4068 4067
3 4323 1539 4356
3 4356 1539 1476
3 5231 3986 3873
3 3873 3986 3870
3 3986 5231 4012
3 4012 5231 5232
3 4012 5232 4013
3 4013 5232 5241
3 3887 4014 3864
3 3864 4014 4006
3 3865 4007 5242
3 5242 4007 4015
3 3872 5243 3877
3 3877 5243 3874
3 3964 5243 3871
3 3871 5243 3872
3 3875 3874 3964
3 3964 3874 5243
3 5242 4015 5241
3 5241 4015 4013
3 5245 5246 5244
3 5244 5246 5247
3 3575 3949 3576
3 3576 3949 3925
3 3583 3841 3584
3 3584 3841 3579
3 5248 5246 1783
3 1783 5246 1784
3 5249 5250 5252
3 5252 5250 5251
3 5254 5251 5253
3 5253 5251 5255
3 5253 5255 5257
3 5257 5255 5256
3 5257 5256 5259
3 5259 5256 5258
3 4355 5260 4423
3 4423 5260 5258
3 4354 5261 4355
3 4355 5261 5260
3 4923 5263 5262
3 5262 5263 5264
3 4692 5265 4690
3 4690 5265 5266
3 4350 5267 4351
3 4351 5267 5268
3 1807 1806 4350
3 4350 1806 5267
3 3579 3841 3580
3 3798 3801 3837
3 4799 4787 4800
3 4800 4787 4788
3 3728 3934 4800
3 4800 3934 4799
3 3727 3665 3728
3 3728 3665 3934
3 3727 3797 3665
3 3665 3797 3662
3 3797 3817 3662
3 3662 3817 3808
3 3817 3816 3808
3 3808 3816 3807
3 3795 3654 3816
3 3816 3654 3807
3 3614 3567 3795
3 3795 3567 3654
3 3572 3568 3614
3 3614 3568 3567
3 3571 3612 3572
3 3572 3612 3568
3 3791 3605 3571
3 3571 3605 3612
3 3606 3790 3948
3 3948 3790 3590
3 3589 3949 3590
3 3590 3949 3948
3 3804 3925 3589
3 3589 3925 3949
3 3803 3558 3804
3 3804 3558 3925
3 3803 3913 3558
3 3558 3913 3559
3 3923 3788 3912
3 3912 3788 3787
3 3923 3927 3788
3 3788 3927 3825
3 3927 3926 3825
3 3825 3926 3826
3 3926 3833 3826
3 3826 3833 3834
3 4078 4077 5269
3 5269 4077 5006
3 5270 5271 4232
3 4232 5271 5272
3 5274 5275 5273
3 5273 5275 5276
3 5277 5278 4235
3 4235 5278 4236
3 5277 5279 5270
3 5270 5279 5271
3 4234 5280 4235
3 4235 5280 5281
3 5283 5284 5282
3 5282 5284 5285
3 5287 5288 5286
3 5286 5288 5289
3 5291 5292 5290
3 5290 5292 5293
3 5286 5289 4725
3 4725 5289 5294
3 4292 4291 4312
3 4312 4291 4792
3 4719 4735 4718
3 4718 4735 5295
3 5296 4908 5297
3 5297 4908 4907
3 5298 5299 4975
3 4975 5299 5300
3 5301 4201 5302
3 5302 4201 4200
3 5303 5304 4982
3 4982 5304 5305
3 5307 5308 5306
3 5306 5308 5309
3 4721 4724 5282
3 5282 4724 5310
3 5290 5293 4124
3 4124 5293 4125
3 5312 5313 5311
3 5311 5313 5314
3 5315 5316 5318
3 5318 5316 5317
3 5320 5307 5319
3 5319 5307 5306
3 4818 4980 4872
3 4872 4980 5321
3 4980 4122 5321
3 5321 4122 4125
3 5323 5324 5322
3 5322 5324 5325
3 4763 5326 4974
3 4974 5326 5327
3 4171 5326 4168
3 4168 5326 5328
3 4767 4170 4768
3 4768 4170 4169
3 4242 4754 4243
3 4243 4754 5329
3 4754 4204 5329
3 5329 4204 4207
3 4205 4905 4206
3 4206 4905 4904
3 4685 5013 5008
3 5008 5013 5228
3 4755 4769 4169
3 4169 4769 4768
3 4169 4168 4755
3 4755 4168 4756
3 4272 5328 4763
3 4763 5328 5326
3 4275 5330 4272
3 4272 5330 5328
3 4769 4755 4242
3 4242 4755 4754
3 5332 4888 5331
3 5331 4888 5009
3 4876 5331 4877
3 4877 5331 4258
3 4874 4163 4875
3 4875 4163 4162
3 5333 5334 5323
3 5323 5334 5324
3 4982 5305 4122
3 4122 5305 4123
3 4817 4981 4818
3 4818 4981 4980
3 5331 5009 4258
3 4258 5009 4259
3 5013 4685 4874
3 4874 4685 4163
3 4170 4767 5228
3 5228 4767 5008
3 5336 4915 5335
3 5335 4915 4918
3 5292 5336 5293
3 5293 5336 5335
3 4981 4817 5332
3 5332 4817 4888
3 5337 5338 4261
3 4261 5338 5339
3 5306 5309 5337
3 5337 5309 5338
3 5340 5341 4203
3 4203 5341 5308
3 5335 4918 5321
3 5321 4918 4872
3 5293 5335 4125
3 4125 5335 5321
3 5322 5325 5342
3 5342 5325 5285
3 4913 5343 4914
3 4914 5343 5344
3 5311 5314 5343
3 5343 5314 5344
3 5346 5347 5345
3 5345 5347 5348
3 5349 5350 4831
3 4831 5350 4832
3 5351 5352 5348
3 5348 5352 5345
3 5353 5337 4264
3 4264 5337 4261
3 5319 5306 5353
3 5353 5306 5337
3 4200 5307 5302
3 5302 5307 5320
3 5355 5356 5354
3 5354 5356 4798
3 5357 5358 5333
3 5333 5358 5334
3 5357 5359 4092
3 4092 5359 4162
3 5359 5304 4162
3 4162 5304 4875
3 5304 5303 4875
3 4875 5303 4876
3 5269 4777 4078
3 4078 4777 4080
3 4778 5360 4773
3 4773 5360 5356
3 5355 5358 4774
3 4774 5358 4091
3 5332 5303 4981
3 4981 5303 4982
3 5331 4876 5332
3 5332 4876 5303
3 5014 4257 5229
3 5229 4257 5327
3 5326 4171 5327
3 5327 4171 5229
3 4168 5328 4756
3 4756 5328 5330
3 4756 5330 4204
3 4204 5330 4205
3 5330 4275 4205
3 4205 4275 4905
3 4275 4274 4905
3 4905 4274 4906
3 4274 4887 4906
3 4906 4887 4743
3 4886 4716 4744
3 4744 4716 4863
3 4715 5138 4860
3 4860 5138 5189
3 5138 5137 5189
3 5189 5137 5186
3 5137 5215 5186
3 5186 5215 5175
3 5214 5361 5172
3 5172 5361 5129
3 5363 5364 5362
3 5362 5364 5339
3 4741 4862 5365
3 5365 4862 4866
3 4861 5188 4867
3 4867 5188 5183
3 5188 5187 5183
3 5183 5187 5184
3 5187 5174 5184
3 5184 5174 5167
3 3559 3787 3560
3 3560 3787 3789
3 3595 3594 3607
3 3607 3594 3593
3 3597 3581 3594
3 3594 3581 3591
3 3599 3608 3600
3 3600 3608 3610
3 3601 3600 3611
3 3611 3600 3610
3 3605 3604 3612
3 3612 3604 3613
3 3792 5366 3793
3 3793 5366 5367
3 3597 3596 3599
3 3599 3596 3608
3 3792 3791 3574
3 3574 3791 3571
3 3560 3593 3557
3 3557 3593 3592
3 3806 3914 3803
3 3803 3914 3913
3 3915 3914 5369
3 5369 3914 5368
3 3601 3604 3602
3 3602 3604 3603
3 3605 3791 3606
3 3606 3791 3790
3 3913 3912 3559
3 3559 3912 3787
3 5173 5128 5165
3 5165 5128 5370
3 5169 5168 5092
3 5092 5168 5112
3 5165 5370 5089
3 5089 5370 5090
3 5127 5168 5371
3 5371 5168 5171
3 5126 5112 5127
3 5127 5112 5168
3 5113 5205 5202
3 5202 5205 5361
3 5199 5372 5072
3 5072 5372 5095
3 5373 5374 5199
3 5199 5374 5372
3 5038 5046 5373
3 5373 5046 5374
3 5086 5045 5084
3 5084 5045 5375
3 5211 5376 5066
3 5066 5376 5375
3 5041 5044 5211
3 5211 5044 5376
3 5063 5377 5042
3 5042 5377 5043
3 5062 5076 5063
3 5063 5076 5377
3 5078 5081 5197
3 5197 5081 5077
3 5098 5080 5099
3 5099 5080 5378
3 5099 5378 5093
3 5093 5378 5094
3 5380 5381 5379
3 5379 5381 5382
3 5384 5385 5383
3 5383 5385 5382
3 5384 5386 5385
3 5385 5386 5387
3 5389 5390 5388
3 5388 5390 5391
3 5392 5393 5395
3 5395 5393 5394
3 5397 5398 5396
3 5396 5398 5399
3 5401 5402 5400
3 5400 5402 5403
3 5405 5406 5404
3 5404 5406 5403
3 5407 5408 5162
3 5162 5408 5409
3 5410 5411 5413
3 5413 5411 5412
3 5056 5415 5414
3 5414 5415 5416
3 5392 5415 5417
3 5417 5415 5418
3 5395 5394 5419
3 5419 5394 5420
3 5422 5423 5421
3 5421 5423 5424
3 5414 5416 5219
3 5219 5416 5425
3 5417 5390 5392
3 5392 5390 5393
3 5413 5387 5410
3 5410 5387 5391
3 5058 5426 5059
3 5059 5426 5427
3 5422 5426 5428
3 5428 5426 5429
3 5431 5381 5430
3 5430 5381 5424
3 5428 5406 5422
3 5422 5406 5423
3 5379 5408 5380
3 5380 5408 5432
3 5380 5432 5421
3 5421 5432 5427
3 5026 5411 5055
3 5055 5411 5418
3 5434 5435 5433
3 5433 5435 5436
3 5158 5438 5437
3 5437 5438 5439
3 5052 5435 5158
3 5158 5435 5438
3 5440 5402 5397
3 5397 5402 5398
3 5162 5409 5025
3 5025 5409 5412
3 5437 5439 5441
3 5441 5439 5429
3 5443 5444 5442
3 5442 5444 5445
3 5446 5447 5449
3 5449 5447 5448
3 5450 5445 5451
3 5451 5445 5444
3 5453 5454 5452
3 5452 5454 5450
3 5455 5453 5457
3 5457 5453 5456
3 5459 5460 5458
3 5458 5460 5461
3 5463 5464 5462
3 5462 5464 5465
3 5467 5468 5466
3 5466 5468 5469
3 5471 5472 5470
3 5470 5472 5473
3 5474 5475 5477
3 5477 5475 5476
3 5478 5479 5481
3 5481 5479 5480
3 5482 5483 5447
3 5447 5483 5484
3 5447 5484 5448
3 5448 5484 5485
3 5486 5475 5487
3 5487 5475 5474
3 5489 5490 5488
3 5488 5490 5491
3 5493 5494 5492
3 5492 5494 5495
3 5497 5493 5496
3 5496 5493 5492
3 5499 5500 5498
3 5498 5500 5501
3 5502 5503 5445
3 5445 5503 5442
3 5505 5506 5504
3 5504 5506 5507
3 5509 5510 5508
3 5508 5510 5511
3 5513 5514 5512
3 5512 5514 5515
3 5517 5518 5516
3 5516 5518 5519
3 5494 5520 5495
3 5495 5520 5521
3 5523 5524 5522
3 5522 5524 5525
3 5526 5527 5493
3 5493 5527 5494
3 5498 5501 5528
3 5528 5501 5529
3 5530 5531 5484
3 5484 5531 5485
3 5484 5483 5530
3 5530 5483 5532
3 5481 5480 5533
3 5533 5480 5534
3 5535 5511 5505
3 5505 5511 5510
3 5454 5502 5450
3 5450 5502 5445
3 5466 5469 5510
3 5510 5469 5536
3 5537 5466 5509
3 5509 5466 5510
3 5539 5540 5538
3 5538 5540 5541
3 5542 5543 5545
3 5545 5543 5544
3 5547 5471 5546
3 5546 5471 5470
3 5492 5495 5548
3 5548 5495 5549
3 5495 5521 5549
3 5549 5521 5550
3 5552 5553 5551
3 5551 5553 5554
3 5556 5446 5555
3 5555 5446 5557
3 5556 5482 5446
3 5446 5482 5447
3 5477 5476 5552
3 5552 5476 5558
3 5476 5559 5558
3 5558 5559 5560
3 5475 5561 5476
3 5476 5561 5559
3 5475 5486 5561
3 5561 5486 5562
3 5559 5563 5560
3 5560 5563 5564
3 5563 5559 5565
3 5565 5559 5561
3 5562 5566 5561
3 5561 5566 5565
3 5568 5520 5567
3 5567 5520 5569
3 5480 5571 5570
3 5570 5571 5572
3 5573 5534 5570
3 5570 5534 5480
3 5575 5576 5574
3 5574 5576 5577
3 5578 5579 5455
3 5455 5579 5580
3 5474 5581 5487
3 5487 5581 5582
3 5583 5535 5504
3 5504 5535 5505
3 5584 5585 5587
3 5587 5585 5586
3 5589 5590 5588
3 5588 5590 5591
3 5518 5592 5519
3 5519 5592 5593
3 5594 5595 5461
3 5461 5595 5596
3 5598 5599 5597
3 5597 5599 5513
3 5601 5602 5600
3 5600 5602 5603
3 5523 5542 5524
3 5524 5542 5545
3 5542 5523 5605
3 5605 5523 5604
3 5606 5607 5499
3 5499 5607 5500
3 5609 5550 5608
3 5608 5550 5521
3 5610 5509 5597
3 5597 5509 5508
3 5611 5596 5456
3 5456 5596 5457
3 5509 5610 5537
3 5537 5610 5612
3 5579 5507 5580
3 5580 5507 5506
3 5614 5615 5613
3 5613 5615 5616
3 5618 5619 5617
3 5617 5619 5620
3 5622 5623 5621
3 5621 5623 5624
3 5626 5623 5625
3 5625 5623 5622
3 5628 5629 5627
3 5627 5629 5630
3 5632 5633 5631
3 5631 5633 5465
3 5634 5635 5462
3 5462 5635 5636
3 5522 5637 5523
3 5523 5637 5604
3 5638 5639 5640
3 5640 5639 5594
3 5610 5512 5612
3 5612 5512 5641
3 5642 5585 5607
3 5607 5585 5500
3 5621 5624 5589
3 5589 5624 5590
3 5597 5513 5610
3 5610 5513 5512
3 5644 5645 5643
3 5643 5645 5646
3 5619 5618 5490
3 5490 5618 5647
3 5648 5642 5491
3 5491 5642 5607
3 5649 5650 5652
3 5652 5650 5651
3 5462 5465 5634
3 5634 5465 5633
3 5596 5611 5461
3 5461 5611 5458
3 5634 5633 5522
3 5522 5633 5637
3 5653 5637 5632
3 5632 5637 5633
3 5654 5655 5524
3 5524 5655 5525
3 5657 5658 5656
3 5656 5658 5526
3 5659 5463 5636
3 5636 5463 5462
3 5631 5465 5660
3 5660 5465 5464
3 5660 5661 5631
3 5631 5661 5657
3 5661 5662 5657
3 5657 5662 5658
3 5664 5658 5663
3 5663 5658 5662
3 5631 5657 5632
3 5632 5657 5656
3 5665 5628 5529
3 5529 5628 5666
3 5527 5526 5664
3 5664 5526 5658
3 5667 5668 5569
3 5569 5668 5567
3 5668 5667 5669
3 5669 5667 5670
3 5645 5671 5672
3 5671 5673 5672
3 5672 5673 5674
3 5673 5459 5674
3 5674 5459 5458
3 5460 5675 5461
3 5461 5675 5594
3 5676 5677 5679
3 5679 5677 5678
3 5627 5680 5628
3 5628 5680 5666
3 5681 5528 5666
3 5666 5528 5529
3 5674 5458 5682
3 5682 5458 5611
3 5584 5665 5501
3 5501 5665 5529
3 5588 5683 5601
3 5601 5683 5602
3 5645 5644 5662
3 5662 5644 5663
3 5684 5646 5672
3 5672 5646 5645
3 5685 5686 5682
3 5682 5686 5684
3 5687 5688 5532
3 5532 5688 5530
3 5689 5690 5534
3 5534 5690 5533
3 5691 5689 5573
3 5573 5689 5534
3 5684 5686 5688
3 5688 5686 5692
3 5488 5693 5489
3 5489 5693 5694
3 5689 5691 5695
3 5695 5691 5696
3 5695 5643 5689
3 5689 5643 5690
3 5446 5449 5557
3 5557 5449 5697
3 5698 5699 5641
3 5641 5699 5612
3 5700 5701 5539
3 5539 5701 5540
3 5430 5702 5431
3 5431 5702 5696
3 5384 5383 5573
3 5573 5383 5691
3 5388 5386 5572
3 5572 5386 5570
3 5564 5389 5572
3 5572 5389 5388
3 5389 5564 5703
3 5703 5564 5563
3 5565 5704 5563
3 5563 5704 5703
3 5568 5440 5608
3 5608 5440 5397
3 5567 5404 5568
3 5568 5404 5440
3 5669 5705 5668
3 5668 5705 5405
3 5702 5430 5669
3 5669 5430 5705
3 5431 5696 5383
3 5383 5696 5691
3 5573 5570 5384
3 5384 5570 5386
3 5606 5706 5488
3 5488 5706 5693
3 5517 5707 5518
3 5518 5707 5708
3 5710 5575 5709
3 5709 5575 5574
3 5712 5713 5711
3 5711 5713 5714
3 5552 5551 5477
3 5477 5551 5715
3 5716 5474 5715
3 5715 5474 5477
3 5717 5718 5604
3 5604 5718 5605
3 5504 5621 5583
3 5583 5621 5589
3 5507 5622 5504
3 5504 5622 5621
3 5625 5622 5579
3 5579 5622 5507
3 5579 5578 5625
3 5625 5578 5719
3 5578 5720 5719
3 5719 5720 5721
3 5665 5584 5722
3 5722 5584 5587
3 5723 5724 5638
3 5638 5724 5639
3 5553 5725 5554
3 5554 5725 5726
3 5452 5727 5728
3 5688 5687 5684
3 5684 5687 5646
3 5603 5729 5511
3 5511 5729 5508
3 5627 5630 5617
3 5617 5630 5591
3 5600 5603 5535
3 5535 5603 5511
3 5731 5675 5730
3 5730 5675 5659
3 5729 5603 5732
3 5732 5603 5602
3 5562 5486 5550
3 5550 5486 5549
3 5488 5491 5606
3 5606 5491 5607
3 5572 5571 5564
3 5564 5571 5560
3 5608 5521 5568
3 5568 5521 5520
3 5498 5733 5499
3 5499 5733 5734
3 5595 5735 5720
3 5720 5735 5721
3 5736 5599 5593
3 5593 5599 5519
3 5598 5729 5516
3 5516 5729 5732
3 5659 5737 5730
3 5730 5737 5738
3 5647 5648 5490
3 5490 5648 5491
3 5500 5585 5501
3 5501 5585 5584
3 5524 5545 5654
3 5654 5545 5739
3 5599 5598 5519
3 5519 5598 5516
3 5707 5738 5708
3 5708 5738 5737
3 5635 5634 5525
3 5525 5634 5522
3 5669 5670 5702
3 5702 5670 5740
3 5489 5694 5741
3 5741 5694 5742
3 5681 5677 5743
3 5743 5677 5676
3 5677 5680 5678
3 5678 5680 5620
3 5741 5742 5678
3 5678 5742 5679
3 5617 5620 5627
3 5627 5620 5680
3 5724 5723 5588
3 5588 5723 5683
3 5455 5457 5578
3 5578 5457 5720
3 5674 5682 5672
3 5672 5682 5684
3 5528 5681 5744
3 5744 5681 5743
3 5720 5457 5595
3 5595 5457 5596
3 5700 5539 5718
3 5718 5539 5605
3 5702 5740 5696
3 5696 5740 5695
3 5499 5734 5606
3 5606 5734 5706
3 5548 5745 5492
3 5492 5745 5496
3 5699 5746 5612
3 5612 5746 5537
3 5419 5420 5433
3 5433 5420 5399
3 5688 5692 5530
3 5530 5692 5531
3 5704 5565 5747
3 5747 5565 5566
3 5608 5397 5609
3 5609 5397 5396
3 5668 5405 5567
3 5567 5405 5404
3 5487 5582 5548
3 5548 5582 5745
3 5713 5712 5709
3 5709 5712 5710
3 5746 5467 5537
3 5537 5467 5466
3 5547 5546 5748
3 5748 5546 5749
3 5732 5602 5750
3 5750 5602 5683
3 5588 5601 5589
3 5589 5601 5583
3 5635 5751 5613
3 5613 5751 5614
3 5752 5753 5737
3 5737 5753 5754
3 5601 5600 5583
3 5583 5600 5535
3 5722 5735 5629
3 5629 5735 5639
3 5594 5639 5595
3 5595 5639 5735
3 5733 5498 5744
3 5744 5498 5528
3 5626 5586 5642
3 5642 5586 5585
3 5552 5558 5553
3 5553 5558 5479
3 5558 5560 5479
3 5479 5560 5571
3 5553 5479 5725
3 5725 5479 5478
3 5748 5749 5714
3 5714 5749 5711
3 5682 5611 5685
3 5685 5611 5456
3 5677 5681 5680
3 5680 5681 5666
3 5597 5508 5598
3 5598 5508 5729
3 5678 5620 5741
3 5741 5620 5619
3 5651 5615 5652
3 5652 5615 5614
3 5219 5425 5051
3 5051 5425 5436
3 5486 5487 5549
3 5549 5487 5548
3 5741 5619 5489
3 5489 5619 5490
3 5550 5609 5562
3 5562 5609 5566
3 5609 5396 5566
3 5566 5396 5747
3 5613 5616 5752
3 5752 5616 5753
3 5479 5571 5480
3 5754 5755 5737
3 5737 5755 5708
3 5744 5743 5757
3 5757 5743 5756
3 5744 5757 5733
3 5733 5757 5758
3 5734 5733 5759
3 5759 5733 5758
3 5706 5734 5760
3 5760 5734 5759
3 5743 5676 5756
3 5756 5676 5761
3 5676 5679 5761
3 5761 5679 5762
3 5762 5679 5763
3 5763 5679 5742
3 5764 5765 5761
3 5761 5765 5756
3 5767 5768 5766
3 5766 5768 5769
3 5770 5771 5769
3 5769 5771 5766
3 5769 5768 5773
3 5773 5768 5772
3 5774 5775 5773
3 5773 5775 5776
3 5772 5777 5773
3 5773 5777 5774
3 5778 5765 5772
3 5772 5765 5777
3 5776 5770 5773
3 5773 5770 5769
3 5779 5780 5782
3 5782 5780 5781
3 5780 5779 5770
3 5770 5779 5771
3 5772 5768 5778
3 5778 5768 5767
3 5767 5758 5778
3 5778 5758 5757
3 5767 5783 5758
3 5758 5783 5759
3 5766 5784 5767
3 5767 5784 5783
3 5784 5766 5785
3 5785 5766 5771
3 5765 5778 5756
3 5756 5778 5757
3 5779 5786 5771
3 5771 5786 5785
3 5784 5785 5787
3 5787 5785 5788
3 5785 5786 5788
3 5788 5786 5789
3 5787 5788 5790
3 5790 5788 5791
3 5790 5792 5787
3 5787 5792 5793
3 5794 5791 5789
3 5789 5791 5788
3 5784 5787 5783
3 5783 5787 5793
3 5783 5793 5759
3 5759 5793 5760
3 5786 5779 5795
3 5795 5779 5782
3 5774 5777 5796
3 5796 5777 5765
3 5796 5797 5774
3 5774 5797 5775
3 5765 5764 5796
3 5796 5764 5798
3 5797 5796 5799
3 5799 5796 5798
3 5797 5800 5775
3 5775 5800 5801
3 5706 5760 5693
3 5693 5760 5802
3 5694 5803 5742
3 5742 5803 5763
3 5803 5694 5802
3 5802 5694 5693
3 5802 5792 5803
3 5803 5792 5804
3 5792 5790 5804
3 5804 5790 5805
3 5803 5804 5763
3 5763 5804 5806
3 5802 5760 5792
3 5792 5760 5793
3 5807 5762 5806
3 5806 5762 5763
3 5807 5764 5762
3 5762 5764 5761
3 5808 5798 5807
3 5807 5798 5764
3 5808 5807 5809
3 5809 5807 5806
3 5810 5808 5811
3 5811 5808 5809
3 5804 5805 5806
3 5806 5805 5809
3 5805 5812 5809
3 5809 5812 5811
3 5798 5808 5799
3 5799 5808 5810
3 5814 5799 5813
3 5813 5799 5810
3 5813 5816 5815
3 5815 5816 5817
3 5813 5810 5816
3 5816 5810 5811
3 5813 5815 5814
3 5814 5815 5795
3 5814 5795 5800
3 5800 5795 5782
3 5800 5797 5814
3 5814 5797 5799
3 5790 5791 5805
3 5805 5791 5812
3 5817 5812 5794
3 5794 5812 5791
3 5817 5816 5812
3 5812 5816 5811
3 5815 5817 5789
3 5789 5817 5794
3 5789 5786 5815
3 5815 5786 5795
3 5770 5776 5780
3 5780 5776 5781
3 5781 5801 5782
3 5782 5801 5800
3 5781 5776 5801
3 5801 5776 5775
3 5587 5586 5721
3 5721 5586 5719
3 5590 5618 5591
3 5591 5618 5617
3 5624 5623 5647
3 5647 5623 5648
3 5623 5626 5648
3 5648 5626 5642
3 5630 5629 5724
3 5724 5629 5639
3 5624 5647 5590
3 5590 5647 5618
3 5587 5721 5722
3 5722 5721 5735
3 5630 5724 5591
3 5591 5724 5588
3 5722 5629 5665
3 5665 5629 5628
3 5586 5626 5719
3 5719 5626 5625
3 5819 5820 5818
3 5818 5820 5821
3 5823 5824 5822
3 5822 5824 5825
3 5822 5825 5826
3 5826 5825 5827
3 5828 5829 5831
3 5831 5829 5830
3 5517 5832 5707
3 5707 5832 5833
3 5834 5835 5823
3 5823 5835 5824
3 5837 5838 5836
3 5836 5838 5839
3 5750 5683 5841
3 5841 5683 5840
3 5842 5840 5723
3 5723 5840 5683
3 5844 5845 5843
3 5843 5845 5846
3 5847 5829 5835
3 5835 5829 5824
3 5517 5750 5832
3 5832 5750 5841
3 5838 5837 5820
3 5820 5837 5848
3 5849 5847 5821
3 5821 5847 5835
3 5850 5844 5827
3 5827 5844 5851
3 5853 5854 5852
3 5852 5854 5855
3 5844 5843 5851
3 5851 5843 5856
3 5857 5826 5851
3 5851 5826 5827
3 5850 5827 5828
3 5828 5827 5825
3 5818 5858 5819
3 5819 5858 5859
3 5834 5860 5818
3 5818 5860 5858
3 5850 5828 5861
3 5861 5828 5831
3 5843 5846 5836
3 5836 5846 5833
3 5818 5821 5834
3 5834 5821 5835
3 5822 5862 5823
3 5823 5862 5863
3 5848 5849 5820
3 5820 5849 5821
3 5824 5829 5825
3 5825 5829 5828
3 5819 5859 5864
3 5864 5859 5865
3 5857 5853 5866
3 5866 5853 5852
3 5853 5856 5854
3 5854 5856 5839
3 5854 5864 5855
3 5855 5864 5865
3 5836 5839 5843
3 5843 5839 5856
3 5826 5857 5867
3 5867 5857 5866
3 5823 5863 5834
3 5834 5863 5860
3 5731 5730 5861
3 5861 5730 5845
3 5862 5822 5867
3 5867 5822 5826
3 5842 5830 5847
3 5847 5830 5829
3 5853 5857 5856
3 5856 5857 5851
3 5854 5839 5864
3 5864 5839 5838
3 5864 5838 5819
3 5819 5838 5820
3 5867 5866 5869
3 5869 5866 5868
3 5867 5869 5862
3 5862 5869 5870
3 5862 5870 5863
3 5863 5870 5871
3 5863 5871 5860
3 5860 5871 5872
3 5866 5852 5868
3 5868 5852 5873
3 5852 5855 5873
3 5873 5855 5874
3 5855 5865 5874
3 5874 5865 5875
3 5876 5877 5873
3 5873 5877 5868
3 5879 5880 5878
3 5878 5880 5881
3 5882 5883 5879
3 5879 5883 5880
3 5880 5883 5885
3 5885 5883 5884
3 5886 5887 5885
3 5885 5887 5888
3 5884 5889 5885
3 5885 5889 5886
3 5888 5881 5885
3 5885 5881 5880
3 5881 5890 5878
3 5878 5890 5891
3 5884 5883 5892
3 5892 5883 5882
3 5882 5870 5892
3 5892 5870 5869
3 5882 5893 5870
3 5870 5893 5871
3 5879 5894 5882
3 5882 5894 5893
3 5895 5894 5878
3 5878 5894 5879
3 5892 5877 5884
3 5884 5877 5889
3 5877 5892 5868
3 5868 5892 5869
3 5896 5895 5891
3 5891 5895 5878
3 5894 5895 5897
3 5897 5895 5898
3 5895 5896 5898
3 5898 5896 5899
3 5897 5898 5900
3 5900 5898 5901
3 5900 5902 5897
3 5897 5902 5903
3 5899 5904 5898
3 5898 5904 5901
3 5897 5903 5894
3 5894 5903 5893
3 5893 5903 5871
3 5871 5903 5872
3 5896 5891 5906
3 5906 5891 5905
3 5891 5890 5905
3 5905 5890 5907
3 5886 5889 5908
3 5908 5889 5877
3 5887 5886 5909
3 5909 5886 5908
3 5877 5876 5908
3 5908 5876 5910
3 5908 5910 5909
3 5909 5910 5911
3 5912 5913 5909
3 5909 5913 5887
3 5907 5913 5905
3 5905 5913 5912
3 5860 5872 5858
3 5858 5872 5914
3 5859 5915 5865
3 5865 5915 5875
3 5915 5859 5914
3 5914 5859 5858
3 5914 5902 5915
3 5915 5902 5916
3 5902 5900 5916
3 5916 5900 5917
3 5915 5916 5875
3 5875 5916 5918
3 5902 5914 5903
3 5903 5914 5872
3 5919 5874 5918
3 5918 5874 5875
3 5919 5876 5874
3 5874 5876 5873
3 5919 5920 5876
3 5876 5920 5910
3 5920 5919 5921
3 5921 5919 5918
3 5922 5920 5923
3 5923 5920 5921
3 5916 5917 5918
3 5918 5917 5921
3 5917 5924 5921
3 5921 5924 5923
3 5920 5922 5910
3 5910 5922 5911
3 5926 5911 5925
3 5925 5911 5922
3 5925 5928 5927
3 5927 5928 5929
3 5925 5922 5928
3 5928 5922 5923
3 5925 5927 5926
3 5926 5927 5906
3 5926 5906 5912
3 5912 5906 5905
3 5912 5909 5926
3 5926 5909 5911
3 5900 5901 5917
3 5917 5901 5924
3 5929 5924 5904
3 5904 5924 5901
3 5929 5928 5924
3 5924 5928 5923
3 5927 5929 5899
3 5899 5929 5904
3 5899 5896 5927
3 5927 5896 5906
3 5881 5888 5890
3 5890 5888 5907
3 5907 5888 5913
3 5913 5888 5887
3 5831 5830 5640
3 5640 5830 5638
3 5832 5837 5833
3 5833 5837 5836
3 5841 5840 5848
3 5848 5840 5849
3 5840 5842 5849
3 5849 5842 5847
3 5846 5845 5738
3 5738 5845 5730
3 5841 5848 5832
3 5832 5848 5837
3 5861 5831 5731
3 5731 5831 5640
3 5846 5738 5833
3 5833 5738 5707
3 5861 5845 5850
3 5850 5845 5844
3 5830 5842 5638
3 5638 5842 5723
3 5675 5731 5594
3 5594 5731 5640
3 5675 5460 5659
3 5659 5460 5463
3 5460 5459 5463
3 5463 5459 5464
3 5459 5673 5464
3 5464 5673 5660
3 5930 5931 5933
3 5933 5931 5932
3 5935 5936 5934
3 5934 5936 5937
3 5934 5937 5938
3 5938 5937 5939
3 5941 5942 5940
3 5940 5942 5943
3 5944 5945 5935
3 5935 5945 5936
3 5947 5948 5946
3 5946 5948 5949
3 5950 5951 5518
3 5518 5951 5592
3 5952 5950 5708
3 5708 5950 5518
3 5954 5955 5953
3 5953 5955 5956
3 5957 5941 5945
3 5945 5941 5936
3 5947 5958 5948
3 5948 5958 5932
3 5959 5957 5933
3 5933 5957 5945
3 5960 5954 5939
3 5939 5954 5961
3 5962 5963 5965
3 5965 5963 5964
3 5954 5953 5961
3 5961 5953 5966
3 5967 5938 5961
3 5961 5938 5939
3 5960 5939 5940
3 5940 5939 5937
3 5930 5968 5931
3 5931 5968 5969
3 5944 5970 5930
3 5930 5970 5968
3 5940 5943 5960
3 5960 5943 5971
3 5953 5956 5946
3 5946 5956 5972
3 5944 5930 5945
3 5945 5930 5933
3 5934 5973 5935
3 5935 5973 5974
3 5958 5959 5932
3 5932 5959 5933
3 5936 5941 5937
3 5937 5941 5940
3 5931 5969 5975
3 5975 5969 5976
3 5967 5963 5977
3 5977 5963 5962
3 5964 5963 5949
3 5949 5963 5966
3 5975 5976 5964
3 5964 5976 5965
3 5946 5949 5953
3 5953 5949 5966
3 5938 5967 5978
3 5978 5967 5977
3 5935 5974 5944
3 5944 5974 5970
3 5971 5753 5955
3 5955 5753 5616
3 5973 5934 5978
3 5978 5934 5938
3 5952 5942 5957
3 5957 5942 5941
3 5963 5967 5966
3 5966 5967 5961
3 5964 5949 5975
3 5975 5949 5948
3 5975 5948 5931
3 5931 5948 5932
3 5978 5977 5980
3 5980 5977 5979
3 5978 5980 5973
3 5973 5980 5981
3 5973 5981 5974
3 5974 5981 5982
3 5974 5982 5970
3 5970 5982 5983
3 5977 5962 5979
3 5979 5962 5984
3 5962 5965 5984
3 5984 5965 5985
3 5985 5965 5986
3 5986 5965 5976
3 5987 5988 5984
3 5984 5988 5979
3 5990 5991 5989
3 5989 5991 5992
3 5993 5994 5990
3 5990 5994 5991
3 5991 5994 5996
3 5996 5994 5995
3 5997 5998 5996
3 5996 5998 5999
3 5995 6000 5996
3 5996 6000 5997
3 5999 5992 5996
3 5996 5992 5991
3 6001 6002 5992
3 5992 6002 5989
3 5994 5993 5995
3 5995 5993 6003
3 5993 5981 6003
3 6003 5981 5980
3 5993 6004 5981
3 5981 6004 5982
3 5990 6005 5993
3 5993 6005 6004
3 6005 5990 6006
3 6006 5990 5989
3 5995 6003 6000
3 6000 6003 5988
3 5988 6003 5979
3 5979 6003 5980
3 6002 6007 5989
3 5989 6007 6006
3 6008 6005 6009
3 6009 6005 6006
3 6007 6010 6006
3 6006 6010 6009
3 6011 6008 6012
3 6012 6008 6009
3 6008 6011 6014
3 6014 6011 6013
3 6010 6015 6009
3 6009 6015 6012
3 6005 6008 6004
3 6004 6008 6014
3 6004 6014 5982
3 5982 6014 5983
3 6007 6002 6017
3 6017 6002 6016
3 6002 6001 6016
3 6016 6001 6018
3 5997 6000 6019
3 6019 6000 5988
3 5998 5997 6020
3 6020 5997 6019
3 5988 5987 6019
3 6019 5987 6021
3 6020 6019 6022
3 6022 6019 6021
3 6020 6023 5998
3 5998 6023 6024
3 6018 6024 6016
3 6016 6024 6023
3 5970 5983 5968
3 5968 5983 6025
3 5969 6026 5976
3 5976 6026 5986
3 6026 5969 6025
3 6025 5969 5968
3 6025 6013 6026
3 6026 6013 6027
3 6013 6011 6027
3 6027 6011 6028
3 6026 6027 5986
3 5986 6027 6029
3 6025 5983 6013
3 6013 5983 6014
3 6030 5985 6029
3 6029 5985 5986
3 6030 5987 5985
3 5985 5987 5984
3 6031 6021 6030
3 6030 6021 5987
3 6031 6030 6032
3 6032 6030 6029
3 6033 6031 6034
3 6034 6031 6032
3 6027 6028 6029
3 6029 6028 6032
3 6028 6035 6032
3 6032 6035 6034
3 6031 6033 6021
3 6021 6033 6022
3 6037 6022 6036
3 6036 6022 6033
3 6036 6039 6038
3 6038 6039 6040
3 6036 6033 6039
3 6039 6033 6034
3 6036 6038 6037
3 6037 6038 6017
3 6037 6017 6023
3 6023 6017 6016
3 6023 6020 6037
3 6037 6020 6022
3 6011 6012 6028
3 6028 6012 6035
3 6040 6035 6015
3 6015 6035 6012
3 6040 6039 6035
3 6035 6039 6034
3 6040 6015 6038
3 6038 6015 6010
3 6010 6007 6038
3 6038 6007 6017
3 5992 5999 6001
3 6001 5999 6018
3 6018 5999 6024
3 6024 5999 5998
3 5942 5755 5943
3 5943 5755 5754
3 6041 5947 5972
3 5972 5947 5946
3 5951 5950 5958
3 5958 5950 5959
3 5950 5952 5959
3 5959 5952 5957
3 5615 5956 5616
3 5616 5956 5955
3 6041 5951 5947
3 5947 5951 5958
3 5943 5754 5971
3 5971 5754 5753
3 5956 5615 5972
3 5972 5615 5651
3 5955 5954 5971
3 5971 5954 5960
3 5942 5952 5755
3 5755 5952 5708
3 6043 6044 6042
3 6042 6044 6045
3 6047 6048 6046
3 6046 6048 6049
3 6046 6049 6050
3 6050 6049 6051
3 6053 6054 6052
3 6052 6054 6055
3 6056 6057 6059
3 6059 6057 6058
3 6060 6061 6047
3 6047 6061 6048
3 6062 6063 6065
3 6065 6063 6064
3 6066 6067 6069
3 6069 6067 6068
3 6070 6068 5652
3 5652 6068 6067
3 6071 6072 6074
3 6074 6072 6073
3 6061 6075 6048
3 6048 6075 6053
3 6057 6066 6058
3 6058 6066 6069
3 6063 6076 6064
3 6064 6076 6044
3 6077 6075 6045
3 6045 6075 6061
3 6072 6079 6078
3 6078 6079 6051
3 6081 6082 6080
3 6080 6082 6083
3 6071 6084 6072
3 6072 6084 6079
3 6085 6050 6079
3 6079 6050 6051
3 6078 6051 6052
3 6052 6051 6049
3 6042 6086 6043
3 6043 6086 6087
3 6060 6088 6042
3 6042 6088 6086
3 6052 6055 6078
3 6078 6055 6089
3 6062 6071 6059
3 6059 6071 6074
3 6042 6045 6060
3 6060 6045 6061
3 6046 6090 6047
3 6047 6090 6091
3 6076 6077 6044
3 6044 6077 6045
3 6048 6053 6049
3 6049 6053 6052
3 6043 6087 6092
3 6092 6087 6093
3 6085 6081 6094
3 6094 6081 6080
3 6082 6081 6065
3 6065 6081 6084
3 6092 6093 6082
3 6082 6093 6083
3 6071 6062 6084
3 6084 6062 6065
3 6050 6085 6095
3 6095 6085 6094
3 6047 6091 6060
3 6060 6091 6088
3 5655 5654 6089
3 6089 5654 6073
3 6090 6046 6095
3 6095 6046 6050
3 6070 6054 6075
3 6075 6054 6053
3 6081 6085 6084
3 6084 6085 6079
3 6092 6082 6064
3 6064 6082 6065
3 6043 6092 6044
3 6044 6092 6064
3 6095 6094 6097
3 6097 6094 6096
3 6095 6097 6090
3 6090 6097 6098
3 6090 6098 6091
3 6091 6098 6099
3 6091 6099 6088
3 6088 6099 6100
3 6094 6080 6096
3 6096 6080 6101
3 6080 6083 6101
3 6101 6083 6102
3 6102 6083 6103
3 6103 6083 6093
3 6105 6096 6104
3 6104 6096 6101
3 6106 6107 6109
3 6109 6107 6108
3 6110 6111 6107
3 6107 6111 6108
3 6108 6111 6113
3 6113 6111 6112
3 6113 6114 6116
3 6116 6114 6115
3 6112 6117 6113
3 6113 6117 6114
3 6116 6109 6113
3 6113 6109 6108
3 6109 6118 6106
3 6106 6118 6119
3 6111 6110 6112
3 6112 6110 6120
3 6110 6098 6120
3 6120 6098 6097
3 6110 6121 6098
3 6098 6121 6099
3 6122 6121 6107
3 6107 6121 6110
3 6123 6122 6106
3 6106 6122 6107
3 6112 6120 6117
3 6117 6120 6105
3 6105 6120 6096
3 6096 6120 6097
3 6124 6123 6119
3 6119 6123 6106
3 6125 6122 6126
3 6126 6122 6123
3 6124 6127 6123
3 6123 6127 6126
3 6128 6125 6129
3 6129 6125 6126
3 6125 6128 6131
3 6131 6128 6130
3 6127 6132 6126
3 6126 6132 6129
3 6122 6125 6121
3 6121 6125 6131
3 6121 6131 6099
3 6099 6131 6100
3 6119 6133 6124
3 6124 6133 6134
3 6119 6118 6133
3 6133 6118 6135
3 6114 6117 6136
3 6136 6117 6105
3 6114 6136 6115
3 6115 6136 6137
3 6136 6105 6138
3 6138 6105 6104
3 6137 6136 6139
3 6139 6136 6138
3 6140 6141 6137
3 6137 6141 6115
3 6135 6141 6133
3 6133 6141 6140
3 6088 6100 6086
3 6086 6100 6142
3 6087 6143 6093
3 6093 6143 6103
3 6142 6143 6086
3 6086 6143 6087
3 6130 6144 6142
3 6142 6144 6143
3 6128 6145 6130
3 6130 6145 6144
3 6143 6144 6103
3 6103 6144 6146
3 6142 6100 6130
3 6130 6100 6131
3 6147 6102 6146
3 6146 6102 6103
3 6102 6147 6101
3 6101 6147 6104
3 6147 6148 6104
3 6104 6148 6138
3 6148 6147 6149
3 6149 6147 6146
3 6150 6148 6151
3 6151 6148 6149
3 6144 6145 6146
3 6146 6145 6149
3 6145 6152 6149
3 6149 6152 6151
3 6148 6150 6138
3 6138 6150 6139
3 6154 6139 6153
3 6153 6139 6150
3 6153 6156 6155
3 6155 6156 6157
3 6153 6150 6156
3 6156 6150 6151
3 6153 6155 6154
3 6154 6155 6134
3 6154 6134 6140
3 6140 6134 6133
3 6140 6137 6154
3 6154 6137 6139
3 6145 6128 6152
3 6152 6128 6129
3 6157 6152 6132
3 6132 6152 6129
3 6157 6156 6152
3 6152 6156 6151
3 6155 6157 6127
3 6127 6157 6132
3 6127 6124 6155
3 6155 6124 6134
3 6109 6116 6118
3 6118 6116 6135
3 6135 6116 6141
3 6141 6116 6115
3 6054 5614 6055
3 6055 5614 5751
3 6059 6058 6062
3 6062 6058 6063
3 6076 6069 6077
3 6077 6069 6068
3 6068 6070 6077
3 6077 6070 6075
3 6158 6056 6074
3 6074 6056 6059
3 6058 6069 6063
3 6063 6069 6076
3 6055 5751 6089
3 6089 5751 5655
3 6089 6073 6078
3 6078 6073 6072
3 6054 6070 5614
3 5614 6070 5652
3 5546 5470 6159
3 6159 5470 6160
3 5728 5576 6162
3 6162 5576 6161
3 5576 5575 6161
3 6161 5575 6163
3 5712 6164 5710
3 5710 6164 6165
3 5473 5728 6166
3 6166 5728 6162
3 5749 5546 6167
3 6167 5546 6159
3 5470 5473 6160
3 6160 5473 6166
3 6168 5711 6167
3 6167 5711 5749
3 5710 6165 5575
3 5575 6165 6163
3 6164 5712 6168
3 6168 5712 5711
3 6167 6169 6168
3 6168 6169 6170
3 6168 6170 6164
3 6164 6170 6171
3 6164 6171 6165
3 6165 6171 6172
3 6165 6172 6163
3 6163 6172 6173
3 6167 6159 6169
3 6169 6159 6174
3 6159 6160 6174
3 6174 6160 6175
3 6160 6166 6175
3 6175 6166 6176
3 6178 6169 6177
3 6177 6169 6174
3 6180 6181 6179
3 6179 6181 6182
3 6183 6184 6180
3 6180 6184 6181
3 6185 6186 6184
3 6184 6186 6181
3 6185 6187 6186
3 6186 6187 6188
3 6189 6182 6186
3 6186 6182 6181
3 6182 6189 6190
3 6190 6189 6191
3 6190 6192 6182
3 6182 6192 6179
3 6185 6184 6193
3 6193 6184 6183
3 6183 6171 6193
3 6193 6171 6170
3 6183 6194 6171
3 6171 6194 6172
3 6180 6195 6183
3 6183 6195 6194
3 6195 6180 6196
3 6196 6180 6179
3 6185 6193 6187
3 6187 6193 6178
3 6178 6193 6169
3 6169 6193 6170
3 6192 6197 6179
3 6179 6197 6196
3 6198 6195 6199
3 6199 6195 6196
3 6197 6200 6196
3 6196 6200 6199
3 6201 6198 6202
3 6202 6198 6199
3 6198 6201 6204
3 6204 6201 6203
3 6200 6205 6199
3 6199 6205 6202
3 6195 6198 6194
3 6194 6198 6204
3 6194 6204 6172
3 6172 6204 6173
3 6197 6192 6207
3 6207 6192 6206
3 6192 6190 6206
3 6206 6190 6191
3 6188 6187 6208
3 6208 6187 6178
3 6209 6188 6210
3 6210 6188 6208
3 6208 6178 6211
3 6211 6178 6177
3 6210 6208 6212
3 6212 6208 6211
3 6210 6213 6209
3 6209 6213 6214
3 6191 6214 6206
3 6206 6214 6213
3 6189 6186 6209
3 6209 6186 6188
3 6191 6189 6214
3 6214 6189 6209
3 6161 6163 6215
3 6215 6163 6173
3 6166 6162 6176
3 6176 6162 6216
3 6215 6216 6161
3 6161 6216 6162
3 6203 6217 6215
3 6215 6217 6216
3 6201 6218 6203
3 6203 6218 6217
3 6216 6217 6176
3 6176 6217 6219
3 6215 6173 6203
3 6203 6173 6204
3 6220 6175 6219
3 6219 6175 6176
3 6175 6220 6174
3 6174 6220 6177
3 6220 6221 6177
3 6177 6221 6211
3 6221 6220 6222
3 6222 6220 6219
3 6223 6221 6224
3 6224 6221 6222
3 6217 6218 6219
3 6219 6218 6222
3 6218 6225 6222
3 6222 6225 6224
3 6221 6223 6211
3 6211 6223 6212
3 6227 6212 6226
3 6226 6212 6223
3 6228 6226 6230
3 6230 6226 6229
3 6226 6223 6229
3 6229 6223 6224
3 6226 6228 6227
3 6227 6228 6207
3 6227 6207 6213
3 6213 6207 6206
3 6213 6210 6227
3 6227 6210 6212
3 6218 6201 6225
3 6225 6201 6202
3 6230 6225 6205
3 6205 6225 6202
3 6230 6229 6225
3 6225 6229 6224
3 6228 6230 6200
3 6200 6230 6205
3 6200 6197 6228
3 6228 6197 6207
3 5673 5671 5660
3 5660 5671 5661
3 5661 5671 5662
3 5662 5671 5645
3 5650 6041 5651
3 5651 6041 5972
3 5517 5516 5750
3 5750 5516 5732
3 5737 5659 5752
3 5752 5659 5636
3 5751 5635 5655
3 5655 5635 5525
3 5951 6041 5592
3 5592 6041 5650
3 5592 5650 5593
3 5593 5650 5649
3 5599 5736 5513
3 5513 5736 5514
3 5545 5544 5739
3 5739 5544 6231
3 6231 6057 5739
3 5739 6057 6056
3 6066 6057 6232
3 6232 6057 6231
3 6232 6231 6233
3 6233 6231 5544
3 6233 5544 6234
3 6234 5544 5543
3 5605 6235 5542
3 5542 6235 5543
3 6234 5543 5538
3 5538 5543 6235
3 6236 6234 5541
3 5541 6234 5538
3 6234 6236 6233
3 6233 6236 6237
3 6233 6237 6232
3 6232 6237 6238
3 5652 6067 5649
3 5649 6067 6238
3 5641 5512 6239
3 6239 5512 5515
3 5538 6235 5539
3 5539 6235 5605
3 5635 5613 5636
3 5636 5613 5752
3 6238 5736 5649
3 5649 5736 5593
3 6238 6067 6232
3 6232 6067 6066
3 6074 6073 6158
3 6158 6073 5654
3 6056 6158 5739
3 5739 6158 5654
3 5514 5736 6237
3 6237 5736 6238
3 6237 6236 5514
3 5514 6236 5515
3 5541 6239 6236
3 6236 6239 5515
3 6239 5541 5641
3 5641 5541 5540
3 5701 5698 5540
3 5540 5698 5641
3 5581 5474 5716
3 5469 5442 5536
3 5536 5442 5503
3 5468 5443 5469
3 5469 5443 5442
3 5725 5556 5726
3 5726 5556 5555
3 5536 5503 5510
3 5510 5503 5505
3 5503 5502 5505
3 5505 5502 5506
3 5502 5454 5506
3 5506 5454 5580
3 5454 5453 5580
3 5580 5453 5455
3 5472 5452 5473
3 5473 5452 5728
3 5456 5453 5472
3 5472 5453 5452
3 5472 5471 5456
3 5456 5471 5685
3 5471 5547 5685
3 5685 5547 5686
3 5748 5692 5547
3 5547 5692 5686
3 5714 5531 5748
3 5748 5531 5692
3 5713 5485 5714
3 5714 5485 5531
3 5713 5709 5485
3 5485 5709 5448
3 5727 5577 5728
3 5728 5577 5576
3 5451 5444 5697
3 5697 5444 5557
3 5444 5443 5557
3 5557 5443 5555
3 5443 5468 5555
3 5555 5468 5726
3 5468 5467 5726
3 5726 5467 5554
3 5467 5746 5554
3 5554 5746 5551
3 5746 5699 5551
3 5551 5699 5715
3 5699 5698 5715
3 5715 5698 5716
3 5698 5701 5716
3 5716 5701 5581
3 5701 5700 5581
3 5581 5700 5582
3 5725 5478 5556
3 5556 5478 5482
3 5482 5478 5483
3 5483 5478 5481
3 5533 5532 5481
3 5481 5532 5483
3 5690 5687 5533
3 5533 5687 5532
3 5643 5646 5690
3 5690 5646 5687
3 5718 5745 5700
3 5700 5745 5582
3 5717 5496 5718
3 5718 5496 5745
3 5717 5604 5653
3 5653 5604 5637
3 5497 5653 5656
3 5656 5653 5632
3 5496 5717 5497
3 5497 5717 5653
3 5656 5526 5497
3 5497 5526 5493
3 5527 5569 5494
3 5494 5569 5520
3 5664 5667 5527
3 5527 5667 5569
3 5663 5670 5664
3 5664 5670 5667
3 5644 5740 5663
3 5663 5740 5670
3 5643 5695 5644
3 5644 5695 5740
3 5709 5574 5448
3 5448 5574 5449
3 5574 5577 5449
3 5449 5577 5697
3 5577 5727 5697
3 5697 5727 5451
3 5451 5727 5450
3 5450 5727 5452
3 3618 6240 3619
3 3619 6240 6241
3 6242 6243 3627
3 3627 6243 3628
3 6244 6245 3633
3 3633 6245 3630
3 6246 6247 3635
3 3635 6247 3636
3 6248 6249 3641
3 3641 6249 3638
3 3638 6249 3642
3 3642 6249 6250
3 3742 6251 3743
3 3743 6251 6252
3 6245 6242 3630
3 3630 6242 3627
3 3752 6253 3753
3 3753 6253 6254
3 3856 6255 3618
3 3618 6255 6240
3 6256 6244 3931
3 3931 6244 3633
3 6241 6246 3619
3 3619 6246 3635
3 6257 6258 3945
3 3945 6258 3946
3 6259 6248 3947
3 3947 6248 3641
3 6243 6257 3628
3 3628 6257 3945
3 3946 6258 3752
3 3752 6258 6253
3 6247 6259 3636
3 3636 6259 3947
3 3642 6250 3742
3 3742 6250 6251
3 3743 6252 3931
3 3931 6252 6256
3 6249 6248 6250
3 6250 6248 6251
3 6244 6260 6245
3 6245 6260 6261
3 6262 6263 6246
3 6246 6263 6247
3 6251 6264 6252
3 6252 6264 6265
3 6245 6261 6242
3 6242 6261 6266
3 6267 6260 6256
3 6256 6260 6244
3 6268 6262 6241
3 6241 6262 6246
3 6269 6270 6259
3 6259 6270 6248
3 6263 6269 6247
3 6247 6269 6259
3 6252 6265 6256
3 6256 6265 6267
3 6248 6270 6251
3 6251 6270 6264
3 6253 6258 6271
3 6271 6258 6272
3 6265 6264 6269
3 6269 6264 6270
3 6267 6265 6263
3 6263 6265 6269
3 6260 6267 6262
3 6262 6267 6263
3 6268 6261 6262
3 6262 6261 6260
3 4185 4184 6273
3 6273 4184 6274
3 6240 6275 6241
3 6241 6275 6268
3 6257 6243 6276
3 6276 6243 6277
3 6255 6278 6240
3 6240 6278 6275
3 6258 6257 6272
3 6272 6257 6276
3 6242 6266 6243
3 6243 6266 6277
3 6275 6266 6268
3 6268 6266 6261
3 6253 6271 6254
3 6254 6271 6279
3 3864 3712 3887
3 3887 3712 3684
3 5241 5232 3891
3 3891 5232 3710
3 3899 5242 3891
3 3891 5242 5241
3 3733 3865 3899
3 3899 3865 5242
3 4116 6280 4117
3 4117 6280 6281
3 4117 6281 4277
3 4277 6281 4878
3 4716 4886 4717
3 4717 4886 4279
3 4791 4277 4881
3 4881 4277 4878
3 4794 4791 6282
3 6282 4791 4881
3 4851 4850 5011
3 5011 4850 6283
3 4855 5206 4856
3 4856 5206 4857
3 4859 4278 4856
3 4856 4278 4853
3 4717 4279 4859
3 4859 4279 4278
3 4863 4862 4744
3 4744 4862 4741
3 5365 4866 5010
3 5010 4866 4865
3 4870 4883 4871
3 4871 4883 4882
3 4871 4882 4116
3 4116 4882 6280
3 6283 4850 6282
3 6282 4850 4794
3 4851 4865 4852
3 4852 4865 4864
3 4870 4869 4855
3 4855 4869 5206
3 4716 4715 4863
3 4863 4715 4860
3 4867 4866 4861
3 4861 4866 4862
3 4267 4854 4268
3 4268 4854 4853
3 4280 4273 4281
3 4281 4273 4764
3 4743 4742 4906
3 4906 4742 4903
3 4873 4880 4819
3 4819 4880 4879
3 4884 5012 4885
3 4885 5012 4979
3 4887 4274 4280
3 4280 4274 4273
3 4901 6281 4902
3 4902 6281 6280
3 6282 4978 6283
3 6283 4978 4977
3 4281 4764 4268
3 4268 4764 4265
3 4879 4878 4901
3 4901 4878 6281
3 4902 6280 4885
3 4885 6280 4882
3 4881 4880 6282
3 6282 4880 4978
3 5012 4884 4266
3 4266 4884 4267
3 4887 4886 4743
3 4743 4886 4744
3 4409 6284 4410
3 4410 6284 4811
3 4749 4748 6285
3 6285 4748 6286
3 6288 4694 6287
3 6287 4694 4254
3 4749 4674 4750
3 4750 4674 4964
3 6289 6290 4962
3 4962 6290 4959
3 4806 4805 4410
3 4410 4805 4407
3 6291 6292 4958
3 4958 6292 4955
3 4957 6293 4958
3 4958 6293 4954
3 4961 4963 4962
3 4962 4963 4804
3 4961 4960 4750
3 4750 4960 4747
3 6295 6296 6294
3 6294 6296 6297
3 6298 6299 6287
3 6287 6299 4734
3 6301 4960 6300
3 6300 4960 4959
3 6303 6286 6302
3 6302 6286 4748
3 4967 6304 4968
3 4968 6304 6305
3 4412 6307 6306
3 6306 6307 4899
3 6300 4959 6308
3 6308 4959 6290
3 4411 4407 6309
3 6309 4407 4805
3 4695 6310 4255
3 4255 6310 6311
3 6302 4748 6312
3 6312 4748 4747
3 6312 4747 6301
3 6301 4747 4960
3 6314 6315 6313
3 6313 6315 6316
3 4083 6317 6314
3 6314 6317 6315
3 4082 6318 4083
3 4083 6318 6317
3 4111 6319 4082
3 4082 6319 6318
3 6321 4137 6320
3 6320 4137 4136
3 6323 4127 6322
3 6322 4127 4126
3 4126 4192 6322
3 6322 4192 6324
3 4192 4890 6324
3 6324 4890 6325
3 4890 6326 6325
3 6325 6326 6327
3 6326 4823 5226
3 5226 4823 5227
3 5230 4683 6328
3 6328 4683 4682
3 4682 4098 6328
3 6328 4098 6329
3 4098 4101 6329
3 6329 4101 6330
3 4173 4825 4428
3 4428 4825 4828
3 4172 4740 4173
3 4173 4740 4825
3 4179 4737 4172
3 4172 4737 4740
3 6331 6332 4179
3 4179 6332 4737
3 6273 6333 4185
3 4185 6333 4187
3 4180 4824 4179
3 4179 4824 6331
3 5043 5212 5044
3 5044 5212 5164
3 5045 5086 5046
3 5046 5086 5221
3 5076 5062 5077
3 5077 5062 5197
3 5080 5098 5081
3 5081 5098 5193
3 5094 5073 5095
3 5095 5073 5072
3 5372 5169 5095
3 5095 5169 5092
3 5374 5170 5372
3 5372 5170 5169
3 5046 5221 5374
3 5374 5221 5170
3 5045 5037 5375
3 5375 5037 5066
3 5376 5085 5375
3 5375 5085 5084
3 5044 5164 5376
3 5376 5164 5085
3 5377 5213 5043
3 5043 5213 5212
3 5076 5033 5377
3 5377 5033 5213
3 5081 5193 5077
3 5077 5193 5034
3 5080 5079 5378
3 5378 5079 6334
3 5378 6334 5094
3 5094 6334 5073
3 5031 5079 5032
3 5032 5079 5078
3 5039 5016 5040
3 5040 5016 5015
3 5049 5042 5050
3 5050 5042 5041
3 5064 5022 5065
3 5065 5022 5021
3 5049 5048 5064
3 5064 5048 5022
3 5040 5015 5067
3 5067 5015 5019
3 5070 5373 5071
3 5071 5373 5199
3 5074 5155 5075
3 5075 5155 5154
3 5161 5211 5067
3 5067 5211 5066
3 5074 5073 5191
3 5191 5073 6334
3 5065 5021 5198
3 5198 5021 5195
3 5075 5154 5071
3 5071 5154 5068
3 5039 5038 5070
3 5070 5038 5373
3 5161 5160 5050
3 5050 5160 5047
3 5191 6334 5031
3 5031 6334 5079
3 5198 5195 5032
3 5032 5195 5029
3 5017 5210 5018
3 5018 5210 5407
3 5018 5407 5020
3 5020 5407 5162
3 5023 5056 5024
3 5024 5056 5414
3 5027 5047 5028
3 5028 5047 5160
3 5053 5030 5054
3 5054 5030 5029
3 5023 5022 5057
3 5057 5022 5048
3 5060 5069 5061
3 5061 5069 5068
3 5156 5437 5157
3 5157 5437 5441
3 5159 5190 5053
3 5053 5190 5030
3 5028 5160 5020
3 5020 5160 5019
3 5024 5414 5196
3 5196 5414 5219
3 5157 5441 5061
3 5061 5441 5058
3 5017 5016 5060
3 5060 5016 5069
3 5159 5158 5156
3 5156 5158 5437
3 5027 5026 5057
3 5057 5026 5055
3 5054 5029 5196
3 5196 5029 5195
3 5408 5379 5409
3 5409 5379 6335
3 5025 5412 5026
3 5026 5412 5411
3 5395 5416 5392
3 5392 5416 5415
3 5415 5056 5418
3 5418 5056 5055
3 5416 5395 5425
3 5425 5395 5419
3 5426 5422 5427
3 5427 5422 5421
3 5426 5058 5429
3 5429 5058 5441
3 5408 5407 5432
3 5432 5407 5210
3 5432 5210 5427
3 5427 5210 5059
3 5411 5410 5418
3 5418 5410 5417
3 5435 5052 5436
3 5436 5052 5051
3 5438 5401 5439
3 5439 5401 5400
3 5435 5434 5438
3 5438 5434 5401
3 5409 6335 5412
3 5412 6335 5413
3 5439 5400 5429
3 5429 5400 5428
3 5425 5419 5436
3 5436 5419 5433
3 5381 5431 5382
3 5382 5431 5383
3 5385 6335 5382
3 5382 6335 5379
3 6335 5385 5413
3 5413 5385 5387
3 5390 5417 5391
3 5391 5417 5410
3 5704 5394 5703
3 5703 5394 5393
3 5398 5434 5399
3 5399 5434 5433
3 5402 5440 5403
3 5403 5440 5404
3 5406 5428 5403
3 5403 5428 5400
3 5394 5704 5420
3 5420 5704 5747
3 5423 5705 5424
3 5424 5705 5430
3 5390 5389 5393
3 5393 5389 5703
3 5391 5387 5388
3 5388 5387 5386
3 5381 5380 5424
3 5424 5380 5421
3 5406 5405 5423
3 5423 5405 5705
3 5402 5401 5398
3 5398 5401 5434
3 5420 5747 5399
3 5399 5747 5396
3 4096 4720 4097
3 4097 4720 4230
3 4232 5272 4097
3 4097 5272 4094
3 6336 6337 4784
3 4784 6337 4785
3 4075 4779 4072
3 4072 4779 4780
3 4781 4189 4780
3 4780 4189 4072
3 4782 4900 4781
3 4781 4900 4189
3 4779 4075 4096
3 4096 4075 4720
3 6336 2878 4700
3 4700 2878 2877
3 5279 6338 5271
3 5271 6338 6339
3 5281 5280 6340
3 6340 5280 6341
3 4108 6301 4109
3 4109 6301 6300
3 4282 6303 4283
3 4283 6303 6302
3 6304 4378 6305
3 6305 4378 4377
3 4109 6300 4427
3 4427 6300 6308
3 6309 4687 4411
3 4411 4687 4686
3 4283 6302 4752
3 4752 6302 6312
3 4752 6312 4108
3 4108 6312 6301
3 6342 5225 4427
3 4427 5225 4426
3 4146 4899 4415
3 4415 4899 6307
3 6311 6310 4240
3 4240 6310 4719
3 5222 6343 4701
3 4701 6343 4698
3 4220 4219 6344
3 6344 4219 6345
3 5275 5274 6346
3 6346 5274 6347
3 5274 4727 6347
3 6347 4727 6348
3 4726 6349 5283
3 5283 6349 5284
3 6350 6351 6353
3 6353 6351 6352
3 5312 5311 5291
3 5291 5311 5292
3 5311 5343 5292
3 5292 5343 5336
3 5343 4913 5336
3 5336 4913 4915
3 4913 4912 4915
3 4915 4912 4916
3 4912 6354 4916
3 4916 6354 4977
3 6355 6356 6283
3 6283 6356 5011
3 6356 6357 5011
3 5011 6357 5010
3 5010 6357 5365
3 5365 6357 6358
3 6359 4741 6358
3 6358 4741 5365
3 4742 6360 4903
3 4903 6360 5363
3 5362 4904 5363
3 5363 4904 4903
3 5362 6361 4904
3 4904 6361 4206
3 6361 6362 4206
3 4206 6362 4207
3 6362 5341 4207
3 4207 5341 5329
3 5341 5340 5329
3 5329 5340 4243
3 5340 6363 4243
3 4243 6363 4244
3 6363 6364 4244
3 4244 6364 4245
3 6365 6366 4252
3 4252 6366 4249
3 4213 6367 4210
3 4210 6367 4379
3 4379 4378 4210
3 4210 4378 4282
3 4378 6304 4282
3 4282 6304 6303
3 6304 4967 6303
3 6303 4967 6286
3 4967 4966 6286
3 6286 4966 6285
3 4966 6296 6285
3 6285 6296 4675
3 6295 4375 4287
3 4287 4375 4284
3 4375 4372 4284
3 4284 4372 4289
3 6368 6369 6371
3 6371 6369 6370
3 5244 6372 5245
3 5245 6372 6373
3 4316 6374 4317
3 4317 6374 6375
3 4330 6376 4331
3 4331 6376 6377
3 6378 4332 6375
3 6375 4332 4317
3 4342 6379 4343
3 4343 6379 6380
3 4346 6381 4347
3 4347 6381 6382
3 4373 6370 4330
3 4330 6370 6376
3 4332 6378 4425
3 4425 6378 6383
3 4689 6384 4346
3 4346 6384 6381
3 4331 6377 4316
3 4316 6377 6374
3 4921 6385 4922
3 4922 6385 6386
3 6387 6388 4374
3 4374 6388 6389
3 6354 6355 4977
3 4977 6355 6283
3 4741 6359 4742
3 4742 6359 6360
3 6390 4237 6391
3 6391 4237 4718
3 6391 4718 6392
3 6392 4718 5295
3 6394 6395 6393
3 6393 6395 6396
3 6398 6399 6397
3 6397 6399 6400
3 6401 5301 6402
3 6402 5301 5302
3 5302 5320 6402
3 6402 5320 6403
3 5319 6404 5320
3 5320 6404 6403
3 5318 6405 5349
3 5349 6405 5350
3 5318 5317 6405
3 6405 5317 6406
3 5287 4196 6407
3 6407 4196 6408
3 4216 4215 6409
3 6409 4215 6410
3 5226 6411 6326
3 6326 6411 6327
3 4891 6412 5226
3 5226 6412 6411
3 4227 6413 4891
3 4891 6413 6412
3 4226 6414 4227
3 4227 6414 6413
3 4247 6415 4226
3 4226 6415 6414
3 4246 6416 4247
3 4247 6416 6415
3 6416 4246 6418
3 6418 4246 6417
3 6418 6417 6420
3 6420 6417 6419
3 6421 5300 6422
3 6422 5300 5299
3 6422 5299 6423
3 6423 5299 6398
3 6407 6408 6397
3 6397 6408 6424
3 6425 6426 6396
3 6396 6426 6393
3 6427 4223 6428
3 6428 4223 4222
3 6346 6345 5275
3 5275 6345 4219
3 6345 6346 6340
3 6340 6346 6338
3 5279 5277 5281
3 5281 5277 4235
3 4895 5223 4683
3 4683 5223 4680
3 4131 4134 4895
3 4895 4134 5223
3 4130 4135 4131
3 4131 4135 4134
3 4225 4753 4130
3 4130 4753 4135
3 4250 4212 4225
3 4225 4212 4753
3 4249 4213 4250
3 4250 4213 4212
3 4249 6366 4213
3 4213 6366 6367
3 6366 4909 6367
3 6367 4909 4736
3 4908 5296 4735
3 4735 5296 5295
3 5296 6394 5295
3 5295 6394 6392
3 6426 6429 6393
3 6393 6429 6430
3 6428 4382 6427
3 6427 4382 4381
3 4218 5276 4219
3 4219 5276 5275
3 4221 4696 4382
3 4382 4696 4217
3 6344 4698 4220
3 4220 4698 6343
3 6341 4699 6344
3 6344 4699 4698
3 4234 4785 5280
3 5280 4785 6337
3 4233 4786 4234
3 4234 4786 4785
3 5278 5277 6431
3 6431 5277 5270
3 4236 5278 6432
3 6432 5278 6431
3 4786 4233 6432
3 6432 4233 4236
3 6434 6435 6433
3 6433 6435 6436
3 6358 6437 6359
3 6359 6437 6436
3 6438 6439 6440
3 6440 6439 6437
3 6442 6438 6441
3 6441 6438 6440
3 6356 6355 6441
3 6441 6355 6443
3 6443 6445 6444
3 6444 6445 6446
3 4911 6445 4912
3 4912 6445 6354
3 6360 6435 5363
3 5363 6435 5364
3 5318 5349 5315
3 5315 5349 6447
3 4831 6448 5349
3 5349 6448 6447
3 4830 6449 4831
3 4831 6449 6448
3 5353 6450 5319
3 5319 6450 6404
3 4264 6451 5353
3 5353 6451 6450
3 4263 6452 4264
3 4264 6452 6451
3 6449 4830 6446
3 6446 4830 6444
3 4262 6434 4263
3 4263 6434 6433
3 6453 6452 6438
3 6438 6452 6439
3 6438 6442 6453
3 6453 6442 4833
3 4832 6454 4833
3 4833 6454 6453
3 5350 6455 4832
3 4832 6455 6454
3 6456 6390 6457
3 6457 6390 6391
3 6457 6391 6430
3 6430 6391 6392
3 5297 6395 5296
3 5296 6395 6394
3 6401 6399 5301
3 5301 6399 5298
3 6401 6402 6458
3 6458 6402 6459
3 6459 6402 6460
3 6460 6402 6403
3 6404 6461 6403
3 6403 6461 6460
3 6405 6461 5350
3 5350 6461 6455
3 6405 6406 6461
3 6461 6406 6460
3 6406 6462 6460
3 6460 6462 6459
3 6462 6463 6459
3 6459 6463 6458
3 6463 6464 6458
3 6458 6464 6400
3 6429 6465 6430
3 6430 6465 6457
3 6465 6409 6457
3 6457 6409 6456
3 6409 6410 6456
3 6456 6410 6466
3 6395 6423 6396
3 6396 6423 6424
3 6392 6394 6430
3 6430 6394 6393
3 6450 6455 6404
3 6404 6455 6461
3 6451 6454 6450
3 6450 6454 6455
3 6452 6453 6451
3 6451 6453 6454
3 6442 6444 4833
3 4833 6444 4830
3 6439 6452 6433
3 6433 6452 4263
3 6467 5305 5359
3 5359 5305 5304
3 6468 4123 6467
3 6467 4123 5305
3 6469 4124 6468
3 6468 4124 4123
3 6470 5290 6469
3 6469 5290 4124
3 6352 5291 6470
3 6470 5291 5290
3 5291 6352 5312
3 5312 6352 6351
3 5346 5313 6351
3 6351 5313 5312
3 5352 5317 5345
3 5345 5317 5316
3 5333 6467 5357
3 5357 6467 5359
3 5323 6468 5333
3 5333 6468 6467
3 5322 6469 5323
3 5323 6469 6468
3 5342 6470 5322
3 5322 6470 6469
3 6353 6352 5342
3 5342 6352 6470
3 6347 6348 4269
3 4269 6348 5310
3 5271 6339 5272
3 5272 6339 4271
3 6431 5270 4231
3 4231 5270 4232
3 4293 6431 4294
3 4294 6431 4231
3 6431 4293 6432
3 6432 4293 4300
3 4300 4299 6432
3 6432 4299 4786
3 4703 4783 4299
3 4299 4783 4786
3 4703 3012 4783
3 4783 3012 1306
3 5102 6471 5103
3 5103 6471 5201
3 5107 5115 5104
3 5104 5115 5114
3 5110 5123 5111
3 5111 5123 5122
3 5153 5204 5104
3 5104 5204 5105
3 5166 5179 5167
3 5167 5179 5184
3 5174 5187 5175
3 5175 5187 5186
3 5111 5122 5177
3 5177 5122 5119
3 5166 5089 5182
3 5182 5089 5088
3 5209 5150 5182
3 5182 5150 5180
3 5215 5137 5216
3 5216 5137 5136
3 5217 5118 5218
3 5218 5118 5220
3 5217 5177 5118
3 5118 5177 5119
3 5216 5136 5103
3 5103 5136 5100
3 5115 5107 5220
3 5220 5107 5218
3 5110 5109 5209
3 5209 5109 5150
3 5153 5152 5102
3 5102 5152 6471
3 5215 5214 5175
3 5175 5214 5172
3 5174 5173 5167
3 5167 5173 5165
3 5090 5171 5091
3 5091 5171 5207
3 5116 5036 5117
3 5117 5036 5035
3 5120 5163 5121
3 5121 5163 5132
3 5124 5083 5125
3 5125 5083 5082
3 5128 5173 5129
3 5129 5173 5172
3 5130 5201 5131
3 5131 5201 6471
3 5134 5220 5121
3 5121 5220 5118
3 5124 5123 5135
3 5135 5123 5208
3 5125 5082 5120
3 5120 5082 5163
3 5117 5035 5194
3 5194 5035 5192
3 5130 5096 5202
3 5202 5096 5113
3 5131 6471 5194
3 5194 6471 5152
3 5135 5208 5091
3 5091 5208 5088
3 5134 5133 5116
3 5116 5133 5036
3 5361 5205 5129
3 5129 5205 5126
3 5371 5370 5127
3 5127 5370 5128
3 5370 5371 5090
3 5090 5371 5171
3 5361 5214 5202
3 5202 5214 5200
3 6462 6406 5352
3 5352 6406 5317
3 6463 6462 5351
3 5351 6462 5352
3 6407 6464 5287
3 5287 6464 5288
3 4195 4223 6425
3 6425 4223 6426
3 6429 6426 6427
3 6427 6426 4223
3 6465 6429 4381
3 4381 6429 6427
3 6409 6465 4216
3 4216 6465 4381
3 4239 4238 3014
3 3014 4238 3015
3 4253 4256 3016
3 3016 4256 3017
3 6472 6473 4731
3 4731 6473 6474
3 6473 6373 6474
3 6474 6373 6372
3 5245 6373 3021
3 3021 6373 3022
3 4253 6298 4254
3 4254 6298 6287
3 6472 6299 3023
3 3023 6299 3024
3 6475 4256 6311
3 6311 4256 4255
3 4239 6475 4240
3 4240 6475 6311
3 6476 4238 6390
3 6390 4238 4237
3 6466 6476 6456
3 6456 6476 6390
3 6410 3028 6466
3 6466 3028 3027
3 4215 3029 6410
3 6410 3029 3028
3 6478 6479 6477
3 6477 6479 6480
3 6482 6483 6481
3 6481 6483 6484
3 6485 6486 4101
3 4101 6486 6330
3 6482 6487 6477
3 6477 6487 6488
3 4428 4828 6489
3 6489 4828 6478
3 6490 6485 4100
3 4100 6485 4101
3 4894 6490 4898
3 4898 6490 4100
3 4159 6487 4156
3 4156 6487 6491
3 6488 4086 6489
3 6489 4086 4089
3 4266 4260 5012
3 5012 4260 4259
3 4257 4260 5327
3 5327 4260 4974
3 4260 4266 4974
3 4974 4266 4265
3 5366 3792 3911
3 3911 3792 3574
3 6493 3615 6492
3 6492 3615 3794
3 6495 3588 6494
3 6494 3588 3587
3 6494 3587 5367
3 5367 3587 3793
3 3840 3839 3049
3 3049 3839 3050
3 3911 3910 3051
3 3051 3910 3052
3 3928 3929 3053
3 3053 3929 3054
3 5369 3929 3915
3 3915 3929 3922
3 3937 5368 3806
3 3806 5368 3914
3 3588 6495 3805
3 3805 6495 3936
3 3937 3936 3055
3 3055 3936 3056
3 3050 3839 3057
3 3057 3839 3942
3 3729 4807 3726
3 3726 4807 3942
3 3819 3950 3794
3 3794 3950 6492
3 3950 3840 3058
3 3058 3840 3049
3 3910 3573 6493
3 6493 3573 3615
3 3822 3928 3823
3 3823 3928 3951
3 4060 4059 3059
3 3059 4059 3060
3 6496 6497 4900
3 4900 6497 4789
3 6332 6498 4737
3 4737 6498 4738
3 6499 6500 6313
3 6313 6500 4417
3 6501 6274 4416
3 4416 6274 4184
3 6502 6496 4782
3 4782 6496 4900
3 6497 4059 4789
3 4789 4059 4058
3 4807 4060 3068
3 3068 4060 3059
3 5366 3070 5367
3 5367 3070 3069
3 5368 3072 5369
3 5369 3072 3071
3 6273 6274 3073
3 3073 6274 3074
3 6498 6503 4738
3 4738 6503 6316
3 6332 6331 3076
3 3076 6331 3077
3 6333 6273 3078
3 3078 6273 3073
3 6331 4824 3077
3 3077 4824 3079
3 6333 6502 4187
3 4187 6502 4782
3 4824 4688 3079
3 3079 4688 1329
3 6505 4746 6504
3 6504 4746 4745
3 6504 6506 6505
3 6505 6506 6507
3 4296 6508 4919
3 4919 6508 6509
3 4295 6510 4296
3 4296 6510 6508
3 6505 6507 4318
3 4318 6507 6511
3 4371 4370 6513
3 6513 4370 6512
3 6510 4295 5250
3 5250 4295 4304
3 5250 5249 6510
3 6510 5249 6514
3 6515 6508 6514
3 6514 6508 6510
3 6516 6506 6518
3 6518 6506 6517
3 6511 6519 6512
3 6512 6519 6513
3 6506 6516 6507
3 6507 6516 6520
3 5248 6522 6521
3 6521 6522 6523
3 6524 6369 5252
3 5252 6369 6525
3 4369 4322 4370
3 4370 4322 4325
3 4369 3102 4322
3 4322 3102 1540
3 6520 6516 6526
3 6526 6516 6518
3 6519 6527 6513
3 6513 6527 6528
3 6530 6531 6529
3 6529 6531 6532
3 5249 6533 6514
3 6514 6533 6534
3 6529 6532 6535
3 6535 6532 6536
3 6525 6537 6533
3 6533 6537 6536
3 6514 6534 6515
3 6515 6534 6538
3 4324 4320 4325
3 4325 4320 4319
3 4370 4325 6512
3 6512 4325 4319
3 6530 4730 6540
3 6540 4730 6539
3 4730 4729 6539
3 6539 4729 6541
3 4729 3120 6541
3 6541 3120 3119
3 6529 4327 6530
3 6530 4327 4730
3 4327 6529 4328
3 4328 6529 6535
3 4328 6535 6523
3 6523 6535 6542
3 6543 6544 6521
3 6521 6544 5247
3 6388 6387 5244
3 5244 6387 6372
3 6387 6545 6372
3 6372 6545 6474
3 4732 6545 6294
3 6294 6545 4376
3 4731 6474 4732
3 4732 6474 6545
3 4392 4431 4393
3 4393 4431 4434
3 4433 4671 4841
3 4841 4671 4670
3 4439 4438 4440
3 4440 4438 4437
3 4435 4449 4436
3 4436 4449 4397
3 4446 4443 4447
3 4447 4443 4391
3 4445 4463 4432
3 4432 4463 6546
3 4453 4422 4454
3 4454 4422 4421
3 4451 4480 4452
3 4452 4480 4479
3 4457 4388 4458
3 4458 4388 4387
3 4455 4470 4456
3 4456 4470 4467
3 4390 4459 4391
3 4391 4459 4447
3 4460 4466 4444
3 4444 4466 4464
3 4436 4397 4628
3 4628 4397 4396
3 4437 4627 4440
3 4440 4627 4630
3 4840 4628 4838
3 4838 4628 4396
3 4627 4841 4630
3 4630 4841 4670
3 4929 4988 4451
3 4451 4988 4480
3 4928 4926 4435
3 4435 4926 4449
3 4932 4386 4933
3 4933 4386 4385
3 4930 4474 4931
3 4931 4474 4473
3 4935 4448 4932
3 4932 4448 4386
3 4934 4471 4455
3 4455 4471 4470
3 4388 4457 4390
3 4390 4457 4459
3 4456 4467 4460
3 4460 4467 4466
3 4933 4385 4453
3 4453 4385 4422
3 4452 4479 4930
3 4930 4479 4474
3 4574 4996 4575
3 4575 4996 4638
3 4578 4595 4579
3 4579 4595 4594
3 4582 4581 4571
3 4571 4581 4568
3 4586 4943 4587
3 4587 4943 4561
3 4587 4561 4589
3 4589 4561 4560
3 4575 4638 4641
3 4641 4638 4637
3 4641 4844 4640
3 4640 4844 4845
3 4844 4589 4845
3 4845 4589 4560
3 4940 4937 4594
3 4594 4937 4579
3 4937 4939 4667
3 4667 4939 4668
3 4582 4941 4583
3 4583 4941 4946
3 4581 4586 4568
3 4568 4586 4585
3 4999 5000 4578
3 4578 5000 4595
3 4557 4559 4584
3 4584 4559 4585
3 4564 4638 4565
3 4565 4638 4996
3 4567 4566 4576
3 4576 4566 4577
3 4569 4553 4570
3 4570 4553 4555
3 4639 4564 4636
3 4636 4564 4545
3 4661 4663 4664
3 4664 4663 4843
3 4661 4557 4588
3 4588 4557 4584
3 4553 4569 4556
3 4556 4569 4559
3 4570 4666 4571
3 4571 4666 4942
3 4550 4669 4551
3 4551 4669 4665
3 4639 4663 4637
3 4637 4663 4662
3 4669 4567 4667
3 4667 4567 4576
3 4998 4995 4565
3 4565 4995 4542
3 4607 4563 4602
3 4602 4563 4562
3 4572 4592 4573
3 4573 4592 4591
3 4596 4613 4597
3 4597 4613 4612
3 4600 4599 4583
3 4583 4599 4580
3 4562 4561 4603
3 4603 4561 4943
3 4642 4592 4640
3 4640 4592 4572
3 4642 4846 4643
3 4643 4846 4847
3 4563 4846 4560
3 4560 4846 4845
3 4944 4940 4597
3 4597 4940 4594
3 4940 4944 4938
3 4938 4944 4945
3 4600 4947 4601
3 4601 4947 4619
3 4599 4603 4580
3 4580 4603 4943
3 5001 5002 4596
3 4596 5002 4613
3 4987 4758 4952
3 4952 4758 4401
3 4705 6547 4706
3 4706 6547 6548
3 4310 4927 4418
3 4418 4927 6549
3 4920 4919 6550
3 6550 4919 6551
3 4924 6552 4925
3 4925 6552 6553
3 4927 4920 4801
3 4801 4920 6550
3 6554 4984 6549
3 6549 4984 4418
3 4951 6555 4952
3 4952 6555 4648
3 4970 6556 4705
3 4705 6556 6547
3 4987 4647 4924
3 4924 4647 6552
3 4706 6548 5005
3 5005 6548 4986
3 4919 6509 6551
3 6551 6509 6517
3 6557 6509 6515
3 6515 6509 6508
3 6558 6557 6538
3 6538 6557 6515
3 6530 6540 6531
3 6531 6540 6559
3 6539 6560 6540
3 6540 6560 6528
3 6541 6561 6539
3 6539 6561 6560
3 6541 3119 6561
3 6561 3119 3141
3 4365 6562 4759
3 4759 6562 4969
3 4814 6563 4815
3 4815 6563 6564
3 3146 3145 6564
3 6564 3145 4815
3 6563 6562 6564
3 6564 6562 6565
3 4836 4384 4356
3 4356 4384 4357
3 6564 6565 3146
3 3146 6565 3148
3 4693 1208 3149
3 5246 5248 5247
3 5247 5248 6521
3 6371 6389 6544
3 6544 6389 6388
3 6374 5253 6375
3 6375 5253 5257
3 6376 6524 6377
3 6377 6524 5254
3 5259 6378 5257
3 5257 6378 6375
3 6379 6566 6380
3 6380 6566 6567
3 6381 6568 6382
3 6382 6568 6569
3 6376 6370 6524
3 6524 6370 6369
3 6378 5259 6383
3 6383 5259 6570
3 6384 6571 6381
3 6381 6571 6568
3 6377 5254 6374
3 6374 5254 5253
3 6385 6572 6386
3 6386 6572 6573
3 6544 6388 5247
3 5247 6388 5244
3 4674 4749 4675
3 4675 4749 6285
3 4733 6288 4734
3 4734 6288 6287
3 4803 6289 4804
3 4804 6289 4962
3 4810 4806 4811
3 4811 4806 4410
3 4953 6291 4954
3 4954 6291 4958
3 4963 4961 4964
3 4964 4961 4750
3 6284 4820 4811
3 4811 4820 4808
3 4674 4286 4964
3 4964 4286 4209
3 6293 4144 4954
3 4954 4144 4153
3 4963 4119 4804
3 4804 4119 4118
3 6297 4965 4733
3 4733 4965 6288
3 6299 6472 4734
3 4734 6472 4731
3 6296 6295 4675
3 4675 6295 4287
3 6522 3159 4329
3 4329 3159 3158
3 5252 5251 6524
3 6524 5251 5254
3 5255 5251 4304
3 4304 5251 5250
3 4303 5256 4304
3 4304 5256 5255
3 4423 5258 4303
3 4303 5258 5256
3 5260 6570 5258
3 5258 6570 5259
3 5261 6572 5260
3 5260 6572 6570
3 5263 6566 5264
3 5264 6566 6573
3 5265 6571 5266
3 5266 6571 6567
3 5267 6569 5268
3 5268 6569 6568
3 1806 3160 5267
3 5267 3160 6569
3 6523 6522 4328
3 4328 6522 4329
3 5252 6525 5249
3 5249 6525 6533
3 6542 6537 6543
3 6543 6537 6368
3 6523 6542 6521
3 6521 6542 6543
3 3070 5366 3051
3 3051 5366 3911
3 6492 3162 6493
3 6493 3162 3161
3 3163 444 3770
3 3770 444 3760
3 460 3164 3918
3 3918 3164 3919
3 329 409 3838
3 3838 409 3909
3 331 330 3551
3 3551 330 3550
3 463 303 3917
3 3917 303 3815
3 384 457 3765
3 3765 457 3893
3 411 414 3761
3 3761 414 3762
3 3165 336 3747
3 3747 336 3744
3 3071 3054 5369
3 5369 3054 3929
3 3072 5368 3055
3 3055 5368 3937
3 3166 3056 6495
3 6495 3056 3936
3 3068 3057 4807
3 4807 3057 3942
3 410 3165 3850
3 3850 3165 3747
3 3058 3162 3950
3 3950 3162 6492
3 335 3163 3771
3 3771 3163 3770
3 3052 3910 3161
3 3161 3910 6493
3 3053 3167 3928
3 3928 3167 3951
3 3164 829 3919
3 3919 829 3944
3 3169 3168 6496
3 6496 3168 6497
3 3170 1353 5004
3 5004 1353 4829
3 3171 3169 6502
3 6502 3169 6496
3 3168 3060 6497
3 6497 3060 4059
3 3172 3170 5005
3 5005 3170 5004
3 3078 3171 6333
3 6333 3171 6502
3 3173 3024 6298
3 6298 3024 6299
3 6575 6576 6574
3 6574 6576 6577
3 4611 4610 6578
3 6578 4610 6579
3 6581 6582 6580
3 6580 6582 6583
3 6583 6584 4617
3 4617 6584 4620
3 6585 6586 6588
3 6588 6586 6587
3 6587 6586 6589
3 6589 6586 6590
3 6591 4605 6589
3 6589 4605 4622
3 6593 6575 6592
3 6592 6575 6574
3 6594 6581 6578
3 6578 6581 6580
3 6579 6596 6595
3 6595 6596 6597
3 6576 6575 6598
3 6598 6575 6599
3 6594 6595 6600
3 6600 6595 6601
3 6582 6581 6602
3 6602 6581 6603
3 6585 6605 6604
3 6604 6605 6606
3 6586 6585 6607
3 6607 6585 6604
3 6586 6607 6590
3 6590 6607 6608
3 6575 6593 6599
3 6599 6593 6609
3 6581 6594 6603
3 6603 6594 6600
3 6598 6610 6576
3 6576 6610 6597
3 6612 6613 6611
3 6611 6613 6614
3 6616 6617 6615
3 6615 6617 6618
3 6620 6621 6619
3 6619 6621 6622
3 6624 6625 6623
3 6623 6625 6626
3 6628 6629 6627
3 6627 6629 6630
3 6632 6633 6631
3 6631 6633 6634
3 6636 6637 6635
3 6635 6637 6638
3 6639 6640 6636
3 6636 6640 6637
3 6642 6632 6641
3 6641 6632 6631
3 6644 6645 6643
3 6643 6645 6646
3 6645 6647 6646
3 6646 6647 6648
3 6650 6651 6649
3 6649 6651 6652
3 6652 6651 6653
3 6653 6651 6654
3 6655 6656 6658
3 6658 6656 6657
3 6660 6661 6659
3 6659 6661 6662
3 6661 6660 6663
3 6663 6660 6664
3 6666 6656 6665
3 6665 6656 6655
3 6668 6669 6667
3 6667 6669 6670
3 6671 6672 6669
3 6669 6672 6670
3 6673 6674 6676
3 6676 6674 6675
3 6674 6677 6675
3 6675 6677 6678
3 6680 6681 6679
3 6679 6681 6682
3 6683 6684 6682
3 6682 6684 6679
3 6686 6687 6685
3 6685 6687 6688
3 6686 6689 6687
3 6687 6689 6690
3 6618 6617 6632
3 6632 6617 6633
3 6631 6634 6692
3 6692 6634 6691
3 6616 6693 6635
3 6635 6693 6636
3 6694 6691 6638
3 6638 6691 6634
3 6636 6693 6639
3 6639 6693 6695
3 6697 6637 6696
3 6696 6637 6640
3 6642 6615 6632
3 6632 6615 6618
3 6641 6698 6640
3 6640 6698 6696
3 6645 6644 6699
3 6699 6644 6620
3 6643 6700 6653
3 6653 6700 6701
3 6699 6702 6645
3 6645 6702 6647
3 6692 6703 6648
3 6648 6703 6646
3 6619 6622 6650
3 6650 6622 6651
3 6692 6648 6698
3 6698 6648 6649
3 6651 6622 6654
3 6654 6622 6621
3 6653 6701 6652
3 6652 6701 6696
3 6614 6613 6656
3 6656 6613 6657
3 6704 6655 6703
3 6703 6655 6658
3 6612 6705 6659
3 6659 6705 6660
3 6703 6658 6700
3 6700 6658 6662
3 6660 6705 6664
3 6664 6705 6706
3 6707 6701 6663
3 6663 6701 6661
3 6611 6614 6666
3 6666 6614 6656
3 6665 6708 6663
3 6663 6708 6707
3 6628 6709 6668
3 6668 6709 6669
3 6667 6710 6678
3 6678 6710 6711
3 6712 6671 6709
3 6709 6671 6669
3 6713 6670 6704
3 6704 6670 6672
3 6627 6630 6673
3 6673 6630 6674
3 6704 6672 6708
3 6708 6672 6676
3 6630 6629 6674
3 6674 6629 6677
3 6711 6707 6678
3 6678 6707 6675
3 6624 6714 6681
3 6681 6714 6682
3 6715 6716 6680
3 6680 6716 6690
3 6717 6683 6714
3 6714 6683 6682
3 6718 6679 6713
3 6713 6679 6684
3 6623 6626 6685
3 6685 6626 6686
3 6688 6710 6684
3 6684 6710 6713
3 6626 6625 6686
3 6686 6625 6689
3 6716 6711 6690
3 6690 6711 6687
3 6611 6706 6612
3 6612 6706 6705
3 6615 6695 6616
3 6616 6695 6693
3 6702 6699 6619
3 6619 6699 6620
3 6714 6624 6717
3 6717 6624 6623
3 6709 6628 6712
3 6712 6628 6627
3 6638 6634 6635
3 6635 6634 6633
3 6640 6639 6641
3 6641 6639 6642
3 6653 6654 6643
3 6643 6654 6644
3 6650 6649 6647
3 6647 6649 6648
3 6658 6657 6662
3 6662 6657 6659
3 6664 6666 6663
3 6663 6666 6665
3 6677 6668 6678
3 6678 6668 6667
3 6672 6671 6676
3 6676 6671 6673
3 6689 6681 6690
3 6690 6681 6680
3 6684 6683 6688
3 6688 6683 6685
3 6635 6633 6616
3 6616 6633 6617
3 6637 6697 6638
3 6638 6697 6694
3 6639 6695 6642
3 6642 6695 6615
3 6692 6698 6631
3 6631 6698 6641
3 6654 6621 6644
3 6644 6621 6620
3 6703 6700 6646
3 6646 6700 6643
3 6650 6647 6619
3 6619 6647 6702
3 6649 6652 6698
3 6698 6652 6696
3 6612 6659 6613
3 6613 6659 6657
3 6662 6661 6700
3 6700 6661 6701
3 6664 6706 6666
3 6666 6706 6611
3 6704 6708 6655
3 6655 6708 6665
3 6629 6628 6677
3 6677 6628 6668
3 6713 6710 6670
3 6670 6710 6667
3 6671 6712 6673
3 6673 6712 6627
3 6676 6675 6708
3 6708 6675 6707
3 6625 6624 6689
3 6689 6624 6681
3 6679 6718 6680
3 6680 6718 6715
3 6683 6717 6685
3 6685 6717 6623
3 6710 6688 6711
3 6688 6687 6711
3 6592 6719 6593
3 6593 6719 6720
3 6721 6719 4606
3 4606 6719 4848
3 6591 6722 6721
3 6721 6722 6723
3 4609 4608 6577
3 6577 4608 6574
3 6595 6594 6579
3 6579 6594 6578
3 4617 4616 6583
3 6583 4616 6580
3 6588 6584 6585
3 6585 6584 6605
3 4621 4618 6587
3 6587 4618 6588
3 4621 6587 4622
3 4622 6587 6589
3 4608 4644 6574
3 6574 4644 6592
3 4616 4611 6580
3 6580 4611 6578
3 5003 4609 6596
3 6596 4609 6577
3 4644 4848 6592
3 6592 4848 6719
3 6723 6720 6721
3 6721 6720 6719
3 6721 4606 6591
3 6591 4606 4605
3 6724 6609 6720
3 6720 6609 6593
3 6722 6725 6723
3 6723 6725 6726
3 6726 6724 6723
3 6723 6724 6720
3 6727 6728 6604
3 6604 6728 6607
3 6604 6606 6727
3 6727 6606 6729
3 6730 6731 6603
3 6603 6731 6602
3 6732 6733 6724
3 6724 6733 6609
3 6734 6732 6726
3 6726 6732 6724
3 6734 6726 6735
3 6735 6726 6725
3 6590 6608 6722
3 6722 6608 6725
3 6722 6591 6590
3 6590 6591 6589
3 6737 6738 6736
3 6736 6738 6739
3 6739 6738 6741
3 6741 6738 6740
3 6742 6743 6740
3 6740 6743 6741
3 6744 6745 6742
3 6742 6745 6743
3 6746 6747 6744
3 6744 6747 6745
3 6748 6749 6746
3 6746 6749 6747
3 6751 6737 6750
3 6750 6737 6736
3 6753 6751 6752
3 6752 6751 6750
3 6755 6753 6754
3 6754 6753 6752
3 6757 6749 6756
3 6756 6749 6748
3 6759 6755 6758
3 6758 6755 6754
3 6761 6759 6760
3 6760 6759 6758
3 6763 6761 6762
3 6762 6761 6760
3 6756 6763 6757
3 6757 6763 6762
3 6765 6740 6764
3 6764 6740 6738
3 6766 6742 6765
3 6765 6742 6740
3 6767 6744 6766
3 6766 6744 6742
3 6768 6746 6767
3 6767 6746 6744
3 6769 6748 6768
3 6768 6748 6746
3 6771 6768 6770
3 6770 6768 6767
3 6772 6769 6771
3 6771 6769 6768
3 6773 6774 6771
3 6771 6774 6772
3 6776 6777 6775
3 6775 6777 6778
3 6774 6773 6777
3 6777 6773 6778
3 6770 6779 6771
3 6771 6779 6773
3 6779 6780 6773
3 6773 6780 6778
3 6780 6781 6778
3 6778 6781 6775
3 6783 6784 6782
3 6782 6784 6785
3 6785 6786 6782
3 6782 6786 6787
3 6789 6787 6788
3 6788 6787 6786
3 6785 6784 6790
3 6790 6784 6791
3 6790 6792 6785
3 6785 6792 6786
3 6792 6793 6786
3 6786 6793 6788
3 6794 6795 6793
3 6793 6795 6788
3 6789 6788 6796
3 6796 6788 6795
3 6797 6764 6737
3 6737 6764 6738
3 6798 6797 6751
3 6751 6797 6737
3 6766 6799 6767
3 6767 6799 6770
3 6765 6800 6766
3 6766 6800 6799
3 6801 6800 6764
3 6764 6800 6765
3 6797 6802 6764
3 6764 6802 6801
3 6803 6802 6798
3 6798 6802 6797
3 6804 6805 6803
3 6803 6805 6802
3 6806 6798 6753
3 6753 6798 6751
3 6807 6803 6806
3 6806 6803 6798
3 6808 6804 6807
3 6807 6804 6803
3 6809 6810 6804
3 6804 6810 6805
3 6811 6812 6809
3 6809 6812 6810
3 6813 6814 6795
3 6795 6814 6796
3 6812 6813 6815
3 6815 6813 6816
3 6815 6817 6812
3 6812 6817 6810
3 6818 6805 6817
3 6817 6805 6810
3 6801 6802 6818
3 6818 6802 6805
3 6756 6748 6819
3 6819 6748 6769
3 6819 6769 6820
3 6820 6769 6772
3 6820 6772 6821
3 6821 6772 6774
3 6821 6774 6822
3 6822 6774 6777
3 6823 6822 6776
3 6776 6822 6777
3 6783 6824 6776
3 6776 6824 6823
3 6825 6826 6787
3 6787 6826 6782
3 6827 6825 6789
3 6789 6825 6787
3 6828 6827 6796
3 6796 6827 6789
3 6814 6829 6796
3 6796 6829 6828
3 6831 6811 6830
3 6830 6811 6809
3 6830 6809 6808
3 6808 6809 6804
3 6735 6799 6734
3 6734 6799 6800
3 6732 6734 6801
3 6801 6734 6800
3 6733 6732 6818
3 6818 6732 6801
3 6832 6733 6817
3 6817 6733 6818
3 6833 6832 6815
3 6815 6832 6817
3 6815 6816 6833
3 6833 6816 6834
3 6836 6794 6835
3 6835 6794 6793
3 6835 6793 6730
3 6730 6793 6792
3 6731 6730 6790
3 6790 6730 6792
3 6790 6791 6731
3 6731 6791 6729
3 6728 6727 6780
3 6780 6727 6781
3 6837 6806 6755
3 6755 6806 6753
3 6838 6837 6759
3 6759 6837 6755
3 6839 6838 6761
3 6761 6838 6759
3 6840 6839 6763
3 6763 6839 6761
3 6819 6840 6756
3 6756 6840 6763
3 6840 6819 6841
3 6841 6819 6820
3 6839 6840 6842
3 6842 6840 6841
3 6838 6839 6843
3 6843 6839 6842
3 6837 6838 6844
3 6844 6838 6843
3 6806 6837 6807
3 6807 6837 6844
3 6841 6820 6845
3 6845 6820 6821
3 6842 6841 6846
3 6846 6841 6845
3 6843 6842 6847
3 6847 6842 6846
3 6844 6843 6848
3 6848 6843 6847
3 6807 6844 6808
3 6808 6844 6848
3 6849 6830 6848
3 6848 6830 6808
3 6850 6849 6847
3 6847 6849 6848
3 6846 6851 6847
3 6847 6851 6850
3 6852 6851 6845
3 6845 6851 6846
3 6845 6821 6852
3 6852 6821 6822
3 6852 6822 6853
3 6853 6822 6823
3 6853 6854 6852
3 6852 6854 6851
3 6855 6850 6854
3 6854 6850 6851
3 6855 6856 6850
3 6850 6856 6849
3 6856 6831 6849
3 6849 6831 6830
3 6824 6857 6823
3 6823 6857 6853
3 6859 6826 6858
3 6858 6826 6825
3 6858 6825 6860
3 6860 6825 6827
3 6861 6860 6828
3 6828 6860 6827
3 6829 6862 6828
3 6828 6862 6861
3 6862 6863 6861
3 6861 6863 6864
3 6857 6865 6853
3 6853 6865 6854
3 6866 6864 6865
3 6865 6864 6863
3 6868 6858 6867
3 6867 6858 6860
3 6866 6868 6864
3 6864 6868 6867
3 6860 6861 6867
3 6867 6861 6864
3 6866 6859 6868
3 6868 6859 6858
3 6752 6750 6697
3 6697 6750 6694
3 6696 6754 6697
3 6697 6754 6752
3 6758 6754 6701
3 6701 6754 6696
3 6760 6758 6707
3 6707 6758 6701
3 6762 6760 6711
3 6711 6760 6707
3 6757 6762 6716
3 6716 6762 6711
3 6749 6757 6715
3 6715 6757 6716
3 6718 6747 6715
3 6715 6747 6749
3 6713 6745 6718
3 6718 6745 6747
3 6704 6743 6713
3 6713 6743 6745
3 6703 6741 6704
3 6704 6741 6743
3 6739 6741 6692
3 6692 6741 6703
3 6736 6739 6691
3 6691 6739 6692
3 6750 6736 6694
3 6694 6736 6691
3 6600 6601 6835
3 6835 6601 6836
3 6603 6600 6730
3 6730 6600 6835
3 6598 6599 6833
3 6833 6599 6832
3 6833 6834 6598
3 6598 6834 6610
3 6599 6609 6832
3 6832 6609 6733
3 6779 6770 6869
3 6869 6770 6735
3 6735 6770 6799
3 6869 6728 6779
3 6779 6728 6780
3 6607 6728 6608
3 6608 6728 6869
3 6608 6869 6725
3 6725 6869 6735
3 5013 5014 5228
3 5228 5014 5229
3 4257 5014 4258
3 4258 5014 4877
3 3470 3012 4702
3 4702 3012 4703
3 2878 6336 1305
3 1305 6336 4784
3 828 3470 4315
3 4315 3470 4702
3 4701 3471 5222
3 5222 3471 1755
3 6870 6871 4533
3 4533 6871 4534
3 6870 4664 6871
3 6871 4664 4843
3 6870 6872 4664
3 4664 6872 4558
3 6870 4533 6872
3 6872 4533 4541
3 4152 4151 4821
3 4821 4151 4406
3 4151 4167 4406
3 4406 4167 4341
3 4342 4167 4922
3 4922 4167 4166
3 4362 4361 4971
3 4971 4361 4839
3 4361 4393 4839
3 4839 4393 4838
3 4400 4399 4985
3 4985 4399 4983
3 4434 4433 4840
3 4840 4433 4841
3 4505 4504 4529
3 4529 4504 4530
3 4505 4534 4506
3 4506 4534 4842
3 4660 4659 4515
3 4515 4659 4516
3 4672 4671 4936
3 4936 4671 6546
3 4399 4923 4983
3 4983 4923 5262
3 4672 4659 4673
3 4673 4659 4658
3 4504 4660 4530
3 4530 4660 4515
3 4951 4400 6873
3 6873 4400 4985
3 4953 4152 6874
3 6874 4152 4821
3 4362 4972 4363
3 4363 4972 4973
3 5263 4923 5266
3 5266 4923 4690
3 6292 6291 6875
3 6875 6291 6876
3 6379 4342 6386
3 6386 4342 4922
3 4393 4434 4838
3 4838 4434 4840
3 4671 4433 6546
3 6546 4433 4432
3 4972 6555 4973
3 4973 6555 6877
3 6566 6379 6573
3 6573 6379 6386
3 6291 4953 6876
3 6876 4953 6874
3 6566 5263 6567
3 6567 5263 5266
3 4144 4143 4153
3 4153 4143 4150
3 4193 4143 4424
3 4424 4143 4142
3 4354 4353 5262
3 5262 4353 4983
3 4359 4358 4363
3 4363 4358 4360
3 4443 4358 4391
3 4391 4358 4336
3 4446 4445 4431
3 4431 4445 4432
3 4463 4462 6546
3 6546 4462 4936
3 4518 4517 4653
3 4653 4517 4508
3 4532 4531 4498
3 4498 4531 4497
3 4532 4541 4529
3 4529 4541 4533
3 4518 4531 4515
3 4515 4531 4530
3 4921 4193 4425
3 4425 4193 4424
3 4462 4517 4936
3 4936 4517 4516
3 6554 4950 6873
3 6873 4950 6877
3 4957 4956 6289
3 6289 4956 6290
3 4333 4359 4711
3 4711 4359 4949
3 4984 4353 4418
3 4418 4353 4352
3 5261 4354 5264
3 5264 4354 5262
3 6293 4957 4803
3 4803 4957 6289
3 6385 4921 6383
3 6383 4921 4425
3 4443 4446 4392
3 4392 4446 4431
3 4463 4445 4464
3 4464 4445 4444
3 4984 6554 4985
3 4985 6554 6873
3 6572 6385 6570
3 6570 6385 6383
3 4144 6293 4145
3 4145 6293 4803
3 6572 5261 6573
3 6573 5261 5264
3 4541 4540 6872
3 6872 4540 4558
3 4534 6871 4842
3 4842 6871 4843
3 4103 4102 6878
3 6878 4102 6342
3 4104 6292 6306
3 6306 6292 6875
3 4103 4955 4104
3 4104 4955 6292
3 4955 4103 4956
3 4956 4103 6878
3 4956 6878 6290
3 6290 6878 6308
3 4647 4987 4648
3 4648 4987 4952
3 4801 4802 4927
3 4927 4802 6549
3 6549 4802 6554
3 6554 4802 4950
3 1515 3172 4986
3 4986 3172 5005
3 6518 6517 6557
3 6557 6517 6509
3 6526 6518 6558
3 6558 6518 6557
3 6527 6559 6528
3 6528 6559 6540
3 6547 4624 6548
3 6548 4624 4623
3 6550 6551 4745
3 4745 6551 6504
3 6552 4710 6553
3 6553 4710 4709
3 4801 6550 4712
3 4712 6550 4745
3 6555 4972 4648
3 4648 4972 4645
3 6556 4948 6547
3 6547 4948 4624
3 4647 4646 6552
3 6552 4646 4710
3 6548 4623 4986
3 4986 4623 4837
3 6551 6517 6504
3 6504 6517 6506
3 6560 4371 6528
3 6528 4371 6513
3 6561 4368 6560
3 6560 4368 4371
3 3141 3481 6561
3 6561 3481 4368
3 6555 4951 6877
3 6877 4951 6873
3 4950 4949 6877
3 6877 4949 4973
3 3167 439 3951
3 4203 4202 5340
3 5340 4202 6363
3 4218 4221 6428
3 6428 4221 4382
3 4318 4321 6505
3 6505 4321 4746
3 4339 4713 4340
3 4340 4713 4383
3 4374 4376 6387
3 6387 4376 6545
3 4377 4380 6310
3 6310 4380 4719
3 4448 4340 4386
3 4386 4340 4383
3 4472 4471 4476
3 4476 4471 4473
3 4491 4490 4486
3 4486 4490 4487
3 4522 4490 4521
3 4521 4490 4489
3 4491 4537 4492
3 4492 4537 4554
3 4537 4552 4554
3 4554 4552 4555
3 4619 4614 4620
3 4620 4614 4617
3 4651 4650 4367
3 4367 4650 4364
3 4522 4654 4523
3 4523 4654 4655
3 4552 4666 4555
3 4555 4666 4570
3 4650 1209 4364
3 4364 1209 1208
3 4697 4696 5222
3 5222 4696 6343
3 4339 4338 4321
3 4321 4338 4746
3 4725 4728 5286
3 5286 4728 4197
3 4380 4379 4736
3 4736 4379 6367
3 4835 4834 4450
3 4450 4834 4708
3 4909 6366 4910
3 4910 6366 6365
3 4911 4914 6449
3 6449 4914 6448
3 4926 4835 4449
3 4449 4835 4450
3 4929 4928 4438
3 4438 4928 4435
3 4935 4934 4458
3 4458 4934 4455
3 4472 4654 4469
3 4469 4654 4509
3 4941 4582 4942
3 4942 4582 4571
3 4947 4600 4946
3 4946 4600 4583
3 4948 4834 4624
3 4624 4834 4625
3 4965 4968 6288
3 6288 4968 4694
3 4970 4651 4925
3 4925 4651 4367
3 4202 4976 6363
3 6363 4976 6364
3 4989 4988 4442
3 4442 4988 4439
3 4989 4990 4477
3 4477 4990 4511
3 4991 4990 4527
3 4527 4990 4514
3 4991 4992 4526
3 4526 4992 4484
3 4993 4992 4501
3 4501 4992 4502
3 4993 4994 4481
3 4481 4994 4549
3 4542 4995 4543
3 4543 4995 4994
3 4998 4997 4566
3 4566 4997 4577
3 4999 4997 4574
3 4574 4997 4996
3 5001 5000 4591
3 4591 5000 4573
3 5002 5003 4613
3 4613 5003 4610
3 3482 4214 1754
3 1754 4214 4697
3 5273 5276 4194
3 4194 5276 4222
3 4725 5294 4726
3 4726 5294 6349
3 5308 5341 5309
3 5309 5341 6362
3 5314 5313 5315
3 5315 5313 5316
3 5338 6361 5339
3 5339 6361 5362
3 5309 6362 5338
3 5338 6362 6361
3 4203 5308 4200
3 4200 5308 5307
3 4914 5344 6448
3 6448 5344 6447
3 5344 5314 6447
3 6447 5314 5315
3 5347 5346 6350
3 6350 5346 6351
3 5364 4262 5339
3 5339 4262 4261
3 6294 6297 4732
3 4732 6297 4733
3 4968 6305 4694
3 4694 6305 4695
3 6305 4377 4695
3 4695 4377 6310
3 6368 6371 6543
3 6543 6371 6544
3 4374 6389 4372
3 4372 6389 4373
3 6420 6421 4910
3 4910 6421 4907
3 4909 4908 4736
3 4736 4908 4735
3 5276 4218 4222
3 4222 4218 6428
3 4696 4221 6343
3 6343 4221 4220
3 6435 6360 6436
3 6436 6360 6359
3 6437 6439 6436
3 6436 6439 6433
3 6437 6358 6440
3 6440 6358 6357
3 6441 6440 6356
3 6356 6440 6357
3 6441 6443 6442
3 6442 6443 6444
3 6445 6443 6354
3 6354 6443 6355
3 6445 4911 6446
3 6446 4911 6449
3 6435 6434 5364
3 5364 6434 4262
3 5313 5346 5316
3 5316 5346 5345
3 4318 6511 4319
3 4319 6511 6512
3 6519 6511 6520
3 6520 6511 6507
3 6527 6519 6526
3 6526 6519 6520
3 6531 6538 6532
3 6532 6538 6534
3 6532 6534 6536
3 6536 6534 6533
3 6537 6542 6536
3 6536 6542 6535
3 6294 4376 6295
3 6295 4376 4375
3 4988 4929 4439
3 4439 4929 4438
3 4926 4928 4421
3 4421 4928 4454
3 4448 4935 4387
3 4387 4935 4458
3 4471 4934 4473
3 4473 4934 4931
3 4941 4939 4946
3 4946 4939 4938
3 5000 4999 4573
3 4573 4999 4574
3 4668 4942 4665
3 4665 4942 4666
3 4995 4998 4546
3 4546 4998 4566
3 4947 4945 4619
3 4619 4945 4614
3 5002 5001 4590
3 4590 5001 4591
3 6556 4970 6553
3 6553 4970 4925
3 6531 6559 6538
3 6538 6559 6558
3 6389 6371 4373
3 4373 6371 6370
3 4965 6297 4966
3 4966 6297 6296
3 6537 6525 6368
3 6368 6525 6369
3 6584 6588 4620
3 4620 6588 4618
3 6596 6577 6597
3 6597 6577 6576
3 6605 6582 6606
3 6606 6582 6602
3 6610 6601 6597
3 6597 6601 6595
3 6584 6583 6605
3 6605 6583 6582
3 6596 6579 5003
3 5003 6579 4610
3 6606 6602 6729
3 6729 6602 6731
3 6775 6784 6776
3 6776 6784 6783
3 6784 6775 6791
3 6791 6775 6781
3 6814 6813 6811
3 6811 6813 6812
3 6816 6813 6794
3 6794 6813 6795
3 6824 6783 6826
3 6826 6783 6782
3 6829 6814 6831
3 6831 6814 6811
3 6816 6794 6834
3 6834 6794 6836
3 6791 6781 6729
3 6729 6781 6727
3 6857 6824 6859
3 6859 6824 6826
3 6862 6829 6856
3 6856 6829 6831
3 6863 6862 6855
3 6855 6862 6856
3 6865 6857 6866
3 6866 6857 6859
3 6865 6863 6854
3 6854 6863 6855
3 6834 6836 6610
3 6610 6836 6601
3 6559 6527 6558
3 6558 6527 6526
3 4948 6556 4709
3 4709 6556 6553
3 4429 4089 4174
3 4174 4089 4088
3 4776 4112 4154
3 4154 4112 4085
3 4174 4088 4175
3 4175 4088 4141
3 4198 4270 4199
3 4199 4270 4797
3 4198 4094 4271
3 4271 4094 5272
3 4405 4404 4403
3 4403 4404 4345
3 4409 4408 6876
3 6876 4408 6875
3 4408 4412 6875
3 6875 4412 6306
3 4414 4147 4415
3 4415 4147 4146
3 4689 4404 4343
3 4343 4404 4341
3 4692 4691 4351
3 4351 4691 4348
3 4700 4699 6336
3 6336 4699 6337
3 4777 4776 4080
3 4080 4776 4154
3 4820 4405 4808
3 4808 4405 4403
3 4175 4141 4180
3 4180 4141 4414
3 4759 4969 4398
3 4398 4969 4691
3 4199 5006 4095
3 4095 5006 4077
3 5265 4692 5268
3 5268 4692 4351
3 5269 5006 5360
3 5360 5006 4796
3 4777 5269 4778
3 4778 5269 5360
3 6284 4409 6874
3 6874 4409 6876
3 6307 4412 4686
3 4686 4412 4411
3 6479 6319 6480
3 6480 6319 6879
3 4700 2877 4701
3 4701 2877 3471
3 6338 6346 6339
3 6339 6346 6347
3 6340 6341 6345
3 6345 6341 6344
3 4415 6307 4413
3 4413 6307 4686
3 6384 4689 6380
3 6380 4689 4343
3 5281 6340 5279
3 5279 6340 6338
3 4699 6341 6337
3 6337 6341 5280
3 6339 6347 4271
3 4271 6347 4269
3 6479 6478 4827
3 4827 6478 4828
3 6489 6478 6488
3 6488 6478 6477
3 4089 4429 6489
3 6489 4429 4428
3 6562 6563 4969
3 4969 6563 4814
3 4693 6565 4365
3 4365 6565 6562
3 6571 6384 6567
3 6567 6384 6380
3 4820 6284 4821
3 4821 6284 6874
3 6571 5265 6568
3 6568 5265 5268
3 3481 3102 4368
3 4368 3102 4369
3 3120 4729 3484
3 3484 4729 4326
3 6276 6279 6272
3 6272 6279 6271
3 6266 6275 6277
3 6277 6275 6278
3 6277 6278 6276
3 6276 6278 6279
3 6278 6255 6279
3 6279 6255 6254
3 6255 3856 6254
3 6254 3856 3753
3 3856 3855 3753
3 3753 3855 3754
3 3855 3702 3754
3 3754 3702 3862
3 3702 3701 3862
3 3862 3701 3758
3 3701 3705 3758
3 3758 3705 3669
3 3705 3704 3669
3 3669 3704 3667
3 3704 3772 3667
3 3667 3772 3881
3 3881 3772 3882
3 3882 3772 3706
3 3706 3707 3882
3 3882 3707 3879
3 3707 3709 3879
3 3879 3709 3880
3 3708 5240 3709
3 3709 5240 3880
3 5240 3708 5233
3 5233 3708 3785
3 3692 3711 3785
3 3785 3711 5233
3 4050 4054 4051
3 4051 4054 4055
3 4055 4054 4056
3 4056 4054 4053
3 4065 5237 5235
3 5235 5237 3988
3 4065 4068 5237
3 5237 4068 4034
3 6880 3961 3959
3 3959 3961 3956
3 6882 4069 6881
3 6881 4069 3940
3 4069 6882 4070
3 4070 6882 6883
3 4070 6883 4071
3 4071 6883 6884
3 6884 6885 4071
3 4071 6885 4030
3 3954 6880 3955
3 3955 6880 3959
3 6883 3990 6884
3 6884 3990 3989
3 6882 6886 6883
3 6883 6886 3990
3 6886 6887 3990
3 3990 6887 3991
3 6887 6886 6888
3 6888 6886 6889
3 6886 6882 6889
3 6889 6882 6881
3 4057 5239 3952
3 3952 5239 3953
3 5235 6887 5238
3 5238 6887 6888
3 5236 6885 3989
3 3989 6885 6884
3 4033 4030 5236
3 5236 4030 6885
3 6880 6881 3961
3 3961 6881 3940
3 6880 3954 6881
3 6881 3954 6889
3 3954 3953 6889
3 6889 3953 6888
3 5238 6888 5239
3 5239 6888 3953
3 6887 5235 3991
3 3991 5235 3988
3 3868 3867 3887
3 3887 3867 4014
3 3867 4011 4014
3 4014 4011 4009
3 4011 4021 4009
3 4009 4021 4008
3 4021 4020 4008
3 4008 4020 4017
3 4019 3973 4000
3 4000 3973 3995
3 4020 4019 4028
3 4028 4019 4000
3 4084 4155 4085
3 4085 4155 4154
3 4112 4776 4113
3 4113 4776 4775
3 4129 4128 4093
3 4093 4128 4090
3 4138 4772 4139
3 4139 4772 4771
3 4148 4177 4149
3 4149 4177 5224
3 4159 4158 4086
3 4086 4158 4087
3 4148 4147 4178
3 4178 4147 4140
3 4084 4083 4182
3 4182 4083 6314
3 4178 4140 4158
3 4158 4140 4087
3 4191 4129 4161
3 4161 4129 4093
3 4196 5287 4197
3 4197 5287 5286
3 4228 4765 4229
3 4229 4765 4770
3 4244 4245 4241
3 4241 4245 4248
3 4182 6314 4417
3 4417 6314 6313
3 4678 4177 4679
3 4679 4177 4176
3 4723 4797 4724
3 4724 4797 4270
3 4727 5274 4728
3 4728 5274 5273
3 4229 4770 4248
3 4248 4770 4241
3 4723 4722 4798
3 4798 4722 5354
3 4822 4823 4890
3 4890 4823 6326
3 4822 4191 4160
3 4160 4191 4161
3 4892 4766 4228
3 4228 4766 4765
3 4893 4894 4897
3 4897 4894 4898
3 4105 4149 4102
3 4102 4149 5224
3 4679 4893 4676
3 4676 4893 4897
3 6419 4976 5300
3 5300 4976 4975
3 4678 4677 5225
3 5225 4677 4426
3 5227 5007 4892
3 4892 5007 4766
3 5284 6353 5285
3 5285 6353 5342
3 5288 5351 5289
3 5289 5351 5348
3 5289 5348 5294
3 5294 5348 5347
3 5301 5298 4201
3 4201 5298 4975
3 4724 4270 5310
3 5310 4270 4269
3 5324 4722 5325
3 5325 4722 4721
3 5334 5354 5324
3 5324 5354 4722
3 5325 4721 5285
3 5285 4721 5282
3 4798 5356 4796
3 4796 5356 5360
3 5358 5355 5334
3 5334 5355 5354
3 4774 4773 5355
3 5355 4773 5356
3 5358 5357 4091
3 4091 5357 4092
3 6315 4739 6316
3 6316 4739 4738
3 6317 4826 6315
3 6315 4826 4739
3 6318 4827 6317
3 6317 4827 4826
3 6319 6479 6318
3 6318 6479 4827
3 6483 6321 6484
3 6484 6321 6320
3 6486 6323 6330
3 6330 6323 6322
3 6330 6322 6329
3 6329 6322 6324
3 6324 6325 6329
3 6329 6325 6328
3 6325 6327 6328
3 6328 6327 5230
3 4823 4684 5227
3 5227 4684 5007
3 5225 6342 5224
3 5224 6342 4102
3 4727 4726 6348
3 6348 4726 5283
3 6349 6350 5284
3 5284 6350 6353
3 4246 4245 6417
3 6417 4245 6364
3 6399 6401 6400
3 6400 6401 6458
3 4196 4195 6408
3 6408 4195 6425
3 6411 4896 6327
3 6327 4896 5230
3 6412 4132 6411
3 6411 4132 4896
3 6413 4133 6412
3 6412 4133 4132
3 6414 4224 6413
3 6413 4224 4133
3 6415 4251 6414
3 6414 4251 4224
3 6416 4252 6415
3 6415 4252 4251
3 4252 6416 6365
3 6365 6416 6418
3 6365 6418 4910
3 4910 6418 6420
3 6421 6422 4907
3 4907 6422 5297
3 5297 6422 6395
3 6395 6422 6423
3 6408 6425 6424
3 6424 6425 6396
3 5299 5298 6398
3 6398 5298 6399
3 6464 6407 6400
3 6400 6407 6397
3 6423 6398 6424
3 6424 6398 6397
3 6348 5283 5310
3 5310 5283 5282
3 6464 6463 5288
3 5288 6463 5351
3 6487 6482 6491
3 6491 6482 6481
3 6485 6490 6481
3 6481 6490 6491
3 6490 4894 6491
3 6491 4894 4156
3 6487 4159 6488
3 6488 4159 4086
3 6500 6501 4417
3 4417 6501 4416
3 6503 6499 6316
3 6316 6499 6313
3 3496 3495 6500
3 6500 3495 6501
3 3498 3497 6503
3 6503 3497 6499
3 4728 5273 4197
3 4197 5273 4194
3 6417 6364 6419
3 6419 6364 4976
3 5294 5347 6349
3 6349 5347 6350
3 5300 6421 6419
3 6419 6421 6420
3 4112 4111 4085
3 4085 4111 4082
3 6319 4111 6879
3 6879 4111 4110
3 4090 4771 4091
3 4091 4771 4774
3 4128 4139 4090
3 4090 4139 4771
3 4136 4139 4127
3 4127 4139 4128
3 4127 6323 4136
3 4136 6323 6320
3 6323 6486 6320
3 6320 6486 6484
3 6486 6485 6484
3 6484 6485 6481
3 4773 4772 4778
3 4778 4772 4775
3 4772 4138 4775
3 4775 4138 4113
3 4138 4137 4113
3 4113 4137 4110
3 4137 6321 4110
3 4110 6321 6879
3 6321 6483 6879
3 6879 6483 6480
3 6483 6482 6480
3 6480 6482 6477
3 6878 6342 6308
3 6308 6342 4427
3 4105 4104 4899
3 4899 4104 6306
3 3499 3166 6494
3 6494 3166 6495
3 3499 6494 3069
3 3069 6494 5367
3 3501 5234 3500
3 3500 5234 4812
3 3023 3502 6472
3 6472 3502 6473
3 3502 3022 6473
3 6473 3022 6373
3 3503 1769 4347
3 4347 1769 4344
3 3501 3504 5234
3 5234 3504 4809
3 3497 3496 6499
3 6499 3496 6500
3 3495 3074 6501
3 6501 3074 6274
3 6298 4253 3173
3 3173 4253 3016
3 1768 3500 4813
3 4813 3500 4812
3 3505 3017 6475
3 6475 3017 4256
3 3506 3498 6498
3 6498 3498 6503
3 3029 4215 3482
3 3482 4215 4214
3 3076 3506 6332
3 6332 3506 6498
3 1783 3159 5248
3 5248 3159 6522
3 3014 3505 4239
3 4239 3505 6475
3 3507 3503 6382
3 6382 3503 4347
3 3508 3015 6476
3 6476 3015 4238
3 3027 3508 6466
3 6466 3508 6476
3 3021 1784 5245
3 5245 1784 5246
3 3160 3507 6569
3 6569 3507 6382
3 3149 3148 4693
3 4693 3148 6565
3 1326 4806 3509
3 3509 4806 4810
3 3509 4810 3504
3 3504 4810 4809
3 3145 3510 4815
3 4815 3510 4349
3 3510 1807 4349
3 4349 1807 4350
3 3484 4326 3158
3 3158 4326 4329
3 1325 3511 4805
3 4805 3511 6309
3 3511 1330 6309
3 6309 1330 4687
