{
  "image": "/home/zhw/xyb_space/bedlam/processed_bedlam/Training/20221013_3_250_batch01hand_orbit_bigOffice_seq_000000/rgb/seq_000000_0000.png",
  "checkpoint": "/home/zhw/lab_users/xyb/home/projects/vggt-human/outputs/train/smpl_hsi_refine_20q_3d_guarded_from_robust_depth/checkpoint_latest.pt",
  "use_gt_box_prior": true,
  "depth": {
    "hsi_scene_scale": 8.07228946685791,
    "hsi_scene_depth_bias": -0.14085647463798523,
    "valid_pixels": 262144,
    "raw_depth_l1_mean_m": 180.74859619140625,
    "hsi_depth_l1_mean_m": 174.61349487304688,
    "raw_depth_l1_median_m": 4.33958625793457,
    "hsi_depth_l1_median_m": 0.2248920202255249,
    "raw_depth_rmse_m": 1290.4752197265625,
    "hsi_depth_rmse_m": 1284.891357421875,
    "hsi_depth_improvement_median_percent": 94.8176621719564,
    "regions": {
      "full": {
        "valid_pixels": 262144,
        "raw_depth_l1_mean_m": 180.74859619140625,
        "hsi_depth_l1_mean_m": 174.61349487304688,
        "raw_depth_l1_median_m": 4.33958625793457,
        "hsi_depth_l1_median_m": 0.2248920202255249,
        "raw_depth_rmse_m": 1290.4752197265625,
        "hsi_depth_rmse_m": 1284.891357421875,
        "hsi_depth_improvement_median_percent": 94.8176621719564
      },
      "near_lt_30m": {
        "valid_pixels": 255490,
        "raw_depth_l1_mean_m": 6.025036334991455,
        "hsi_depth_l1_mean_m": 0.7493064999580383,
        "raw_depth_l1_median_m": 4.25998592376709,
        "hsi_depth_l1_median_m": 0.21878266334533691,
        "raw_depth_rmse_m": 7.424618721008301,
        "hsi_depth_rmse_m": 1.8797918558120728,
        "hsi_depth_improvement_median_percent": 94.86423975899272
      },
      "far_ge_30m": {
        "valid_pixels": 6654,
        "raw_depth_l1_mean_m": 6889.5126953125,
        "hsi_depth_l1_mean_m": 6850.3818359375,
        "raw_depth_l1_median_m": 6640.798828125,
        "hsi_depth_l1_median_m": 6606.65869140625,
        "raw_depth_rmse_m": 8099.74267578125,
        "hsi_depth_rmse_m": 8064.81689453125,
        "hsi_depth_improvement_median_percent": 0.5140968368769171
      },
      "human_roi": {
        "valid_pixels": 180002,
        "raw_depth_l1_mean_m": 89.79444885253906,
        "hsi_depth_l1_mean_m": 85.10511779785156,
        "raw_depth_l1_median_m": 3.6850745677948,
        "hsi_depth_l1_median_m": 0.23105955123901367,
        "raw_depth_rmse_m": 939.55615234375,
        "hsi_depth_rmse_m": 935.761962890625,
        "hsi_depth_improvement_median_percent": 93.72985411860246
      }
    }
  },
  "smpl": {
    "base_joints_mpjpe_m": 0.08212796971201897,
    "hsi_joints_mpjpe_m": 0.08110134179393451,
    "base_vertices_pve_m": 0.09483149151007335,
    "hsi_vertices_pve_m": 0.09285000339150429,
    "base_transl_l2_m": 0.05402704266210397,
    "hsi_transl_l2_m": 0.05590829439461231,
    "base_projected_joints_l2_px": 9.48189083735148,
    "hsi_projected_joints_l2_px": 10.04955824216207,
    "num_gt": 3,
    "num_pred_conf": 3,
    "num_matched": 3,
    "conf_threshold": 0.1,
    "per_person": [
      {
        "pred_query": 0,
        "gt_index": 0,
        "base_joints_mpjpe_m": 0.04042947664856911,
        "hsi_joints_mpjpe_m": 0.03345659002661705,
        "base_vertices_pve_m": 0.04926717281341553,
        "hsi_vertices_pve_m": 0.03922529146075249,
        "base_transl_l2_m": 0.024665744975209236,
        "hsi_transl_l2_m": 0.01946517638862133,
        "base_projected_joints_l2_px": 4.673339366912842,
        "hsi_projected_joints_l2_px": 3.2434871196746826
      },
      {
        "pred_query": 1,
        "gt_index": 1,
        "base_joints_mpjpe_m": 0.0760771781206131,
        "hsi_joints_mpjpe_m": 0.09457071125507355,
        "base_vertices_pve_m": 0.0862581729888916,
        "hsi_vertices_pve_m": 0.10481984913349152,
        "base_transl_l2_m": 0.026964496821165085,
        "hsi_transl_l2_m": 0.053847536444664,
        "base_projected_joints_l2_px": 10.55868148803711,
        "hsi_projected_joints_l2_px": 14.143081665039062
      },
      {
        "pred_query": 2,
        "gt_index": 2,
        "base_joints_mpjpe_m": 0.1298772543668747,
        "hsi_joints_mpjpe_m": 0.11527672410011292,
        "base_vertices_pve_m": 0.1489691287279129,
        "hsi_vertices_pve_m": 0.13450486958026886,
        "base_transl_l2_m": 0.11045088618993759,
        "hsi_transl_l2_m": 0.0944121703505516,
        "base_projected_joints_l2_px": 13.213651657104492,
        "hsi_projected_joints_l2_px": 12.762105941772461
      }
    ]
  },
  "diagnosis": {
    "likely_source": "smpl_alignment_likely",
    "smpl_good_threshold_m": 0.08,
    "depth_bad_threshold_m": 0.3
  },
  "visualizations": {
    "depth_compare": "/home/zhw/lab_users/xyb/home/projects/vggt-human/outputs/vis/hsi_3d_guarded_depth_smpl_diagnostics/seq_000000_0000_depth_gt_raw_hsi_compare.png",
    "gt_depth": "/home/zhw/lab_users/xyb/home/projects/vggt-human/outputs/vis/hsi_3d_guarded_depth_smpl_diagnostics/seq_000000_0000_gt_depth.png",
    "raw_depth": "/home/zhw/lab_users/xyb/home/projects/vggt-human/outputs/vis/hsi_3d_guarded_depth_smpl_diagnostics/seq_000000_0000_raw_depth.png",
    "hsi_depth": "/home/zhw/lab_users/xyb/home/projects/vggt-human/outputs/vis/hsi_3d_guarded_depth_smpl_diagnostics/seq_000000_0000_hsi_depth.png",
    "raw_abs_error": "/home/zhw/lab_users/xyb/home/projects/vggt-human/outputs/vis/hsi_3d_guarded_depth_smpl_diagnostics/seq_000000_0000_raw_abs_error.png",
    "hsi_abs_error": "/home/zhw/lab_users/xyb/home/projects/vggt-human/outputs/vis/hsi_3d_guarded_depth_smpl_diagnostics/seq_000000_0000_hsi_abs_error.png"
  }
}