{
  "frames_dir": "/home/zhw/lab_users/xyb/home/projects/Human3R-master/outputs/walking/color",
  "num_frames": 32,
  "checkpoint": "/home/zhw/lab_users/xyb/home/projects/vggt-human/outputs/train/smpl_hsi_nlf_full_b12_20260710/stage2_anchor_transl/checkpoint_top_train_epoch_0005_loss_total_2.508845.pt",
  "query_source": "nlf_detector",
  "image_shape": [
    1,
    32,
    3,
    448,
    592
  ],
  "nlf_image_hw": [
    448,
    592
  ],
  "point_counts_hsi": [
    16576,
    16576,
    16576,
    16576,
    16576,
    16576,
    16576,
    16576,
    16576,
    16576,
    16576,
    16576,
    16576,
    16576,
    16576,
    16576,
    16576,
    16576,
    16576,
    16576,
    16576,
    16576,
    16576,
    16576,
    16576,
    16576,
    16576,
    16576,
    16576,
    16576,
    16576,
    16552
  ],
  "people_counts": [
    5,
    5,
    5,
    5,
    5,
    4,
    5,
    5,
    5,
    5,
    5,
    4,
    4,
    4,
    4,
    4,
    4,
    4,
    3,
    3,
    3,
    3,
    3,
    3,
    3,
    3,
    3,
    4,
    3,
    5,
    5,
    4
  ],
  "hsi_scene_scale": [
    2.617382526397705,
    2.6185622215270996,
    2.45591139793396,
    2.610861301422119,
    2.3864314556121826,
    1.8613922595977783,
    2.526685953140259,
    2.6012375354766846,
    2.547499656677246,
    2.77225923538208,
    1.9703315496444702,
    1.8722611665725708,
    1.898464560508728,
    2.1262900829315186,
    1.8984276056289673,
    1.958479642868042,
    1.8399475812911987,
    1.9150290489196777,
    2.2412326335906982,
    2.3107452392578125,
    2.4882569313049316,
    2.846043825149536,
    2.903890609741211,
    3.1119813919067383,
    2.266892910003662,
    2.324756145477295,
    3.11214280128479,
    2.9928221702575684,
    3.3098931312561035,
    2.192765474319458,
    3.136150360107422,
    4.156157970428467
  ],
  "hsi_scene_depth_bias": [
    9.481428146362305,
    9.244199752807617,
    9.100886344909668,
    8.878911972045898,
    9.530427932739258,
    9.130549430847168,
    9.12247371673584,
    9.111105918884277,
    9.134160995483398,
    8.782563209533691,
    9.71241283416748,
    8.955032348632812,
    8.852441787719727,
    8.539449691772461,
    8.82283878326416,
    8.803619384765625,
    9.280673027038574,
    9.156780242919922,
    9.558489799499512,
    9.365270614624023,
    8.893381118774414,
    8.296777725219727,
    8.375943183898926,
    7.950116157531738,
    8.756049156188965,
    8.739832878112793,
    8.037948608398438,
    8.66312026977539,
    7.603684902191162,
    8.531554222106934,
    7.906696796417236,
    7.893488883972168
  ],
  "output_dir": "/home/zhw/lab_users/xyb/home/projects/vggt-human/outputs/vis/nlf_hsi_vggt_wild_sequence_viewer/walking"
}