{
  "num_frames": 400.0,
  "num_gt": 1145.0,
  "mean_best_gt_iou": 0.6178274691885736,
  "conf_threshold": 0.1,
  "iou_threshold": 0.5,
  "box_recall_iou50_top3": 0.16768558951965065,
  "box_recall_iou50_top5": 0.29519650655021834,
  "box_recall_iou50_top10": 0.5318777292576419,
  "box_recall_iou50_top20": 0.7973799126637554,
  "num_pred_conf005": 7918.0,
  "box_precision_iou50_conf005": 0.18034857287193737,
  "duplicate_predictions_per_gt_conf005": 0.45414847161572053,
  "num_pred_conf010": 893.0,
  "box_precision_iou50_conf010": 0.167973124300112,
  "duplicate_predictions_per_gt_conf010": 0.0026200873362445414,
  "num_pred_conf015": 222.0,
  "box_precision_iou50_conf015": 0.16216216216216217,
  "duplicate_predictions_per_gt_conf015": 0.0,
  "num_pred_conf020": 1.0,
  "box_precision_iou50_conf020": 0.0,
  "duplicate_predictions_per_gt_conf020": 0.0,
  "num_pred_conf025": 0.0,
  "box_precision_iou50_conf025": 0.0,
  "duplicate_predictions_per_gt_conf025": 0.0,
  "num_pred_conf030": 0.0,
  "box_precision_iou50_conf030": 0.0,
  "duplicate_predictions_per_gt_conf030": 0.0,
  "num_pred_conf": 893.0,
  "duplicate_predictions_per_gt": 0.0026200873362445414,
  "nms_num_pred_conf005": 6047.0,
  "nms_box_precision_iou50_conf005": 0.17562427650074416,
  "nms_duplicate_predictions_per_gt_conf005": 0.17554585152838428,
  "nms_num_pred_conf010": 892.0,
  "nms_box_precision_iou50_conf010": 0.1681614349775785,
  "nms_duplicate_predictions_per_gt_conf010": 0.0026200873362445414,
  "nms_num_pred_conf015": 222.0,
  "nms_box_precision_iou50_conf015": 0.16216216216216217,
  "nms_duplicate_predictions_per_gt_conf015": 0.0,
  "nms_num_pred_conf020": 1.0,
  "nms_box_precision_iou50_conf020": 0.0,
  "nms_duplicate_predictions_per_gt_conf020": 0.0,
  "nms_num_pred_conf025": 0.0,
  "nms_box_precision_iou50_conf025": 0.0,
  "nms_duplicate_predictions_per_gt_conf025": 0.0,
  "nms_num_pred_conf030": 0.0,
  "nms_box_precision_iou50_conf030": 0.0,
  "nms_duplicate_predictions_per_gt_conf030": 0.0
}