{
  "image": "/home/zhw/xyb_space/bedlam/processed_bedlam/Training/20221013_3_250_batch01hand_orbit_bigOffice_seq_000000/rgb/seq_000000_0000.png",
  "checkpoint": "/home/zhw/lab_users/xyb/home/projects/vggt-human/outputs/train/smpl_hsi_refine_20q/checkpoint_epoch_0121.pt",
  "use_gt_box_prior": true,
  "depth": {
    "valid_pixels": 262144,
    "hsi_scene_scale": 7.850935935974121,
    "hsi_scene_depth_bias": -0.2859143614768982,
    "raw_depth_l1_mean_m": 180.74859619140625,
    "hsi_depth_l1_mean_m": 174.57151794433594,
    "raw_depth_l1_median_m": 4.33958625793457,
    "hsi_depth_l1_median_m": 0.16223430633544922,
    "raw_depth_rmse_m": 1290.4752197265625,
    "hsi_depth_rmse_m": 1285.08544921875,
    "hsi_depth_improvement_median_percent": 96.26152594527146
  },
  "smpl": {
    "base_joints_mpjpe_m": 0.08212796971201897,
    "hsi_joints_mpjpe_m": 0.09350993608434995,
    "base_vertices_pve_m": 0.09483149151007335,
    "hsi_vertices_pve_m": 0.10356747483213742,
    "base_transl_l2_m": 0.05402704266210397,
    "hsi_transl_l2_m": 0.07128663609425227,
    "base_projected_joints_l2_px": 9.48189083735148,
    "hsi_projected_joints_l2_px": 11.343225320180258,
    "num_gt": 3,
    "num_pred_conf": 3,
    "num_matched": 3,
    "conf_threshold": 0.1,
    "per_person": [
      {
        "pred_query": 0,
        "gt_index": 0,
        "base_joints_mpjpe_m": 0.04042947664856911,
        "hsi_joints_mpjpe_m": 0.05205212160944939,
        "base_vertices_pve_m": 0.04926717281341553,
        "hsi_vertices_pve_m": 0.054467443376779556,
        "base_transl_l2_m": 0.024665744975209236,
        "hsi_transl_l2_m": 0.047835204750299454,
        "base_projected_joints_l2_px": 4.673339366912842,
        "hsi_projected_joints_l2_px": 4.17596960067749
      },
      {
        "pred_query": 1,
        "gt_index": 1,
        "base_joints_mpjpe_m": 0.0760771781206131,
        "hsi_joints_mpjpe_m": 0.1023063063621521,
        "base_vertices_pve_m": 0.0862581729888916,
        "hsi_vertices_pve_m": 0.11024212092161179,
        "base_transl_l2_m": 0.026964496821165085,
        "hsi_transl_l2_m": 0.061128612607717514,
        "base_projected_joints_l2_px": 10.55868148803711,
        "hsi_projected_joints_l2_px": 16.77529525756836
      },
      {
        "pred_query": 2,
        "gt_index": 2,
        "base_joints_mpjpe_m": 0.1298772543668747,
        "hsi_joints_mpjpe_m": 0.12617138028144836,
        "base_vertices_pve_m": 0.1489691287279129,
        "hsi_vertices_pve_m": 0.14599286019802094,
        "base_transl_l2_m": 0.11045088618993759,
        "hsi_transl_l2_m": 0.10489609092473984,
        "base_projected_joints_l2_px": 13.213651657104492,
        "hsi_projected_joints_l2_px": 13.078411102294922
      }
    ]
  },
  "diagnosis": {
    "likely_source": "smpl_alignment_likely",
    "smpl_good_threshold_m": 0.08,
    "depth_bad_threshold_m": 0.3
  },
  "visualizations": {
    "depth_compare": "/home/zhw/lab_users/xyb/home/projects/vggt-human/outputs/vis/hsi_depth_smpl_diagnostics/seq_000000_0000_depth_gt_raw_hsi_compare.png",
    "gt_depth": "/home/zhw/lab_users/xyb/home/projects/vggt-human/outputs/vis/hsi_depth_smpl_diagnostics/seq_000000_0000_gt_depth.png",
    "raw_depth": "/home/zhw/lab_users/xyb/home/projects/vggt-human/outputs/vis/hsi_depth_smpl_diagnostics/seq_000000_0000_raw_depth.png",
    "hsi_depth": "/home/zhw/lab_users/xyb/home/projects/vggt-human/outputs/vis/hsi_depth_smpl_diagnostics/seq_000000_0000_hsi_depth.png",
    "raw_abs_error": "/home/zhw/lab_users/xyb/home/projects/vggt-human/outputs/vis/hsi_depth_smpl_diagnostics/seq_000000_0000_raw_abs_error.png",
    "hsi_abs_error": "/home/zhw/lab_users/xyb/home/projects/vggt-human/outputs/vis/hsi_depth_smpl_diagnostics/seq_000000_0000_hsi_abs_error.png"
  }
}