{
  "checkpoint": "/home/zhw/lab_users/xyb/home/projects/vggt-human/outputs/train/smpl_hsi_graft_probe_guarded_from0121/checkpoint_latest.pt",
  "num_samples": 32,
  "conf_threshold": 0.1,
  "use_gt_box_prior": true,
  "metrics": {
    "base_joints_mpjpe_m": 0.0650624296007057,
    "hsi_joints_mpjpe_m": 0.04892321848698581,
    "base_vertices_pve_m": 0.0718908342338788,
    "hsi_vertices_pve_m": 0.05681656514449666,
    "base_transl_l2_m": 0.05557031580732049,
    "hsi_transl_l2_m": 0.03868911724081651,
    "base_projected_joints_l2_px": 7.338715972999732,
    "hsi_projected_joints_l2_px": 5.4545901243885355,
    "hsi_worse_than_base_ratio_2cm": 0.0,
    "hsi_joint_error_delta_m": -0.01613921111371989,
    "raw_depth_l1_mean_m": 56.44323831796646,
    "hsi_depth_l1_mean_m": 50.365332269109786,
    "raw_depth_l1_median_m": 4.795928210020065,
    "hsi_depth_l1_median_m": 0.23909406177699566,
    "raw_depth_near_l1_mean_m": 6.49056629156505,
    "hsi_depth_near_l1_mean_m": 0.752825824009299,
    "raw_depth_near_l1_median_m": 4.7216998264193535,
    "hsi_depth_near_l1_median_m": 0.23446697369217873,
    "raw_depth_far_l1_mean_m": 3549.5140217113244,
    "hsi_depth_far_l1_mean_m": 3519.6491544493174,
    "raw_depth_far_l1_median_m": 1630.5343647003174,
    "hsi_depth_far_l1_median_m": 1603.8144632207936,
    "raw_depth_human_roi_l1_mean_m": 18.674324810770607,
    "hsi_depth_human_roi_l1_mean_m": 13.910193053129602,
    "raw_depth_human_roi_l1_median_m": 3.8846809193491936,
    "hsi_depth_human_roi_l1_median_m": 0.2003176584839821,
    "depth_valid_pixels": 262144.0,
    "depth_near_valid_pixels": 258448.0625,
    "depth_far_valid_pixels": 3695.9375,
    "depth_human_roi_valid_pixels": 171210.0625,
    "base_foot_abs_delta_m": 0.218485924350546,
    "hsi_foot_abs_delta_m": 0.23101156375351103,
    "base_foot_float_m": 0.0759711622454744,
    "hsi_foot_float_m": 0.09965735391535341,
    "base_foot_penetration_m": 0.11757765796015607,
    "hsi_foot_penetration_m": 0.10478026311141142,
    "foot_contact_valid_count": 1.8823529411764706,
    "num_gt": 3.0,
    "num_matched": 3.0
  },
  "improvement_percent_lower_is_better": {
    "joints_mpjpe_m": 24.805730761620428,
    "vertices_pve_m": 20.968276762990108,
    "transl_l2_m": 30.37808643203744,
    "projected_joints_l2_px": 25.673780747792748,
    "depth_l1_mean_m": 10.76817388580275,
    "depth_l1_median_m": 95.01464468801973,
    "depth_near_l1_median_m": 95.03426769359068,
    "depth_far_l1_median_m": 1.6387205359167454,
    "depth_human_roi_l1_median_m": 94.84339479502111
  },
  "hsi_scene_scale": {
    "count": 64,
    "mean": 7.688550338149071,
    "min": 6.58177375793457,
    "max": 9.625152587890625,
    "median": 7.470738172531128
  },
  "hsi_scene_depth_bias": {
    "count": 64,
    "mean": 0.1406628012409783,
    "min": -0.3828830420970917,
    "max": 0.49839797616004944,
    "median": 0.19436897337436676
  },
  "examples": [
    {
      "batch_idx": 0,
      "num_gt": 6,
      "num_pred_conf": 6,
      "hsi_scene_scale": [
        7.739107608795166,
        7.734108924865723
      ],
      "hsi_scene_depth_bias": [
        -0.21794532239437103,
        -0.17413458228111267
      ]
    },
    {
      "batch_idx": 1,
      "num_gt": 6,
      "num_pred_conf": 6,
      "hsi_scene_scale": [
        8.29739761352539,
        8.467483520507812
      ],
      "hsi_scene_depth_bias": [
        -0.1691702902317047,
        -0.23771502077579498
      ]
    },
    {
      "batch_idx": 2,
      "num_gt": 6,
      "num_pred_conf": 6,
      "hsi_scene_scale": [
        8.213659286499023,
        8.212282180786133
      ],
      "hsi_scene_depth_bias": [
        -0.32083094120025635,
        -0.34804677963256836
      ]
    },
    {
      "batch_idx": 3,
      "num_gt": 6,
      "num_pred_conf": 6,
      "hsi_scene_scale": [
        8.156712532043457,
        8.104129791259766
      ],
      "hsi_scene_depth_bias": [
        -0.3828830420970917,
        -0.36429697275161743
      ]
    },
    {
      "batch_idx": 4,
      "num_gt": 6,
      "num_pred_conf": 6,
      "hsi_scene_scale": [
        8.585549354553223,
        8.413307189941406
      ],
      "hsi_scene_depth_bias": [
        -0.24633683264255524,
        -0.12443710118532181
      ]
    },
    {
      "batch_idx": 5,
      "num_gt": 6,
      "num_pred_conf": 6,
      "hsi_scene_scale": [
        8.207390785217285,
        8.000213623046875
      ],
      "hsi_scene_depth_bias": [
        -0.02396891452372074,
        0.12539789080619812
      ]
    },
    {
      "batch_idx": 6,
      "num_gt": 6,
      "num_pred_conf": 6,
      "hsi_scene_scale": [
        7.369419097900391,
        7.384937763214111
      ],
      "hsi_scene_depth_bias": [
        0.1275763064622879,
        0.1837419867515564
      ]
    },
    {
      "batch_idx": 7,
      "num_gt": 6,
      "num_pred_conf": 6,
      "hsi_scene_scale": [
        7.028814792633057,
        7.138009071350098
      ],
      "hsi_scene_depth_bias": [
        0.24492806196212769,
        0.20326775312423706
      ]
    }
  ]
}