{
  "image": "/home/zhw/xyb_space/bedlam/processed_bedlam/Training/20221013_3_250_batch01hand_orbit_bigOffice_seq_000000/rgb/seq_000000_0000.png",
  "checkpoint": "/home/zhw/lab_users/xyb/home/projects/vggt-human/outputs/train/smpl_hsi_graft_probe_guarded_from0121/checkpoint_latest.pt",
  "use_gt_box_prior": true,
  "depth": {
    "hsi_scene_scale": 7.850935935974121,
    "hsi_scene_depth_bias": -0.2859143614768982,
    "valid_pixels": 262144,
    "raw_depth_l1_mean_m": 180.74859619140625,
    "hsi_depth_l1_mean_m": 174.57151794433594,
    "raw_depth_l1_median_m": 4.33958625793457,
    "hsi_depth_l1_median_m": 0.16223430633544922,
    "raw_depth_rmse_m": 1290.4752197265625,
    "hsi_depth_rmse_m": 1285.08544921875,
    "hsi_depth_improvement_median_percent": 96.26152594527146,
    "regions": {
      "full": {
        "valid_pixels": 262144,
        "raw_depth_l1_mean_m": 180.74859619140625,
        "hsi_depth_l1_mean_m": 174.57151794433594,
        "raw_depth_l1_median_m": 4.33958625793457,
        "hsi_depth_l1_median_m": 0.16223430633544922,
        "raw_depth_rmse_m": 1290.4752197265625,
        "hsi_depth_rmse_m": 1285.08544921875,
        "hsi_depth_improvement_median_percent": 96.26152594527146
      },
      "near_lt_30m": {
        "valid_pixels": 255490,
        "raw_depth_l1_mean_m": 6.025036334991455,
        "hsi_depth_l1_mean_m": 0.6706196665763855,
        "raw_depth_l1_median_m": 4.25998592376709,
        "hsi_depth_l1_median_m": 0.15877199172973633,
        "raw_depth_rmse_m": 7.424618721008301,
        "hsi_depth_rmse_m": 1.7868555784225464,
        "hsi_depth_improvement_median_percent": 96.2729456253852
      },
      "far_ge_30m": {
        "valid_pixels": 6654,
        "raw_depth_l1_mean_m": 6889.5126953125,
        "hsi_depth_l1_mean_m": 6851.74951171875,
        "raw_depth_l1_median_m": 6640.798828125,
        "hsi_depth_l1_median_m": 6607.6591796875,
        "raw_depth_rmse_m": 8099.74267578125,
        "hsi_depth_rmse_m": 8066.0361328125,
        "hsi_depth_improvement_median_percent": 0.49903105477533083
      },
      "human_roi": {
        "valid_pixels": 180002,
        "raw_depth_l1_mean_m": 89.79444885253906,
        "hsi_depth_l1_mean_m": 84.98392486572266,
        "raw_depth_l1_median_m": 3.6850745677948,
        "hsi_depth_l1_median_m": 0.11540889739990234,
        "raw_depth_rmse_m": 939.55615234375,
        "hsi_depth_rmse_m": 935.8933715820312,
        "hsi_depth_improvement_median_percent": 96.86820727025437
      }
    }
  },
  "smpl": {
    "base_joints_mpjpe_m": 0.08212796971201897,
    "hsi_joints_mpjpe_m": 0.07765219360589981,
    "base_vertices_pve_m": 0.09483149151007335,
    "hsi_vertices_pve_m": 0.0896810491879781,
    "base_transl_l2_m": 0.05402704266210397,
    "hsi_transl_l2_m": 0.05228325662513574,
    "base_projected_joints_l2_px": 9.48189083735148,
    "hsi_projected_joints_l2_px": 9.937817732493082,
    "base_foot_abs_delta_m": 0.13345861434936523,
    "hsi_foot_abs_delta_m": 0.15127801895141602,
    "base_foot_float_m": 0.0934586152434349,
    "hsi_foot_float_m": 0.11127801984548569,
    "base_foot_penetration_m": 0.0,
    "hsi_foot_penetration_m": 0.0,
    "foot_contact_valid_count": 0.3333333333333333,
    "num_gt": 3,
    "num_pred_conf": 3,
    "num_matched": 3,
    "conf_threshold": 0.1,
    "per_person": [
      {
        "pred_query": 0,
        "gt_index": 0,
        "base_joints_mpjpe_m": 0.04042947664856911,
        "hsi_joints_mpjpe_m": 0.032781340181827545,
        "base_vertices_pve_m": 0.04926717281341553,
        "hsi_vertices_pve_m": 0.03908085078001022,
        "base_transl_l2_m": 0.024665744975209236,
        "hsi_transl_l2_m": 0.020795850083231926,
        "base_projected_joints_l2_px": 4.673339366912842,
        "hsi_projected_joints_l2_px": 3.097656726837158,
        "base_foot_abs_delta_m": null,
        "hsi_foot_abs_delta_m": null,
        "base_foot_float_m": null,
        "hsi_foot_float_m": null,
        "base_foot_penetration_m": null,
        "hsi_foot_penetration_m": null,
        "foot_contact_valid_count": 0.0
      },
      {
        "pred_query": 1,
        "gt_index": 1,
        "base_joints_mpjpe_m": 0.0760771781206131,
        "hsi_joints_mpjpe_m": 0.08652211725711823,
        "base_vertices_pve_m": 0.0862581729888916,
        "hsi_vertices_pve_m": 0.09705439954996109,
        "base_transl_l2_m": 0.026964496821165085,
        "hsi_transl_l2_m": 0.04445747286081314,
        "base_projected_joints_l2_px": 10.55868148803711,
        "hsi_projected_joints_l2_px": 14.052261352539062,
        "base_foot_abs_delta_m": 0.13345861434936523,
        "hsi_foot_abs_delta_m": 0.15127801895141602,
        "base_foot_float_m": 0.0934586152434349,
        "hsi_foot_float_m": 0.11127801984548569,
        "base_foot_penetration_m": 0.0,
        "hsi_foot_penetration_m": 0.0,
        "foot_contact_valid_count": 1.0
      },
      {
        "pred_query": 2,
        "gt_index": 2,
        "base_joints_mpjpe_m": 0.1298772543668747,
        "hsi_joints_mpjpe_m": 0.11365312337875366,
        "base_vertices_pve_m": 0.1489691287279129,
        "hsi_vertices_pve_m": 0.132907897233963,
        "base_transl_l2_m": 0.11045088618993759,
        "hsi_transl_l2_m": 0.09159644693136215,
        "base_projected_joints_l2_px": 13.213651657104492,
        "hsi_projected_joints_l2_px": 12.663535118103027,
        "base_foot_abs_delta_m": null,
        "hsi_foot_abs_delta_m": null,
        "base_foot_float_m": null,
        "hsi_foot_float_m": null,
        "base_foot_penetration_m": null,
        "hsi_foot_penetration_m": null,
        "foot_contact_valid_count": 0.0
      }
    ]
  },
  "diagnosis": {
    "likely_source": "both_close_check_visualization_projection_or_export",
    "smpl_good_threshold_m": 0.08,
    "depth_bad_threshold_m": 0.3
  },
  "visualizations": {
    "depth_compare": "/home/zhw/lab_users/xyb/home/projects/vggt-human/outputs/vis/hsi_graft_probe_guarded_depth_smpl_diagnostics/seq_000000_0000_depth_gt_raw_hsi_compare.png",
    "gt_depth": "/home/zhw/lab_users/xyb/home/projects/vggt-human/outputs/vis/hsi_graft_probe_guarded_depth_smpl_diagnostics/seq_000000_0000_gt_depth.png",
    "raw_depth": "/home/zhw/lab_users/xyb/home/projects/vggt-human/outputs/vis/hsi_graft_probe_guarded_depth_smpl_diagnostics/seq_000000_0000_raw_depth.png",
    "hsi_depth": "/home/zhw/lab_users/xyb/home/projects/vggt-human/outputs/vis/hsi_graft_probe_guarded_depth_smpl_diagnostics/seq_000000_0000_hsi_depth.png",
    "raw_abs_error": "/home/zhw/lab_users/xyb/home/projects/vggt-human/outputs/vis/hsi_graft_probe_guarded_depth_smpl_diagnostics/seq_000000_0000_raw_abs_error.png",
    "hsi_abs_error": "/home/zhw/lab_users/xyb/home/projects/vggt-human/outputs/vis/hsi_graft_probe_guarded_depth_smpl_diagnostics/seq_000000_0000_hsi_abs_error.png"
  }
}