{
  "image": "/home/zhw/xyb_space/bedlam/processed_bedlam/Training/20221013_3_250_batch01hand_orbit_bigOffice_seq_000000/rgb/seq_000000_0000.png",
  "checkpoint": "outputs/train/smpl_conf_quality_aux_20q/checkpoint_latest.pt",
  "predictions": [
    {
      "rank": 0,
      "query_index": 7,
      "confidence": 0.16133536398410797,
      "bbox_cxcywh_norm": [
        0.07677857577800751,
        0.5567072033882141,
        0.14651718735694885,
        0.7849606871604919
      ],
      "bbox_xyxy_pixels": [
        4.505577087402344,
        118.24333906173706,
        192.04757690429688,
        683.4150338172913
      ],
      "pred_transl_cam": [
        -1.3519130945205688,
        0.11567958444356918,
        2.6843438148498535
      ],
      "projected_joints_2d": [
        [
          -119.888916015625,
          319.6741943359375
        ],
        [
          -86.84242248535156,
          348.6817932128906
        ],
        [
          -150.72438049316406,
          351.3002014160156
        ],
        [
          -135.34718322753906,
          283.21295166015625
        ],
        [
          -42.1845588684082,
          472.7388610839844
        ],
        [
          -184.8688507080078,
          489.70916748046875
        ],
        [
          -139.6935272216797,
          232.8883056640625
        ],
        [
          -47.6495361328125,
          601.9896240234375
        ],
        [
          -208.65867614746094,
          631.4735107421875
        ],
        [
          -138.9848175048828,
          212.37857055664062
        ],
        [
          18.843130111694336,
          620.0972900390625
        ],
        [
          -216.284912109375,
          662.3881225585938
        ],
        [
          -179.0489959716797,
          141.72262573242188
        ],
        [
          -125.71307373046875,
          176.10824584960938
        ],
        [
          -208.57473754882812,
          173.86842346191406
        ],
        [
          -163.9287109375,
          111.88699340820312
        ],
        [
          -77.98013305664062,
          183.46363830566406
        ],
        [
          -254.42808532714844,
          175.94601440429688
        ],
        [
          17.947633743286133,
          254.26953125
        ],
        [
          -237.14715576171875,
          248.98898315429688
        ],
        [
          137.34718322753906,
          283.3367919921875
        ],
        [
          -133.5633544921875,
          278.8992614746094
        ],
        [
          181.52757263183594,
          295.05303955078125
        ],
        [
          -114.90196228027344,
          292.4051818847656
        ],
        [
          -145.4009552001953,
          77.3356704711914
        ],
        [
          -184.5074920654297,
          70.68573760986328
        ],
        [
          -148.10357666015625,
          71.5780029296875
        ],
        [
          -228.43673706054688,
          92.40532684326172
        ],
        [
          -149.85272216796875,
          93.90521240234375
        ],
        [
          44.57717514038086,
          620.8670043945312
        ],
        [
          43.75362014770508,
          615.4462890625
        ],
        [
          -68.73408508300781,
          611.3192138671875
        ],
        [
          -182.4778289794922,
          670.5289306640625
        ],
        [
          -239.44956970214844,
          672.2113647460938
        ],
        [
          -216.7587890625,
          642.2350463867188
        ],
        [
          177.9820556640625,
          306.33795166015625
        ],
        [
          225.08279418945312,
          309.0439147949219
        ],
        [
          234.57369995117188,
          306.7966613769531
        ],
        [
          228.99876403808594,
          303.3763427734375
        ],
        [
          213.90574645996094,
          299.8338317871094
        ],
        [
          -43.889732360839844,
          300.6767883300781
        ],
        [
          -64.55017852783203,
          306.5276794433594
        ],
        [
          -83.11715698242188,
          305.8897705078125
        ],
        [
          -107.35272216796875,
          303.85693359375
        ],
        [
          -137.90147399902344,
          302.01007080078125
        ]
      ],
      "projected_joints_mask": [
        false,
        false,
        false,
        false,
        false,
        false,
        false,
        false,
        false,
        false,
        true,
        false,
        false,
        false,
        false,
        false,
        false,
        false,
        true,
        false,
        true,
        false,
        true,
        false,
        false,
        false,
        false,
        false,
        false,
        true,
        true,
        false,
        false,
        false,
        false,
        true,
        true,
        true,
        true,
        true,
        false,
        false,
        false,
        false,
        false
      ],
      "vggt_intrinsics_input": [
        [
          613.0767822265625,
          0.0,
          259.0
        ],
        [
          0.0,
          639.9910278320312,
          259.0
        ],
        [
          0.0,
          0.0,
          1.0
        ]
      ],
      "vggt_input_size": 518,
      "vggt_camera_from_world": [
        [
          0.9999989867210388,
          -0.0005706847878172994,
          0.0012869047932326794,
          -2.041645348072052e-05
        ],
        [
          0.0005702485796064138,
          0.9999997615814209,
          0.00033926276955753565,
          -2.973899245262146e-05
        ],
        [
          -0.001287098042666912,
          -0.00033852856722660363,
          0.9999991059303284,
          6.714649498462677e-05
        ]
      ]
    }
  ]
}