{
  "checkpoint": "/home/zhw/lab_users/xyb/home/projects/vggt-human/outputs/train/smpl_hsi_temporal_scene_then_momentum/stage2_human_momentum_no_worse/checkpoint_latest.pt",
  "num_sequences": 64,
  "conf_threshold": 0.1,
  "use_gt_box_prior": true,
  "metrics": {
    "num_gt_per_frame": 2.9921875,
    "num_matched_per_frame": 2.9921875,
    "track_valid_per_frame": 2.9921875,
    "track_explicit_per_frame": 0.0,
    "track_person_index_per_frame": 2.9921875,
    "track_slot_per_frame": 0.0,
    "track_quality_mean": 0.9085331885995193,
    "temporal_pair_count": 32.90625,
    "temporal_triple_count": 29.90625,
    "temporal_quad_count": 26.90625,
    "temporal_pair_explicit_count": 0.0,
    "temporal_pair_person_index_count": 32.90625,
    "temporal_pair_slot_count": 0.0,
    "query_switch_rate": 0.0,
    "base_transl_velocity_l1_m": 0.03211132638663976,
    "hsi_transl_velocity_l1_m": 0.025586775324841587,
    "base_joints_velocity_l1_m": 0.03756247048181325,
    "hsi_joints_velocity_l1_m": 0.03225024429292322,
    "base_joints_acceleration_l1_m": 0.05231582827534227,
    "hsi_joints_acceleration_l1_m": 0.04623113769031633,
    "base_joints_jerk_l1_m": 0.09179425607278563,
    "hsi_joints_jerk_l1_m": 0.08058039277021824,
    "hsi_transl_velocity_worse_margin_ratio": 0.1372269705603039,
    "hsi_joints_velocity_worse_margin_ratio": 0.10161443494776828,
    "hsi_joints_acceleration_worse_margin_ratio": 0.13061650992685475,
    "hsi_temporal_no_worse_margin_ratio": 0.12291870714985309,
    "hsi_temporal_no_worse_excess_m": 0.0007649563542766958,
    "hsi_scene_log_scale_abs_delta": 0.0,
    "hsi_scene_log_scale_seq_abs": 0.0,
    "hsi_scene_scale_range": 0.0,
    "hsi_scene_scale_saturation_rate": 0.0,
    "hsi_scene_bias_abs_delta_m": 0.0,
    "hsi_scene_bias_seq_abs_m": 0.0,
    "hsi_scene_bias_range_m": 0.0
  },
  "improvement_percent_lower_is_better": {
    "transl_velocity_l1_m": 20.318534909578748,
    "joints_velocity_l1_m": 14.142377007556172,
    "joints_acceleration_l1_m": 11.630687663018048,
    "joints_jerk_l1_m": 12.216301740792671
  },
  "sequence_robust_scale": {
    "count": 64,
    "mean": 8.044664300978184,
    "min": 6.8789496421813965,
    "max": 10.378828048706055,
    "median": 7.50949501991272
  },
  "sequence_robust_bias": {
    "count": 64,
    "mean": -0.07945591671159491,
    "min": -0.5488126873970032,
    "max": 0.2703343331813812,
    "median": -0.02679487317800522
  },
  "examples": [
    {
      "batch_idx": 0,
      "num_frames": 12,
      "frame_match_counts": [
        3,
        3,
        3,
        3,
        3,
        3,
        3,
        3,
        3,
        3,
        3,
        3
      ],
      "temporal_pairs": 33,
      "temporal_triples": 30,
      "temporal_quads": 27,
      "query_switches": 0,
      "scene": {
        "sequence_scale": [
          7.434020519256592
        ],
        "mean_log_scale_delta": 0.0,
        "sequence_bias": [
          -0.19833815097808838
        ],
        "mean_bias_delta_m": 0.0
      }
    },
    {
      "batch_idx": 1,
      "num_frames": 12,
      "frame_match_counts": [
        3,
        3,
        3,
        3,
        3,
        3,
        3,
        3,
        3,
        3,
        3,
        3
      ],
      "temporal_pairs": 33,
      "temporal_triples": 30,
      "temporal_quads": 27,
      "query_switches": 0,
      "scene": {
        "sequence_scale": [
          7.402898788452148
        ],
        "mean_log_scale_delta": 0.0,
        "sequence_bias": [
          -0.09581258147954941
        ],
        "mean_bias_delta_m": 0.0
      }
    },
    {
      "batch_idx": 2,
      "num_frames": 12,
      "frame_match_counts": [
        3,
        3,
        3,
        3,
        3,
        3,
        3,
        3,
        3,
        3,
        3,
        3
      ],
      "temporal_pairs": 33,
      "temporal_triples": 30,
      "temporal_quads": 27,
      "query_switches": 0,
      "scene": {
        "sequence_scale": [
          7.305336952209473
        ],
        "mean_log_scale_delta": 0.0,
        "sequence_bias": [
          -0.08363330364227295
        ],
        "mean_bias_delta_m": 0.0
      }
    },
    {
      "batch_idx": 3,
      "num_frames": 12,
      "frame_match_counts": [
        3,
        3,
        3,
        3,
        3,
        3,
        3,
        3,
        3,
        3,
        3,
        3
      ],
      "temporal_pairs": 33,
      "temporal_triples": 30,
      "temporal_quads": 27,
      "query_switches": 0,
      "scene": {
        "sequence_scale": [
          7.29389762878418
        ],
        "mean_log_scale_delta": 0.0,
        "sequence_bias": [
          -0.026176096871495247
        ],
        "mean_bias_delta_m": 0.0
      }
    },
    {
      "batch_idx": 4,
      "num_frames": 12,
      "frame_match_counts": [
        3,
        3,
        3,
        3,
        3,
        3,
        3,
        3,
        3,
        3,
        3,
        3
      ],
      "temporal_pairs": 33,
      "temporal_triples": 30,
      "temporal_quads": 27,
      "query_switches": 0,
      "scene": {
        "sequence_scale": [
          7.26079797744751
        ],
        "mean_log_scale_delta": 0.0,
        "sequence_bias": [
          0.03269097954034805
        ],
        "mean_bias_delta_m": 0.0
      }
    },
    {
      "batch_idx": 5,
      "num_frames": 12,
      "frame_match_counts": [
        3,
        3,
        3,
        3,
        3,
        3,
        3,
        3,
        3,
        3,
        3,
        3
      ],
      "temporal_pairs": 33,
      "temporal_triples": 30,
      "temporal_quads": 27,
      "query_switches": 0,
      "scene": {
        "sequence_scale": [
          7.078456878662109
        ],
        "mean_log_scale_delta": 0.0,
        "sequence_bias": [
          0.06839275360107422
        ],
        "mean_bias_delta_m": 0.0
      }
    },
    {
      "batch_idx": 6,
      "num_frames": 12,
      "frame_match_counts": [
        3,
        3,
        3,
        3,
        3,
        3,
        3,
        3,
        3,
        3,
        3,
        3
      ],
      "temporal_pairs": 33,
      "temporal_triples": 30,
      "temporal_quads": 27,
      "query_switches": 0,
      "scene": {
        "sequence_scale": [
          6.922580242156982
        ],
        "mean_log_scale_delta": 0.0,
        "sequence_bias": [
          0.080552838742733
        ],
        "mean_bias_delta_m": 0.0
      }
    },
    {
      "batch_idx": 7,
      "num_frames": 12,
      "frame_match_counts": [
        3,
        3,
        3,
        3,
        3,
        3,
        3,
        3,
        3,
        3,
        3,
        3
      ],
      "temporal_pairs": 33,
      "temporal_triples": 30,
      "temporal_quads": 27,
      "query_switches": 0,
      "scene": {
        "sequence_scale": [
          6.8789496421813965
        ],
        "mean_log_scale_delta": 0.0,
        "sequence_bias": [
          0.08920460194349289
        ],
        "mean_bias_delta_m": 0.0
      }
    }
  ]
}