{
  "image": "/home/zhw/xyb_space/bedlam/processed_bedlam/Training/20221013_3_250_batch01hand_orbit_bigOffice_seq_000124/rgb/seq_000124_0020.png",
  "checkpoint": "/home/zhw/lab_users/xyb/home/projects/vggt-human/outputs/train/smpl_scene_align_20q/checkpoint_latest.pt",
  "use_gt_box_prior": true,
  "gt_box_prior_center_noise": 0.0,
  "gt_box_prior_size_noise": 0.0,
  "gt_box_prior_drop_prob": 0.0,
  "ply_outputs": {
    "coordinate_frame": "camera",
    "camera_from_world": [
      [
        0.999997615814209,
        0.0014523955760523677,
        -0.001637740875594318,
        -0.00046047940850257874
      ],
      [
        -0.0014410492731258273,
        0.9999750852584839,
        0.006908056791871786,
        9.002350270748138e-05
      ],
      [
        0.001647733268328011,
        -0.006905680056661367,
        0.99997478723526,
        -0.0014043711125850677
      ]
    ],
    "environment_points_ply": "/home/zhw/lab_users/xyb/home/projects/vggt-human/outputs/vis/smpl_scene_align_20q_env_smpl_ply/seq_000124_0020_environment_points_camera.ply",
    "num_environment_points": 262144,
    "smpl_meshes_ply": "/home/zhw/lab_users/xyb/home/projects/vggt-human/outputs/vis/smpl_scene_align_20q_env_smpl_ply/seq_000124_0020_smpl_meshes_camera.ply",
    "num_smpl_vertices": 20670,
    "num_smpl_faces": 41328
  },
  "predictions": [
    {
      "rank": 0,
      "query_index": 1,
      "confidence": 0.9995062351226807,
      "bbox_cxcywh_norm": [
        0.596744179725647,
        0.4498952329158783,
        0.12779344618320465,
        0.36639347672462463
      ],
      "bbox_xyxy_pixels": [
        682.0447444915771,
        192.0229160785675,
        845.6203556060791,
        455.82621932029724
      ],
      "pred_transl_cam": [
        0.42109039425849915,
        0.33008337020874023,
        -0.49837613105773926
      ],
      "projected_joints_2d": [
        [
          175968720.0,
          31881588.0
        ],
        [
          163774560.0,
          53045536.0
        ],
        [
          200529280.0,
          59470324.0
        ],
        [
          178562896.0,
          1041079.5
        ],
        [
          93926864.0,
          158076432.0
        ],
        [
          159172400.0,
          170579312.0
        ],
        [
          139366576.0,
          -14090137.0
        ],
        [
          168696080.0,
          242961440.0
        ],
        [
          218465744.0,
          254645728.0
        ],
        [
          120181344.0,
          -9524299.0
        ],
        [
          130124144.0,
          270879744.0
        ],
        [
          200114480.0,
          284348544.0
        ],
        [
          50041444.0,
          -20729856.0
        ],
        [
          62352544.0,
          -22372054.0
        ],
        [
          101702648.0,
          -17570854.0
        ],
        [
          24355280.0,
          -1577615.875
        ],
        [
          43365580.0,
          -21012480.0
        ],
        [
          125920000.0,
          -6899866.0
        ],
        [
          92092544.0,
          1397479.5
        ],
        [
          215071136.0,
          35447156.0
        ],
        [
          92222504.0,
          71361896.0
        ],
        [
          225759328.0,
          110104600.0
        ],
        [
          89577040.0,
          91966232.0
        ],
        [
          233959456.0,
          133063616.0
        ],
        [
          5221376.0,
          28312590.0
        ],
        [
          1834505.875,
          20565128.0
        ],
        [
          -14850472.0,
          17502574.0
        ],
        [
          19974076.0,
          -4593255.5
        ],
        [
          -15098279.0,
          -10747747.0
        ],
        [
          117869936.0,
          277761600.0
        ],
        [
          111760480.0,
          271573024.0
        ],
        [
          185566880.0,
          244468688.0
        ],
        [
          170738080.0,
          291537600.0
        ],
        [
          206567216.0,
          292582720.0
        ],
        [
          235558320.0,
          259180224.0
        ],
        [
          111995624.0,
          107968264.0
        ],
        [
          91566344.0,
          121489064.0
        ],
        [
          83182672.0,
          120910336.0
        ],
        [
          79602744.0,
          113365592.0
        ],
        [
          79666792.0,
          101131600.0
        ],
        [
          214440592.0,
          141741760.0
        ],
        [
          229324512.0,
          161043808.0
        ],
        [
          237257200.0,
          162123232.0
        ],
        [
          244433008.0,
          156317328.0
        ],
        [
          252593360.0,
          145046976.0
        ]
      ],
      "projected_joints_mask": [
        false,
        false,
        false,
        false,
        false,
        false,
        false,
        false,
        false,
        false,
        false,
        false,
        false,
        false,
        false,
        false,
        false,
        false,
        false,
        false,
        false,
        false,
        false,
        false,
        false,
        false,
        false,
        false,
        false,
        false,
        false,
        false,
        false,
        false,
        false,
        false,
        false,
        false,
        false,
        false,
        false,
        false,
        false,
        false,
        false
      ],
      "vggt_intrinsics_input": [
        [
          170.01785278320312,
          0.0,
          259.0
        ],
        [
          0.0,
          209.2285919189453,
          259.0
        ],
        [
          0.0,
          0.0,
          1.0
        ]
      ],
      "vggt_input_size": 518,
      "vggt_camera_from_world": [
        [
          0.999997615814209,
          0.0014523955760523677,
          -0.001637740875594318,
          -0.00046047940850257874
        ],
        [
          -0.0014410492731258273,
          0.9999750852584839,
          0.006908056791871786,
          9.002350270748138e-05
        ],
        [
          0.001647733268328011,
          -0.006905680056661367,
          0.99997478723526,
          -0.0014043711125850677
        ]
      ],
      "smpl_mesh_vertex_count": 6890,
      "smpl_mesh_face_count": 13776
    },
    {
      "rank": 1,
      "query_index": 0,
      "confidence": 0.9994840621948242,
      "bbox_cxcywh_norm": [
        0.2590871751308441,
        0.5704832077026367,
        0.3223894238471985,
        0.8562440276145935
      ],
      "bbox_xyxy_pixels": [
        125.30235290527344,
        102.50005960464478,
        537.9608154296875,
        718.9957594871521
      ],
      "pred_transl_cam": [
        0.26578056812286377,
        0.45442500710487366,
        -0.6154918670654297
      ],