{
  "num_points": 24,
  "source": "SAM2 person mask resized to depth grid + HSI/VGGT depth sampling",
  "points_xyz": [
    [
      -0.4019552767276764,
      0.03337450698018074,
      5.220917701721191
    ],
    [
      -0.2700367569923401,
      0.7221315503120422,
      5.223868370056152
    ],
    [
      -0.3529371917247772,
      -0.6084412336349487,
      5.4389190673828125
    ],
    [
      -0.5281975865364075,
      0.4096143841743469,
      5.39601993560791
    ],
    [
      -0.5169734954833984,
      -0.2969777584075928,
      5.46558952331543
    ],
    [
      -0.5292883515357971,
      0.6238035559654236,
      5.347083568572998
    ],
    [
      -0.335542768239975,
      0.23537108302116394,
      5.260015964508057
    ],
    [
      -0.30953237414360046,
      -0.1485058218240738,
      5.310035228729248
    ],
    [
      -0.33168697357177734,
      -0.4217078387737274,
      5.385271072387695
    ],
    [
      -0.3656403720378876,
      0.5102043151855469,
      5.276922702789307
    ],
    [
      -0.5428750514984131,
      -0.5304099917411804,
      5.673457622528076
    ],
    [
      -0.5101261138916016,
      -0.10028401017189026,
      5.45664644241333
    ],
    [
      -0.17760543525218964,
      -0.04301106184720993,
      5.382724761962891
    ],
    [
      -0.5111120343208313,
      0.1640765219926834,
      5.40362024307251
    ],
    [
      -0.35331422090530396,
      0.3618886172771454,
      5.266213417053223
    ],
    [
      -0.3302561342716217,
      -0.26940223574638367,
      5.267968654632568
    ],
    [
      -0.5068970918655396,
      0.2902825176715851,
      5.422106742858887
    ],
    [
      -0.3593481481075287,
      0.6274154186248779,
      5.269760608673096
    ],
    [
      -0.3242170214653015,
      0.12618689239025116,
      5.263988971710205
    ],
    [
      -0.5306353569030762,
      0.5140201449394226,
      5.360692024230957
    ],
    [
      -0.41928884387016296,
      0.7277034521102905,
      5.294780731201172
    ],
    [
      -0.503879964351654,
      -0.42098841071128845,
      5.72669792175293
    ],
    [
      -0.4281802773475647,
      -0.1907956451177597,
      5.190779685974121
    ],
    [
      -0.32155683636665344,
      -0.04672323912382126,
      5.31572151184082
    ]
  ],
  "uv_depth": [
    [
      186.0,
      264.0
    ],
    [
      209.0,
      429.0
    ],
    [
      197.0,
      116.0
    ],
    [
      167.0,
      351.0
    ],
    [
      170.0,
      188.0
    ],
    [
      166.0,
      402.0
    ],
    [
      198.0,
      312.0
    ],
    [
      203.0,
      221.0
    ],
    [
      200.0,
      158.0
    ],
    [
      193.0,
      377.0
    ],
    [
      169.0,
      139.0
    ],
    [
      171.0,
      233.0
    ],
    [
      226.0,
      246.0
    ],
    [
      170.0,
      294.0
    ],
    [
      195.0,
      342.0
    ],
    [
      199.0,
      192.0
    ],
    [
      171.0,
      323.0
    ],
    [
      194.0,
      405.0
    ],
    [
      200.0,
      286.0
    ],
    [
      166.0,
      376.0
    ],
    [
      184.0,
      428.0
    ],
    [
      176.0,
      164.0
    ],
    [
      181.0,
      210.0
    ],
    [
      201.0,
      245.0
    ]
  ],
  "uv_input": [
    [
      188.1796875,
      267.09375
    ],
    [
      211.44921875,
      434.02734375
    ],
    [
      199.30859375,
      117.359375
    ],
    [
      168.95703125,
      355.11328125
    ],
    [
      171.9921875,
      190.203125
    ],
    [
      167.9453125,
      406.7109375
    ],
    [
      200.3203125,
      315.65625
    ],
    [
      205.37890625,
      223.58984375
    ],
    [
      202.34375,
      159.8515625
    ],
    [
      195.26171875,
      381.41796875
    ],
    [
      170.98046875,
      140.62890625
    ],
    [
      173.00390625,
      235.73046875
    ],
    [
      228.6484375,
      248.8828125
    ],
    [
      171.9921875,
      297.4453125
    ],
    [
      197.28515625,
      346.0078125
    ],
    [
      201.33203125,
      194.25
    ],
    [
      173.00390625,
      326.78515625
    ],
    [
      196.2734375,
      409.74609375
    ],
    [
      202.34375,
      289.3515625
    ],
    [
      167.9453125,
      380.40625
    ],
    [
      186.15625,
      433.015625
    ],
    [
      178.0625,
      165.921875
    ],
    [
      183.12109375,
      212.4609375
    ],
    [
      203.35546875,
      247.87109375
    ]
  ],
  "depth_values": [
    5.220917701721191,
    5.223868370056152,
    5.4389190673828125,
    5.39601993560791,
    5.46558952331543,
    5.347083568572998,
    5.260015964508057,
    5.310035228729248,
    5.385271072387695,
    5.276922702789307,
    5.673457622528076,
    5.45664644241333,
    5.382724761962891,
    5.40362024307251,
    5.266213417053223,
    5.267968654632568,
    5.422106742858887,
    5.269760608673096,
    5.263988971710205,
    5.360692024230957,
    5.294780731201172,
    5.72669792175293,
    5.190779685974121,
    5.31572151184082
  ]
}