{
  "num_points": 24,
  "source": "SAM2 person mask resized to depth grid + HSI/VGGT depth sampling",
  "points_xyz": [
    [
      0.00540537852793932,
      0.003927093930542469,
      4.9146575927734375
    ],
    [
      0.1277315318584442,
      0.7307921648025513,
      4.838982582092285
    ],
    [
      0.02773316577076912,
      -0.7052006125450134,
      5.043088912963867
    ],
    [
      -0.148341104388237,
      0.4145084023475647,
      5.187466621398926
    ],
    [
      -0.19006973505020142,
      -0.3919937312602997,
      5.574660301208496
    ],
    [
      0.2828179597854614,
      -0.2525590658187866,
      5.3571391105651855
    ],
    [
      0.1259138137102127,
      0.23863932490348816,
      4.9775166511535645
    ],
    [
      0.1290351003408432,
      -0.45310598611831665,
      4.88836669921875
    ],
    [
      -0.15347537398338318,
      0.6566247344017029,
      5.1682329177856445
    ],
    [
      0.07551740109920502,
      0.509456992149353,
      4.904403209686279
    ],
    [
      -0.005430410150438547,
      -0.19331872463226318,
      4.937417030334473
    ],
    [
      -0.12619218230247498,
      0.17919397354125977,
      5.215271949768066
    ],
    [
      -0.09462130814790726,
      -0.5682829022407532,
      5.735415458679199
    ],
    [
      0.09674884378910065,
      -0.31239813566207886,
      4.886978626251221
    ],
    [
      0.054156504571437836,
      0.369848370552063,
      4.923997402191162
    ],
    [
      0.1360749751329422,
      -0.09886065125465393,
      4.9488630294799805
    ],
    [
      0.1471884548664093,
      0.09901367872953415,
      4.956523418426514
    ],
    [
      0.03197988122701645,
      0.6273151636123657,
      4.846104145050049
    ],
    [
      -0.11430183798074722,
      -0.09549843519926071,
      5.196254253387451
    ],
    [
      -0.19977760314941406,
      -0.2539978623390198,
      5.6762824058532715
    ],
    [
      0.05483008548617363,
      -0.5736231207847595,
      4.985240459442139
    ],
    [
      -0.09352004528045654,
      0.5195703506469727,
      5.001761436462402
    ],
    [
      -0.06592760235071182,
      0.2873847484588623,
      4.995203495025635
    ],
    [
      -0.021653885021805763,
      -0.3854314088821411,
      4.92201566696167
    ]
  ],
  "uv_depth": [
    [
      257.0,
      257.0
    ],
    [
      280.0,
      445.0
    ],
    [
      261.0,
      81.0
    ],
    [
      230.0,
      356.0
    ],
    [
      225.0,
      168.0
    ],
    [
      304.0,
      197.0
    ],
    [
      279.0,
      316.0
    ],
    [
      280.0,
      140.0
    ],
    [
      229.0,
      415.0
    ],
    [
      270.0,
      386.0
    ],
    [
      255.0,
      207.0
    ],
    [
      234.0,
      299.0
    ],
    [
      241.0,
      132.0
    ],
    [
      274.0,
      176.0
    ],
    [
      266.0,
      350.0
    ],
    [
      281.0,
      231.0
    ],
    [
      283.0,
      281.0
    ],
    [
      262.0,
      418.0
    ],
    [
      236.0,
      233.0
    ],
    [
      224.0,
      200.0
    ],
    [
      266.0,
      112.0
    ],
    [
      239.0,
      386.0
    ],
    [
      244.0,
      328.0
    ],
    [
      252.0,
      158.0
    ]
  ],
  "uv_input": [
    [
      260.01171875,
      260.01171875
    ],
    [
      283.28125,
      450.21484375
    ],
    [
      264.05859375,
      81.94921875
    ],
    [
      232.6953125,
      360.171875
    ],
    [
      227.63671875,
      169.96875
    ],
    [
      307.5625,
      199.30859375
    ],
    [
      282.26953125,
      319.703125
    ],
    [
      283.28125,
      141.640625
    ],
    [
      231.68359375,
      419.86328125
    ],
    [
      273.1640625,
      390.5234375
    ],
    [
      257.98828125,
      209.42578125
    ],
    [
      236.7421875,
      302.50390625
    ],
    [
      243.82421875,
      133.546875
    ],
    [
      277.2109375,
      178.0625
    ],
    [
      269.1171875,
      354.1015625
    ],
    [
      284.29296875,
      233.70703125
    ],
    [
      286.31640625,
      284.29296875
    ],
    [
      265.0703125,
      422.8984375
    ],
    [
      238.765625,
      235.73046875
    ],
    [
      226.625,
      202.34375
    ],
    [
      269.1171875,
      113.3125
    ],
    [
      241.80078125,
      390.5234375
    ],
    [
      246.859375,
      331.84375
    ],
    [
      254.953125,
      159.8515625
    ]
  ],
  "depth_values": [
    4.9146575927734375,
    4.838982582092285,
    5.043088912963867,
    5.187466621398926,
    5.574660301208496,
    5.3571391105651855,
    4.9775166511535645,
    4.88836669921875,
    5.1682329177856445,
    4.904403209686279,
    4.937417030334473,
    5.215271949768066,
    5.735415458679199,
    4.886978626251221,
    4.923997402191162,
    4.9488630294799805,
    4.956523418426514,
    4.846104145050049,
    5.196254253387451,
    5.6762824058532715,
    4.985240459442139,
    5.001761436462402,
    4.995203495025635,
    4.92201566696167
  ]
}