{
  "meaning": "Distance between SMPL anchors and depth samples along the same projected camera rays.",
  "interpretation": {
    "base_raw": "Closest to the actual HSI tokenization step: base SMPL anchors sample raw VGGT depth.",
    "base_hsi": "Current default paper-depth visualization if --smpl-stage=base and --depth-source=hsi.",
    "refined_hsi": "Expected best alignment after HSI refines SMPL and applies scene affine depth."
  },
  "queries": {
    "0": {
      "base_raw": {
        "valid_projected_anchors": 23,
        "mean_l2_m": 3.1071770191192627,
        "median_l2_m": 3.022724151611328,
        "max_l2_m": 3.8148653507232666,
        "mean_abs_depth_delta_m": 3.0758986473083496,
        "median_abs_depth_delta_m": 3.0122852325439453,
        "mean_signed_depth_delta_m": -3.0758986473083496,
        "projected_depth_uv_min": [
          238.506591796875,
          12.514162063598633
        ],
        "projected_depth_uv_max": [
          381.8849792480469,
          502.7361145019531
        ],
        "depth_hw": [
          512,
          512
        ]
      },
      "base_hsi": {
        "valid_projected_anchors": 23,
        "mean_l2_m": 1.4108811616897583,
        "median_l2_m": 1.560959815979004,
        "max_l2_m": 1.8864535093307495,
        "mean_abs_depth_delta_m": 1.3955934047698975,
        "median_abs_depth_delta_m": 1.5493547916412354,
        "mean_signed_depth_delta_m": 0.9867247939109802,
        "projected_depth_uv_min": [
          238.506591796875,
          12.514162063598633
        ],
        "projected_depth_uv_max": [
          381.8849792480469,
          502.7361145019531
        ],
        "depth_hw": [
          512,
          512
        ]
      },
      "refined_raw": {
        "valid_projected_anchors": 24,
        "mean_l2_m": 3.1347148418426514,
        "median_l2_m": 3.019040107727051,
        "max_l2_m": 3.8475332260131836,
        "mean_abs_depth_delta_m": 3.1015167236328125,
        "median_abs_depth_delta_m": 2.986147403717041,
        "mean_signed_depth_delta_m": -3.1015167236328125,
        "projected_depth_uv_min": [
          236.13851928710938,
          10.398391723632812
        ],
        "projected_depth_uv_max": [
          379.3294372558594,
          509.19171142578125
        ],
        "depth_hw": [
          512,
          512
        ]
      },
      "refined_hsi": {
        "valid_projected_anchors": 24,
        "mean_l2_m": 1.4583759307861328,
        "median_l2_m": 1.6002421379089355,
        "max_l2_m": 1.9048988819122314,
        "mean_abs_depth_delta_m": 1.4420872926712036,
        "median_abs_depth_delta_m": 1.5750623941421509,
        "mean_signed_depth_delta_m": 0.9116366505622864,
        "projected_depth_uv_min": [
          236.13851928710938,
          10.398391723632812
        ],
        "projected_depth_uv_max": [
          379.3294372558594,
          509.19171142578125
        ],
        "depth_hw": [
          512,
          512
        ]
      }
    },
    "1": {
      "base_raw": {
        "valid_projected_anchors": 23,
        "mean_l2_m": 3.307046890258789,
        "median_l2_m": 3.281870126724243,
        "max_l2_m": 3.9988412857055664,
        "mean_abs_depth_delta_m": 3.2468421459198,
        "median_abs_depth_delta_m": 3.222816228866577,
        "mean_signed_depth_delta_m": -3.2468421459198,
        "projected_depth_uv_min": [
          79.50276184082031,
          52.10946273803711
        ],
        "projected_depth_uv_max": [
          184.7021026611328,
          492.2094421386719
        ],
        "depth_hw": [
          512,
          512
        ]
      },
      "base_hsi": {
        "valid_projected_anchors": 23,
        "mean_l2_m": 1.6657426357269287,
        "median_l2_m": 2.012925148010254,
        "max_l2_m": 2.602323532104492,
        "mean_abs_depth_delta_m": 1.6365547180175781,
        "median_abs_depth_delta_m": 1.9942188262939453,
        "mean_signed_depth_delta_m": 1.2883762121200562,
        "projected_depth_uv_min": [
          79.50276184082031,
          52.10946273803711
        ],
        "projected_depth_uv_max": [
          184.7021026611328,
          492.2094421386719
        ],
        "depth_hw": [
          512,
          512
        ]
      },
      "refined_raw": {
        "valid_projected_anchors": 22,
        "mean_l2_m": 3.241848945617676,
        "median_l2_m": 3.138296127319336,
        "max_l2_m": 3.853214740753174,
        "mean_abs_depth_delta_m": 3.169123649597168,
        "median_abs_depth_delta_m": 3.0830249786376953,
        "mean_signed_depth_delta_m": -3.169123649597168,
        "projected_depth_uv_min": [
          53.134063720703125,
          64.98939514160156
        ],
        "projected_depth_uv_max": [
          159.17999267578125,
          504.8256530761719
        ],
        "depth_hw": [
          512,
          512
        ]
      },
      "refined_hsi": {
        "valid_projected_anchors": 22,
        "mean_l2_m": 1.7256455421447754,
        "median_l2_m": 2.056044101715088,
        "max_l2_m": 2.688136577606201,
        "mean_abs_depth_delta_m": 1.6907035112380981,
        "median_abs_depth_delta_m": 2.0185306072235107,
        "mean_signed_depth_delta_m": 1.371782660484314,
        "projected_depth_uv_min": [
          53.134063720703125,
          64.98939514160156
        ],
        "projected_depth_uv_max": [
          159.17999267578125,
          504.8256530761719
        ],
        "depth_hw": [
          512,
          512
        ]
      }
    }
  }
}