{
  "checkpoint": "/home/zhw/lab_users/xyb/home/projects/vggt-human/outputs/train/smpl_hsi_temporal_momentum_from0121/checkpoint_latest.pt",
  "num_sequences": 64,
  "conf_threshold": 0.1,
  "use_gt_box_prior": true,
  "metrics": {
    "num_gt_per_frame": 3.0,
    "num_matched_per_frame": 3.0,
    "track_valid_per_frame": 3.0,
    "track_explicit_per_frame": 0.0,
    "track_person_index_per_frame": 3.0,
    "track_slot_per_frame": 0.0,
    "track_quality_mean": 0.9152105600805953,
    "temporal_pair_count": 21.0,
    "temporal_triple_count": 18.0,
    "temporal_quad_count": 15.0,
    "temporal_pair_explicit_count": 0.0,
    "temporal_pair_person_index_count": 21.0,
    "temporal_pair_slot_count": 0.0,
    "query_switch_rate": 0.0,
    "base_transl_velocity_l1_m": 0.029374914267853974,
    "hsi_transl_velocity_l1_m": 0.020626251061826008,
    "base_joints_velocity_l1_m": 0.033819868808287926,
    "hsi_joints_velocity_l1_m": 0.027001820667161763,
    "base_joints_acceleration_l1_m": 0.046960400959101714,
    "hsi_joints_acceleration_l1_m": 0.040729452017128805,
    "base_joints_jerk_l1_m": 0.08099152720921363,
    "hsi_joints_jerk_l1_m": 0.07007041386968922,
    "hsi_scene_log_scale_abs_delta": 0.014920532339601777,
    "hsi_scene_log_scale_seq_abs": 0.018747604452073574,
    "hsi_scene_scale_range": 0.5582180321216583,
    "hsi_scene_scale_saturation_rate": 0.0,
    "hsi_scene_bias_abs_delta_m": 0.08534143934957683,
    "hsi_scene_bias_seq_abs_m": 0.11168438079766929,
    "hsi_scene_bias_range_m": 0.39613105566240847
  },
  "improvement_percent_lower_is_better": {
    "transl_velocity_l1_m": 29.782770176803353,
    "joints_velocity_l1_m": 20.159889382703124,
    "joints_acceleration_l1_m": 13.268517335274682,
    "joints_jerk_l1_m": 13.484266460753952
  },
  "sequence_robust_scale": {
    "count": 64,
    "mean": 7.976192474365234,
    "min": 6.748299598693848,
    "max": 10.231019973754883,
    "median": 7.422307252883911
  },
  "sequence_robust_bias": {
    "count": 64,
    "mean": -0.1293169532378613,
    "min": -0.6465399265289307,
    "max": 0.39203083515167236,
    "median": 0.0016284733546854113
  },
  "examples": [
    {
      "batch_idx": 0,
      "num_frames": 8,
      "frame_match_counts": [
        3,
        3,
        3,
        3,
        3,
        3,
        3,
        3
      ],
      "temporal_pairs": 21,
      "temporal_triples": 18,
      "temporal_quads": 15,
      "query_switches": 0,
      "scene": {
        "sequence_scale": [
          7.7534003257751465
        ],
        "mean_log_scale_delta": 0.029402172192931175,
        "sequence_bias": [
          -0.4845104515552521
        ],
        "mean_bias_delta_m": 0.1263395994901657
      }
    },
    {
      "batch_idx": 1,
      "num_frames": 8,
      "frame_match_counts": [
        3,
        3,
        3,
        3,
        3,
        3,
        3,
        3
      ],
      "temporal_pairs": 21,
      "temporal_triples": 18,
      "temporal_quads": 15,
      "query_switches": 0,
      "scene": {
        "sequence_scale": [
          7.743359565734863
        ],
        "mean_log_scale_delta": 0.027458123862743378,
        "sequence_bias": [
          -0.4232538938522339
        ],
        "mean_bias_delta_m": 0.12392743676900864
      }
    },
    {
      "batch_idx": 2,
      "num_frames": 8,
      "frame_match_counts": [
        3,
        3,
        3,
        3,
        3,
        3,
        3,
        3
      ],
      "temporal_pairs": 21,
      "temporal_triples": 18,
      "temporal_quads": 15,
      "query_switches": 0,
      "scene": {
        "sequence_scale": [
          7.720214366912842
        ],
        "mean_log_scale_delta": 0.022981815040111542,
        "sequence_bias": [
          -0.29544657468795776
        ],
        "mean_bias_delta_m": 0.133998841047287
      }
    },
    {
      "batch_idx": 3,
      "num_frames": 8,
      "frame_match_counts": [
        3,
        3,
        3,
        3,
        3,
        3,
        3,
        3
      ],
      "temporal_pairs": 21,
      "temporal_triples": 18,
      "temporal_quads": 15,
      "query_switches": 0,
      "scene": {
        "sequence_scale": [
          7.62418270111084
        ],
        "mean_log_scale_delta": 0.027033602818846703,
        "sequence_bias": [
          -0.10475334525108337
        ],
        "mean_bias_delta_m": 0.13804654777050018
      }
    },
    {
      "batch_idx": 4,
      "num_frames": 8,
      "frame_match_counts": [
        3,
        3,
        3,
        3,
        3,
        3,
        3,
        3
      ],
      "temporal_pairs": 21,
      "temporal_triples": 18,
      "temporal_quads": 15,
      "query_switches": 0,
      "scene": {
        "sequence_scale": [
          7.445602893829346
        ],
        "mean_log_scale_delta": 0.023994209244847298,
        "sequence_bias": [
          -0.05253908410668373
        ],
        "mean_bias_delta_m": 0.14009475708007812
      }
    },
    {
      "batch_idx": 5,
      "num_frames": 8,
      "frame_match_counts": [
        3,
        3,
        3,
        3,
        3,
        3,
        3,
        3
      ],
      "temporal_pairs": 21,
      "temporal_triples": 18,
      "temporal_quads": 15,
      "query_switches": 0,
      "scene": {
        "sequence_scale": [
          7.106428146362305
        ],
        "mean_log_scale_delta": 0.025302667170763016,
        "sequence_bias": [
          0.006128247827291489
        ],
        "mean_bias_delta_m": 0.12199476361274719
      }
    },
    {
      "batch_idx": 6,
      "num_frames": 8,
      "frame_match_counts": [
        3,
        3,
        3,
        3,
        3,
        3,
        3,
        3
      ],
      "temporal_pairs": 21,
      "temporal_triples": 18,
      "temporal_quads": 15,
      "query_switches": 0,
      "scene": {
        "sequence_scale": [
          6.898149013519287
        ],
        "mean_log_scale_delta": 0.022035548463463783,
        "sequence_bias": [
          0.06677661836147308
        ],
        "mean_bias_delta_m": 0.0757768303155899
      }
    },
    {
      "batch_idx": 7,
      "num_frames": 8,
      "frame_match_counts": [
        3,
        3,
        3,
        3,
        3,
        3,
        3,
        3
      ],
      "temporal_pairs": 21,
      "temporal_triples": 18,
      "temporal_quads": 15,
      "query_switches": 0,
      "scene": {
        "sequence_scale": [
          6.812452793121338
        ],
        "mean_log_scale_delta": 0.016021694988012314,
        "sequence_bias": [
          0.05390222370624542
        ],
        "mean_bias_delta_m": 0.04550148919224739
      }
    }
  ]
}