{
  "track_id_map": {
    "5": 4,
    "6": 5,
    "9": 5,
    "10": 6
  },
  "stitches": [
    {
      "source_id": 6,
      "target_id": 9,
      "score": 0.8051600160218345,
      "gap": 1,
      "center_norm": 0.1275710387771632,
      "size_log_delta": 0.1491339948244447,
      "pred_iou": 0.41784252662028637,
      "final_id": 5
    }
  ]
}